v -1.393365502 -0.6901418567 0.8667986989
vn 0.9997339845 -0.01101419516 0.02026497014
v -1.389325619 -0.6912819743 0.8758319616
vn 0.7753996253 -0.010133815 -0.6313895583
v -1.389325619 -0.6668752432 0.8697353005
vn 0.9798566699 -0.19813025 -0.02500720508
v -1.389325619 -0.6880351305 0.8501073718
vn 0.9632006884 -0.08255684376 0.255790621
v -1.390365481 -0.7216048837 0.8628275394
vn 0.9656210542 0.1241368204 -0.2283987701
v -1.389325619 -0.721978724 0.8657895923
vn 0.846562922 0.2368654013 -0.4766823351
v -1.389325619 -0.7211942673 0.8595744371
vn 0.9511067271 0.09556677192 0.2937056124
v -1.389325619 -0.725325048 0.8623579741
vn 0.9339554906 0.2257166952 0.2770904899
v -1.366548538 -0.5917815566 0.8472492695
vn 0.9123727083 -0.3921945691 -0.1173008829
v -1.357612967 -0.5934630632 0.8605713248
vn 0.4147580862 -0.5844122767 -0.697451055
v -1.357612967 -0.582126677 0.8484678268
vn 0.4755527079 -0.7401894927 -0.4753621519
v -1.357612967 -0.5804694295 0.8167126775
vn 0.62943542 -0.7763423324 0.03322076052
v -1.363245487 -0.5878104568 0.8157861233
vn 0.931022048 -0.3355763555 0.1434796304
v -1.357612967 -0.5857726336 0.7996406555
vn 0.685301125 -0.6907300949 0.2307689339
v -1.368289709 -0.6272157431 0.8747409582
vn 0.8591188192 -0.3582012057 -0.3655226231
v -1.357612967 -0.6280064583 0.8810058236
vn 0.2962689996 -0.2942488492 -0.9086486101
v -1.357612967 -0.615195334 0.8762581348
vn 0.1643655449 -0.4406317472 -0.8825120926
v -1.377429128 -0.6232445836 0.8432780504
vn 0.974142313 -0.225115642 0.01922887005
v -1.370914221 -0.6192734838 0.8118149042
vn 0.9742742777 -0.1606971473 0.1580063552
v -1.357612967 -0.5961503983 0.7827690244
vn 0.7909869552 -0.5003719926 0.3520902097
v -1.364940166 -0.6153023243 0.780351758
vn 0.9624637961 -0.1860370338 0.1976200342
v -1.357612967 -0.61238873 0.7572678924
vn 0.7843821049 -0.5195183158 0.338888526
v -1.386902213 -0.6586787701 0.8707697988
vn 0.8266569376 -0.2869871557 -0.4840213954
v -1.357612967 -0.661362946 0.892036438
vn 0.2434049845 -0.2898358405 -0.9256075025
v -1.384305239 -0.6547076106 0.839306891
vn 0.9680059552 -0.183042556 0.1716389209
v -1.371362686 -0.6507365108 0.807843864
vn 0.9666827917 -0.03970776871 0.2528788447
v -1.365097761 -0.6467653513 0.7763805985
vn 0.9880966544 -0.006602284499 0.1536925882
v -1.357612967 -0.6254953742 0.7471010685
vn 0.9246872067 -0.2351773679 0.299407959
v -1.36096549 -0.6427941918 0.7449176908
vn 0.9795055985 -0.06599723548 0.1902974248
v -1.357612967 -0.6414784193 0.7344926
vn 0.9173313975 -0.1822769493 0.3539467156
v -1.364798069 -0.6941130161 0.8982618451
vn 0.5978761315 -0.1610558927 -0.7852420807
v -1.357612967 -0.6944791675 0.9011628032
vn 0.1403363198 -0.03842398152 -0.9893580079
v -1.357612967 -0.6858474016 0.8993051052
vn -0.00970976986 -0.2745631635 -0.9615200162
v -1.385039568 -0.6861707568 0.8353357911
vn 0.9443559647 -0.006862899754 0.3288536668
v -1.36900115 -0.6821995974 0.8038726449
vn 0.9553922415 -0.02188927494 0.2945276797
v -1.363568902 -0.6782284379 0.7724094987
vn 0.9899124503 -0.01193831116 0.1411766261
v -1.360814691 -0.6742572784 0.7409465909
vn 0.9891366363 -0.005085136276 0.1469110399
v -1.357612967 -0.6726045609 0.7278521061
vn 0.9544289112 -0.06069575995 0.2922011316
v -1.371536493 -0.7255760431 0.8942907453
vn 0.754235208 0.1560897976 -0.6377815008
v -1.357612967 -0.726485908 0.9014995694
vn 0.1842640936 0.03885710984 -0.9821083546
v -1.380162358 -0.7176337838 0.8313646317
vn 0.9557734132 0.07517358661 0.2843345106
v -1.368466139 -0.7136626244 0.799901545
vn 0.9689826369 -0.03657840565 0.2444067597
v -1.3656075 -0.7096914649 0.7684383392
vn 0.9884911776 -0.04920790344 0.1430516541
v -1.361035466 -0.7057203054 0.7369754314
vn 0.9855433106 -0.02017906867 0.1682175547
v -1.357612967 -0.7044684887 0.7270572782
vn 0.9483772516 0.006752607413 0.3170726299
v -1.3649683 -0.7570390701 0.8903195858
vn 0.8157168031 0.2263232768 -0.5323381424
v -1.357612967 -0.757697463 0.8955362439
vn 0.2682616413 0.1578035802 -0.9503334761
v -1.381597161 -0.7530679107 0.85885638
vn 0.9697347879 0.2084447145 -0.1271427721
v -1.377106786 -0.7490968108 0.8273935318
vn 0.9871063828 0.03950919956 0.1551130861
v -1.370990157 -0.7451256514 0.7959303856
vn 0.9822164178 -0.04034511372 0.1833663881
v -1.367623091 -0.7411544919 0.7644671798
vn 0.9864170551 -0.04810281843 0.1570587903
v -1.359411478 -0.7371833324 0.7330043316
vn 0.9662074447 0.007284285035 0.2576627731
v -1.357612967 -0.7366370559 0.7286760211
vn 0.9308900833 0.03527690098 0.3635920584
v -1.359505653 -0.7885020971 0.8863484859
vn 0.8857025504 0.134940058 -0.4442096055
v -1.357612967 -0.78871876 0.8880652785
vn 0.3547297716 0.1373274177 -0.924828589
v -1.374648929 -0.7845309377 0.8548852801
vn 0.9599735737 0.1627434045 -0.2279590517
v -1.374870062 -0.7805598378 0.8234223723
vn 0.9952187538 0.06995543838 0.06816102564
v -1.372158408 -0.7765886784 0.7919592857
vn 0.9877753258 -0.00308799115 0.1558536887
v -1.366600513 -0.7726175189 0.7604960799
vn 0.968788743 0.02052265592 0.2470368445
v -1.357612967 -0.7696653008 0.7371061444
vn 0.9250671268 0.0716406703 0.37298581
v -1.357612967 -0.7480044365 0.7316385508
vn 0.9174496531 0.1011519134 0.3847784698
v -1.359658599 -0.8199651837 0.8823773265
vn 0.9340885878 0.008207181469 -0.356946975
v -1.357612967 -0.8202521205 0.8846507072
vn 0.4898197055 -0.001362708281 -0.8718227148
v -1.371890664 -0.8159940243 0.8509141207
vn 0.9743748903 0.06365652382 -0.2157347202
v -1.373400331 -0.8120228648 0.8194512725
vn 0.998393476 0.05112296343 0.02443145961
v -1.371617794 -0.808051765 0.7879881263
vn 0.98618716 0.04021806642 0.1606778949
v -1.364412665 -0.8040806055 0.7565249205
vn 0.9617721438 0.04600895569 0.2699583173
v -1.357612967 -0.8021246195 0.7410278916
vn 0.9173582792 0.04909098521 0.3950238824
v -1.363460302 -0.8514282107 0.878406167
vn 0.9536553025 -0.02163042687 -0.3001227677
v -1.357612967 -0.8524807692 0.8867454529
vn 0.6439031959 -0.112117067 -0.7568477392
v -1.371586919 -0.8474570513 0.8469430208
vn 0.9886981249 0.02291537821 -0.1481583416
v -1.372313738 -0.8434858918 0.815480113
vn 0.9960488677 0.06502921879 0.06047999486
v -1.369238973 -0.8395147324 0.7840169668
vn 0.9804009795 0.09163115919 0.1744065434
v -1.360140204 -0.8355435729 0.7525538206
vn 0.9494088292 0.1139256582 0.2926497161
v -1.357612967 -0.8347816467 0.7465170622
vn 0.9192808867 0.07198271155 0.3869639933
v -1.365510821 -0.8828912377 0.8744350672
vn 0.9619557261 0.05729151145 -0.2671307623
v -1.357612967 -0.884675622 0.8885728717
vn 0.8287715316 0.03992230073 -0.5581612587
v -1.370862126 -0.8789200783 0.8429718018
vn 0.9957925081 0.06205332279 -0.0674289465
v -1.369764209 -0.8749489784 0.8115090132
vn 0.9914039373 0.07940164953 0.1039886698
v -1.363043427 -0.870977819 0.780045867
vn 0.956142962 0.1465163082 0.2536211014
v -1.357612967 -0.8690377474 0.7646747828
vn 0.9161128402 0.196403861 0.3495179713
v -1.357612967 -0.8449912667 0.7513613701
vn 0.910898149 0.1880152822 0.3673075736
v -1.3626827 -0.9143542647 0.8704639077
vn 0.9652706981 0.1329485774 -0.2248936146
v -1.357612967 -0.9157809615 0.8817670345
vn 0.901951313 0.09482263029 -0.4212985933
v -1.367701054 -0.9103831649 0.8390007615
vn 0.9925640821 0.1181752756 -0.02917417139
v -1.365335107 -0.9064120054 0.8075378537
vn 0.9753056765 0.1205640212 0.185048908
v -1.357612967 -0.9035173059 0.7846032381
vn 0.9299352169 0.1487600058 0.3362899721
v -1.357612967 -0.8914784193 0.7774583101
vn 0.9144228101 0.203056246 0.3501415849
v -1.358703136 -0.9458172917 0.8664928079
vn 0.9861403108 0.06372935325 -0.1531855911
v -1.357612967 -0.9462762475 0.87012887
vn 0.9523233771 -0.002772241831 -0.3050779402
v -1.363460898 -0.9418461323 0.8350295424
vn 0.9935290813 0.1018568799 -0.05025107041
v -1.361189961 -0.9378750324 0.8035666347
vn 0.9861561656 0.09116847813 0.1385075897
v -1.357612967 -0.9366647601 0.7939777374
vn 0.9354739189 0.08447298408 0.3431513309
v -1.360425353 -0.9772803783 0.8625215888
vn 0.9963957071 -0.05804540589 -0.06185686216
v -1.357612967 -0.9789062738 0.8754037023
vn 0.9590095282 -0.1284779757 -0.2525749207
v -1.362128973 -0.9733092189 0.8310584426
vn 0.9980029464 0.05413782224 0.0325460583
v -1.357612967 -0.9695543051 0.8013085723
vn 0.9822545648 0.09521920234 0.1615837663
v -1.357612967 -0.9671850801 0.7998672724
vn 0.9383249879 0.06936846673 0.3387244642
v -1.361040354 -1.012714505 0.8900133371
vn 0.9911327362 -0.08302211761 -0.1037461981
v -1.357612967 -1.013568521 0.8967794776
vn 0.8731606603 -0.1879109144 -0.4497554302
v -1.357612967 -0.9982820153 0.8918350339
vn 0.8722547293 -0.1947372705 -0.4486079812
v -1.364006758 -1.008743405 0.8585504889
vn 0.9995108247 -0.02101071365 0.02316609025
v -1.359414935 -1.004772305 0.8270872831
vn 0.990760386 0.03892728314 0.1299172938
v -1.357612967 -1.003968596 0.8207195401
vn 0.9661320448 0.1232108846 0.2267332822
v -1.365338564 -1.044177532 0.8860422373
vn 0.9930252433 -0.0590749234 -0.1020346135
v -1.357612967 -1.04744792 0.9119535089
vn 0.943361342 -0.1236893982 -0.3078479171
v -1.361563921 -1.040206432 0.8545793295
vn 0.9883571267 0.05543491989 0.1416940093
v -1.357612967 -1.03861022 0.8419325948
vn 0.9322829247 0.1823351383 0.3124139309
v -1.357612967 -1.011967421 0.8261791468
vn 0.9380643964 0.1877398789 0.2911853492
v -1.36071825 -1.079611659 0.913534224
vn 0.9898502231 0.03355899826 -0.1380952001
v -1.357612967 -1.080234766 0.9184703827
vn 0.8105422854 -0.02189191431 -0.5852708817
v -1.357612967 -1.059630156 0.9160562754
vn 0.8864352107 -0.09023404121 -0.4539718926
v -1.363958955 -1.075640559 0.8820710778
vn 0.9898663759 0.1074140593 0.09288031608
v -1.357612967 -1.07301867 0.8612977266
vn 0.939052999 0.1498740017 0.3093821108
v -1.357612967 -1.057185292 0.8524363041
vn 0.9331551194 0.1773545295 0.3126769662
v -1.360239506 -1.111074805 0.9095630646
vn 0.9948677421 0.07014496624 -0.07292386144
v -1.357612967 -1.111745715 0.9148786664
vn 0.863551259 0.1433076859 -0.4834688604
v -1.358787656 -1.107103586 0.878099978
vn 0.9931441545 0.1149176657 0.02141581662
v -1.357612967 -1.106683969 0.8747751713
vn 0.9408055544 0.1283675134 0.3136983812
v -1.357612967 -1.125558376 0.9077350497
vn 0.9767375588 0.2044569999 0.06466101855
v -1.357612967 -1.111380458 0.8775601983
vn 0.9513456225 0.2164198905 0.2193260938
v -1.328638077 -0.5563474298 0.8197572231
vn 0.6338022351 -0.767406702 -0.09685900062
v -1.325900435 -0.5580554605 0.8332902789
vn 0.5734239817 -0.7835060358 -0.2393810153
v -1.325900435 -0.5546885729 0.8199665546
vn 0.329390347 -0.939627707 -0.09274595231
v -1.325900435 -0.5558494329 0.8158119321
vn 0.501044035 -0.8265912533 0.2563236356
v -1.325900435 -0.5944615006 0.8684819937
vn 0.07394852489 -0.4271715283 -0.9011415839
v -1.325900435 -0.5636568666 0.8507989645
vn 0.4319724739 -0.7038776875 -0.563875854
v -1.325900435 -0.5648087263 0.7867248654
vn 0.4764796793 -0.8200030327 0.3171152771
v -1.350555897 -0.5838392973 0.7843228579
vn 0.6361017227 -0.6877770424 0.3497675657
v -1.325900435 -0.5799406767 0.7534345984
vn 0.5007336736 -0.7646573186 0.4056661427
v -1.325900435 -0.6280016899 0.8809679151
vn -0.1147974133 -0.2821239829 -0.9524849653
v -1.325900435 -0.6141793132 0.876386404
vn -0.1208049431 -0.3504866958 -0.9287438989
v -1.325900435 -0.5804155469 0.7527909279
vn 0.5846597552 -0.677491188 0.4462943673
v -1.353384972 -0.6113311648 0.7488888502
vn 0.7361534238 -0.5249650478 0.427188307
v -1.325900435 -0.6047365069 0.7177568674
vn 0.5214618444 -0.7040874362 0.4820149839
v -1.328831673 -0.607360065 0.717425704
vn 0.7180401087 -0.5340500474 0.446328342
v -1.325900435 -0.6069689393 0.7143269777
vn 0.4801784754 -0.7419902086 0.4678452611
v -1.325900435 -0.6610782146 0.8897807598
vn -0.1459423751 -0.2854682803 -0.9472110271
v -1.348444343 -0.638823092 0.7134546638
vn 0.8478956819 -0.3377676904 0.4086390436
v -1.325900435 -0.6308048368 0.6825024486
vn 0.5482034683 -0.6895934939 0.4732164145
v -1.329084039 -0.6348519325 0.6819916368
vn 0.7979971766 -0.4253830612 0.4269072115
v -1.325900435 -0.6343250275 0.6778169274
vn 0.6476230025 -0.558180809 0.5186700225
v -1.325900435 -0.694290638 0.8996692896
vn -0.02384921722 -0.1280475706 -0.9914812446
v -1.325900435 -0.6906716228 0.8986962438
vn -0.1160844341 -0.2852881253 -0.9513858557
v -1.352247715 -0.6702861786 0.7094834447
vn 0.946993053 -0.04894447699 0.3175036907
v -1.340072751 -0.6663150191 0.6780204773
vn 0.8971971273 -0.1927479953 0.3973481357
v -1.325900435 -0.6628644466 0.6506817937
vn 0.7766107321 -0.4081705213 0.4798672497
v -1.325900435 -0.7268766761 0.9045957327
vn 0.05948767066 -0.008854954503 -0.9981897473
v -1.349582553 -0.7017492056 0.7055123448
vn 0.9483557343 0.03892466426 0.3148114979
v -1.340510607 -0.6977780461 0.6740493774
vn 0.9427451491 -0.001593583263 0.3335102201
v -1.325900435 -0.6790087819 0.6444540024
vn 0.868748486 -0.1746037304 0.4634539783
v -1.327826977 -0.6938068867 0.6425862312
vn 0.9138380885 -0.01467713807 0.4058134556
v -1.325900435 -0.6934959292 0.6401224136
vn 0.6621652842 -0.09233115613 0.7436478138
v -1.325900435 -0.7586850524 0.9033606052
vn 0.1201663986 0.08537929505 -0.9890755415
v -1.346762538 -0.7332122326 0.7015411854
vn 0.9465211034 0.05946519971 0.3171147108
v -1.338026166 -0.7292410731 0.670078218
vn 0.9321968555 0.05471706018 0.3577919006
v -1.325900435 -0.7260091305 0.6444718838
vn 0.8840468526 0.087343283 0.4591647983
v -1.325900435 -0.7056657672 0.6410894394
vn 0.6808570027 0.05146212503 0.7306061983
v -1.325900435 -0.7902638912 0.9003072381
vn 0.2046199888 0.04532597214 -0.9777914882
v -1.354230642 -0.768646419 0.7290331721
vn 0.9406268001 0.05769139156 0.3345040381
v -1.343863368 -0.7646752596 0.6975700855
vn 0.9538913965 0.03329668567 0.2982993424
v -1.334720373 -0.7607041001 0.6661071181
vn 0.9322437048 0.03784711286 0.3598461151
v -1.325900435 -0.7588090301 0.6510924101
vn 0.8434613347 0.06407017261 0.5333554149
v -1.325900435 -0.8223927021 0.9016102552
vn 0.3116795123 -0.1305640787 -0.9411742091
v -1.350594163 -0.800109446 0.7250620723
vn 0.9508515596 0.04652624577 0.3061317205
v -1.342009068 -0.7961382866 0.6935989261
vn 0.9575701952 0.01900455914 0.2875728011
v -1.332527041 -0.7921671867 0.6621359587
vn 0.9345135093 0.007781855762 0.3558425605
v -1.325900435 -0.790874362 0.6518930197
vn 0.8128268123 -0.001704361755 0.5825029016
v -1.326854825 -0.8553993106 0.9098690748
vn 0.573996067 -0.1963749379 -0.7949625254
v -1.325900435 -0.8554668427 0.9104043841
vn 0.3578002751 -0.1758505553 -0.9170907736
v -1.325900435 -0.8541991115 0.9100205302
vn 0.1660061926 -0.3163875937 -0.933991909
v -1.347888112 -0.831572473 0.7210909128
vn 0.9598300457 0.08348976076 0.2678725719
v -1.340902328 -0.8276013136 0.6896277666
vn 0.9603859782 0.03501509503 0.2764647007
v -1.331183434 -0.8236302137 0.6581648588
vn 0.9387158155 0.02511864714 0.34377563
v -1.325900435 -0.8226256371 0.6502056718
vn 0.7980948687 -0.004404766485 0.6025156975
v -1.342002034 -0.8868623376 0.905897975
vn 0.6350060701 -0.08340836316 -0.7679911256
v -1.325900435 -0.8882158995 0.9166220427
vn 0.4252765775 -0.1347321868 -0.8949788213
v -1.351927996 -0.8670066595 0.7485826015
vn 0.9499360323 0.1449085176 0.2768087983
v -1.344231248 -0.8630355597 0.717119813
vn 0.972438693 0.08445008844 0.2173272818
v -1.338548541 -0.8590644002 0.6856566668
vn 0.9626033902 0.07024779171 0.2616484761
v -1.327068448 -0.8550932407 0.6541936398
vn 0.9298433661 0.08212929964 0.3586726785
v -1.325900435 -0.8548740745 0.6524572968
vn 0.7770828605 0.08588457108 0.623511076
v -1.345557451 -0.9183254242 0.9019268155
vn 0.7363719344 0.02320940234 -0.6761787534
v -1.325900435 -0.9205210209 0.9193225503
vn 0.5673097968 -0.09111449122 -0.8184483647
v -1.354536176 -0.902440846 0.7760747075
vn 0.9471015334 0.1185022444 0.2982548177
v -1.34551847 -0.8984696865 0.7446115613
vn 0.9707252383 0.1138237342 0.211510554
v -1.340966821 -0.8944985867 0.7131486535
vn 0.9693785906 0.1094080955 0.2198521793
v -1.334292054 -0.8905274272 0.6816855073
vn 0.9468874931 0.1211755499 0.2978600264
v -1.325900435 -0.8883034587 0.6640650034
vn 0.8698916435 0.1610433161 0.4662119448
v -1.325900435 -0.8594038486 0.6536495686
vn 0.7878265977 0.1524431109 0.5967330933
v -1.347612381 -0.9497883916 0.8979557157
vn 0.8227327466 -0.0243548397 -0.5679063797
v -1.325900435 -0.952917099 0.9227438569
vn 0.7148227096 -0.08908197284 -0.6936086416
v -1.349808574 -0.933903873 0.7721036077
vn 0.9563996196 0.07174867392 0.2831111848
v -1.342286944 -0.9299327135 0.7406403422
vn 0.9693756104 0.09113556147 0.2280465066
v -1.337476492 -0.9259616137 0.7091774344
vn 0.9677472711 0.1145491675 0.2243740708
v -1.327501059 -0.9219904542 0.6777144074
vn 0.9390372634 0.1474619955 0.3105865121
v -1.325900435 -0.9216421247 0.6749548316
vn 0.8434008956 0.1780942976 0.5069096088
v -1.327914357 -0.9852226377 0.9254476428
vn 0.7589071989 -0.1382046193 -0.6363642216
v -1.325900435 -0.9854611158 0.9273368716
vn 0.5997152328 -0.2093392313 -0.7723462582
v -1.325900435 -0.9778208733 0.926381886
vn 0.5484258533 -0.09139419347 -0.8311896324
v -1.35240376 -0.9812514782 0.8939844966
vn 0.8518849015 -0.1415049136 -0.5042504072
v -1.3573277 -0.969338119 0.7995955348
vn 0.9512678385 0.1056399569 0.2897062898
v -1.346994758 -0.9653669596 0.7681323886
vn 0.9597261548 0.0647636652 0.2733704746
v -1.339458823 -0.9613958001 0.7366692424
vn 0.9657248855 0.06545992941 0.2511781156
v -1.330970287 -0.9574247003 0.7052063346
vn 0.943774879 0.1396122128 0.299662143
v -1.325900435 -0.9559488893 0.6935138106
vn 0.8774594069 0.2211427838 0.4256300032
v -1.325900435 -0.9267285466 0.6771163344
vn 0.8356361985 0.2260054648 0.5006332994
v -1.341921806 -1.016685724 0.9214764833
vn 0.7539897561 -0.2290313542 -0.6156656146
v -1.325900435 -1.018719077 0.9375869036
vn 0.6301757693 -0.2332362086 -0.7405939698
v -1.35084796 -1.000801086 0.7956243753
vn 0.9612952471 0.1454541832 0.2339969426
v -1.343512177 -0.9968299866 0.7641612887
vn 0.9631699324 0.07916045934 0.2569772899
v -1.335779905 -0.9928588271 0.7326980829
vn 0.9493656754 0.08358223736 0.3028510809
v -1.325900435 -0.9898213148 0.7086318731
vn 0.9091249704 0.1235560626 0.3977758884
v -1.325900435 -0.9766510129 0.7027797103
vn 0.884478271 0.1896645278 0.4262928069
v -1.355481625 -1.048148632 0.9175053835
vn 0.7421563268 -0.1813316345 -0.6452308297
v -1.325900435 -1.052090645 0.9487372041
vn 0.700189352 -0.188440457 -0.688640058
v -1.351842761 -1.036235213 0.8231161833
vn 0.9584746361 0.150479421 0.2422443181
v -1.345141768 -1.032264113 0.7916532755
vn 0.9794057608 0.1018184498 0.1743482351
v -1.340772152 -1.028293014 0.7601901293
vn 0.9719796181 0.07510878891 0.222742632
v -1.332832575 -1.024321795 0.7287269235
vn 0.9513540268 0.06188698858 0.3018204272
v -1.325900435 -1.022431254 0.7137477398
vn 0.9068792462 0.05773684382 0.4174164832
v -1.336042404 -1.083582878 0.9449971914
vn 0.7250005603 -0.09185976535 -0.6825950146
v -1.325900435 -1.084602952 0.9530795813
vn 0.5030770302 -0.09043383598 -0.8594970703
v -1.325900435 -1.052838087 0.9488776922
vn 0.4819439054 -0.1148129478 -0.8686472774
v -1.354220986 -1.071669459 0.8506082296
vn 0.9541306496 0.1266877949 0.2712653279
v -1.345793366 -1.067698359 0.8191450238
vn 0.9790013433 0.09706872702 0.1792596281
v -1.342126012 -1.06372714 0.787682116
vn 0.9848875999 0.08065595478 0.1532680243
v -1.33832705 -1.059756041 0.7562190294
vn 0.977170527 0.06963302195 0.2007212043
v -1.328861117 -1.055784822 0.7247558236
vn 0.946365118 0.08368890733 0.3120724857
v -1.325900435 -1.0549649 0.7182587385
vn 0.9080110788 0.06442461163 0.41396299
v -1.341977477 -1.115045905 0.941026032
vn 0.8148503304 0.02670541219 -0.5790559053
v -1.325900435 -1.116855621 0.9553639889
vn 0.5876255035 -0.07796701044 -0.805367887
v -1.34865272 -1.103132486 0.8466370702
vn 0.9679956436 0.1194267645 0.2207297981
v -1.343074918 -1.099161386 0.8151738644
vn 0.9850252271 0.06946691871 0.1577962041
v -1.340428352 -1.095190287 0.7837110162
vn 0.9843658805 0.06979945302 0.161715433
v -1.334635615 -1.091219068 0.75224787
vn 0.9610522985 0.1018893868 0.2568988502
v -1.325900435 -1.088362455 0.7296153307
vn 0.9161772728 0.1332946569 0.3779573143
v -1.325900435 -1.069801211 0.7229867578
vn 0.9042038321 0.135868296 0.4049138725
v -1.3445189 -1.146508932 0.9370549321
vn 0.8911722898 0.0860574469 -0.4454279542
v -1.325900435 -1.149149656 0.9579768181
vn 0.7551444173 -0.02580351196 -0.6550503969
v -1.354482055 -1.142537832 0.9055919647
vn 0.9718763828 0.1889089048 -0.1406049281
v -1.350662827 -1.138566732 0.8741288185
vn 0.9711983204 0.1632163972 0.1735922098
v -1.34464848 -1.134595513 0.8426659703
vn 0.9855307937 0.08615045249 0.1459697783
v -1.341379285 -1.130624413 0.8112027645
vn 0.9854721427 0.08060056716 0.1494932771
v -1.337694645 -1.126653314 0.7797398567
vn 0.9779715538 0.09880306572 0.1838738471
v -1.328916669 -1.122682095 0.7482767105
vn 0.9499180913 0.1352577657 0.2817107737
v -1.325900435 -1.121744871 0.7408509254
vn 0.9184122682 0.1313801557 0.373173058
v -1.342069745 -1.177971959 0.9330837727
vn 0.9492464662 0.06794400513 -0.307107091
v -1.325900435 -1.181662679 0.9623247981
vn 0.8636805415 -0.07723287493 -0.4980873168
v -1.345922947 -1.174000859 0.9016208053
vn 0.9792923927 0.198447451 -0.04006242752
v -1.34387815 -1.170029759 0.8701577187
vn 0.9808626175 0.174419865 0.08652314544
v -1.341663241 -1.16605866 0.8386948109
vn 0.9868451357 0.1064212471 0.1217011958
v -1.338665605 -1.16208744 0.8072316051
vn 0.9834370613 0.08708022535 0.1589607596
v -1.331462979 -1.158116341 0.7757687569
vn 0.9531397223 0.1480110735 0.2638511062
v -1.325900435 -1.156138659 0.7601002455
vn 0.9134300351 0.2052660882 0.3514419198
v -1.325900435 -1.13345015 0.7469176054
vn 0.9090368748 0.1999804378 0.3655951321
v -1.330083609 -1.213406205 0.9605757594
vn 0.9420307279 -0.007583126891 -0.3354408741
v -1.325900435 -1.21412909 0.9663036466
vn 0.7434977293 -0.1119954661 -0.6592936516
v -1.325900435 -1.189447761 0.9635996222
vn 0.7917166948 -0.07430908084 -0.6063520312
v -1.339422464 -1.209434986 0.9291126132
vn 0.992361486 0.07388857752 -0.09878861159
v -1.339679956 -1.205463886 0.8976497054
vn 0.9914660454 0.1296204776 0.01391404681
v -1.338651299 -1.201492786 0.8661865592
vn 0.9886058569 0.1442934126 0.04287006706
v -1.338574529 -1.197521687 0.8347236514
vn 0.986784637 0.1229834035 0.1055041179
v -1.334302306 -1.193550467 0.8032605052
vn 0.9657286406 0.1356657445 0.2212759405
v -1.325900435 -1.190592408 0.7798241377
vn 0.9180611372 0.1737631708 0.3563286662
v -1.325900435 -1.178581476 0.77318573
vn 0.9117470384 0.205976814 0.3553742766
v -1.333845377 -1.244869232 0.9566046596
vn 0.9658260345 -0.06777375937 -0.2501735985
v -1.325900435 -1.246676326 0.9709219933
vn 0.8542738557 -0.1111916527 -0.5077918768
v -1.338712096 -1.240898132 0.9251415133
vn 0.9972193241 -0.02288939431 -0.07092041522
v -1.336658359 -1.236927032 0.8936784863
vn 0.9979034066 0.01871533506 0.0619558543
v -1.334813118 -1.232955813 0.8622153401
vn 0.9939334989 0.08515463769 0.06960488111
v -1.334360719 -1.228984714 0.8307525516
vn 0.985363543 0.1363583058 0.1022988856
v -1.328059316 -1.225013614 0.7992892861
vn 0.9636374712 0.1542068422 0.2182269841
v -1.325900435 -1.224300742 0.7936416864
vn 0.9247439504 0.1459905803 0.3514759839
v -1.337548971 -1.276332259 0.9526335001
vn 0.969900012 -0.07341625541 -0.2321723253
v -1.325900435 -1.279943228 0.9812429547
vn 0.9088039398 -0.128952086 -0.3967956007
v -1.339951754 -1.272361159 0.9211703539
vn 0.9993482828 -0.03190814331 -0.01687897928
v -1.33786571 -1.268390059 0.8897074461
vn 0.993976295 -0.005563959945 0.1094539613
v -1.334132433 -1.26441884 0.8582442999
vn 0.9904763699 0.03543815017 0.1330439299
v -1.328577876 -1.260447741 0.8267813325
vn 0.9733926058 0.1312565356 0.1878259182
v -1.325900435 -1.25932467 0.8178831339
vn 0.9280834794 0.2200675309 0.3003853559
v -1.325900435 -1.232587337 0.7983333468
vn 0.9209771156 0.2097322941 0.3283496797
v -1.331046224 -1.311766505 0.980125308
vn 0.9506819248 -0.04368299991 -0.3070760369
v -1.325900435 -1.312691212 0.9874523878
vn 0.7093216777 -0.09178392589 -0.6988837719
v -1.325900435 -1.286749482 0.9832828045
vn 0.8204782605 -0.1064989641 -0.5616702437
v -1.339587927 -1.307795286 0.948662281
vn 0.9941046238 0.01769082807 -0.106972374
v -1.340363026 -1.303824186 0.917199254
vn 0.9977118373 0.04394230619 0.05138301477
v -1.337290525 -1.299853086 0.885736227
vn 0.9863932133 0.06596726179 0.1505878568
v -1.330061793 -1.295881987 0.8542730808
vn 0.9643051624 0.1284532994 0.2315498888
v -1.325900435 -1.294288397 0.8416481614
vn 0.917562902 0.2229890823 0.3291719556
v -1.325900435 -1.269797444 0.8256013393
vn 0.925649941 0.218213141 0.3091200888
v -1.333832502 -1.343229532 0.976154089
vn 0.9611412287 0.1373339295 -0.2394722551
v -1.325900435 -1.345027089 0.9903960228
vn 0.8112137914 0.1290421784 -0.5703335404
v -1.338716507 -1.339258432 0.9446911812
vn 0.9886051416 0.1421064436 -0.04965559021
v -1.337364793 -1.335287213 0.913228035
vn 0.9819639921 0.1522099227 0.1121553704
v -1.33088398 -1.331316113 0.8817650676
vn 0.9539453983 0.1968290061 0.226377055
v -1.325900435 -1.329424977 0.8667821288
vn 0.908438921 0.2506680787 0.334520936
v -1.325900435 -1.309352398 0.8525729179
vn 0.9134688377 0.2376455665 0.330301851
v -1.326161981 -1.37469244 0.9721829891
vn 0.9418386817 0.2589519024 -0.2142050713
v -1.325900435 -1.374770045 0.9727977514
vn 0.8160837293 0.3868311644 -0.4293820858
v -1.330171466 -1.37072134 0.9407200217
vn 0.9555880427 0.2940300703 -0.019946374
v -1.327472448 -1.36675024 0.9092569351
vn 0.9448401928 0.292132616 0.1481066495
v -1.325900435 -1.365990043 0.9032344818
vn 0.9135138988 0.306941092 0.2669822872
v -1.325900435 -1.345228791 0.8800091147
vn 0.9084218144 0.2871962488 0.3037895262
v -1.325900435 -1.375158906 0.9721241593
vn 0.8666260839 0.4970253408 -0.0438753441
v -1.325900435 -1.378306508 0.9397627115
vn 0.8765479326 0.4782884121 0.05388778076
v -1.325900435 -1.369737864 0.9088798165
vn 0.8844302297 0.4235110879 0.1960141957
v -1.316291332 -0.5603185296 0.8512203693
vn 0.2686877251 -0.8783913851 -0.3952663243
v -1.294187784 -0.5609853268 0.8565033674
vn 0.06361306459 -0.3766827881 -0.9241555333
v -1.294187784 -0.5540577173 0.8520105481
vn 0.2017329335 -0.8737318516 -0.4426018894
v -1.294187784 -0.5431165695 0.8214271665
vn 0.2677889168 -0.963437438 -0.008795281872
v -1.294187784 -0.5505778193 0.7885210514
vn 0.2903178334 -0.930059433 0.2251776159
v -1.298586488 -0.5523762703 0.7882940769
vn 0.3791429698 -0.8807238936 0.2838592231
v -1.294187784 -0.5520076752 0.7853739858
vn 0.2738083303 -0.8653144836 0.4198331535
v -1.294187784 -0.5941352844 0.8658971786
vn -0.06279229373 -0.2159499824 -0.974383235
v -1.294187784 -0.567242682 0.7544535398
vn 0.2925970554 -0.8606801033 0.4166733921
v -1.325066805 -0.5798681378 0.7528600693
vn 0.3390976489 -0.8137886524 0.4719754457
v -1.294187784 -0.577583313 0.7347574234
vn 0.3182514012 -0.8228931427 0.4707046449
v -1.30161798 -0.6272157431 0.8747409582
vn -0.2371814549 -0.2693031132 -0.9333921075
v -1.294187784 -0.6269159317 0.8723658323
vn -0.1767655462 -0.1931129396 -0.9651224613
v -1.294187784 -0.5871357918 0.7199783921
vn 0.3713822365 -0.8062444925 0.460483551
v -1.294187784 -0.6035723686 0.6874163747
vn 0.3918572962 -0.8215330243 0.4141633809
v -1.294187784 -0.660010457 0.8813208938
vn -0.2446953952 -0.2856993973 -0.9265527725
v -1.294187784 -0.632173717 0.8741152287
vn -0.2604523301 -0.2469417453 -0.9333725572
v -1.294187784 -0.6044755578 0.6858256459
vn 0.4813348949 -0.7350490093 0.4775140584
v -1.294187784 -0.6254175901 0.6512181163
vn 0.4731785059 -0.7474551797 0.466275543
v -1.300679803 -0.6308807731 0.6505284905
vn 0.6288881898 -0.5362200737 0.5629987717
v -1.294187784 -0.6301572323 0.6447959542
vn 0.4013932943 -0.6604324579 0.6345962286
v -1.317415476 -0.6941130161 0.8982618451
vn -0.1537278593 -0.2462406307 -0.9569395185
v -1.294187784 -0.6935573816 0.8938595057
vn -0.2617999315 -0.291700542 -0.9199845791
v -1.32303977 -0.6623438597 0.6465573907
vn 0.6563065052 -0.375901252 0.6541865468
v -1.294187784 -0.659080267 0.6207002401
vn 0.5480520129 -0.4012829661 0.7339012027
v -1.294187784 -0.7265891433 0.9023175836
vn -0.1687310189 -0.07104606926 -0.9830983281
v -1.294187784 -0.7037286758 0.8970482349
vn -0.2768324912 -0.250187695 -0.9277768731
v -1.294187784 -0.690061748 0.6129134893
vn 0.5933400989 -0.09070283175 0.7998253107
v -1.294187784 -0.7585118413 0.9019884467
vn -0.1366100758 0.04707719013 -0.9895056486
v -1.32192862 -0.7252699137 0.6386151314
vn 0.6914120317 0.07526178658 0.7185298204
v -1.294187784 -0.7223279476 0.6153057814
vn 0.6005138159 0.05100578442 0.797985971
v -1.294187784 -0.7902333736 0.9000650644
vn -0.07792806625 -0.05350273103 -0.9955223203
v -1.313378453 -0.7567330003 0.6346439719
vn 0.7328644395 0.03715486825 0.6793593764
v -1.294187784 -0.7545455694 0.6173134446
vn 0.6096028686 0.02147304825 0.7924160957
v -1.294187784 -0.8228074908 0.9048967957
vn 0.05534012616 -0.251685679 -0.9662255645
v -1.309363961 -0.7881960273 0.6306728721
vn 0.7484041452 -0.01678772829 0.6630304456
v -1.294187784 -0.786357522 0.6161065698
vn 0.6376527548 -0.03407941759 0.7695697546
v -1.294187784 -0.8565266728 0.9188013673
vn 0.2733170092 -0.2780780792 -0.9208530784
v -1.294187784 -0.840143919 0.9117945433
vn 0.1713126153 -0.4291898906 -0.8868190646
v -1.307102919 -0.8196590543 0.6267017126
vn 0.748383522 0.01460736897 0.6631053686
v -1.294187784 -0.8181483746 0.6147324443
vn 0.6093507409 0.007378396112 0.7928664684
v -1.294187784 -0.8897281289 0.9286033511
vn 0.3664248586 -0.2356944531 -0.9001005292
v -1.302103281 -0.8511220813 0.6227304935
vn 0.7484199405 0.08799251169 0.6573621035
v -1.294187784 -0.8502386808 0.6157312393
vn 0.5794472098 0.06413955241 0.812482059
v -1.300897717 -0.9222965837 0.9333899617
vn 0.4671103358 -0.1801476926 -0.8656527996
v -1.294187784 -0.9227420092 0.9369191527
vn 0.4337957203 -0.1791731864 -0.8830165863
v -1.294187784 -0.9133755565 0.9345159531
vn 0.4345861077 -0.2254596353 -0.8719534874
v -1.318137288 -0.8865563273 0.6502225399
vn 0.7847787738 0.173832193 0.5948988199
v -1.294187784 -0.8828610182 0.620944798
vn 0.7493420839 0.1643214822 0.6414709091
v -1.294187784 -0.8761975765 0.6195656657
vn 0.6691066027 0.1359169632 0.7306318879
v -1.317341328 -0.953759551 0.9294187427
vn 0.5137155056 -0.1259615123 -0.8486636877
v -1.294187784 -0.9555268288 0.943420887
vn 0.4665496349 -0.1734488755 -0.8673216701
v -1.307763457 -0.9180192947 0.6462513804
vn 0.7876599431 0.2039112151 0.5813880563
v -1.294187784 -0.9160853028 0.6309284568
vn 0.6727368236 0.2073069066 0.7102457285
v -1.294187784 -0.9885337949 0.9516817927
vn 0.5256325006 -0.2302241176 -0.8189672232
v -1.316692472 -0.9534535408 0.6737431884
vn 0.8444991708 0.1950880736 0.498760283
v -1.296004415 -0.9494823813 0.642280221
vn 0.8124120235 0.1674615592 0.5585188866
v -1.294187784 -0.9492405653 0.6403645277
vn 0.6418641806 0.1575685292 0.750454843
v -1.305747271 -1.020656824 0.9529395103
vn 0.549949348 -0.2324180454 -0.8022079468
v -1.294187784 -1.021518826 0.9597686529
vn 0.3688721657 -0.1479678601 -0.9176267385
v -1.294187784 -1.000833869 0.9554414749
vn 0.4120931923 -0.2004945129 -0.8888088465
v -1.322500587 -0.9888877273 0.7012351751
vn 0.9067964554 0.1036175191 0.4086363018
v -1.308695555 -0.9849165678 0.6697720885
vn 0.8650233746 0.0888504833 0.493801713
v -1.294187784 -0.9820280671 0.6468868852
vn 0.8162615895 0.06300592422 0.5742362142
v -1.294187784 -0.9562324882 0.6414282322
vn 0.6661856771 0.1086158454 0.7378341556
v -1.325551987 -1.052119851 0.9489682913
vn 0.4910990596 -0.1860442162 -0.8510048389
v -1.294187784 -1.054051161 0.9642707109
vn 0.3707429767 -0.1301658303 -0.9195686579
v -1.318128943 -1.020350695 0.6972640753
vn 0.9206911922 0.04997700825 0.3870787621
v -1.305707455 -1.016379595 0.6658009291
vn 0.8984453082 0.0334203355 0.4378117621
v -1.294187784 -1.013972402 0.646728754
vn 0.8221971989 0.006047828589 0.5691705942
v -1.294187784 -1.086621284 0.9690704346
vn 0.4197824001 -0.1388895959 -0.8969350457
v -1.315242648 -1.051813722 0.6932929158
vn 0.9303033948 0.0593743287 0.3619534671
v -1.303290009 -1.047842622 0.6618298292
vn 0.9063254595 0.02270470187 0.4219699502
v -1.294187784 -1.046056747 0.6476802826
vn 0.8055964708 0.01509657782 0.592272222
v -1.298990011 -1.119017005 0.9724891782
vn 0.519241333 -0.1442015767 -0.8423742056
v -1.294187784 -1.119383335 0.9753917456
vn 0.4213792384 -0.1554009765 -0.8934708238
v -1.294187784 -1.110439539 0.9735717773
vn 0.3934527934 -0.1745266914 -0.9026269317
v -1.322239161 -1.087247968 0.7207846642
vn 0.9394267797 0.09601493925 0.3290264606
v -1.311906934 -1.083276749 0.689321816
vn 0.9422367811 0.0459664911 0.3317784667
v -1.300741911 -1.079305649 0.6578586698
vn 0.9157246351 0.03370663896 0.4003901184
v -1.294187784 -1.078117728 0.6484473348
vn 0.770742476 0.01949459501 0.6368485093
v -1.312773705 -1.150480032 0.9685180187
vn 0.5544030666 -0.1086588129 -0.8251245618
v -1.294187784 -1.15198791 0.9804648757
vn 0.4795459807 -0.1557175219 -0.8635900021
v -1.316834927 -1.118710995 0.7168135643
vn 0.9537396431 0.118676655 0.2762182653
v -1.309330583 -1.114739776 0.6853506565
vn 0.9520741701 0.06191720814 0.2995347679
v -1.297899961 -1.110768676 0.6538875103
vn 0.9219683409 0.05712514743 0.3830288351
v -1.294187784 -1.110147595 0.6489663124
vn 0.7069167495 0.07155622542 0.7036678195
v -1.32408917 -1.181943178 0.9645469189
vn 0.6103557348 -0.1384350359 -0.7799369693
v -1.294187784 -1.184773088 0.9869682193
vn 0.5225451589 -0.1951544136 -0.8299766779
v -1.320288181 -1.154145122 0.7443056107
vn 0.9498090148 0.1489356607 0.2751017511
v -1.312564254 -1.150174022 0.7128424048
vn 0.9695048928 0.0899130553 0.2279823422
v -1.306370258 -1.146202922 0.6813795567
vn 0.9425576329 0.08834834397 0.3221486211
v -1.294187784 -1.142862558 0.6549147367
vn 0.8876614571 0.1181645766 0.4450778663
v -1.294187784 -1.129162669 0.6515659094
vn 0.6990566254 0.0932098031 0.7089652419
v -1.299634695 -1.217377305 0.9920386672
vn 0.6402418613 -0.1699598581 -0.7491354942
v -1.294187784 -1.217900753 0.9961864352
vn 0.4940065145 -0.2049214393 -0.8449643254
v -1.294187784 -1.207661152 0.9932649732
vn 0.4907884896 -0.2345729619 -0.8391079903
v -1.322808981 -1.189579368 0.7717975974
vn 0.9466714263 0.1373091638 0.2914779186
v -1.313951373 -1.185608149 0.7403344512
vn 0.9714027643 0.113428928 0.2085919231
v -1.30936563 -1.181637049 0.708871305
vn 0.9685216546 0.1023848131 0.2268989235
v -1.302049994 -1.177665949 0.6774083972
vn 0.9470385909 0.1051423624 0.3034187853
v -1.294187784 -1.175921082 0.6635838747
vn 0.8460305929 0.1183932871 0.5198222995
v -1.313220263 -1.248840332 0.9880675673
vn 0.6950097084 -0.1667637974 -0.6993935704
v -1.294187784 -1.250941992 1.004718184
vn 0.5420645475 -0.1895468533 -0.818680644
v -1.316858411 -1.221042395 0.7678263783
vn 0.95799613 0.1377535164 0.251530081
v -1.310628176 -1.217071295 0.7363633513
vn 0.9718000889 0.1085227728 0.2093500644
v -1.306052566 -1.213100076 0.7049000859
vn 0.9679852724 0.1130973697 0.2240837067
v -1.295872211 -1.209128976 0.6734371781
vn 0.9386542439 0.1366747171 0.3166200221
v -1.294187784 -1.208780766 0.6706781387
vn 0.8246560097 0.115330644 0.5537520647
v -1.324243903 -1.280303478 0.9840964079
vn 0.6751846075 -0.1290084273 -0.726279974
v -1.294187784 -1.2837255 1.011209607
vn 0.6327305436 -0.1183352992 -0.7652769685
v -1.319392085 -1.256476641 0.7953181863
vn 0.9476804733 0.1813588738 0.2626987994
v -1.312035799 -1.252505422 0.7638552785
vn 0.969717145 0.1361421645 0.2027657479
v -1.307076454 -1.248534322 0.7323921323
vn 0.9707950354 0.1198749468 0.2078149021
v -1.299538732 -1.244563103 0.7009289861
vn 0.9461038113 0.1629464179 0.2798857689
v -1.294187784 -1.24289 0.6876725554
vn 0.8927013874 0.2143261731 0.3964196742
v -1.294187784 -1.214703679 0.6727336049
vn 0.8427112103 0.1884775609 0.5042955875
v -1.297903061 -1.315737605 1.011588454
vn 0.6407943368 -0.1054829806 -0.7604314685
v -1.294187784 -1.316032052 1.013920665
vn 0.44620803 -0.06052485853 -0.8928802609
v -1.294187784 -1.304152846 1.013050556
vn 0.4574418366 -0.06062991172 -0.8871701956
v -1.31978476 -1.291910768 0.8228102922
vn 0.9439240098 0.1911266893 0.2692174613
v -1.311900377 -1.287939668 0.7913470268
vn 0.9619939327 0.1643330604 0.2180879265
v -1.306676984 -1.283968568 0.759884119
vn 0.9670644999 0.1610651165 0.1970894933
v -1.301201582 -1.279997349 0.728421092
vn 0.9559533596 0.1729779392 0.2371325046
v -1.294187784 -1.277434826 0.7081186175
vn 0.9140174985 0.209554404 0.3473600745
v -1.294187784 -1.26268208 0.6986420155
vn 0.8951535225 0.2219858468 0.386552006
v -1.308922768 -1.347200632 1.007617235
vn 0.6340492964 -0.02387381904 -0.772924006
v -1.294187784 -1.348301172 1.016336679
vn 0.4586392045 -0.001343884738 -0.8886215687
v -1.320415735 -1.327345014 0.850301981
vn 0.9425961971 0.2047583014 0.2637923658
v -1.312652349 -1.323373795 0.8188390732
vn 0.961522758 0.1566854566 0.2256627381
v -1.306714177 -1.319402695 0.7873758674
vn 0.9653596282 0.1487560421 0.2143650651
v -1.300657988 -1.315431595 0.7559130192
vn 0.960540235 0.1709742844 0.2193860114
v -1.294187784 -1.311956167 0.7283776999
vn 0.9465488195 0.2047293782 0.2492613941
v -1.294187784 -1.307828069 0.7249084115
vn 0.9203925133 0.1951415241 0.3388177454
v -1.307724595 -1.378663659 1.003646135
vn 0.7940344214 0.2651301026 -0.5470058322
v -1.294187784 -1.380053043 1.014654756
vn 0.5521371961 0.05100543797 -0.8321916461
v -1.319609761 -1.362779021 0.8777939677
vn 0.9362984896 0.2784094214 0.2140871882
v -1.312735796 -1.358807921 0.8463308215
vn 0.9570161104 0.1948219389 0.2148595005
v -1.307423472 -1.354836822 0.8148679733
vn 0.9600250721 0.1828212589 0.2119628489
v -1.301141381 -1.350865722 0.7834047675
vn 0.9510362744 0.1969040185 0.2382410467
v -1.294187784 -1.347474337 0.7565358281
vn 0.9321815968 0.2378873378 0.2728500068
v -1.294187784 -1.341989994 0.7525609136
vn 0.9453850985 0.202731356 0.2552390397
v -1.300572753 -1.410126686 0.9996749759
vn 0.9375647306 0.1689851284 -0.3040007651
v -1.294187784 -1.41154778 1.010933638
vn 0.7900500298 -0.05728795752 -0.6103597879
v -1.308597326 -1.406155586 0.9682118297
vn 0.923225224 0.3553119302 -0.1463168412
v -1.312043428 -1.402184486 0.9367489219
vn 0.8977586031 0.4398731589 0.02326234616
v -1.311492562 -1.398213267 0.9052857757
vn 0.90825212 0.4035494328 0.1105711088
v -1.309456587 -1.394242167 0.8738228083
vn 0.9393404126 0.3218819499 0.1184549183
v -1.306225419 -1.390271068 0.8423597217
vn 0.9472599626 0.2539281547 0.1954968721
v -1.299321294 -1.386299968 0.8108968139
vn 0.9367762804 0.2523982525 0.2423743159
v -1.294187784 -1.384236217 0.7945466042
vn 0.8939877748 0.3122451603 0.3213858008
v -1.294187784 -1.369785309 0.7810168266
vn 0.9050949216 0.3064351678 0.2947891057
v -1.299630404 -1.441589832 0.995703876
vn 0.9765498042 0.1105037332 -0.1847685724
v -1.294187784 -1.443672061 1.012201667
vn 0.9374952316 0.1247769594 -0.3248590231
v -1.30166018 -1.437618613 0.9642406702
vn 0.9796229005 0.1999122947 -0.01933983155
v -1.299327612 -1.433647513 0.9327777624
vn 0.9468829036 0.3099401593 0.08573139459
v -1.296541214 -1.429676414 0.9013146758
vn 0.9133474827 0.3983877897 0.08416404575
v -1.29717803 -1.425705314 0.8698517084
vn 0.9184175134 0.3866991997 0.08350447565
v -1.294678211 -1.421734095 0.8383885622
vn 0.9267196655 0.3370642662 0.1660674214
v -1.294187784 -1.421535969 0.8368194103
vn 0.8790918589 0.3619538248 0.3101402223
v -1.294187784 -1.397959709 0.8094251752
vn 0.8771906495 0.3584135473 0.3194938004
v -1.294187784 -1.466448545 0.9925662875
vn 0.9677712321 0.2428278625 -0.06673409045
v -1.294187784 -1.465316296 0.9607447982
vn 0.9521815181 0.2832808793 0.1144652143
v -1.294187784 -1.446582794 0.9311451316
vn 0.9193609357 0.3540747464 0.1714832634
v -1.294187784 -1.434593558 0.900693953
vn 0.9076274633 0.4092545211 0.0933976993
v -1.294187784 -1.43135798 0.8691382408
vn 0.8846500516 0.4518291652 0.1150856763
v -1.294187784 -1.422583103 0.8382813931
vn 0.8610377312 0.4556650817 0.2257949263
v -1.262474895 -0.5611542463 0.8578416109
vn -0.02079303563 -0.2643517554 -0.9642021656
v -1.262474895 -0.5512527823 0.8523645997
vn 0.05514477938 -0.799002409 -0.5987939835
v -1.262474895 -0.5368101001 0.8222231269
vn 0.1867008656 -0.9728506804 -0.1367637962
v -1.262474895 -0.5423125029 0.7895642519
vn 0.2341846079 -0.9331697226 0.2726753652
v -1.262474895 -0.5502424836 0.7713885903
vn 0.2448624521 -0.8766625524 0.41413185
v -1.262474895 -0.5937136412 0.8625565171
vn -0.1059166715 -0.1107619479 -0.9881869555
v -1.262474895 -0.558367312 0.7555737495
vn 0.2505005896 -0.8743929267 0.4155556262
v -1.262474895 -0.5736703873 0.721677959
vn 0.2574881017 -0.8742480278 0.411570549
v -1.268584967 -0.575897038 0.7213969231
vn 0.316404283 -0.8079215288 0.4971430302
v -1.262474895 -0.5754694343 0.7180092931
vn 0.3019369543 -0.8618754745 0.4074367881
v -1.262474895 -0.6258049011 0.8635630012
vn -0.1906685978 -0.1067910716 -0.9758284688
v -1.262474895 -0.5902923346 0.6876158118
vn 0.3316826522 -0.848962009 0.4114001691
v -1.292341828 -0.6033889055 0.6859627962
vn 0.3631205559 -0.8133978844 0.4544527531
v -1.262474895 -0.6009562016 0.6666888595
vn 0.3650828004 -0.8167042136 0.4468878508
v -1.262474895 -0.6588413119 0.8720576167
vn -0.3058360219 -0.2822024226 -0.9092997909
v -1.262474895 -0.6554631591 0.8711757064
vn -0.2646431029 -0.2426156849 -0.9333282709
v -1.262474895 -0.6094904542 0.6532282829
vn 0.3676968217 -0.7575519681 0.5393644571
v -1.262474895 -0.6280916333 0.6284300685
vn 0.3655487001 -0.6577420235 0.6585966349
v -1.262474895 -0.6921420097 0.8826455474
vn -0.36074844 -0.2409255803 -0.9010080099
v -1.262474895 -0.6445639729 0.6168373823
vn 0.3382665217 -0.5094870329 0.7912008166
v -1.2795012 -0.6583727598 0.6150944829
vn 0.3236036003 -0.2750114202 0.9053449035
v -1.262474895 -0.6576935053 0.6097128987
vn 0.2670325935 -0.3331311643 0.9042772055
v -1.271900654 -0.7255760431 0.8942907453
vn -0.3554449677 -0.1361001134 -0.9247354269
v -1.262474895 -0.7250027657 0.8897488713
vn -0.4459554255 -0.1660650969 -0.8795146942
v -1.289760709 -0.6898357868 0.611123383
vn 0.3714258969 -0.08035672456 0.9249786735
v -1.262474895 -0.6886966825 0.6020983458
vn 0.2746932209 -0.1832939535 0.9438998699
v -1.262474895 -0.7573270798 0.89260149
vn -0.207827121 -0.05365919694 -0.9766926765
v -1.262474895 -0.7453586459 0.8917938471
vn -0.4138514996 -0.09289152175 -0.90559268
v -1.279151201 -0.7212988138 0.6071522236
vn 0.4891465604 0.005033025984 0.872187078
v -1.262474895 -0.7202885151 0.5991476178
vn 0.3422295749 -0.09413544089 0.9348890185
v -1.262474895 -0.7897025347 0.8958593607
vn -0.02602470294 -0.2003735155 -0.9793738723
v -1.273629665 -0.7527618408 0.6031810641
vn 0.5693095922 -0.04359941557 0.8209663033
v -1.262474895 -0.7518851161 0.5962347984
vn 0.4173061252 -0.09889060259 0.9033693671
v -1.262474895 -0.8230689168 0.906968236
vn 0.1105647385 -0.3875491023 -0.915194571
v -1.271962285 -0.7842249274 0.5992099643
vn 0.5907387733 -0.03632765263 0.8060446978
v -1.262474895 -0.7834068537 0.592728436
vn 0.4585749209 -0.07942513376 0.8850992322
v -1.262474895 -0.8577618003 0.9285871983
vn 0.3223685026 -0.4354273379 -0.8405246139
v -1.262474895 -0.8330412507 0.9126909971
vn 0.1973769218 -0.518465817 -0.8320069313
v -1.26697576 -0.8156879544 0.5952388048
vn 0.5777758956 0.0346702598 0.8154587746
v -1.262474895 -0.8152990341 0.5921576023
vn 0.4925724268 -0.02006240189 0.8700401783
v -1.276575804 -0.890833497 0.9373610616
vn 0.417283088 -0.3264396489 -0.8481225967
v -1.262474895 -0.8917812705 0.9448702931
vn 0.4413331747 -0.2542022169 -0.8605848551
v -1.262474895 -0.8788149953 0.9388779402
vn 0.4585672915 -0.3865835965 -0.8001682162
v -1.262474895 -0.8296737671 0.5934736133
vn 0.5517495871 0.07574995607 0.8305626512
v -1.262474895 -0.8476459384 0.5951890349
vn 0.5522433519 0.06259027123 0.8313301206
v -1.262474895 -0.9245934486 0.9515877366
vn 0.4160467386 -0.1629479527 -0.8946245313
v -1.291722298 -0.8825851679 0.6187593937
vn 0.5883847475 0.1845981181 0.7872273922
v -1.262474895 -0.8799889088 0.5981897116
vn 0.559394002 0.1147945672 0.8209144473
v -1.262474895 -0.9573068619 0.9575237632
vn 0.3910882771 -0.2074830979 -0.8966608644
v -1.275605559 -0.9140481353 0.6147882342
vn 0.6100595593 0.2279646546 0.7588540316
v -1.262474895 -0.9127488136 0.6044934988
vn 0.5740015507 0.189198032 0.7966971397
v -1.284273148 -0.9891937971 0.9569105506
vn 0.3847408891 -0.2316893786 -0.8934732676
v -1.262474895 -0.9902783632 0.965503633
vn 0.296565026 -0.1659259051 -0.9404880404
v -1.262474895 -0.9655029774 0.9599007368
vn 0.3289787471 -0.2167050689 -0.9191365242
v -1.262474895 -0.9377812147 0.6117928028
vn 0.5782442689 0.231930539 0.7822031975
v -1.262474895 -0.9459559917 0.6143409014
vn 0.6165978312 0.1742165089 0.7677601576
v -1.262474895 -1.022809386 0.9699943066
vn 0.2888865173 -0.1400564462 -0.9470632076
v -1.286787629 -0.9809454083 0.6383091211
vn 0.6800282001 0.008357157931 0.7331383228
v -1.262474895 -0.9783765078 0.6179558635
vn 0.6279448271 0.0477353856 0.7767925262
v -1.262474895 -1.055373788 0.9747492671
vn 0.3198543489 -0.1617702246 -0.9335542917
v -1.28403461 -1.012408495 0.6343379617
vn 0.6968533397 -0.005015435629 0.7171961069
v -1.262474895 -1.010135531 0.6163303256
vn 0.6217558384 -0.02544344589 0.7827977538
v -1.276677489 -1.087553978 0.976460278
vn 0.3726343215 -0.1955443621 -0.9071416855
v -1.262474895 -1.088314176 0.9824829698
vn 0.3502046168 -0.1906415969 -0.917067349
v -1.262474895 -1.071463108 0.9784912467
vn 0.3518388271 -0.214325726 -0.9111936688
v -1.279540777 -1.043871522 0.6303668618
vn 0.7016795874 0.02388881892 0.712092042
v -1.262474895 -1.042073131 0.6161190271
vn 0.580503583 0.02585976757 0.8138469458
v -1.262474895 -1.12110424 0.98902601
vn 0.3995203376 -0.2032517791 -0.8939083815
v -1.273771405 -1.075334549 0.6263957024
vn 0.6902140379 0.0417615436 0.7223991156
v -1.262474895 -1.07420218 0.6174241304
vn 0.5590198636 0.0393444486 0.8282202482
v -1.262474895 -1.154021502 0.9965766668
vn 0.4521509707 -0.1971871257 -0.869871676
v -1.266435862 -1.106797576 0.6224246025
vn 0.6733583212 0.08641251177 0.7342488766
v -1.262474895 -1.106421471 0.6194448471
vn 0.5349885225 0.04865996912 0.8434568644
v -1.278499365 -1.185914278 0.9960098267
vn 0.4759472609 -0.2286959887 -0.8492186666
v -1.262474895 -1.187093139 1.005349994
vn 0.5131018162 -0.179962948 -0.8392496109
v -1.262474895 -1.162783742 0.9989292622
vn 0.4905410111 -0.2234421223 -0.8422845006
v -1.290946603 -1.142231703 0.6499164104
vn 0.7082333565 0.1061714292 0.6979492307
v -1.262474895 -1.139000654 0.6243165731
vn 0.6579526067 0.09195350856 0.7474241853
v -1.262474895 -1.117809057 0.621034801
vn 0.6280186772 0.1197900847 0.7689231634
v -1.262474895 -1.219926953 1.012239814
vn 0.4415340126 -0.2180082798 -0.8703563213
v -1.281597853 -1.173694849 0.645945251
vn 0.7587350011 0.09534990788 0.6443831325
v -1.262474895 -1.171384811 0.6276432872
vn 0.6611898541 0.06261710078 0.747600913
v -1.266867876 -1.252811551 1.019530654
vn 0.4508134127 -0.2148813754 -0.8663678765
v -1.262474895 -1.253094912 1.021776199
vn 0.3851916492 -0.1415729523 -0.9119125605
v -1.262474895 -1.247688293 1.020177364
vn 0.4697771072 -0.2633982897 -0.8425739408
v -1.275198579 -1.205157876 0.6419741511
vn 0.8063355088 0.1047073454 0.5821163654
v -1.262474895 -1.203445315 0.6284060478
vn 0.6786804199 0.03043330088 0.7338029146
v -1.286733747 -1.284274578 1.015559554
vn 0.4487618506 -0.1412396133 -0.882419467
v -1.262474895 -1.285756826 1.027303696
vn 0.3767231703 -0.09458866715 -0.9214839339
v -1.286540151 -1.240592003 0.6694660783
vn 0.8712906837 0.17225945 0.4595424533
v -1.269147277 -1.236620903 0.6380029321
vn 0.842970252 0.1371334046 0.5201880336
v -1.262474895 -1.235655546 0.6303543448
vn 0.6617389917 0.09087237716 0.7442067862
v -1.262474895 -1.317933917 1.028989077
vn 0.4091813862 -0.06955892593 -0.9097978473
v -1.290114284 -1.276026249 0.6969578266
vn 0.9161124229 0.1781158149 0.3591834903
v -1.278228521 -1.27205503 0.6654949188
vn 0.8760723472 0.1620444655 0.4541352689
v -1.262474895 -1.268495679 0.6372939348
vn 0.846298933 0.1621645242 0.5074256659
v -1.262474895 -1.260590792 0.6349776387
vn 0.6658636332 0.1362454295 0.7335276604
v -1.262474895 -1.350055456 1.030235648
vn 0.4512568414 -0.0359107852 -0.8916712999
v -1.293193817 -1.311460376 0.724449873
vn 0.9342995286 0.1949328631 0.2984721065
v -1.283068538 -1.307489276 0.6929866672
vn 0.9189926982 0.1692637503 0.3560929298
v -1.271372318 -1.303518176 0.661523819
vn 0.8967909217 0.1660220921 0.4101252854
v -1.262474895 -1.301753044 0.64753896
vn 0.801869154 0.1677634418 0.573464334
v -1.262474895 -1.382419109 1.033400297
vn 0.5809921026 -0.09307150543 -0.8085702658
v -1.292892933 -1.346894503 0.7519418597
vn 0.9198990464 0.2816625237 0.2728589475
v -1.284596086 -1.342923403 0.7204787731
vn 0.923176825 0.2610941529 0.2820894122
v -1.276196361 -1.338952184 0.6890155673
vn 0.9131656289 0.2206679434 0.3426868021
v -1.262539506 -1.334981084 0.6575526595
vn 0.8919666409 0.2128145099 0.3988803029
v -1.262474895 -1.33496964 0.6574625373
vn 0.7357593179 0.2135562897 0.642691195
v -1.278941035 -1.414097905 1.031137943
vn 0.6855400205 -0.2109170854 -0.696813345
v -1.262474895 -1.415641785 1.043370485
vn 0.5109809637 -0.2590747178 -0.8196210861
v -1.262474895 -1.386481047 1.034623504
vn 0.4859875441 -0.2478026152 -0.8380990028
v -1.289256692 -1.382328749 0.7794336081
vn 0.8898491263 0.3468939066 0.296366632
v -1.281183839 -1.378357649 0.7479707599
vn 0.9017188549 0.3407981098 0.2660070658
v -1.27369523 -1.37438643 0.7165076137
vn 0.8978296518 0.3387660682 0.2813172936
v -1.264634013 -1.37041533 0.6850444078
vn 0.8910274506 0.3101887107 0.3314409256
v -1.262474895 -1.369858384 0.6806314588
vn 0.819834888 0.3243004084 0.4719110429
v -1.262474895 -1.335127592 0.6575341821
vn 0.7778201103 0.2867162228 0.5592760444
v -1.28823936 -1.445560932 1.027166724
vn 0.8477045894 -0.03537637368 -0.5292876959
v -1.262474895 -1.449531078 1.05862236
vn 0.6330879331 -0.2725725472 -0.7245025039
v -1.28506887 -1.417762995 0.8069256544
vn 0.8632284999 0.3955366611 0.3136675656
v -1.275138617 -1.413791776 0.7754625082
vn 0.8657349348 0.3937580585 0.3089621663
v -1.266767621 -1.409820676 0.7439996004
vn 0.8775760531 0.3894097209 0.279678911
v -1.262474895 -1.407996178 0.7295440435
vn 0.8561643958 0.4172421694 0.3047810793
v -1.262474895 -1.396495938 0.7137170434
vn 0.8538123965 0.4173381627 0.3111804128
v -1.262474895 -1.374419928 0.6845389605
vn 0.8226674199 0.4054023921 0.3985815048
v -1.271260023 -1.480995059 1.054658771
vn 0.9021314383 0.1568565369 -0.4019389749
v -1.262474895 -1.483383298 1.073580503
vn 0.824972868 0.07890578359 -0.5596370697
v -1.262474895 -1.449551463 1.058627367
vn 0.8805811405 -0.1915332824 -0.4334649146
v -1.28395617 -1.47702384 1.023195624
vn 0.9066872001 0.3542663753 -0.228940174
v -1.292640805 -1.47305274 0.9917327166
vn 0.9058460593 0.411521107 -0.100465171
v -1.29307735 -1.46908164 0.9602695704
vn 0.8858035207 0.4456695318 0.1293475181
v -1.286979437 -1.46511054 0.9288066626
vn 0.9076406956 0.3794313371 0.1795000285
v -1.282663226 -1.461139321 0.8973435163
vn 0.9121195078 0.385679543 0.1388860345
v -1.28114748 -1.457168221 0.865880549
vn 0.8967804313 0.4264895618 0.1178624779
v -1.276980758 -1.453197122 0.8344174623
vn 0.8637923002 0.4471785724 0.2321512997
v -1.268408537 -1.449225903 0.8029545546
vn 0.8475653529 0.4336542189 0.305903554
v -1.262474895 -1.447002649 0.7853392959
vn 0.837947011 0.4321996272 0.3332390785
v -1.262474895 -1.437195778 0.772508502
vn 0.8463158011 0.4397923052 0.3005533814
v -1.262474895 -1.417398095 0.7430432439
vn 0.8387559652 0.4491043687 0.3078858554
v -1.262474895 -1.510663629 1.050914168
vn 0.9167731404 0.3053213656 -0.257499367
v -1.2693156 -1.508486986 1.019224405
vn 0.8851482868 0.4338860512 -0.168093428
v -1.262474895 -1.51217258 1.048425317
vn 0.7690722346 0.629452765 -0.1109825
v -1.2740345 -1.504515767 0.9877616167
vn 0.8432211876 0.5359159112 -0.04209682718
v -1.274352074 -1.500544667 0.9562984109
vn 0.8317558169 0.5482994318 0.08689084649
v -1.271596074 -1.496573448 0.9248355031
vn 0.855610013 0.4942798018 0.1536848396
v -1.269058228 -1.492602468 0.8933724165
vn 0.8860183954 0.4388491511 0.1496089846
v -1.265229464 -1.488631248 0.8619094491
vn 0.8843971491 0.4386968315 0.1593321264
v -1.262474895 -1.487148643 0.8501630425
vn 0.8377587795 0.4829474092 0.2547980547
v -1.262474895 -1.477234364 0.8313835263
vn 0.839199543 0.4688557684 0.2755329311
v -1.262474895 -1.459020019 0.8017183542
vn 0.8364049792 0.4532886147 0.3081495464
v -1.262474895 -1.517166257 1.018128991
vn 0.7611936927 0.6472037435 -0.04137029499
v -1.262474895 -1.517989159 0.986060977
vn 0.7548399568 0.6546275616 0.04098023102
v -1.262474895 -1.514557958 0.9545297623
vn 0.7680342793 0.6326192021 0.09958069026
v -1.262474895 -1.50867486 0.9233081341
vn 0.7948837876 0.5957420468 0.1151138991
v -1.262474895 -1.502151132 0.8921672106
vn 0.8159780502 0.5606948137 0.1407165527
v -1.262474895 -1.492750049 0.8613895178
vn 0.8237745762 0.5262790322 0.2107743621
v -1.230762243 -0.5610044599 0.8566548824
vn -0.0570878908 -0.2115863562 -0.9756906033
v -1.230762243 -0.5526433587 0.8521891236
vn -0.01483693533 -0.7214356661 -0.6923224926
v -1.230762243 -0.5310468674 0.8229506016
vn 0.1396924555 -0.9498361349 -0.2798165083
v -1.230762243 -0.5333772302 0.7906920314
vn 0.2359394133 -0.9400260448 0.2463403791
v -1.230762243 -0.5477337241 0.7569159269
vn 0.2452699691 -0.890751183 0.3826290369
v -1.232751012 -0.5484051108 0.7568311691
vn 0.2717271745 -0.865816772 0.4201496243
v -1.230762243 -0.5482810736 0.7558483481
vn 0.2699337006 -0.8794503212 0.3920496106
v -1.230762243 -0.5934601426 0.8605485559
vn -0.1077640504 -0.04166003317 -0.9933032393
v -1.230762243 -0.5637770891 0.7229266167
vn 0.2916776836 -0.8779691458 0.3795976341
v -1.230762243 -0.573269248 0.7005773187
vn 0.321728915 -0.8707640171 0.3718340695
v -1.230762243 -0.6252669096 0.8593007326
vn -0.2193296701 0.01970115863 -0.9754518867
v -1.230762243 -0.5783732533 0.6891201735
vn 0.3355168998 -0.8593542576 0.3859256506
v -1.230762243 -0.5930175781 0.6553074718
vn 0.3510051668 -0.8489114046 0.3951516747
v -1.244616747 -0.5994177461 0.65449965
vn 0.3818561137 -0.7946845889 0.471871078
v -1.230762243 -0.5982849598 0.6455245614
vn 0.3916439712 -0.7509737611 0.5316516161
v -1.257470727 -0.6586787701 0.8707697988
vn -0.2729066014 -0.1527445614 -0.9498373866
v -1.230762243 -0.6576573253 0.8626770377
vn -0.3571521342 -0.1205800772 -0.9262304306
v -1.230762243 -0.6200256944 0.6199344993
vn 0.3859971166 -0.7036324143 0.5965799689
v -1.242716193 -0.6269096732 0.6190656424
vn 0.3529699445 -0.526912868 0.7731591463
v -1.230762243 -0.626296103 0.6142044663
vn 0.3437348306 -0.4669004083 0.8147701025
v -1.230762243 -0.6902402043 0.8675780892
vn -0.3746263385 -0.1431579441 -0.9160572886
v -1.230762243 -0.6870647073 0.8671870828
vn -0.3558524251 -0.141835168 -0.9237163067
v -1.230762243 -0.6567465067 0.6022097468
vn 0.3367729783 -0.2969275415 0.8935424089
v -1.230762243 -0.7223742008 0.8689230084
vn -0.3445037305 -0.1493944675 -0.9268217087
v -1.230762243 -0.6876599789 0.5938844681
vn 0.3574965298 -0.1931772828 0.9137170315
v -1.256155252 -0.7570390701 0.8903195858
vn -0.3549269736 -0.3640901148 -0.861083746
v -1.230762243 -0.7554963231 0.8780968189
vn -0.1921992898 -0.3396897018 -0.9206901193
v -1.230762243 -0.7188332081 0.5876173973
vn 0.3897707462 -0.1545212716 0.9078556895
v -1.230762243 -0.7898296714 0.8968666792
vn 0.1491280049 -0.3901551664 -0.9085922241
v -1.230762243 -0.7726287246 0.8883519769
vn 0.09754140675 -0.5332449079 -0.8403187394
v -1.230762243 -0.7501379251 0.5823917985
vn 0.416397512 -0.1375640035 0.8987153172
v -1.242990613 -0.8239362836 0.9138402343
vn 0.3239610195 -0.5331811309 -0.7815158963
v -1.230762243 -0.8246865869 0.9197850227
vn 0.455811888 -0.5668469667 -0.6862361431
v -1.230762243 -0.8181664348 0.9145684838
vn 0.4205528796 -0.55708009 -0.7160984874
v -1.230762243 -0.7814869285 0.5775170922
vn 0.4447698891 -0.09725363553 0.8903490901
v -1.242347598 -0.85937047 0.941332221
vn 0.4269287884 -0.5166794658 -0.7421416044
v -1.230762243 -0.8603430986 0.9490380883
vn 0.4285944104 -0.3872971535 -0.8162767291
v -1.230762243 -0.8510891795 0.9423774481
vn 0.488129288 -0.5520332456 -0.6760097146
v -1.230762243 -0.813082099 0.5745931268
vn 0.4784040451 -0.06068360433 0.8760405779
v -1.230762243 -0.8939909339 0.9623770118
vn 0.408393532 -0.2331552505 -0.8825266957
v -1.256764531 -0.8471509814 0.591267705
vn 0.5643321276 0.06004715338 0.8233611584
v -1.230762243 -0.8449630737 0.5739331245
vn 0.5237901807 0.01097732689 0.8517765999
v -1.234750867 -0.9262676835 0.9648528695
vn 0.4200464189 -0.1309475005 -0.8980054259
v -1.230762243 -0.9264915586 0.9666264057
vn 0.2374105453 -0.05592199415 -0.9697983861
v -1.230762243 -0.9189187884 0.965780437
vn 0.299036175 -0.1161287799 -0.9471491575
v -1.247401476 -0.878614068 0.5872964859
vn 0.5786759853 0.1219562069 0.8063874841
v -1.230762243 -0.8770861626 0.5751912594
vn 0.5267580152 0.09959606081 0.8441603184
v -1.253942013 -0.9577307105 0.9608817697
vn 0.3674422503 -0.1289862543 -0.921058476
v -1.230762243 -0.9587137699 0.968670845
vn 0.2241714597 -0.1156238467 -0.9676663876
v -1.234032273 -0.9100770354 0.5833254457
vn 0.5801697969 0.156788066 0.799262464
v -1.230762243 -0.9097695947 0.5808894038
vn 0.4940567017 0.1694128364 0.8527644873
v -1.230762243 -0.9913461208 0.9739633799
vn 0.2260097265 -0.1675721109 -0.9596036673
v -1.257848859 -0.9455112219 0.6108171344
vn 0.5965217948 0.1046141014 0.7957497239
v -1.230762243 -0.9429085851 0.5901963115
vn 0.5684549212 0.1775718629 0.8033226132
v -1.230762243 -0.9160792828 0.582567811
vn 0.5343482494 0.2213716656 0.8157613277
v -1.230762243 -1.024056077 0.9798718095
vn 0.2836021185 -0.1809263229 -0.9417194128
v -1.248074174 -0.9769743085 0.6068459749
vn 0.5957657695 0.01648350805 0.8029890656
v -1.230762243 -0.9753207564 0.593745172
vn 0.5458082557 0.06459464133 0.835416615
v -1.247708201 -1.056090951 0.9804314375
vn 0.3455865681 -0.2033862621 -0.9160807729
v -1.230762243 -1.056919813 0.9869983792
vn 0.3258374333 -0.2007652223 -0.9238632321
v -1.230762243 -1.037223101 0.9828128219
vn 0.3263457417 -0.199199751 -0.9240226746
v -1.243728876 -1.008437276 0.6028748751
vn 0.5677450895 0.002476353664 0.8232007027
v -1.230762243 -1.00731492 0.5939823389
vn 0.5227735639 0.01299448032 0.8523725271
v -1.230762243 -1.089753747 0.9938884377
vn 0.3669932485 -0.2400060892 -0.8987285495
v -1.236451983 -1.039900303 0.5989037156
vn 0.5472003818 0.0545402877 0.8352227807
v -1.230762243 -1.039429784 0.5951754451
vn 0.5053269863 0.02935273573 0.8624286056
v -1.232794523 -1.122988224 1.003952146
vn 0.4270717204 -0.259827286 -0.8660828471
v -1.230762243 -1.123188019 1.005535603
vn 0.6212717891 -0.4162726998 -0.6638813615
v -1.230762243 -1.120830894 1.00422442
vn 0.4155489802 -0.299218148 -0.8589456081
v -1.230762243 -1.05598259 0.596873939
vn 0.5463981032 0.08476454765 0.833225131
v -1.230762243 -1.071816206 0.5985206366
vn 0.5219002366 0.05455374718 0.8512602448
v -1.257349253 -1.154451251 0.9999809265
vn 0.5691267848 -0.240544647 -0.7862779498
v -1.230762243 -1.157514095 1.024247527
vn 0.6536899209 -0.2538818717 -0.7129049897
v -1.230762243 -1.103987575 0.6001607776
vn 0.5362055302 0.03254777938 0.8434597254
v -1.232834339 -1.189885378 1.027472973
vn 0.6157367229 -0.1348488927 -0.776327312
v -1.230762243 -1.190175176 1.029769063
vn 0.7665390372 0.02485448308 -0.6417165995
v -1.230762243 -1.182647109 1.028386593
vn 0.8022714257 -0.123582229 -0.5840274096
v -1.254898667 -1.138260603 0.6184534431
vn 0.6030638218 0.0646905601 0.7950655222
v -1.230762243 -1.136057258 0.6009961367
vn 0.5664340258 0.03860135376 0.8232025504
v -1.241716623 -1.221348405 1.023501873
vn 0.5321400166 -0.1500519067 -0.8332535028
v -1.230762243 -1.222288847 1.030951858
vn 0.595923841 -0.04565871507 -0.8017418981
v -1.246823668 -1.16972363 0.6144823432
vn 0.6330577135 0.02701829933 0.7736329436
v -1.230762243 -1.168112397 0.601716578
vn 0.5601885319 0.03759308904 0.8275116682
v -1.230762243 -1.254657269 1.034153938
vn 0.4269937873 -0.09759066999 -0.8989729285
v -1.241825104 -1.201186776 0.6105111241
vn 0.6380123496 0.03274974599 0.7693293691
v -1.230762243 -1.200120568 0.6020640135
vn 0.5373213887 0.0221045129 0.843087852
v -1.230762243 -1.287105203 1.037985921
vn 0.3776608109 -0.1166932657 -0.918561399
v -1.234622955 -1.232649803 0.6065399647
vn 0.6367780566 0.07465676218 0.767424345
v -1.230762243 -1.23229301 0.6037133336
vn 0.5097904205 0.05350857601 0.8586329818
v -1.232880116 -1.319708705 1.043051243
vn 0.4216223359 -0.120015882 -0.898794055
v -1.230762243 -1.319849133 1.044163704
vn 0.4584148228 -0.1024839953 -0.882809639
v -1.230762243 -1.31652832 1.04345274
vn 0.4901372492 -0.1933696121 -0.8499256968
v -1.259962082 -1.26808393 0.6340318918
vn 0.6676484942 0.1567929536 0.7277784944
v -1.230762243 -1.264957547 0.6092618108
vn 0.6229112744 0.1381412745 0.7699990273
v -1.230762243 -1.242258668 0.6053272486
vn 0.5898761153 0.1356882602 0.7960118651
v -1.246620774 -1.351171732 1.039080143
vn 0.4629906118 -0.0762200132 -0.883079946
v -1.230762243 -1.352280259 1.047863007
vn 0.4441988766 -0.07689516991 -0.8926222324
v -1.248000145 -1.299546957 0.6300606728
vn 0.6979386806 0.1877508014 0.6911087036
v -1.230762243 -1.297685623 0.6153134108
vn 0.5932335854 0.1577880681 0.7894155383
v -1.259685636 -1.382634759 1.035109043
vn 0.4701393247 -0.08545352519 -0.8784456253
v -1.230762243 -1.384537935 1.050188065
vn 0.4260252416 -0.1421009302 -0.8934818506
v -1.234995842 -1.331009984 0.6260895729
vn 0.708961904 0.2213590443 0.6696067452
v -1.230762243 -1.330547333 0.6224241257
vn 0.5888574123 0.1613101959 0.7919760346
v -1.230762243 -1.41734004 1.056825638
vn 0.3767391145 -0.2549238801 -0.8905512094
v -1.248091936 -1.36644423 0.6535815597
vn 0.7796416879 0.3314709067 0.5313057899
v -1.230762243 -1.363905787 0.633469522
vn 0.6996970177 0.2619967759 0.6646666527
v -1.230762243 -1.339501023 0.6250178218
vn 0.6748835444 0.2315931469 0.7006402612
v -1.262461782 -1.449532032 1.05862987
vn 0.4089973271 -0.4307383001 -0.8044785261
v -1.230762243 -1.451400161 1.073430777
vn 0.2674154043 -0.4308121502 -0.8619106412
v -1.230762243 -1.427750707 1.061379075
vn 0.3478723466 -0.4110486805 -0.8426290751
v -1.257207751 -1.405849576 0.7125364542
vn 0.838534832 0.4444672167 0.3151320517
v -1.247285962 -1.401878357 0.681073308
vn 0.8150738478 0.4244114757 0.3943722546
v -1.231371403 -1.397907257 0.6496104002
vn 0.7930355668 0.4044177532 0.4555665553
v -1.230762243 -1.397809982 0.6488394737
vn 0.6980436444 0.321374923 0.639885366
v -1.249593616 -1.484966159 1.086121678
vn 0.7013255954 -0.2894868851 -0.6514136791
v -1.230762243 -1.486906528 1.101494789
vn 0.2434771359 -0.6136726141 -0.7510824203
v -1.230762243 -1.473415494 1.087579608
vn 0.07763770223 -0.5574747324 -0.8265556693
v -1.257721663 -1.445254803 0.7714913487
vn 0.8408222198 0.4389718771 0.3167360425
v -1.248512983 -1.441283584 0.7400285006
vn 0.8292441964 0.4591867626 0.3185931444
v -1.239046216 -1.437312484 0.7085653543
vn 0.818661809 0.4712432623 0.3282112777
v -1.230762243 -1.434596419 0.6870459318
vn 0.7861751318 0.4935108721 0.3719888628
v -1.230762243 -1.427574635 0.6778299809
vn 0.7561801076 0.4700544477 0.4552367032
v -1.230762243 -1.398804545 0.6494971514
vn 0.7237120271 0.4615825117 0.5130131245
v -1.24303019 -1.520400286 1.113613725
vn 0.8943300247 -0.01022409368 -0.4472910166
v -1.230762243 -1.522150397 1.127479315
vn 0.4476855993 -0.07375441492 -0.8911441565
v -1.230762243 -1.504916072 1.115568042
vn 0.05800737068 -0.646618247 -0.7606049776
v -1.253932595 -1.516429186 1.082150578
vn 0.9476370215 0.2560787797 -0.1908081025
v -1.261830926 -1.512458086 1.050687551
vn 0.8840379715 0.4174006879 -0.2103651315
v -1.257857561 -1.484660029 0.8304463029
vn 0.845833838 0.4734892547 0.2457093596
v -1.249918938 -1.48068893 0.7989833951
vn 0.84341681 0.4445596635 0.3016865551
v -1.240126133 -1.47671783 0.7675202489
vn 0.8266942501 0.4515323341 0.3357010484
v -1.230762243 -1.47368753 0.7435110807
vn 0.7863175869 0.4887824953 0.3778840303
v -1.230762243 -1.468368888 0.7366099358
vn 0.7725045085 0.5304571986 0.3490729928
v -1.230762243 -1.448786378 0.7071171403
vn 0.736777246 0.5571614504 0.3830541074
v -1.237188578 -1.551863432 1.109642506
vn 0.9211497903 0.2550917268 -0.2939580381
v -1.230762243 -1.553447843 1.122195363
vn 0.6091967225 0.1549594551 -0.7777319551
v -1.241021872 -1.547892332 1.078179359
vn 0.9239746332 0.3768138885 -0.06543841213
v -1.240461469 -1.543921232 1.046716452
vn 0.8650667071 0.5016407967 0.004014797974
v -1.24334538 -1.539950013 1.015253305
vn 0.8018305898 0.5973430276 -0.01578157395
v -1.246408939 -1.535978913 0.9837904572
vn 0.7734604478 0.633430481 0.0229086671
v -1.247098565 -1.532007694 0.952327311
vn 0.7703276873 0.6335424781 0.07224407792
v -1.24681139 -1.528036594 0.9208644032
vn 0.7810150385 0.617690742 0.09205273539
v -1.246160388 -1.524065495 0.889401257
vn 0.7964938879 0.5950387716 0.1073608249
v -1.244111657 -1.520094395 0.8579382896
vn 0.8248044252 0.5405166149 0.1659502387
v -1.239914536 -1.516123176 0.8264751434
vn 0.8429970741 0.494063139 0.2127380818
v -1.23205018 -1.512152076 0.7950122952
vn 0.8418318629 0.4568884075 0.287353605
v -1.230762243 -1.511767507 0.7919648886
vn 0.7532924414 0.5037766695 0.4227997363
v -1.230762243 -1.490720272 0.7657529116
vn 0.7561911941 0.5133849978 0.4057224989
v -1.230762243 -1.563875437 1.108126402
vn 0.8731048107 0.4735608995 -0.1158794165
v -1.230762243 -1.568158031 1.075621605
vn 0.8866372705 0.4594652951 0.05259285122
v -1.230762243 -1.560074925 1.044677615
vn 0.8561918736 0.5118247867 0.07050399482
v -1.230762243 -1.557081461 1.013091087
vn 0.8161796331 0.5769824982 0.03069168702
v -1.230762243 -1.555852532 0.981282115
vn 0.7989361882 0.5994841456 0.04816352203
v -1.230762243 -1.552645087 0.9497225285
vn 0.7984552383 0.5977282524 0.07204290479
v -1.230762243 -1.548667669 0.9182604551
vn 0.803283453 0.5901678205 0.08023500443
v -1.230762243 -1.544410825 0.8868333101
vn 0.8129341602 0.5742580295 0.09677685797
v -1.230762243 -1.538948178 0.8555586338
vn 0.8255525231 0.5464036465 0.1410890818
v -1.230762243 -1.529883265 0.8247384429
vn 0.8156295419 0.5243155956 0.2446255386
v -1.230762243 -1.513980627 0.7947815061
vn 0.7805557251 0.515232563 0.3539324999
v -1.199049711 -0.560656786 0.8539001346
vn -0.1303955764 -0.1502290964 -0.9800143838
v -1.199049711 -0.5563584566 0.8517201543
vn -0.2004082948 -0.6427734494 -0.7393773198
v -1.199049711 -0.5267083645 0.8234981298
vn -0.08520769328 -0.8930634856 -0.4417887628
v -1.199049711 -0.5252095461 0.7917228937
vn 0.06291566044 -0.9844384193 0.1640812159
v -1.199049711 -0.5383114219 0.7581050992
vn 0.1727320254 -0.927382946 0.3318501413
v -1.199049711 -0.5462280512 0.7395822406
vn 0.2705367804 -0.888646543 0.3702934086
v -1.199049711 -0.5928467512 0.8556885719
vn -0.268719703 0.07162255049 -0.9605519176
v -1.199049711 -0.5524066687 0.7243617177
vn 0.3077164888 -0.8926772475 0.3292990327
v -1.199049711 -0.5637248158 0.6909690499
vn 0.3456116617 -0.8776314855 0.3321377933
v -1.217537165 -0.5719258785 0.6899338961
vn 0.3769474626 -0.8510745764 0.3654896915
v -1.199049711 -0.5700865388 0.6753607988
vn 0.3607289195 -0.8588964939 0.3635539412
v -1.199049711 -0.6238673329 0.8482119441
vn -0.4012591541 0.1167821959 -0.9084894061
v -1.199049711 -0.5780441165 0.6571973562
vn 0.3408541381 -0.8315864205 0.4385002553
v -1.199049711 -0.5957047939 0.6250821352
vn 0.3047119379 -0.8288545609 0.4692022204
v -1.199049711 -0.6553068757 0.8440545797
vn -0.3211376369 -0.1448453069 -0.9358901978
v -1.199049711 -0.5977796316 0.6227422953
vn 0.3845636845 -0.6498321891 0.6556133628
v -1.199049711 -0.6244544387 0.5996128917
vn 0.3055655956 -0.5002704859 0.8101599216
v -1.228689909 -0.6901418567 0.8667986989
vn -0.3831988871 -0.3152765632 -0.8681931496
v -1.199049711 -0.688364923 0.8527199626
vn -0.233115986 -0.2669652402 -0.9350863695
v -1.199049711 -0.6547891498 0.58670187
vn 0.3523200452 -0.3138285875 0.8816928267
v -1.199049711 -0.7219653726 0.865683794
vn 0.1210332662 -0.341823101 -0.9319376945
v -1.199049711 -0.7159136534 0.863545835
vn 0.08087138087 -0.4599498212 -0.8842544556
v -1.199049711 -0.682659328 0.580064714
vn 0.3813152015 -0.212975055 0.8995778561
v -1.199726582 -0.6858646274 0.5796601772
vn 0.4164908826 -0.1792880446 0.8912862539
v -1.199049711 -0.6858273149 0.5793645382
vn 0.2149780989 -0.194250077 0.9571056962
v -1.199049711 -0.7563887835 0.8851676583
vn 0.3004616201 -0.4901846051 -0.8181942701
v -1.20464623 -0.7173276544 0.5756890178
vn 0.4164925218 -0.1601500064 0.8949223161
v -1.199049711 -0.7170185447 0.5732399225
vn 0.2307815254 -0.1791961938 0.9563621879
v -1.199049711 -0.7918815017 0.9131233692
vn 0.3554738462 -0.5300077796 -0.7698896527
v -1.199049711 -0.7620149255 0.8896915317
vn 0.2789823711 -0.5941916704 -0.7543905377
v -1.207598209 -0.7487906814 0.5717179179
vn 0.4249789715 -0.1501205862 0.8926683068
v -1.199049711 -0.7483022809 0.5678480268
vn 0.2515795827 -0.1673753113 0.9532540441
v -1.201198339 -0.827907443 0.9453033209
vn 0.5060912967 -0.554469943 -0.6606320739
v -1.199049711 -0.8281135559 0.9469361305
vn 0.36890468 -0.4563636482 -0.8097169399
v -1.199049711 -0.8262122273 0.945517242
vn 0.4205753803 -0.5821903348 -0.6958238482
v -1.199049711 -0.7967470884 0.9172719121
vn 0.4526437223 -0.6041427255 -0.655839324
v -1.210561395 -0.780253768 0.5677467585
vn 0.4510061443 -0.12467172 0.8837705851
v -1.199049711 -0.7795603871 0.5622531176
vn 0.2719101608 -0.1624176651 0.9485174417
v -1.199049711 -0.8623799086 0.9651759267
vn 0.2914276719 -0.3389505744 -0.8945291638
v -1.211124897 -0.811716795 0.5637756586
vn 0.4949329197 -0.0728495568 0.8658720255
v -1.199049711 -0.8109145761 0.5574197769
vn 0.2940289676 -0.1282030493 0.9471594095
v -1.210622549 -0.8948046565 0.968824029
vn 0.2865735292 -0.1678718925 -0.9432362318
v -1.199049711 -0.8952121139 0.9720523357
vn 0.1465081573 -0.06082275882 -0.9873378277
v -1.199049711 -0.8845133781 0.9701229334
vn 0.1134636924 -0.1785062402 -0.9773747921
v -1.208198309 -0.843179822 0.5598044395
vn 0.522941947 0.005248864181 0.8523521423
v -1.199049711 -0.8425065875 0.5544704795
vn 0.307334125 -0.05041018501 0.9502655268
v -1.199049711 -0.9272681475 0.972779572
vn 0.121572271 -0.03340658918 -0.9920202494
v -1.199270368 -0.8746429086 0.5558333397
vn 0.5129488111 0.1210136563 0.8498466015
v -1.199049711 -0.8746262193 0.5557013154
vn 0.2938560843 0.02367089875 0.9555565119
v -1.199049711 -0.9593409896 0.9736399055
vn 0.1207959577 -0.1144058928 -0.9860627055
v -1.199049711 -0.8750052452 0.5557876229
vn 0.2730002403 0.213084653 0.9381182194
v -1.199049711 -0.9075686336 0.5634515285
vn 0.4035694003 0.195041582 0.8939186335
v -1.199049711 -0.992233336 0.9809926748
vn 0.1556464285 -0.2260033935 -0.9616115093
v -1.214111567 -0.941540122 0.5793542266
vn 0.5111626387 0.1342577338 0.8489332199
v -1.199049711 -0.9404581189 0.5707814693
vn 0.3589169979 0.17776905 0.9162842035
v -1.218004942 -1.024627924 0.9844025373
vn 0.3121829927 -0.2548708618 -0.9151954055
v -1.199049711 -1.025457025 0.9909709096
vn 0.2679784894 -0.2201984972 -0.9379233122
v -1.199049711 -1.009457469 0.9863173962
vn 0.1661841571 -0.3270486891 -0.9302805662
v -1.201133847 -0.973003149 0.5753831267
vn 0.5188855529 0.08679587394 0.8504259586
v -1.199049711 -0.9728458524 0.5741364956
vn 0.3482528925 0.04659032449 0.9362421036
v -1.199049711 -1.058342576 0.9982710481
vn 0.3412705064 -0.265255481 -0.9017615914
v -1.199049711 -0.9789856076 0.5746280551
vn 0.4225897193 0.0597602874 0.904348731
v -1.199049711 -1.00512743 0.5766508579
vn 0.4860917032 0.03322715685 0.873275876
v -1.201931 -1.091525078 1.007923245
vn 0.495829016 -0.3892714083 -0.7762869
v -1.199049711 -1.091828108 1.010323644
vn 0.6357339621 -0.5041715503 -0.5845112801
v -1.199049711 -1.088582635 1.008294582
vn 0.4241494834 -0.3066944182 -0.8520773053
v -1.199049711 -1.037184834 0.577388823
vn 0.4842991531 0.008637827821 0.8748598099
v -1.202732801 -1.126959324 1.035415292
vn 0.658929646 -0.4487645626 -0.6036738157
v -1.199049711 -1.127660751 1.040972352
vn 0.7136911154 -0.4864182472 -0.5040261149
v -1.199049711 -1.122835159 1.03593576
vn 0.663297832 -0.4864282608 -0.5687033534
v -1.225464821 -1.07136333 0.5949326158
vn 0.5622637272 0.03662366793 0.8261466026
v -1.199049711 -1.069150805 0.5774028897
vn 0.5255183578 0.01370489597 0.8506718874
v -1.204877734 -1.162393451 1.062906981
vn 0.7862055302 -0.3023593426 -0.5389431119
v -1.199049711 -1.163403988 1.070912957
vn 0.7369074225 -0.234471634 -0.6340271831
v -1.199049711 -1.153339982 1.064049721
vn 0.7260463238 -0.4415647089 -0.5271407366
v -1.224675894 -1.158422351 1.031444192
vn 0.757484436 -0.2836031914 -0.5880361795
v -1.217728615 -1.102826476 0.5909614563
vn 0.5775780082 0.02639055252 0.8159088492
v -1.199049711 -1.101137757 0.5775823593
vn 0.5314608216 0.03212052211 0.8464736938
v -1.211529493 -1.193856597 1.058935881
vn 0.8325426579 -0.02785534412 -0.5532602072
v -1.199049711 -1.196217537 1.077641606
vn 0.8087086678 0.06040638685 -0.5850994587
v -1.211168289 -1.134289503 0.5869903564
vn 0.5661777258 0.03336245567 0.8236077428
v -1.199049711 -1.133221507 0.5785292387
vn 0.5097711682 0.04010984302 0.8593745232
v -1.208896875 -1.225319624 1.054964662
vn 0.7918579578 0.1122585312 -0.6002991199
v -1.199049711 -1.227004886 1.068317294
vn 0.8053854108 0.1743361801 -0.5665344596
v -1.202261567 -1.16575253 0.583019197
vn 0.543160677 0.06949729472 0.8367476463
v -1.199049711 -1.165486693 0.5809131861
vn 0.4498162568 0.08065362275 0.8894719481
v -1.205907106 -1.256782651 1.050993562
vn 0.6678994298 0.0440755263 -0.7429453135
v -1.199049711 -1.257656574 1.057917476
vn 0.7692245841 0.08849932253 -0.6328202486
v -1.199049711 -1.174632907 0.5818983316
vn 0.4517451525 0.08977237344 0.8876188397
v -1.199049711 -1.197891831 0.5844063759
vn 0.4966766834 0.0467136465 0.8666776419
v -1.213323832 -1.288245678 1.047022462
vn 0.537772119 -0.09035689384 -0.838234365
v -1.199049711 -1.289499879 1.056959629
vn 0.63138026 -0.04940832034 -0.7738977671
v -1.199049711 -1.230013609 0.5856543779
vn 0.4863325953 0.04428207874 0.8726509809
v -1.199049711 -1.32191205 1.060507655
vn 0.5022146106 -0.07030991465 -0.8618799448
v -1.221399188 -1.26411283 0.6025688648
vn 0.5521768928 0.1397215277 0.8219358921
v -1.199049711 -1.262257457 0.5878688097
vn 0.5089542866 0.09604498744 0.8554185629
v -1.199049711 -1.354134679 1.062555075
vn 0.4476546943 -0.07098826766 -0.8913843036
v -1.207189202 -1.295575857 0.5985977054
vn 0.5607743263 0.1602904052 0.8123048544
v -1.199049711 -1.294856787 0.592900157
vn 0.5306828618 0.1257675439 0.8381874561
v -1.199049711 -1.386510849 1.065818548
vn 0.4217687249 -0.1308748573 -0.8972083926
v -1.199049711 -1.312429309 0.5964705944
vn 0.5664849877 0.163692832 0.8076505661
v -1.199049711 -1.327680469 0.5997101068
vn 0.5672202706 0.15457955 0.8089291453
v -1.216725588 -1.418069005 1.062601089
vn 0.3670113385 -0.1840214133 -0.9118326306
v -1.199049711 -1.418992996 1.069921494
vn 0.3831366003 -0.1730140299 -0.907343626
v -1.199049711 -1.389532328 1.066202879
vn 0.4874354005 -0.1107065082 -0.8661124706
v -1.21938777 -1.362473011 0.6221184134
vn 0.6702309251 0.2355725765 0.7037727833
v -1.199049711 -1.360281467 0.6047545075
vn 0.6089698076 0.1586847752 0.7771582603
v -1.199049711 -1.451813102 1.076702714
vn 0.1389283687 -0.2307542861 -0.9630427957
v -1.204898596 -1.393936157 0.618147254
vn 0.7083515525 0.2720863819 0.6513118148
v -1.199049711 -1.393214464 0.6124297976
vn 0.6286633611 0.2191494852 0.7461607456
v -1.199049711 -1.4858464 1.09309566
vn -0.2091911435 -0.6114685535 -0.7631155252
v -1.199049711 -1.476973176 1.087130547
vn -0.1070394516 -0.4289961457 -0.8969419599
v -1.226052523 -1.433341384 0.6771021485
vn 0.7247918844 0.5458599329 0.4203732312
v -1.208481193 -1.429370284 0.6456393003
vn 0.7183042169 0.4940049946 0.4898959994
v -1.199049711 -1.427789092 0.6331120133
vn 0.7000178099 0.4155636132 0.5807598233
v -1.199049711 -1.403136015 0.6169860959
vn 0.6751986742 0.3652672172 0.6408483386
v -1.199049711 -1.522432685 1.129715323
vn -0.06288020313 -0.5084849596 -0.8587718606
v -1.199049711 -1.508877516 1.115068078
vn -0.2680129111 -0.6769914031 -0.6854572892
v -1.226857305 -1.47274673 0.7360573411
vn 0.7170112133 0.5581011772 0.4176338613
v -1.213490486 -1.468775511 0.7045941949
vn 0.7265617251 0.5711892843 0.3819042742
v -1.200506568 -1.464804411 0.6731310487
vn 0.7284033298 0.5469022989 0.4127063155
v -1.199049711 -1.464473844 0.6705123186
vn 0.7330330014 0.5213138461 0.436914742
v -1.199049711 -1.441188574 0.6441475749
vn 0.7235492468 0.4750652909 0.5007888079
v -1.21043694 -1.555834651 1.141105652
vn 0.731508255 0.05208748579 -0.6798400879
v -1.199049711 -1.556653142 1.147590756
vn 0.1841475219 -0.1085996479 -0.9768806696
v -1.199049711 -1.544565916 1.142527938
vn -0.07379938662 -0.4683613777 -0.8804494739
v -1.217035055 -1.508180976 0.7635490298
vn 0.7258822918 0.5275614858 0.4413318634
v -1.199666142 -1.504209876 0.732086122
vn 0.7169398665 0.5477430224 0.4312479198
v -1.199049711 -1.504033089 0.7306858301
vn 0.7562827468 0.5345764756 0.3771795332
v -1.199049711 -1.485574484 0.7024739385
vn 0.7387827039 0.5659213662 0.365968734
v -1.199049711 -1.466507792 0.6729160547
vn 0.74000597 0.5489625335 0.3886275291
v -1.205168724 -1.587297678 1.137134552
vn 0.8439804912 0.2998043895 -0.4447631836
v -1.199049711 -1.58825779 1.144742012
vn 0.4830651581 0.132615611 -0.8654831648
v -1.220183611 -1.583326578 1.105671406
vn 0.8560135365 0.4378935993 -0.274754554
v -1.225136638 -1.579355359 1.07420826
vn 0.8937102556 0.4480922222 0.02225650847
v -1.222611666 -1.575384259 1.042745352
vn 0.9006000757 0.4226022661 0.1016211361
v -1.221639156 -1.57141304 1.011282206
vn 0.8881345987 0.4561702907 0.05590708554
v -1.222646832 -1.56744194 0.9798192978
vn 0.8753814101 0.4817394912 0.04042879865
v -1.223079443 -1.56347084 0.9483561516
vn 0.8730304837 0.4844352901 0.056037765
v -1.223114491 -1.559499741 0.9168932438
vn 0.8721274137 0.4851250052 0.06361979991
v -1.223017097 -1.555528522 0.8854300976
vn 0.8703376651 0.4863838553 0.07709167153
v -1.222303391 -1.551557422 0.8539671898
vn 0.859292686 0.4920985699 0.1394814551
v -1.219022274 -1.547586322 0.8225040436
vn 0.8349989653 0.5028768778 0.2233641893
v -1.209584951 -1.543615103 0.7910411358
vn 0.7939800024 0.4993914366 0.3467044234
v -1.199049711 -1.541027784 0.7705419064
vn 0.7491487861 0.4860130548 0.4500749111
v -1.199049711 -1.531436086 0.7606138587
vn 0.7513328195 0.4906122088 0.441359967
v -1.199049711 -1.504987121 0.7319880724
vn 0.7777965665 0.4686277509 0.4188323617
v -1.199049711 -1.605805755 1.134798527
vn 0.877471447 0.3319981992 -0.3461517692
v -1.205046415 -1.614789486 1.101700306
vn 0.8790690899 0.4327486753 -0.1999152303
v -1.199049711 -1.617340684 1.121913195
vn 0.8195159435 0.5260083079 -0.2273957878
v -1.208939672 -1.610818386 1.07023716
vn 0.8755425215 0.4830612242 -0.008783114143
v -1.208101153 -1.606847167 1.038774252
vn 0.88621068 0.453669697 0.09388491511
v -1.206733704 -1.602876067 1.007311106
vn 0.8922122121 0.4444811642 0.07996184379
v -1.206689119 -1.598904848 0.9758481979
vn 0.8842120171 0.4643271267 0.05068959668
v -1.206993103 -1.594933748 0.9443850517
vn 0.8788282871 0.4740390778 0.05429393053
v -1.206913829 -1.590962648 0.9129221439
vn 0.8759813905 0.4780363739 0.06432578713
v -1.206651688 -1.586991549 0.8814589977
vn 0.8725017905 0.4826788008 0.07590643317
v -1.205519199 -1.583020329 0.8499959707
vn 0.8673201799 0.4800512195 0.1315543205
v -1.19971168 -1.57904923 0.8185328245
vn 0.8464624882 0.4807693362 0.2288277298
v -1.199049711 -1.578846216 0.8169243932
vn 0.7445273399 0.5467981696 0.3830024302
v -1.199049711 -1.558081865 0.7892151475
vn 0.7539246678 0.5040311813 0.4213670492
v -1.199049711 -1.623691559 1.100576639
vn 0.818556726 0.5699676275 -0.07142674178
v -1.199049711 -1.625760555 1.06835115
vn 0.8375360966 0.5454323888 0.03219931573
v -1.199049711 -1.621867537 1.036878467
vn 0.8471372724 0.5227593184 0.09529524297
v -1.199049711 -1.615632057 1.005701065
vn 0.8324926496 0.5455175042 0.09678155184
v -1.199049711 -1.61087358 0.9743375778
vn 0.8195913434 0.5686751008 0.06984723359
v -1.199049711 -1.607231259 0.9428328872
vn 0.8198133111 0.5672730803 0.07814992219
v -1.199049711 -1.602630019 0.911449492
vn 0.8082960844 0.5814625025 0.09251371771
v -1.199049711 -1.597771168 0.8800984025
vn 0.7941178679 0.5982474089 0.1071301699
v -1.199049711 -1.591972113 0.8488661051
vn 0.7766351104 0.5977489352 0.1988316923
v -1.199049711 -1.579915524 0.8184235692
vn 0.752443254 0.589574039 0.2936522067
v -1.189730763 -0.5603185296 0.8512203693
vn -0.4332902431 -0.07244116813 -0.8983383775
v -1.167336941 -0.5588709712 0.839751184
vn -0.5544506907 -0.2814266384 -0.783188045
v -1.167336941 -0.5353600979 0.8224062324
vn -0.4759789109 -0.7363139987 -0.4809217751
v -1.167336941 -0.5299554467 0.7911239266
vn -0.3444444537 -0.936924994 -0.05941062793
v -1.167336941 -0.5370717049 0.758261621
vn -0.003105890937 -0.9890486598 0.1475572437
v -1.167336941 -0.5415551662 0.7257313728
vn 0.2144283652 -0.9581442475 0.1896841526
v -1.17596364 -0.5444339514 0.7253680229
vn 0.2979870141 -0.9111313224 0.2846813798
v -1.167336941 -0.5435710549 0.7185310125
vn 0.3377920985 -0.9084374905 0.2462473959
v -1.178451538 -0.5917815566 0.8472492695
vn -0.4845565856 0.1474862844 -0.8622370362
v -1.167336941 -0.5907109976 0.8387672305
vn -0.5213218927 -0.04219947383 -0.8523160815
v -1.167336941 -0.5504708886 0.6926418543
vn 0.3261694312 -0.8897312284 0.3193616271
v -1.167336941 -0.5639715791 0.658973515
vn 0.3216926157 -0.8738853335 0.3644697964
v -1.176405072 -0.5679547191 0.6584707499
vn 0.3532934487 -0.8464372754 0.398406446
v -1.167336941 -0.5672876239 0.6531854868
vn 0.2848342657 -0.7962632179 0.533698678
v -1.188920021 -0.6232445836 0.8432780504
vn -0.4464968741 0.1020189598 -0.8889502883
v -1.167336941 -0.621533215 0.8297190666
vn -0.2880482972 0.100120604 -0.9523676038
v -1.167336941 -0.5872794986 0.6240676045
vn 0.2629851699 -0.8014464378 0.5371428728
v -1.193506241 -0.5954466462 0.6230367422
vn 0.2263974696 -0.667447865 0.7094064951
v -1.167336941 -0.5945177674 0.6156774163
vn 0.2123194039 -0.6503318548 0.72937572
v -1.183729053 -0.6547076106 0.839306891
vn -0.2780214846 -0.2821536958 -0.9182011485
v -1.167336941 -0.6540299058 0.8339372277
vn -0.1460486948 -0.1828105748 -0.9722397327
v -1.167336941 -0.6236214042 0.5930131078
vn 0.2220394164 -0.5352677703 0.8149766326
v -1.167336941 -0.6888836026 0.8568296432
vn 0.1200226173 -0.4705635905 -0.8741649985
v -1.167336941 -0.6606976986 0.8385509253
vn 1.742098784e-17 -0.5489866138 -0.8358311057
v -1.167336941 -0.63868016 0.5856156349
vn 0.2460004538 -0.4176500738 0.8746725917
v -1.188023806 -0.6544016004 0.5836312771
vn 0.2384846658 -0.2841822207 0.9286363721
v -1.167336941 -0.6537954807 0.5788290501
vn 0.2503057122 -0.2903504074 0.9236036539
v -1.167336941 -0.7242734432 0.883970201
vn 0.341917783 -0.5300944448 -0.7759459615
v -1.167336941 -0.6994222999 0.865627408
vn 0.2912886441 -0.5821594 -0.7591056228
v -1.167336941 -0.6849793792 0.5726462007
vn 0.2467653304 -0.1875124425 0.9507607222
v -1.192237854 -0.7570390701 0.8903195858
vn 0.4502236843 -0.5267837048 -0.7209699154
v -1.167336941 -0.7590734959 0.9064381123
vn 0.3256739974 -0.5369145274 -0.7782410979
v -1.167336941 -0.7370323539 0.8928447962
vn 0.3512263 -0.5062135458 -0.7876470685
v -1.167336941 -0.7161783576 0.5665831566
vn 0.2261436135 -0.1657692939 0.95988518
v -1.192960501 -0.792473197 0.9178113341
vn 0.4374966323 -0.5762326717 -0.6903278828
v -1.167336941 -0.7950482965 0.9382135868
vn 0.3462479115 -0.6208616495 -0.7033087611
v -1.167336941 -0.7758019567 0.9199155569
vn 0.2791117132 -0.6379918456 -0.7176789045
v -1.167336941 -0.7474454045 0.5610590577
vn 0.1899010986 -0.1594035178 0.9687765837
v -1.167336941 -0.82971102 0.9595929384
vn 0.1692572534 -0.3818362951 -0.9085994959
v -1.167336941 -0.8073554635 0.947897315
vn 0.278616488 -0.5115146637 -0.8128502965
v -1.167336941 -0.7786825895 0.5552984476
vn 0.1567464471 -0.1575051695 0.9749988317
v -1.167336941 -0.8628618717 0.9689941406
vn 0.01061965153 -0.2103645802 -0.9775653481
v -1.167336941 -0.8099829555 0.5500384569
vn 0.1444414407 -0.1299701035 0.9809405804
v -1.167336941 -0.8954251409 0.9737402201
vn 0.004614691716 -0.07140695304 -0.997436583
v -1.167336941 -0.8764199018 0.9711444974
vn -0.05957129598 -0.15857701 -0.9855478406
v -1.167336941 -0.8415020704 0.5465118289
vn 0.1523348689 -0.0473327972 0.9871948361
v -1.167336941 -0.9275493026 0.9750068784
vn 0.02339494973 -0.05215504393 -0.9983649254
v -1.167336941 -0.8734852672 0.5466618538
vn 0.1405096501 0.0860979706 0.9863286614
v -1.167336941 -0.9596225023 0.9758704901
vn 0.05240752175 -0.1298465431 -0.9901481271
v -1.167336941 -0.901337564 0.5524640083
vn 0.2013200223 0.2079204172 0.9572039247
v -1.167336941 -0.906357944 0.5538591146
vn 0.2457919866 0.2179247141 0.9445078969
v -1.167336941 -0.9925065041 0.9831572771
vn 0.05774668232 -0.2521621585 -0.965960443
v -1.167336941 -0.9393120408 0.5617013574
vn 0.2579191029 0.1262169927 0.9578867555
v -1.167336941 -1.026314139 0.9977617264
vn 0.2516475022 -0.354046911 -0.9007354379
v -1.167336941 -1.002210617 0.9872320294
vn 0.131023109 -0.4504300654 -0.8831453323
v -1.167336941 -0.9714262486 0.5628891587
vn 0.2749514878 0.004784537479 0.9614462256
v -1.171203136 -1.060062051 1.011894345
vn 0.5051959753 -0.4374383092 -0.7439252138
v -1.167336941 -1.06054616 1.015729904
vn 0.64150244 -0.5398872495 -0.5449737906
v -1.167336941 -1.056908846 1.012292385
vn 0.4432278275 -0.6027188301 -0.6635352969
v -1.188616395 -1.004466176 0.5714119673
vn 0.4402930737 0.007129728328 0.8978257775
v -1.167336941 -1.003274679 0.5619718432
vn 0.3060143888 -0.02346015163 0.9517377615
v -1.17625463 -1.095496297 1.039386392
vn 0.6908220053 -0.5092341304 -0.513269484
v -1.167336941 -1.098393559 1.062341094
vn 0.7955785394 -0.4801468551 -0.3694777787
v -1.167336941 -1.085168719 1.040689945
vn 0.6858651042 -0.5747336149 -0.4463971257
v -1.181214333 -1.035929203 0.5674408078
vn 0.4937648177 -0.02078507841 0.8693470359
v -1.167336941 -1.035017014 0.5602135062
vn 0.3150421381 -0.0528960079 0.9476024508
v -1.182859421 -1.130930424 1.0668782
vn 0.7312164903 -0.4294899404 -0.5299630165
v -1.167336941 -1.133701801 1.08883512
vn 0.7484570146 -0.3476570547 -0.5647536516
v -1.167336941 -1.105036378 1.070146441
vn 0.7653412223 -0.3795206547 -0.5198239684
v -1.1768924 -1.06739223 0.563469708
vn 0.5254690647 -0.007317132782 0.8507812619
v -1.167336941 -1.066686869 0.5578804016
vn 0.319925189 -0.04828144982 0.9462118149
v -1.178025723 -1.16636467 1.094370127
vn 0.7151381373 -0.2896704078 -0.6361356378
v -1.167336941 -1.167924047 1.106725454
vn 0.7779468298 -0.165230155 -0.6062159538
v -1.167336941 -1.147744536 1.096720338
vn 0.7730304599 -0.2967662811 -0.5606725812
v -1.169925451 -1.098855257 0.5594985485
vn 0.5231607556 0.05807061866 0.850253284
v -1.167336941 -1.098657489 0.5579309464
vn 0.3226800859 0.002092107432 0.946505785
v -1.18832016 -1.197827697 1.090399027
vn 0.746270597 -0.05589210615 -0.6632920504
v -1.167336941 -1.20078516 1.113830566
vn 0.7841184139 -0.0168024525 -0.6203837395
v -1.167336941 -1.105270267 0.558688879
vn 0.3862317502 0.1045979187 0.9164519906
v -1.167336941 -1.131129265 0.5619525909
vn 0.4378242493 0.09446907043 0.8940836191
v -1.186135054 -1.229290724 1.086427927
vn 0.8036464453 0.1207269803 -0.5827327371
v -1.167336941 -1.232790112 1.114153504
vn 0.8501554728 0.06191945821 -0.5228782296
v -1.167336941 -1.163635731 0.5662481189
vn 0.3913990855 0.09268221259 0.9155417681
v -1.18245542 -1.26075387 1.082456708
vn 0.8496060371 0.1217836514 -0.5131650567
v -1.167336941 -1.264415145 1.111465096
vn 0.880402863 0.09392978251 -0.4648311734
v -1.188841343 -1.197215557 0.5790479779
vn 0.4581563771 0.03430616483 0.888209343
v -1.167336941 -1.195885301 0.568508029
vn 0.378081888 0.05822329596 0.9239394665
v -1.181205153 -1.292216897 1.078485608
vn 0.8362734914 0.07680634409 -0.5429065228
v -1.167336941 -1.295206666 1.102173805
vn 0.8466846943 0.1319288909 -0.5154801011
v -1.180034995 -1.228678584 0.5750768781
vn 0.4867950976 0.03772679344 0.8727011085
v -1.167336941 -1.227821946 0.5682890415
vn 0.352456212 0.01430331916 0.9357190132
v -1.182136059 -1.323679924 1.074514389
vn 0.7560818195 0.03361855447 -0.6536130905
v -1.167336941 -1.325959086 1.092572093
vn 0.7801582813 0.1137915775 -0.6151459813
v -1.17053628 -1.26014173 0.5711057186
vn 0.5009955168 0.07906207442 0.8618310094
v -1.167336941 -1.259906173 0.569239974
vn 0.3426881433 0.0141025614 0.9393433332
v -1.186392069 -1.355142951 1.070543289
vn 0.6472226381 -0.02124313451 -0.7620049715
v -1.167336941 -1.357228756 1.087069035
vn 0.6780046821 0.02792219073 -0.7345271111
v -1.167336941 -1.267397881 0.5701898932
vn 0.4362697601 0.1057681069 0.8935781121
v -1.167336941 -1.292414546 0.5735510588
vn 0.4988982975 0.1081819609 0.8598820567
v -1.197790504 -1.386605978 1.066572189
vn 0.5762732625 -0.06181470677 -0.8149160147
v -1.167336941 -1.389152527 1.086748958
vn 0.55889678 -0.004408264533 -0.8292255402
v -1.192316771 -1.327038884 0.5946266055
vn 0.5956298709 0.1020730063 0.7967472672
v -1.167336941 -1.324778914 0.5767216086
vn 0.5279355645 0.0881036073 0.8447021842
v -1.167336941 -1.420989037 1.085736752
vn 0.417983979 0.00183268101 -0.9084525704
v -1.182083726 -1.358501911 0.5906554461
vn 0.6225867271 0.1424911618 0.7694686651
v -1.167336941 -1.35703516 0.5790336728
vn 0.5409654379 0.1027189419 0.8347486258
v -1.167336941 -1.452638865 1.083244681
vn 0.2776241004 0.004344092216 -0.9606799483
v -1.169434309 -1.389965057 0.5866843462
vn 0.6327844858 0.1728429049 0.7547907829
v -1.167336941 -1.389758945 0.5850519538
vn 0.4758666456 0.1947339028 0.8576885462
v -1.170799375 -1.484966159 1.086121678
vn -0.1812168956 -0.5308704376 -0.8278508782
v -1.167336941 -1.484893084 1.08554244
vn 0.05023453385 -0.2130990773 -0.9757383466
v -1.184941173 -1.425399065 0.6141761541
vn 0.6730036139 0.3615830839 0.6452316046
v -1.167336941 -1.423296332 0.5975167751
vn 0.5715124607 0.3161844313 0.757232368
v -1.167336941 -1.393306851 0.5862625241
vn 0.5562365651 0.2844230831 0.7808356881
v -1.179608107 -1.520400286 1.113613725
vn -0.4364268482 -0.6272113919 -0.6450871825
v -1.167336941 -1.51934588 1.105259299
vn -0.1954250634 -0.4815064371 -0.8543773293
v -1.167336941 -1.4860183 1.085988879
vn -0.008075169288 -0.4992190003 -0.86643821
v -1.184628844 -1.460833311 0.6416681409
vn 0.7242974043 0.4949127436 0.4800569415
v -1.167336941 -1.457531333 0.6155077815
vn 0.7030149698 0.4637748897 0.5391500592
v -1.167336941 -1.45131135 0.6109055877
vn 0.6230523586 0.3738267422 0.6870657206
v -1.17772913 -1.555834651 1.141105652
vn -0.2581990063 -0.3961243331 -0.8811463118
v -1.167336941 -1.555345774 1.137233019
vn -0.4104516804 -0.5622158647 -0.7179434299
v -1.167336941 -1.528408527 1.112602949
vn -0.3923254311 -0.5683341026 -0.7232406735
v -1.187114954 -1.500238657 0.700623095
vn 0.7641956806 0.5315464735 0.3653263152
v -1.175038338 -1.496267438 0.6691598296
vn 0.7466474771 0.54484725 0.3816530406
v -1.167336941 -1.494339466 0.653884232
vn 0.6982398629 0.5746727586 0.4268634021
v -1.167336941 -1.482537389 0.6389287114
vn 0.7076000571 0.5213896632 0.4769224226
v -1.167336941 -1.589282513 1.152860522
vn -0.1007398367 -0.2094191611 -0.9726228118
v -1.167336941 -1.560948253 1.140460253
vn -0.3892639577 -0.4605858028 -0.7977056503
v -1.193102956 -1.539644003 0.7595779896
vn 0.7734246254 0.4711640179 0.4240505099
v -1.178575039 -1.535672784 0.7281150818
vn 0.7827171683 0.4613976479 0.4176913798
v -1.167336941 -1.532498598 0.7029661536
vn 0.7778252363 0.4732374251 0.4135628939
v -1.167336941 -1.527528048 0.6971786618
vn 0.7313202024 0.5434004664 0.412173152
v -1.167336941 -1.505072713 0.668048501
vn 0.6600645185 0.6030615568 0.4479191601
v -1.193886757 -1.618760586 1.133163452
vn 0.7299645543 0.4931457639 -0.4732430875
v -1.167336941 -1.621890664 1.157962203
vn 0.2869934142 0.1408963203 -0.9475141168
v -1.186435342 -1.57507813 0.7870700359
vn 0.7542494535 0.5196989775 0.4012739062
v -1.172783136 -1.571106911 0.7556067705
vn 0.7737077475 0.489176631 0.4025948048
v -1.167336941 -1.569565892 0.7433969975
vn 0.7661716342 0.4943760633 0.4105768502
v -1.167336941 -1.553275466 0.7258933187
vn 0.780967176 0.4578157067 0.4248470962
v -1.173267007 -1.650223732 1.129192352
vn 0.7555598021 0.5232983232 -0.394066304
v -1.167336941 -1.651480794 1.139152646
vn 0.514147222 0.2866240442 -0.8083930612
v -1.183254957 -1.646252513 1.097729087
vn 0.8019471765 0.5819630623 -0.1349063516
v -1.187755823 -1.642281294 1.06626606
vn 0.8366784453 0.5476680398 -0.005374460015
v -1.188541412 -1.638310194 1.034803033
vn 0.8500213623 0.5202301145 0.08260977268
v -1.186266422 -1.634339094 1.003339887
vn 0.8402227163 0.5265160799 0.1296404153
v -1.184387088 -1.630367994 0.9718769789
vn 0.8144521117 0.5703161359 0.1068049371
v -1.185090065 -1.626396775 0.9404138327
vn 0.8032815456 0.5910589695 0.07340355217
v -1.184271336 -1.622425675 0.9089509249
vn 0.7912899852 0.6016429663 0.1090222597
v -1.18267262 -1.618454576 0.8774877787
vn 0.7699328661 0.6261056662 0.1232683808
v -1.180762291 -1.614483476 0.8460248709
vn 0.7560231686 0.6327380538 0.1675457656
v -1.173527479 -1.610512257 0.8145617247
vn 0.7450496554 0.6081799865 0.2738943994
v -1.167336941 -1.608777642 0.8008186221
vn 0.698795855 0.6007308364 0.3883384466
v -1.167336941 -1.597664118 0.7842193246
vn 0.7317157388 0.5686835647 0.3757539988
v -1.167336941 -1.578114867 0.7547222376
vn 0.745704174 0.5476770401 0.379440546
v -1.167336941 -1.657458544 1.12827909
vn 0.7536849976 0.5848518014 -0.2998453379
v -1.167336941 -1.667703152 1.095021725
vn 0.773240149 0.6155405641 -0.1523467451
v -1.16737175 -1.67374444 1.062294841
vn 0.8265201449 0.5610824823 -0.04528748989
v -1.167336941 -1.673762441 1.062438011
vn 0.7551215887 0.6445410252 -0.119825922
v -1.169632792 -1.66977334 1.030831933
vn 0.8481449485 0.5241245627 0.07709508389
v -1.167336941 -1.667352557 1.011652946
vn 0.8263975382 0.537219584 0.1687076241
v -1.167336941 -1.663525701 0.9996560812
vn 0.8085567355 0.5646011829 0.165715307
v -1.167336941 -1.653290033 0.9689839482
vn 0.779188931 0.6167575121 0.1116908789
v -1.167336941 -1.649674177 0.9374759197
vn 0.7705973387 0.6277371049 0.1101177558
v -1.167336941 -1.642573118 0.9064080715
vn 0.7430858612 0.6516919136 0.1520561725
v -1.167336941 -1.634877682 0.8754149675
vn 0.7188426256 0.6787634492 0.1501516402
v -1.167336941 -1.628418326 0.844266057
vn 0.7050887346 0.6755179763 0.2156974822
v -1.167336941 -1.616894007 0.8137562275
vn 0.6888200045 0.6511372328 0.3186648786
v -1.167336941 -1.673788428 1.062289357
vn 0.7449486852 0.667071104 -0.008223799989
v -1.167336941 -1.672591209 1.030476213
vn 0.7228636146 0.6823506355 0.108930178
v -1.149519444 -0.5563474298 0.8197572231
vn -0.7661529183 -0.2858656049 -0.5755784512
v -1.139038205 -0.5523762703 0.7882940769
vn -0.7569434643 -0.5751610994 -0.3102036417
v -1.13562429 -0.5515851378 0.7820259333
vn -0.344701618 -0.8377848268 -0.4234351814
v -1.13562429 -0.5403935313 0.7578423023
vn -0.02748794109 -0.9594970345 -0.2803745866
v -1.13562429 -0.5332540274 0.7267791629
vn 0.2228412181 -0.9747164845 0.01641681045
v -1.13562429 -0.5378186703 0.6942388415
vn 0.2915030718 -0.9410894513 0.1713961512
v -1.142074585 -0.5404628515 0.6939051151
vn 0.335790962 -0.882715106 0.3287225664
v -1.13562429 -0.539917469 0.6895841956
vn 0.2822789848 -0.873380363 0.3968945444
v -1.137925506 -0.5878104568 0.8157861233
vn -0.6927158237 -0.2789348066 -0.665086627
v -1.13562429 -0.5875162482 0.813455224
vn -0.1770913601 -0.6188651323 -0.7652741671
v -1.13562429 -0.5559821725 0.7878389359
vn 0.0202909857 -0.6926299334 -0.7210076451
v -1.13562429 -0.5531857014 0.6603348851
vn 0.2834996283 -0.8583754897 0.4275739789
v -1.13562429 -0.5655671954 0.6395547986
vn 0.291868329 -0.7949950695 0.5317853689
v -1.13562429 -0.6215626001 0.8299517632
vn 0.05856808275 -0.3271567523 -0.9431533217
v -1.13562429 -0.5901512504 0.8154906631
vn 0.1054938063 -0.4242847562 -0.8993628621
v -1.13562429 -0.5767410398 0.6253976822
vn 0.2883791924 -0.742375493 0.6047446132
v -1.13562429 -0.5934117436 0.6069144607
vn 0.2887680531 -0.6376873851 0.7141203284
v -1.155745268 -0.6547076106 0.839306891
vn 0.2897481024 -0.4843428731 -0.8255047202
v -1.13562429 -0.6555525064 0.8460007906
vn 0.1309959888 -0.4508453608 -0.8829374313
v -1.13562429 -0.6427450776 0.8408167958
vn 0.2684521675 -0.3611594439 -0.8930270076
v -1.13562429 -0.616379559 0.5884303451
vn 0.3216122985 -0.5908117294 0.7399371862
v -1.14897275 -0.6229385138 0.5876024365
vn 0.2594062388 -0.4457856417 0.8567284346
v -1.13562429 -0.6224527359 0.5837537646
vn 0.3549584448 -0.4673630297 0.8096766472
v -1.1390661 -0.6901418567 0.8667986989
vn 0.2459881455 -0.5585976243 -0.7921227813
v -1.13562429 -0.690271318 0.867824614
vn -0.07464653254 -0.5914322734 -0.8028921485
v -1.13562429 -0.6890078783 0.8669418097
vn -0.03901481628 -0.5308697224 -0.8465548754
v -1.13562429 -0.6526225209 0.5695360303
vn 0.3720444441 -0.3000809252 0.878370285
v -1.139068246 -0.7255760431 0.8942907453
vn 0.2499383241 -0.5823180079 -0.7735868096
v -1.13562429 -0.7257066369 0.8953253627
vn 0.1095404774 -0.5136569142 -0.8509744406
v -1.13562429 -0.7243846059 0.8944411278
vn -0.1099407673 -0.6103836298 -0.7844392061
v -1.13562429 -0.6837929487 0.5632464886
vn 0.3565694392 -0.1248166487 0.9258936644
v -1.13562429 -0.7602568269 0.9158138633
vn 0.1048340797 -0.5452228189 -0.8317102194
v -1.13562429 -0.7152715325 0.5593984127
vn 0.2367347479 -0.1147073209 0.9647791982
v -1.13562429 -0.7963134646 0.9482372999
vn 0.141395703 -0.6623277664 -0.7357507348
v -1.13562429 -0.7668555975 0.9210447073
vn 0.05567126349 -0.6764583588 -0.7343737483
v -1.13562429 -0.7468886375 0.5566480756
vn 0.1591863632 -0.08333936334 0.9837247133
v -1.13562429 -0.8298240304 0.9604884386
vn -0.01421415899 -0.2686839998 -0.9631235003
v -1.13562429 -0.797791183 0.9491045475
vn 0.02758875862 -0.3260644078 -0.9449449182
v -1.13562429 -0.7784126401 0.5531599522
vn 0.06719932705 -0.1096503437 0.9916960597
v -1.13562429 -0.8622675538 0.9642855525
vn -0.1254200488 -0.139421463 -0.9822583795
v -1.13562429 -0.8098127246 0.5486899018
vn 0.0250357911 -0.1197779477 0.9924849868
v -1.13562429 -0.8950215578 0.9705424309
vn -0.05767827481 -0.1348088086 -0.9891914725
v -1.13562429 -0.8896055222 0.9694802165
vn -0.1261820644 -0.1884994656 -0.9739332795
v -1.13562429 -0.8413203359 0.5450718999
vn 0.02466801181 -0.06253883243 0.9977376461
v -1.13562429 -0.9276124835 0.9755074978
vn 0.006449075881 -0.09014679492 -0.9959076047
v -1.13562429 -0.8732230067 0.5445836186
vn 0.04018142074 0.04094617069 0.9983530641
v -1.13562429 -0.9598190188 0.9774275422
vn 0.03489833698 -0.1506689042 -0.9879680872
v -1.154576421 -0.906105876 0.5518621802
vn 0.1423147321 0.1784336716 0.9736056328
v -1.13562429 -0.9057681561 0.5491862297
vn 0.104958266 0.1209000498 0.9871002436
v -1.13562429 -0.9927005768 0.9846947193
vn 0.07168240845 -0.276701957 -0.9582784772
v -1.13562429 -0.9152622223 0.5507065058
vn 0.1977368295 0.1632068455 0.9665731788
v -1.13562429 -0.9384279847 0.5546968579
vn 0.2264242619 0.07895021886 0.9708238244
v -1.13562429 -1.02757597 1.007758975
vn 0.2255486846 -0.5206856132 -0.8234162331
v -1.13562429 -0.998437345 0.9877082705
vn 0.1065321043 -0.5484768748 -0.8293515444
v -1.13562429 -0.9704244137 0.554951787
vn 0.2610754073 -0.01349452976 0.9652240872
v -1.138271809 -1.06800437 1.074820399
vn 0.7358499169 -0.5931529999 -0.3266411722
v -1.13562429 -1.069403887 1.085908532
vn 0.8040306568 -0.5365194082 -0.2562842965
v -1.13562429 -1.065954447 1.075079083
vn 0.3723746836 -0.89299196 -0.2527893782
v -1.13562429 -1.055464983 1.044438958
vn 0.433930099 -0.7933506966 -0.4269652367
v -1.147276044 -1.06403327 1.043357491
vn 0.6806647778 -0.6174170971 -0.3943243027
v -1.13562429 -1.036358953 1.014886141
vn 0.387512207 -0.7439870834 -0.5443505049
v -1.13562429 -1.00227356 0.5540403128
vn 0.247132957 -0.03025896847 0.9685090184
v -1.135973692 -1.111380816 1.1652385
vn 0.952847898 -0.1982664168 -0.2297200561
v -1.13562429 -1.111490846 1.166110635
vn 0.9208376408 -0.09296182543 -0.3787032366
v -1.13562429 -1.110348701 1.165368795
vn 0.8907589316 -0.3394618928 -0.3021823764
v -1.13562429 -1.09207952 1.135710239
vn 0.8948289156 -0.4012150466 -0.195723623
v -1.14181006 -1.107409716 1.133775353
vn 0.919582963 -0.291264683 -0.2636893988
v -1.13562429 -1.078825951 1.105418921
vn 0.8457366824 -0.4844345152 -0.2237245291
v -1.149726272 -1.103438616 1.102312446
vn 0.8456346393 -0.4164162874 -0.333915472
v -1.164106131 -1.099467397 1.070849299
vn 0.7728104591 -0.5057250857 -0.3834137917
v -1.13562429 -1.034021735 0.5523283482
vn 0.210175693 -0.05153741315 0.9763042927
v -1.141097784 -1.142843843 1.1612674
vn 0.9429237247 -0.1234762147 -0.3092709184
v -1.13562429 -1.144505143 1.174429774
vn 0.9176699519 -0.09362144023 -0.386156559
v -1.149124742 -1.138872743 1.129804254
vn 0.9399863482 -0.1647479534 -0.2988038659
v -1.161443353 -1.134901643 1.098341346
vn 0.8808507323 -0.2474404573 -0.4035780132
v -1.13562429 -1.065629601 0.5495039225
vn 0.1942718029 -0.0543615073 0.9794402719
v -1.145670533 -1.174306989 1.157296181
vn 0.9323953986 -0.1119021997 -0.3436811864
v -1.13562429 -1.177496195 1.182564855
vn 0.9124744534 -0.1410122514 -0.3840650618
v -1.156189919 -1.17033577 1.125833035
vn 0.9111210108 -0.1558353156 -0.381541431
v -1.13562429 -1.097363234 0.5476770401
vn 0.1855508387 -0.02050403319 0.9824207425
v -1.141327024 -1.209741116 1.184788227
vn 0.9419543147 -0.1416322291 -0.3044049442
v -1.13562429 -1.211719394 1.200461984
vn 0.9148507714 -0.1860278696 -0.3583875895
v -1.13562429 -1.187926412 1.187541604
vn 0.9102505445 -0.1949281394 -0.3653039634
v -1.150234818 -1.205770016 1.153325081
vn 0.9439495206 -0.07486166805 -0.3214886785
v -1.161719918 -1.201798797 1.121861935
vn 0.9108991027 -0.08570989221 -0.4036293924
v -1.152620554 -1.130318284 0.5555274487
vn 0.3783919513 0.1234381199 0.917378068
v -1.13562429 -1.129475951 0.5488529205
vn 0.2118686885 0.06103105098 0.9753906131
v -1.1376127 -1.245175242 1.212280035
vn 0.9448444247 -0.09142769128 -0.3144996166
v -1.13562429 -1.245778203 1.217056751
vn 0.921911478 -0.02865374461 -0.3863394856
v -1.13562429 -1.237381935 1.213263631
vn 0.9121879339 -0.1759211421 -0.370087713
v -1.147518873 -1.241204143 1.180817127
vn 0.9670018554 -0.0784733817 -0.2423826009
v -1.153693914 -1.237233043 1.149353981
vn 0.9577381015 -0.05083251745 -0.2831144333
v -1.164911747 -1.233261824 1.117890835
vn 0.9256166816 -0.02811389044 -0.3774167299
v -1.13562429 -1.156198859 0.5522608757
vn 0.2605524063 0.1296787411 0.9567109942
v -1.13562429 -1.162020087 0.5534476042
vn 0.3279431164 0.1187342629 0.9372062087
v -1.14051342 -1.276638389 1.208308816
vn 0.9507959485 0.05276628956 -0.3052913547
v -1.13562429 -1.278013349 1.219202757
vn 0.9175531268 0.07214321196 -0.3910135031
v -1.149477839 -1.27266717 1.176845908
vn 0.9730151892 0.02340385318 -0.2295511514
v -1.155135512 -1.26869607 1.145382762
vn 0.9686142206 0.03877150267 -0.2455265075
v -1.165981531 -1.26472497 1.113919616
vn 0.9389663339 0.04729084298 -0.3407430053
v -1.13562429 -1.194547653 0.5579099655
vn 0.2809271514 0.06282913685 0.957670331
v -1.137475848 -1.308101416 1.204337716
vn 0.9356986284 0.1838800907 -0.301091671
v -1.13562429 -1.308634758 1.208563805
vn 0.9132514 0.2079896331 -0.3503030837
v -1.147464752 -1.304130316 1.172874808
vn 0.960321188 0.1548621207 -0.2319503874
v -1.153423429 -1.300159097 1.141411662
vn 0.9673291445 0.118517071 -0.2241161764
v -1.163046837 -1.296187997 1.109948516
vn 0.9393014908 0.1278139949 -0.3183963895
v -1.13562429 -1.226629734 0.5588435531
vn 0.2443080693 0.0301942192 0.9692274928
v -1.13562429 -1.314674258 1.203508139
vn 0.9056206346 0.2870967388 -0.3121325374
v -1.140716672 -1.335593343 1.168903708
vn 0.9293863773 0.2615384161 -0.2604584694
v -1.13562429 -1.337307572 1.1824857
vn 0.8981656432 0.3225059509 -0.2988116741
v -1.149295807 -1.331622124 1.137440562
vn 0.9459777474 0.1933956295 -0.2602387369
v -1.159130573 -1.327651024 1.105977416
vn 0.9282668233 0.1481472403 -0.3411349952
v -1.13562429 -1.258550525 0.5584989786
vn 0.2137935311 -0.003760305466 0.9768716097
v -1.13562429 -1.350131512 1.16706872
vn 0.8857389688 0.3513474464 -0.303350389
v -1.142223001 -1.36308527 1.133469343
vn 0.8987670541 0.2449468523 -0.3636190891
v -1.13562429 -1.365149975 1.149828672
vn 0.8894125819 0.3300182223 -0.3162803054
v -1.156240582 -1.359114051 1.102006316
vn 0.8941030502 0.1385425329 -0.4258940518
v -1.155219674 -1.291604757 0.5671346188
vn 0.4633502662 0.05656795204 0.8843679428
v -1.13562429 -1.29046607 0.5581133962
vn 0.2612262666 -0.006309106946 0.965256989
v -1.13562429 -1.384644747 1.130748272
vn 0.8226588368 0.3246997595 -0.4666931033
v -1.155345082 -1.390577078 1.098035097
vn 0.8103237748 0.1379708052 -0.5695080757
v -1.13562429 -1.393896341 1.124333143
vn 0.7632181048 0.2279676795 -0.6045898795
v -1.145389915 -1.323067665 0.5631634593
vn 0.5112273693 0.07228112221 0.856400609
v -1.13562429 -1.322371483 0.5576480031
vn 0.289308995 0.009267210029 0.9571908712
v -1.154977918 -1.422040224 1.094063997
vn 0.6805651784 0.1417983323 -0.7188353539
v -1.13562429 -1.424163461 1.110887051
vn 0.6891081333 0.2451554835 -0.6819301844
v -1.13562429 -1.347959995 0.5600216389
vn 0.339635253 0.0871976018 0.9365065098
v -1.13562429 -1.354734063 0.5608026981
vn 0.4371500611 0.1578627527 0.8854259849
v -1.153113484 -1.453503132 1.090092778
vn 0.5328328013 0.09053979814 -0.8413630724
v -1.13562429 -1.45480299 1.10039115
vn 0.5751689076 0.2168082744 -0.7887806296
v -1.13562429 -1.387717605 0.5688784122
vn 0.3564125896 0.2294815183 0.9057087302
v -1.164481044 -1.484966159 1.086121678
vn 0.3544594049 0.06292004138 -0.932952106
v -1.13562429 -1.485765934 1.092458129
vn 0.3370710015 -0.007898316719 -0.9414460659
v -1.144951701 -1.421427965 0.5827131867
vn 0.4922736883 0.2958059609 0.8186363578
v -1.13562429 -1.42077446 0.5775355101
vn 0.3504755795 0.229902178 0.9079162478
v -1.13562429 -1.518173575 1.095970988
vn -0.007340882905 -0.2644211352 -0.9643793702
v -1.16301167 -1.456862211 0.6102049947
vn 0.6289345026 0.4428910017 0.6389749646
v -1.13562429 -1.454229355 0.5893459916
vn 0.4989950657 0.3402134776 0.7970311642
v -1.13562429 -1.432420135 0.581325829
vn 0.4525586069 0.299692601 0.8398661017
v -1.13562429 -1.552484751 1.114565492
vn -0.3560879827 -0.5265884995 -0.7719494104
v -1.13562429 -1.546223998 1.110354304
vn -0.2172981501 -0.4641623199 -0.8586820364
v -1.158931851 -1.492296457 0.6376969218
vn 0.6727047563 0.533546865 0.5126364231
v -1.137075663 -1.488325238 0.6062338948
vn 0.6662840247 0.5198737979 0.5345997214
v -1.13562429 -1.488163471 0.6049519777
vn 0.5099450946 0.3636271358 0.7795712352
v -1.13562429 -1.587678671 1.14015305
vn -0.2609969676 -0.3822517693 -0.8864334226
v -1.13562429 -1.583664298 1.13759315
vn -0.4103980958 -0.5358574986 -0.7378550768
v -1.163699865 -1.531701684 0.6966519356
vn 0.7214287519 0.4871229529 0.4921908081
v -1.143595576 -1.527730584 0.6651887894
vn 0.6691253185 0.5550416112 0.494166106
v -1.13562429 -1.525732756 0.6493602991
vn 0.6252789497 0.6426161528 0.4427987337
v -1.13562429 -1.516678572 0.634619534
vn 0.6308962107 0.5968045592 0.4957764447
v -1.13562429 -1.489907026 0.6060342193
vn 0.5408531427 0.5151219368 0.6649264693
v -1.13562429 -1.621909261 1.158109903
vn 0.05243975297 -0.2280803919 -0.9722290635
v -1.158375144 -1.567135811 0.7241438627
vn 0.7373909354 0.4871874452 0.4678707123
v -1.139335632 -1.563164592 0.6926808357
vn 0.7094997168 0.4895044267 0.5069473386
v -1.13562429 -1.562564611 0.6879262328
vn 0.5980572104 0.5000135303 0.6263497472
v -1.13562429 -1.535846472 0.6641643643
vn 0.5959495902 0.5856012106 0.5494682193
v -1.147170663 -1.654194713 1.16065526
vn 0.7271664143 0.1218539476 -0.6755595207
v -1.13562429 -1.655357718 1.169869184
vn 0.4357858896 0.02710250393 -0.8996422291
v -1.13562429 -1.6372118 1.162798762
vn 0.01290254761 -0.4824997187 -0.8758010864
v -1.159215927 -1.606541157 0.7830988169
vn 0.6912161112 0.627853334 0.35779953
v -1.147516727 -1.602569938 0.7516356707
vn 0.7155429721 0.6005139351 0.3569051921
v -1.13562429 -1.598973989 0.7231446505
vn 0.6843223572 0.6141418219 0.3931064904
v -1.13562429 -1.596970916 0.7203782201
vn 0.7070894241 0.5083006024 0.4915842712
v -1.13562429 -1.567655921 0.6921139359
vn 0.6569980979 0.5037029982 0.5609249473
v -1.13562429 -1.68053174 1.157331109
vn 0.7440204024 0.470616132 -0.4742933214
v -1.148528576 -1.681686759 1.125221133
vn 0.7660604119 0.5940440297 -0.2454856038
v -1.13562429 -1.685281396 1.153701782
vn 0.7530452609 0.5852305889 -0.3007125556
v -1.158989429 -1.67771554 1.093757987
vn 0.7701126337 0.6171076894 -0.161569342
v -1.16539371 -1.665802121 0.9993687272
vn 0.7771470547 0.610041976 0.1545678973
v -1.158945441 -1.661831021 0.9679059386
vn 0.8077403903 0.5726158619 0.1402375996
v -1.159552813 -1.657859802 0.9364427924
vn 0.7840082645 0.6124592423 0.1011170521
v -1.156752944 -1.653888822 0.9049797654
vn 0.7615353465 0.6225143075 0.1803881079
v -1.15249145 -1.649917603 0.8735167384
vn 0.7252872586 0.6640622616 0.1816031337
v -1.149509549 -1.645946503 0.8420537114
vn 0.7018818855 0.6869000793 0.1884942353
v -1.141958237 -1.641975284 0.8105905652
vn 0.6892607808 0.6693541408 0.2772807777
v -1.13562429 -1.640212178 0.7966214418
vn 0.6577268839 0.6515643001 0.3779673874
v -1.13562429 -1.63023448 0.7801083326
vn 0.6741972566 0.6453261375 0.3591827452
v -1.13562429 -1.614619255 0.7501147985
vn 0.6513932943 0.6602274776 0.3738802969
v -1.13562429 -1.699110389 1.12302196
vn 0.7615392804 0.6143215299 -0.2065600455
v -1.13562429 -1.708270073 1.089901567
vn 0.7634308338 0.6386911273 -0.09616105258
v -1.13827908 -1.705207467 1.058323741
vn 0.7359514832 0.6763458848 0.03052284755
v -1.13562429 -1.708310604 1.082909942
vn 0.7474309802 0.6643326283 0.003011113964
v -1.139478683 -1.701236248 1.026860833
vn 0.7391138077 0.6684778929 0.08275338262
v -1.140044332 -1.697265148 0.9953976274
vn 0.7762328982 0.6237728596 0.09148711711
v -1.138265967 -1.693294048 0.9639347196
vn 0.8122893572 0.5630994439 0.1520033777
v -1.136508465 -1.689322948 0.9324715734
vn 0.81452775 0.5691423416 0.1123457626
v -1.13562429 -1.68882513 0.9285282493
vn 0.7539518476 0.6083631516 0.247892946
v -1.13562429 -1.678385735 0.9018878937
vn 0.7306039929 0.6422008276 0.2319394648
v -1.13562429 -1.667192578 0.8713363409
vn 0.6830462813 0.6993465424 0.2106234133
v -1.13562429 -1.659240127 0.8403758407
vn 0.6525802016 0.7219923735 0.2299263775
v -1.13562429 -1.648073673 0.80982095
vn 0.646476388 0.6973008513 0.3095800877
v -1.13562429 -1.708056808 1.057964087
vn 0.7570279241 0.6528128982 0.02727739513
v -1.13562429 -1.705310106 1.026346564
vn 0.7791074514 0.6253066659 0.04453286156
v -1.13562429 -1.702492118 0.9947379231
vn 0.8032342792 0.5904732347 0.07846032083
v -1.13562429 -1.696783423 0.9634943008
vn 0.8121147156 0.5700744987 0.1244377047
v -1.13562429 -1.690448284 0.9323295355
vn 0.7912049294 0.572638154 0.2146630734
v -1.103911638 -0.5516549349 0.7825790048
vn 0.1037766933 -0.8367003202 -0.5377387404
v -1.103911638 -0.5345950723 0.7585741878
vn 0.3016357422 -0.8315262198 -0.4664548039
v -1.103911638 -0.5233699679 0.7280266285
vn 0.3156319261 -0.9420425296 -0.1137203425
v -1.103911638 -0.5272732377 0.6955697536
vn 0.2866113484 -0.9242783785 0.2521179318
v -1.103911638 -0.53770262 0.6720361114
vn 0.2771323919 -0.8743365407 0.3984133601
v -1.12677145 -0.5878104568 0.8157861233
vn 0.1506149769 -0.6179210544 -0.771679163
v -1.103911638 -0.5883458853 0.8200284243
vn 0.2661082745 -0.5002410412 -0.8239813447
v -1.103911638 -0.5833826065 0.8163449764
vn 0.2152979523 -0.6563770175 -0.7230601311
v -1.103911638 -0.5563716888 0.7877897024
vn 0.2323181182 -0.7056922317 -0.6693480611
v -1.103911638 -0.5427340269 0.6616540551
vn 0.2567403316 -0.8554341197 0.449796468
v -1.103911638 -0.5614533424 0.627327323
vn 0.2546660006 -0.8421186209 0.4753751159
v -1.109999895 -0.5639836192 0.6270079613
vn 0.3262473047 -0.7494728565 0.5760669112
v -1.103911638 -0.5636200905 0.624127984
vn 0.2558771074 -0.7518848777 0.607614994
v -1.103911638 -0.623208642 0.842993319
vn 0.3152393401 -0.5005156994 -0.8062928915
v -1.103911638 -0.5908066034 0.5916579962
vn 0.2975619733 -0.7264152765 0.6194979548
v -1.105034709 -0.5914754868 0.591573596
vn 0.3922310174 -0.575915575 0.7172698975
v -1.103911638 -0.5914056301 0.5910200477
vn 0.3088300526 -0.6096707582 0.7300174832
v -1.103911638 -0.6563916802 0.8526493311
vn 0.09490446746 -0.2783991694 -0.9557651877
v -1.103911638 -0.6237133145 0.8432189226
vn 0.1835957468 -0.273661226 -0.9441409707
v -1.103911638 -0.6204971671 0.5682596564
vn 0.3523544371 -0.5085549355 0.7856323719
v -1.124653459 -0.6901418567 0.8667986989
vn -0.06682436913 -0.5528116822 -0.8306224942
v -1.103911638 -0.6899197698 0.865039289
vn -0.05324603245 -0.3656461537 -0.9292296767
v -1.103911638 -0.650490582 0.5526447892
vn 0.4124403596 -0.3305696249 0.8488914371
v -1.130143642 -0.7255760431 0.8942907453
vn -0.1545087844 -0.5636573434 -0.8114292622
v -1.103911638 -0.7248864174 0.8888268471
vn -0.1903517693 -0.5695296526 -0.7996262908
v -1.103911638 -0.6922302246 0.8665350676
vn -0.2177274227 -0.5220106244 -0.8246815801
v -1.103911638 -0.6617612243 0.5507382751
vn 0.443526417 -0.1483004689 0.8839068413
v -1.105529547 -0.6818935275 0.5481972694
vn 0.4477764964 -0.01908257417 0.8939418793
v -1.103911638 -0.6817981005 0.5474415421
vn 0.2179742604 -0.05821697786 0.97421664
v -1.103911638 -0.7599271536 0.9132019281
vn -0.126039356 -0.5709524155 -0.8112505078
v -1.103911638 -0.7317793965 0.8935077786
vn -0.240892604 -0.5825080872 -0.7763086557
v -1.103911638 -0.686070621 0.5476700068
vn 0.2112155557 0.06397800148 0.9753434062
v -1.103911638 -0.7140375972 0.5496224165
vn 0.2667397559 0.01355830301 0.963673234
v -1.103911638 -0.7963221073 0.9483059049
vn -0.04833377153 -0.6833148599 -0.7285222411
v -1.103911638 -0.7682712674 0.9208660722
vn -0.08742695302 -0.6997425556 -0.7090253234
v -1.103911638 -0.7462747097 0.5517840385
vn 0.15531829 0.008401174098 0.9878287315
v -1.103911638 -0.8295603395 0.9583992362
vn -0.09762102365 -0.1844808906 -0.9779759645
v -1.103911638 -0.7978591919 0.9490959048
vn -0.09632056952 -0.2928000987 -0.9513098598
v -1.103911638 -0.7782721519 0.5520467758
vn 0.09340548515 -0.0374898389 0.9949220419
v -1.103911638 -0.8616793752 0.9596254826
vn -0.167122066 -0.09718056023 -0.9811351299
v -1.103911638 -0.809845686 0.5489510298
vn 0.0339096114 -0.0920791924 0.9951741099
v -1.121253252 -0.8948046565 0.968824029
vn -0.1109245345 -0.2368600219 -0.9651907086
v -1.103911638 -0.8944958448 0.9663774371
vn -0.1703354418 -0.196955055 -0.9655022025
v -1.103911638 -0.8413221836 0.5450866222
vn 0.005979019217 -0.07056017965 0.9974896312
v -1.103911638 -0.9275165796 0.9747476578
vn -0.06426668167 -0.152391091 -0.9862285256
v -1.103911638 -0.899841845 0.9681882262
vn -0.1623321325 -0.2699066401 -0.9491041303
v -1.103911638 -0.8730795383 0.5434470177
vn 0.01601431705 0.01900038682 0.9996911883
v -1.103911638 -0.9600058794 0.9789081216
vn 0.007013268769 -0.2206777334 -0.9753215909
v -1.103911638 -0.9052488208 0.5450718403
vn 0.04691405222 0.04123191535 0.9980475903
v -1.111877322 -0.993164897 0.9883736968
vn 0.1809560508 -0.4992678165 -0.8473408818
v -1.103911638 -0.99335742 0.9898987412
vn 0.1276339144 -0.63796556 -0.7594139576
v -1.103911638 -0.9908329844 0.9886680245
vn 0.03637797013 -0.3545286953 -0.9343371987
v -1.108327866 -0.9375689626 0.5478910208
vn 0.2410717756 0.04685161263 0.9693757296
v -1.103911638 -0.9374290109 0.546782434
vn 0.1173823848 -0.01569866203 0.992962718
v -1.11691463 -1.028599143 1.015865564
vn 0.2653463185 -0.6379247904 -0.722940743
v -1.103911638 -1.02966392 1.024301767
vn 0.2265233696 -0.7955419421 -0.5619609952
v -1.103911638 -1.023755312 1.01647687
vn 0.1185479239 -0.7016578317 -0.7025828958
v -1.103911638 -0.9512137771 0.5461689234
vn 0.2443381399 -0.04470904544 0.9686588645
v -1.103911638 -0.9692249298 0.545448482
vn 0.2633357644 -0.005882347468 0.9646863341
v -1.106573462 -1.091831207 1.263598919
vn 0.9533236623 -0.2443690598 -0.1773632467
v -1.103911638 -1.092809796 1.271351933
vn 0.8902366161 -0.2866694629 -0.3539765477
v -1.103911638 -1.085965395 1.264339209
vn 0.8316247463 -0.477781415 -0.2830639184
v -1.103911638 -1.074661136 1.233801603
vn 0.852265358 -0.5008786321 -0.1508787423
v -1.109803319 -1.087860107 1.232135773
vn 0.9410528541 -0.293889612 -0.1674767435
v -1.103911638 -1.067680836 1.202718496
vn 0.7894018888 -0.6037866473 -0.1108439043
v -1.114371896 -1.083888888 1.200672746
vn 0.8791761994 -0.4259924591 -0.2134938538
v -1.103911638 -1.061697006 1.171509385
vn 0.6546211243 -0.7485715747 -0.1054127663
v -1.122630239 -1.079917789 1.169209599
vn 0.8287127018 -0.5082140565 -0.2344221473
v -1.103911638 -1.059708953 1.139795899
vn 0.5150824785 -0.8567380309 -0.02626699954
v -1.126018286 -1.075946689 1.137746572
vn 0.6663298607 -0.732968688 -0.1369722635
v -1.103911638 -1.05907166 1.107912302
vn 0.398730725 -0.9119058251 -0.09716784954
v -1.128662586 -1.071975589 1.106283545
vn 0.5180590749 -0.828215301 -0.2137152106
v -1.103911638 -1.054677725 1.076502442
vn 0.256093204 -0.9405815601 -0.2229857743
v -1.103911638 -1.044324279 1.045845151
vn 0.2541922331 -0.8657882214 -0.4310418665
v -1.103911638 -1.001320004 0.5464851856
vn 0.2419079691 0.02652632818 0.9699365497
v -1.106407523 -1.127265334 1.291090608
vn 0.9516740441 -0.1642444134 -0.2595000863
v -1.103911638 -1.128029943 1.297147989
vn 0.915201664 -0.1473037601 -0.37511006
v -1.103911638 -1.119720817 1.292042851
vn 0.8886884451 -0.2681102455 -0.371953994
v -1.114272594 -1.123294234 1.2596277
vn 0.9753298759 -0.14652206 -0.1651148498
v -1.11689508 -1.119323134 1.228164554
vn 0.9729594588 -0.1537544876 -0.1723642647
v -1.123805523 -1.115352035 1.196701646
vn 0.938356936 -0.2040289342 -0.2790311873
v -1.103911638 -1.033454537 0.5478338003
vn 0.1815186292 -0.01704243384 0.9832398295
v -1.112567067 -1.15872848 1.287119508
vn 0.9616245031 -0.1118342131 -0.2505422831
v -1.103911638 -1.161589503 1.309787512
vn 0.9151725769 -0.1474558711 -0.375121206
v -1.118120909 -1.154757261 1.2556566
vn 0.9835458398 -0.08848910034 -0.1575032175
v -1.120794892 -1.150786161 1.224193454
vn 0.9795539379 -0.09468615055 -0.1775066257
v -1.128176808 -1.146815062 1.192730546
vn 0.9498662353 -0.09817127138 -0.296844244
v -1.103911638 -1.065252304 0.546515286
vn 0.147732988 -0.03356676921 0.9884575009
v -1.107407808 -1.194162607 1.314611554
vn 0.9501749277 -0.1025448069 -0.2943673432
v -1.103911638 -1.195229292 1.323062658
vn 0.9188206792 -0.1186835468 -0.3764077127
v -1.103911638 -1.17865324 1.316568971
vn 0.911580801 -0.1536893398 -0.3813135624
v -1.116386056 -1.190191507 1.283148289
vn 0.9794365764 -0.06831581891 -0.1898338944
v -1.120071292 -1.186220288 1.2516855
vn 0.9848944545 -0.0777349174 -0.1547263563
v -1.12383759 -1.182249188 1.220222235
vn 0.976637125 -0.1005367115 -0.1899270862
v -1.133008957 -1.178278089 1.188759327
vn 0.9455473423 -0.1124686599 -0.3054357469
v -1.103911638 -1.096961021 0.5444906354
vn 0.1090000644 -0.01103034616 0.9939805269
v -1.112662196 -1.225625634 1.310640335
vn 0.9609950781 -0.08501236141 -0.2631755173
v -1.103911638 -1.228490114 1.333334684
vn 0.9193150401 -0.11501313 -0.3763400614
v -1.118749261 -1.221654534 1.279177189
vn 0.9812608957 -0.05661346763 -0.1841792762
v -1.122527838 -1.217683434 1.247714281
vn 0.9837446213 -0.05965317413 -0.1693752408
v -1.129847407 -1.213712215 1.216251135
vn 0.9535387158 -0.1307079643 -0.2714394331
v -1.103911638 -1.128918648 0.5444375277
vn 0.08727009594 0.03250510991 0.9956542253
v -1.105987906 -1.26105988 1.338132143
vn 0.9484683871 -0.01109966356 -0.3166773319
v -1.103911638 -1.261686206 1.343094587
vn 0.9357571602 0.02823145501 -0.351513207
v -1.103911638 -1.249732971 1.339561701
vn 0.9204468727 -0.1155405566 -0.3734005392
v -1.115798473 -1.257088661 1.306669235
vn 0.9789574742 -0.004684050567 -0.204010725
v -1.12002027 -1.253117561 1.275206089
vn 0.9857590795 -0.01201964635 -0.167733714
v -1.125368834 -1.249146461 1.243743181
vn 0.9694060087 -0.05600693449 -0.2389879525
v -1.128164887 -1.16178143 0.5515562892
vn 0.210022375 0.1104342341 0.9714396
v -1.103911638 -1.161159039 0.5466257334
vn 0.129510358 0.0604571104 0.9897332788
v -1.105515957 -1.292522907 1.334160924
vn 0.946703732 0.1395119876 -0.2903247774
v -1.103911638 -1.293014765 1.338057995
vn 0.9317108393 0.1563399881 -0.3278303742
v -1.115203738 -1.288551807 1.302698016
vn 0.9680114388 0.1151143983 -0.2229406238
v -1.119827867 -1.284580588 1.27123487
vn 0.983156383 0.06725802273 -0.1699408889
v -1.126431465 -1.280609488 1.239771962
vn 0.9607693553 0.03280355036 -0.2754018307
v -1.103911638 -1.184250712 0.5487203002
vn 0.1982355416 0.09179425985 0.975846529
v -1.103911638 -1.1935215 0.5497797132
vn 0.2099677622 0.1044717804 0.9721106887
v -1.103911638 -1.298972845 1.333346844
vn 0.9198594689 0.2576148808 -0.2957923114
v -1.109019637 -1.320014834 1.298726916
vn 0.9369546175 0.2500113845 -0.2441522479
v -1.103911638 -1.3218472 1.3132447
vn 0.9116557837 0.2995441258 -0.2813487351
v -1.116895914 -1.316043735 1.26726377
vn 0.9602110386 0.1903302222 -0.2043750286
v -1.124479175 -1.312072515 1.235800862
vn 0.9469173551 0.162541911 -0.2773584425
v -1.103911638 -1.225974083 0.5536489487
vn 0.1616667658 0.05560721457 0.9852774739
v -1.103911638 -1.33538866 1.296786547
vn 0.901986897 0.3344131708 -0.2731070518
v -1.109537125 -1.347506642 1.26329267
vn 0.9245150685 0.2911651134 -0.2459568381
v -1.103911638 -1.349536419 1.279373646
vn 0.899935782 0.3421937525 -0.2702203989
v -1.118896961 -1.343535542 1.231829762
vn 0.9349237084 0.2568207979 -0.2448689193
v -1.128839612 -1.339564443 1.200366616
vn 0.9166307449 0.2826758027 -0.2826349437
v -1.103911638 -1.258045077 0.554494381
vn 0.1344864368 0.003921298776 0.9909076691
v -1.103911638 -1.363649487 1.261255145
vn 0.8964416385 0.3470330834 -0.2756092548
v -1.109913349 -1.374998689 1.227858663
vn 0.9115689993 0.3208636045 -0.2570769191
v -1.103911638 -1.37709415 1.244461298
vn 0.8922849894 0.3576665819 -0.2755034566
v -1.119713783 -1.37102747 1.196395516
vn 0.9184291363 0.3057647347 -0.2509896457
v -1.129632831 -1.36705637 1.164932489
vn 0.9047369957 0.3187162578 -0.2826144993
v -1.103911638 -1.289744735 0.5523979664
vn 0.1354529858 -0.05399507284 0.9893113971
v -1.103911638 -1.391219735 1.225811243
vn 0.888361156 0.3637373447 -0.2801956534
v -1.109939456 -1.402490497 1.192424297
vn 0.904936552 0.3328540027 -0.2651377916
v -1.103911638 -1.404539466 1.208658457
vn 0.8859880567 0.3686160445 -0.2813314199
v -1.120079756 -1.398519278 1.16096139
vn 0.9062770605 0.3046462238 -0.2930060923
v -1.132431865 -1.394548178 1.129498243
vn 0.8959288001 0.29510355 -0.3320022523
v -1.103911638 -1.321397543 0.549931109
vn 0.1338070035 -0.032994546 0.9904580116
v -1.103911638 -1.418368578 1.19042027
vn 0.8797677159 0.372566402 -0.295301646
v -1.110525966 -1.429982424 1.15699029
vn 0.8839948773 0.3282091022 -0.3329140842
v -1.103911638 -1.432056308 1.173421383
vn 0.8778874278 0.3710056245 -0.3027681112
v -1.124665141 -1.426011324 1.125527143
vn 0.8681889176 0.2835792005 -0.4072233438
v -1.130974293 -1.354530811 0.5591923594
vn 0.2834373713 0.2106135339 0.9355774522
v -1.103911638 -1.353508949 0.5510966778
vn 0.1946016401 0.08281231672 0.9773803353
v -1.103911638 -1.447435379 1.154787421
vn 0.8454605341 0.3774426579 -0.3778008819
v -1.116094589 -1.457474351 1.121555924
vn 0.805570662 0.3158947527 -0.5012648106
v -1.103911638 -1.460118771 1.142507434
vn 0.8424324989 0.3499124646 -0.4097178876
v -1.103911638 -1.376078606 0.5564726591
vn 0.2704131603 0.2299293131 0.9348846078
v -1.103911638 -1.38650465 0.5592684746
vn 0.2801201642 0.2280067503 0.9324942827
v -1.104583502 -1.488937378 1.117584825
vn 0.7156814933 0.2865736783 -0.636926651
v -1.103911638 -1.489049315 1.118472099
vn 0.8662717342 0.2874132693 -0.4086158574
v -1.103911638 -1.419414282 0.5667589307
vn 0.2853498757 0.2033440173 0.9366037846
v -1.103911638 -1.49176383 1.117228031
vn 0.6354577541 0.2450832129 -0.7322074175
v -1.103911638 -1.519682527 1.107926726
vn 0.4874191582 0.0507324338 -0.8716930747
v -1.115218043 -1.452890992 0.5787420869
vn 0.415027976 0.301620245 0.8583571315
v -1.103911638 -1.452234268 0.5735388994
vn 0.3077793419 0.2078466862 0.9284781218
v -1.106921196 -1.551863432 1.109642506
vn -0.1291422099 -0.5330537558 -0.8361674547
v -1.103911638 -1.55181253 1.109238982
vn 0.1371921003 -0.2488417327 -0.958778441
v -1.103911638 -1.464360356 0.5772944093
vn 0.3884148896 0.2911363542 0.8742845654
v -1.103911638 -1.485634923 0.584919095
vn 0.439968884 0.3748051524 0.8160566688
v -1.130143404 -1.587297678 1.137134552
vn -0.399082303 -0.5020106435 -0.7672800422
v -1.103911638 -1.585520148 1.123051763
vn -0.1653735191 -0.3624875546 -0.9171991944
v -1.103911638 -1.552637339 1.109544873
vn 0.1201688275 -0.3783047199 -0.917847991
v -1.12669003 -1.523759484 0.6337258816
vn 0.5584965944 0.6785132885 0.4771805406
v -1.103911638 -1.520023346 0.6041252613
vn 0.5231801271 0.6776618361 0.5167755485
v -1.103911638 -1.518465638 0.6024296284
vn 0.5121842027 0.4895518124 0.7056956887
v -1.103911638 -1.620370746 1.145920157
vn -0.3047751486 -0.5038709641 -0.808224082
v -1.103911638 -1.604954481 1.134905934
vn -0.3819229901 -0.5074182153 -0.772438705
v -1.109709859 -1.559193492 0.6612175703
vn 0.5763180256 0.5460469127 0.6080216765
v -1.103911638 -1.558285594 0.6540243626
vn 0.5781508088 0.5987657905 0.5542753935
v -1.103911638 -1.540653706 0.6315935254
vn 0.5354779363 0.6776673198 0.5040142536
v -1.103911638 -1.65595758 1.17462182
vn -0.09607947618 -0.3721005619 -0.9232063293
v -1.103911638 -1.641313314 1.162281036
vn -0.2383141667 -0.6288885474 -0.7400713563
v -1.134129882 -1.598598838 0.7201727629
vn 0.5978041887 0.6337636113 0.4908908904
v -1.111955523 -1.594627738 0.6887096167
vn 0.6274504662 0.5712583065 0.5291218162
v -1.103911638 -1.593528867 0.680003643
vn 0.5832629204 0.4998047054 0.6403121352
v -1.103911638 -1.565192699 0.6604604125
vn 0.5985977054 0.4700487256 0.648640871
v -1.133372068 -1.685657859 1.156684041
vn 0.6702573299 0.5080273151 -0.5409837365
v -1.103911638 -1.68879509 1.18154037
vn 0.396299392 0.07917355746 -0.9147012234
v -1.127509236 -1.638004184 0.779127717
vn 0.6582829952 0.654551208 0.3717879355
v -1.114118457 -1.634033084 0.7476645112
vn 0.6486629248 0.6622180939 0.375104785
v -1.103911638 -1.631595135 0.7283497453
vn 0.6042493582 0.6745573282 0.4240932763
v -1.103911638 -1.624220252 0.7169389129
vn 0.5998997688 0.642444849 0.4768489599
v -1.103911638 -1.60192585 0.6877885461
vn 0.5925019383 0.6155363321 0.5196695924
v -1.109843731 -1.717120886 1.152712941
vn 0.7047474384 0.551802516 -0.4459204674
v -1.103911638 -1.718201041 1.161270976
vn 0.721352756 0.4398352504 -0.5349721313
v -1.124189615 -1.713149786 1.121250033
vn 0.7549379468 0.6199710965 -0.2137862444
v -1.134753227 -1.709178686 1.089786887
vn 0.7494398952 0.6562049985 -0.08794822544
v -1.129465699 -1.685351729 0.9010086656
vn 0.7507385612 0.6036024094 0.2684320211
v -1.120520234 -1.68138063 0.8695455194
vn 0.7051226497 0.647842288 0.2882748544
v -1.113136888 -1.67740953 0.838082552
vn 0.6486973166 0.723562181 0.235901624
v -1.106076837 -1.67343843 0.8066194654
vn 0.6364490986 0.7276076674 0.2559681237
v -1.103911638 -1.672792315 0.8015007377
vn 0.6370581985 0.680875659 0.3613380492
v -1.103911638 -1.659994364 0.7763522267
vn 0.634762466 0.6761139631 0.3740942478
v -1.103911638 -1.64313364 0.7465158701
vn 0.6033958197 0.6833786368 0.4109831154
v -1.103911638 -1.725079775 1.151708364
vn 0.7570004463 0.548261106 -0.3554716706
v -1.103911638 -1.740588665 1.117786765
vn 0.7760005593 0.6026833057 -0.1860000044
v -1.107540965 -1.740641713 1.085815668
vn 0.7611446977 0.6440737844 -0.07633947581
v -1.103911638 -1.742838383 1.103219748
vn 0.7364898324 0.6719779372 -0.07764299959
v -1.110361099 -1.736670613 1.054352641
vn 0.7488136888 0.6626883745 0.011052683
v -1.113349676 -1.732699394 1.022889614
vn 0.7642287612 0.6445143819 0.02357106097
v -1.115865469 -1.728728294 0.9914264679
vn 0.7783787847 0.6260755658 0.04643148184
v -1.116072655 -1.724757195 0.9599636197
vn 0.7876919508 0.6060825586 0.1104774401
v -1.112811923 -1.720785975 0.9285004139
vn 0.7785792351 0.5958076119 0.1970472485
v -1.103911638 -1.717169523 0.8998476267
vn 0.684094429 0.6562228203 0.3184123635
v -1.103911638 -1.715732574 0.8971741199
vn 0.716394484 0.6193276644 0.3212665021
v -1.103911638 -1.697540998 0.8675058484
vn 0.6403189301 0.6909917593 0.3354431093
v -1.103911638 -1.685027599 0.8371210694
vn 0.6093406081 0.7476941347 0.2639271021
v -1.103911638 -1.675298452 0.8063846827
vn 0.602623105 0.7391816974 0.3007586896
v -1.103911638 -1.744336605 1.085349321
vn 0.7114965916 0.7015229464 -0.04047480971
v -1.103911638 -1.743697405 1.053465724
vn 0.7482589483 0.6633881927 0.004965675063
v -1.103911638 -1.743635297 1.021509409
vn 0.7458761334 0.6652914286 0.0324979946
v -1.103911638 -1.741922021 0.9897612333
vn 0.7173085213 0.6914300919 0.08598228544
v -1.103911638 -1.737500787 0.9583551288
vn 0.6800386906 0.7144126296 0.1648088247
v -1.103911638 -1.729738235 0.9273705482
vn 0.6422190666 0.7198475599 0.263389796
v -1.076761246 -0.5129709244 0.7293391824
vn 0.3549363017 -0.9325643182 0.06590948999
v -1.072198987 -0.5142993331 0.7398638129
vn 0.3808508515 -0.8809509873 -0.2808522582
v -1.072198987 -0.5111458898 0.7295694947
vn 0.3831614554 -0.9228416681 -0.03937648237
v -1.072198987 -0.5122817755 0.7238790393
vn 0.3004483283 -0.9370077252 0.1781779528
v -1.096620321 -0.5523762703 0.7882940769
vn 0.3692057133 -0.7315719724 -0.5731400847
v -1.072198987 -0.554497838 0.8051031828
vn 0.2643989921 -0.7117143273 -0.6508116722
v -1.072198987 -0.5413111448 0.7896906734
vn 0.3180528879 -0.7318324447 -0.6027135849
v -1.072198987 -0.5209959745 0.7602906227
vn 0.380331248 -0.8047302365 -0.4558041394
v -1.072198987 -0.5173412561 0.6968233585
vn 0.2726970613 -0.9172247052 0.2904050946
v -1.072198987 -0.5319247246 0.6630184054
vn 0.2359301448 -0.8862321973 0.3986595571
v -1.085636258 -0.5364916921 0.6624419689
vn 0.2662138939 -0.8368403316 0.4783601463
v -1.072198987 -0.5357422233 0.6565037966
vn 0.1489979923 -0.8323196173 0.5338948369
v -1.072198987 -0.5901715755 0.8344931602
vn 0.1139536127 -0.4587282538 -0.8812394142
v -1.072198987 -0.5672494769 0.8183812499
vn 0.2174081504 -0.6132932901 -0.7593451738
v -1.072198987 -0.5525904894 0.6284459233
vn 0.1809861958 -0.8390756845 0.5130262971
v -1.072198987 -0.5624203086 0.6146218777
vn 0.09351404756 -0.7803146839 0.6183559895
v -1.102502823 -0.6232445836 0.8432780504
vn 0.1526483297 -0.3604136705 -0.9202176332
v -1.072198987 -0.6237943769 0.8476340175
vn -0.09043183178 -0.1514061242 -0.984326303
v -1.072198987 -0.613568306 0.8444993496
vn -0.04689380527 -0.3646633029 -0.9299578667
v -1.072198987 -0.5797745585 0.5930504203
vn 0.1525138617 -0.7580252886 0.6341428161
v -1.072198987 -0.5901883841 0.5813763142
vn 0.1472673416 -0.6561353803 0.7401342392
v -1.072198987 -0.6561237574 0.8505266309
vn -0.1990971863 -0.1723494083 -0.9647051096
v -1.072198987 -0.6191485524 0.5575748682
vn 0.1011777669 -0.5543761253 0.8260933161
v -1.072198987 -0.6887845397 0.8560447693
vn -0.2909012437 -0.2671280205 -0.9187051058
v -1.072198987 -0.623103261 0.5556175113
vn 0.07376068085 -0.4060499966 0.9108692408
v -1.102489829 -0.6504305005 0.5521684289
vn 0.2577029467 -0.2688015997 0.928081274
v -1.072198987 -0.6494161487 0.5441321731
vn 0.07007689029 -0.2356617749 0.9693052769
v -1.072198987 -0.7230625153 0.8743764162
vn -0.3119493127 -0.5380499363 -0.783064425
v -1.072198987 -0.7068200707 0.8646936417
vn -0.2926573753 -0.4511564374 -0.8430951834
v -1.072198987 -0.6810074449 0.5411771536
vn 0.005339606665 -0.03759945929 0.999278605
v -1.072198987 -0.7588593364 0.9047413468
vn -0.1551088989 -0.6805289388 -0.7161155939
v -1.072198987 -0.7459836006 0.8917149901
vn -0.2179299593 -0.6710129976 -0.7086946368
v -1.078015089 -0.7133565545 0.5442261696
vn 0.2010848373 0.05817972496 0.9778445959
v -1.072198987 -0.7132143974 0.5430999398
vn 0.06405875832 -0.02355836146 0.9976680279
v -1.072198987 -0.7956065536 0.9426364303
vn -0.1748479754 -0.5478414297 -0.8181062937
v -1.072198987 -0.7722756863 0.9203606248
vn -0.08196339756 -0.7004908323 -0.7089390159
v -1.072198987 -0.7201949954 0.5433630347
vn 0.2366327047 0.0415427871 0.9707106352
v -1.072198987 -0.7453838587 0.5447255969
vn 0.2231512517 0.0582646206 0.973040998
v -1.072198987 -0.8288987279 0.9531570673
vn -0.2204055637 -0.1064628437 -0.9695808887
v -1.072198987 -0.8081290126 0.9477996826
vn -0.2462924421 -0.2991546094 -0.9218712449
v -1.072198987 -0.7777196169 0.5476690531
vn 0.1889648736 0.01708556712 0.9818351865
v -1.072198987 -0.8608723283 0.9532312751
vn -0.2426579744 -0.1085536331 -0.9640192986
v -1.072198987 -0.8096836209 0.5476670861
vn 0.1156136915 -0.0127063347 0.9932129979
v -1.072198987 -0.8935531974 0.9589091539
vn -0.2417167723 -0.2403398156 -0.9401115775
v -1.072198987 -0.8414017558 0.5457170606
vn -0.005085585173 -0.01422470156 0.9998859167
v -1.072198987 -0.9269140959 0.9699743986
vn -0.1435481012 -0.2311092764 -0.9622797966
v -1.072198987 -0.9147984982 0.9663004875
vn -0.2294946164 -0.3076727688 -0.9234011769
v -1.072198987 -0.8732500672 0.5447979569
vn -0.08978395164 0.01928406022 0.9957745671
v -1.072198987 -0.9599092007 0.9781417251
vn -0.07052180171 -0.3233016431 -0.9436644912
v -1.072198987 -0.9052100182 0.5447645783
vn -0.04725519195 -0.02420367859 0.9985895753
v -1.072198987 -0.9937573671 0.9930676818
vn 0.01709294319 -0.6428962946 -0.7657625079
v -1.072198987 -0.9870281816 0.9891482592
vn -0.02460580505 -0.4029687345 -0.9148828983
v -1.072198987 -0.9369903803 0.5433071256
vn 0.06549590081 -0.1418877393 0.9877135754
v -1.075788379 -1.064339399 1.299032927
vn 0.7963644862 -0.5188934803 -0.3107300401
v -1.072198987 -1.066474557 1.315949917
vn 0.8584375978 -0.461997509 -0.2228075117
v -1.072198987 -1.060520291 1.29951489
vn 0.6341412663 -0.7541576028 -0.1706197709
v -1.072198987 -1.048659682 1.269047856
vn 0.4890835285 -0.8554773927 -0.1701639891
v -1.087219238 -1.06036818 1.267570019
vn 0.7547072172 -0.6024765372 -0.2596901655
v -1.072198987 -1.044675231 1.237586379
vn 0.4339070618 -0.8994331956 -0.05238903314
v -1.09068954 -1.05639708 1.236106873
vn 0.6609710455 -0.7448807955 -0.09093878418
v -1.072198987 -1.044512987 1.205642581
vn 0.3769592047 -0.9262270331 -0.002286016243
v -1.086994886 -1.052425981 1.204643846
vn 0.560198009 -0.8269636035 -0.04805605114
v -1.072198987 -1.044054031 1.173736215
vn 0.3224819899 -0.946518898 -0.01036196947
v -1.081391573 -1.048454762 1.173180699
vn 0.4737141132 -0.8804329038 -0.02080447786
v -1.072198987 -1.043958545 1.141783953
vn 0.3016778827 -0.9533356428 -0.01189762261
v -1.073327422 -1.044483662 1.141717672
vn 0.442943573 -0.8957189918 0.0385803245
v -1.072198987 -1.044150114 1.139075398
vn 0.3725801408 -0.9257913828 0.06398694217
v -1.072198987 -1.030709743 1.032587886
vn 0.1477196068 -0.8182829618 -0.5555105209
v -1.072198987 -1.020216703 1.016923547
vn 0.02679038793 -0.7741789222 -0.6323996186
v -1.098419428 -0.9690319896 0.5439199209
vn 0.2748387456 -0.0166384317 0.9613463879
v -1.072198987 -0.9682213068 0.5374966264
vn 0.1692547798 -0.130554378 0.9768871069
v -1.074118495 -1.107715845 1.389451027
vn 0.9417964816 -0.2194148451 -0.2547087669
v -1.072198987 -1.108329058 1.394310236
vn 0.9165930152 -0.1658635437 -0.3637946248
v -1.072198987 -1.103054523 1.390039325
vn 0.8807294369 -0.3486759663 -0.3205319643
v -1.072198987 -1.081069708 1.360849738
vn 0.8997196555 -0.3797368407 -0.2151847482
v -1.081830502 -1.103744626 1.357987881
vn 0.9418867826 -0.273206532 -0.1954673082
v -1.072198987 -1.072824836 1.329926252
vn 0.8928655386 -0.4261423349 -0.145581007
v -1.085783839 -1.099773526 1.326524973
vn 0.9030424953 -0.3595134318 -0.2350837439
v -1.095175385 -1.095802307 1.295061827
vn 0.8588474989 -0.3758577704 -0.3480114341
v -1.072198987 -1.046657801 1.10947907
vn 0.3930683732 -0.9190300703 0.02968219109
v -1.072198987 -1.047202945 1.077445865
vn 0.3277702332 -0.9399273396 -0.0954112187
v -1.072198987 -1.039909244 1.046402335
vn 0.2300509661 -0.9307267666 -0.2842960358
v -1.084532142 -1.000494957 0.5399487615
vn 0.3185449839 0.06157286838 0.9459058642
v -1.072198987 -0.9999617338 0.5357239246
vn 0.2475431114 -0.02820223011 0.9684663415
v -1.081050754 -1.139178872 1.385479808
vn 0.9548110366 -0.138108477 -0.2631766498
v -1.072198987 -1.142176628 1.409230828
vn 0.9119449854 -0.1810847968 -0.3681910038
v -1.087580323 -1.135207653 1.354016662
vn 0.9627559185 -0.1302026063 -0.2369562984
v -1.094152331 -1.131236553 1.322553754
vn 0.9415888786 -0.1951025724 -0.2744911015
v -1.072198987 -1.018358231 0.5376941562
vn 0.330943197 0.09789437801 0.9385591745
v -1.072198987 -1.03236711 0.5392181873
vn 0.2583128512 0.04110681638 0.9651863575
v -1.077797651 -1.174612999 1.412971735
vn 0.9494247437 -0.1495523304 -0.2760919929
v -1.072198987 -1.176583767 1.428586364
vn 0.9116443396 -0.2061667889 -0.3555275798
v -1.072198987 -1.154107928 1.415559769
vn 0.9093237519 -0.2064424753 -0.3612642586
v -1.085481048 -1.170641899 1.381508708
vn 0.9724912047 -0.09165456891 -0.2141501456
v -1.090983391 -1.16667068 1.350045562
vn 0.9681263566 -0.08939403296 -0.2339660227
v -1.100308657 -1.16269958 1.318582654
vn 0.942992866 -0.119564645 -0.3105941415
v -1.072198987 -1.064587355 0.5412465334
vn 0.194263652 0.05316528678 0.9795075655
v -1.075165033 -1.210047126 1.440463662
vn 0.9480960965 -0.1365601271 -0.2871674895
v -1.072198987 -1.210953355 1.447643518
vn 0.9143196344 -0.1341890097 -0.3821163774
v -1.072198987 -1.199499965 1.441794872
vn 0.9046975374 -0.2012163848 -0.3755454421
v -1.084110379 -1.206076026 1.409000516
vn 0.9729567766 -0.1047623903 -0.2058639228
v -1.088628292 -1.202104926 1.377537608
vn 0.9732008576 -0.09280052781 -0.21040003
v -1.095027566 -1.198133707 1.346074343
vn 0.9566942453 -0.1089729965 -0.2699277997
v -1.072198987 -1.096659422 0.5421008468
vn 0.09227424115 0.02232053503 0.995483458
v -1.080907583 -1.241510153 1.436492443
vn 0.9600694776 -0.09009933472 -0.2648560405
v -1.072198987 -1.24432838 1.458820343
vn 0.9163491726 -0.1213579476 -0.381544739
v -1.087047458 -1.237539053 1.405029416
vn 0.9795595407 -0.06393472105 -0.1907235235
v -1.091268778 -1.233567953 1.373566389
vn 0.9779891372 -0.0588414222 -0.2001873404
v -1.100291729 -1.229596853 1.342103243
vn 0.9481787086 -0.09062255919 -0.3045401275
v -1.072198987 -1.128746033 0.5430698991
vn 0.07807657123 0.04125790671 0.9960932732
v -1.074139953 -1.276944399 1.46398437
vn 0.9468123317 -0.009749722667 -0.3216384649
v -1.072198987 -1.277467251 1.468126893
vn 0.9128505588 0.04123187438 -0.4062065482
v -1.072198987 -1.266489863 1.465303898
vn 0.9025673866 -0.1123363301 -0.4156352878
v -1.084090829 -1.272973299 1.432521343
vn 0.9785350561 -0.003710979363 -0.206047073
v -1.088391662 -1.269002199 1.401058316
vn 0.986222446 -0.005059278104 -0.1653471291
v -1.093924403 -1.26503098 1.369595289
vn 0.9686929584 -0.03022257984 -0.2464154512
v -1.072198987 -1.16077733 0.5436010957
vn 0.1058686748 -0.005648819264 0.9943640828
v -1.073578596 -1.308407426 1.46001327
vn 0.9437696934 0.1436629444 -0.2977577746
v -1.072198987 -1.30877912 1.462958097
vn 0.906242013 0.1741856635 -0.3852074146
v -1.083479047 -1.304436326 1.428550243
vn 0.9675620794 0.1186060607 -0.2230611593
v -1.088025928 -1.300465226 1.397087097
vn 0.9858753085 0.0783701092 -0.1480136067
v -1.093746901 -1.296494126 1.36562407
vn 0.9647690654 0.09877941012 -0.2438510358
v -1.094272375 -1.193244457 0.5475851893
vn 0.1979042441 0.1301036775 0.9715487361
v -1.072198987 -1.192691565 0.543204546
vn 0.1745174527 0.0259434972 0.9843122363
v -1.072198987 -1.313539147 1.459365487
vn 0.9083819985 0.2762355208 -0.3139046431
v -1.07717526 -1.335899353 1.424579024
vn 0.9359143972 0.2545236945 -0.2434787303
v -1.072198987 -1.337584019 1.437925935
vn 0.899989903 0.3173205554 -0.2988743782
v -1.084770918 -1.331928253 1.393115997
vn 0.9668458104 0.1884628683 -0.1723105162
v -1.090170622 -1.327957153 1.36165297
vn 0.9709879756 0.1638149619 -0.1742040664
v -1.098003507 -1.323985934 1.330189824
vn 0.9405804873 0.2354489416 -0.2446878999
v -1.072198987 -1.20941925 0.545543611
vn 0.2392732799 0.1332030445 0.9617719054
v -1.072198987 -1.225228786 0.5477437377
vn 0.1835189462 0.1075582355 0.977114141
v -1.072198987 -1.350094795 1.422787428
vn 0.8935849667 0.3500255346 -0.2810481489
v -1.077408195 -1.36339128 1.389144897
vn 0.9318932295 0.2841531932 -0.2254595011
v -1.072198987 -1.365228772 1.403703332
vn 0.8929863572 0.3543485999 -0.2775112092
v -1.085158706 -1.35942018 1.35768187
vn 0.9599119425 0.2179683149 -0.1762352288
v -1.090861082 -1.35544908 1.326218724
vn 0.9598204494 0.2172508538 -0.1776140928
v -1.098571062 -1.351477861 1.294755816
vn 0.9326569438 0.28164801 -0.2254449725
v -1.072198987 -1.257653356 0.5513906479
vn 0.1325729936 0.02219495736 0.990924716
v -1.072198987 -1.377982378 1.387303233
vn 0.8931162953 0.3550787866 -0.2761564851
v -1.077436447 -1.390883207 1.353710771
vn 0.9299241304 0.2907311022 -0.2252032906
v -1.072198987 -1.39272964 1.368340135
vn 0.8922426701 0.3567296565 -0.2768519223
v -1.085200429 -1.386911988 1.322247624
vn 0.9576775432 0.2290708423 -0.1742995083
v -1.090869188 -1.382940888 1.290784717
vn 0.9571196437 0.2320375144 -0.1734374315
v -1.09859848 -1.378969789 1.259321451
vn 0.9283597469 0.2961623073 -0.2245798111
v -1.072198987 -1.289516091 0.5505868196
vn 0.09472928196 -0.03397815302 0.9949230552
v -1.072198987 -1.405501127 1.351865649
vn 0.8932834864 0.3560507894 -0.2743582129
v -1.077335238 -1.418375015 1.318276405
vn 0.9283742309 0.3042905331 -0.2133743614
v -1.072198987 -1.420199394 1.33273077
vn 0.890748024 0.3636730611 -0.272598356
v -1.0848248 -1.414403915 1.286813498
vn 0.9520113468 0.2607621253 -0.1602419764
v -1.090303183 -1.410432696 1.255350351
vn 0.9473744035 0.2684957981 -0.1743323207
v -1.098296881 -1.406461596 1.223887444
vn 0.9177574515 0.3209043145 -0.2339695245
v -1.072198987 -1.321139574 0.5478878617
vn 0.07298259437 -0.0410207808 0.9964892268
v -1.072198987 -1.432171822 1.316534996
vn 0.8982381225 0.3670347333 -0.2417722344
v -1.075170875 -1.445866942 1.282842398
vn 0.9249109626 0.3332701921 -0.1829498857
v -1.072198987 -1.447078109 1.292438388
vn 0.8897718787 0.4003089964 -0.2192229629
v -1.081867814 -1.441895843 1.251379251
vn 0.9296525717 0.3300156891 -0.1638160795
v -1.088685513 -1.437924743 1.219916344
vn 0.9273776412 0.3123677075 -0.205905661
v -1.097994447 -1.433953524 1.188453197
vn 0.9058213234 0.3351512253 -0.2591550946
v -1.072198987 -1.352940083 0.5465893745
vn 0.09357360005 0.008765517734 0.9955737591
v -1.072198987 -1.452381492 1.282020092
vn 0.8965217471 0.414678216 -0.1558546573
v -1.072198987 -1.464630365 1.248509765
vn 0.8913500905 0.4118489623 -0.1894082874
v -1.078344941 -1.46938777 1.215945244
vn 0.9032505751 0.3654193282 -0.2249603271
v -1.072198987 -1.471812725 1.235157847
vn 0.8648017645 0.4454400241 -0.2317349166
v -1.088037848 -1.465416551 1.184481978
vn 0.908375442 0.3330979049 -0.2527842224
v -1.098608255 -1.46144557 1.153019071
vn 0.894669652 0.3373685479 -0.2928287983
v -1.090692878 -1.385993838 0.5552212
vn 0.2708082497 0.2294014841 0.9348999262
v -1.072198987 -1.385311961 0.5498187542
vn 0.1840426028 0.1241503656 0.9750461578
v -1.072198987 -1.482731819 1.214260936
vn 0.8503448963 0.4455060065 -0.2800678313
v -1.076969504 -1.496879578 1.180510879
vn 0.8782483935 0.3910865188 -0.2751927674
v -1.072198987 -1.498286724 1.191659093
vn 0.8278134465 0.4700220823 -0.3062745631
v -1.088404775 -1.492908478 1.149047971
vn 0.867370069 0.3423122168 -0.3612360656
v -1.072198987 -1.400479198 0.5533928871
vn 0.266149193 0.2239805609 0.9375485778
v -1.072198987 -1.418266892 0.5576676726
vn 0.2576141059 0.2042415589 0.9444153309
v -1.072198987 -1.505426884 1.179432154
vn 0.750731349 0.5732675791 -0.3282785416
v -1.075213432 -1.524371505 1.145076871
vn 0.8260205388 0.2947205007 -0.4804476202
v -1.072198987 -1.525019407 1.150210261
vn 0.7320460677 0.5620594621 -0.3849645555
v -1.09755373 -1.520400286 1.113613725
vn 0.8185002804 0.1844810396 -0.5440808535
v -1.072198987 -1.450997949 0.5637434125
vn 0.242333293 0.1819094718 0.9529866576
v -1.072198987 -1.529391289 1.144443274
vn 0.5605698228 0.617361486 -0.5519296527
v -1.102851152 -1.551863432 1.109642506
vn 0.6442040801 0.2501950562 -0.7227748632
v -1.072198987 -1.553590417 1.123325109
vn 0.3550207615 0.2884142697 -0.8892567158
v -1.08287394 -1.484354138 0.5747708678
vn 0.3865132034 0.3065312505 0.8698540926
v -1.072198987 -1.483773589 0.570171833
vn 0.2635562718 0.2114570886 0.9411822557
v -1.072198987 -1.584845543 1.117707133
vn 0.04072769359 -0.08378987759 -0.9956507683
v -1.102204204 -1.519788265 0.6022627354
vn 0.4212424457 0.5332853198 0.733594954
v -1.072198987 -1.517492771 0.5840756297
vn 0.3826697469 0.4594688714 0.8015311956
v -1.072198987 -1.493802428 0.5735783577
vn 0.3643110096 0.3581941724 0.8596362472
v -1.08024025 -1.618760586 1.133163452
vn -0.3710676134 -0.5545447469 -0.7448415756
v -1.072198987 -1.61820519 1.128762841
vn -0.09583989531 -0.3014930785 -0.9486393332
v -1.081750154 -1.555222392 0.6297546625
vn 0.5168970227 0.6641223431 0.5401471853
v -1.072198987 -1.553751707 0.6181021333
vn 0.5031191111 0.6561915278 0.5623911619
v -1.072198987 -1.539809585 0.5997356772
vn 0.4299919009 0.6070796251 0.6682524085
v -1.072198987 -1.654419422 1.162435174
vn -0.2014566511 -0.5468455553 -0.8126347065
v -1.072198987 -1.652812362 1.160829663
vn -0.2770496905 -0.6348196268 -0.7212818861
v -1.072198987 -1.623690367 1.13254118
vn -0.2332500815 -0.6281632185 -0.7422973514
v -1.080239296 -1.590656519 0.6572464705
vn 0.5807125568 0.4724649191 0.6629855633
v -1.072198987 -1.58967638 0.6494810581
vn 0.5537664294 0.5130206943 0.655860126
v -1.072198987 -1.56303823 0.6287682056
vn 0.5594924688 0.5404539108 0.6283929348
v -1.076514959 -1.689628959 1.188147187
vn 0.2071606219 -0.335875392 -0.9188428521
v -1.072198987 -1.689723611 1.188896656
vn 0.2678211629 -0.1267630905 -0.9550931454
v -1.072198987 -1.68856585 1.188281417
vn -0.2194234878 -0.5892428756 -0.7775899768
v -1.096788645 -1.630061865 0.7162016034
vn 0.5712864995 0.6828863025 0.4552999735
v -1.075734496 -1.626090765 0.6847385168
vn 0.5816825032 0.6556914449 0.4813670218
v -1.072198987 -1.625571847 0.6806268692
vn 0.5513547659 0.564191103 0.6145700216
v -1.072198987 -1.598306298 0.6562808752
vn 0.5503461361 0.5446947217 0.6327928901
v -1.084088564 -1.721091986 1.184176087
vn 0.617595613 0.2937000692 -0.7295998335
v -1.072198987 -1.72219348 1.192903042
vn 0.4055439234 0.07078822702 -0.9113304615
v -1.092854857 -1.669467211 0.7751565576
vn 0.609483242 0.6959750056 0.3796696067
v -1.076043606 -1.665495992 0.7436933517
vn 0.5984278321 0.6893441677 0.408275336
v -1.072198987 -1.664762378 0.7378798723
vn 0.5524750352 0.69479388 0.4604702294
v -1.072198987 -1.648691058 0.7138503194
vn 0.5190066099 0.7095125914 0.476680249
v -1.072198987 -1.628802299 0.6843962669
vn 0.4719188511 0.7107269764 0.5216892958
v -1.072198987 -1.74853456 1.180712461
vn 0.7393127084 0.4500609636 -0.5008611083
v -1.087611437 -1.748584032 1.148741722
vn 0.7459068894 0.6008662581 -0.2873719931
v -1.072198987 -1.752246737 1.17776072
vn 0.6952806711 0.6482263207 -0.3104632497
v -1.100600839 -1.744612932 1.117278814
vn 0.7193177342 0.6756610274 -0.1614440829
v -1.102853537 -1.716814876 0.8970375061
vn 0.603710711 0.6930535436 0.393967241
v -1.086511731 -1.712843776 0.8655744195
vn 0.6258865595 0.6799958348 0.3819314837
v -1.073053718 -1.708872676 0.8341114521
vn 0.6217903495 0.7106320262 0.3292095065
v -1.072198987 -1.708420396 0.8305283785
vn 0.6297624111 0.7183127403 0.295679003
v -1.072198987 -1.699460864 0.803335011
vn 0.5834987164 0.7563781738 0.2956710458
v -1.072198987 -1.685968876 0.7730738521
vn 0.5317863822 0.7443956137 0.4038297236
v -1.072198987 -1.668445706 0.7433210611
vn 0.4475843608 0.7672752142 0.4593005478
v -1.072198987 -1.76579082 1.146570086
vn 0.6941136122 0.6895570755 -0.206681788
v -1.072198987 -1.772738099 1.113729
vn 0.6961233616 0.7113778591 -0.09671539813
v -1.075967669 -1.77210474 1.081844568
vn 0.6989195943 0.7128382325 -0.05807844549
v -1.072198987 -1.77429688 1.099213839
vn 0.6948726177 0.716294229 -0.06383312494
v -1.082201958 -1.768133521 1.050381422
vn 0.7237690687 0.6897930503 -0.01854467764
v -1.08590579 -1.764162421 1.018918514
vn 0.7337294221 0.678827107 0.0288949348
v -1.086042762 -1.760191202 0.987455368
vn 0.7092434764 0.6976998448 0.100938715
v -1.083306432 -1.756220102 0.9559924603
vn 0.6680019498 0.7239403725 0.1722896248
v -1.076297283 -1.752249002 0.924529314
vn 0.6349291801 0.7365841866 0.2330422997
v -1.072198987 -1.750962734 0.9143384099
vn 0.6111843586 0.7190513015 0.3307853341
v -1.072198987 -1.741507649 0.8939208984
vn 0.6245563626 0.6943372488 0.3575264812
v -1.072198987 -1.725538611 0.8639720678
vn 0.6659621 0.6601175666 0.3474755883
v -1.072198987 -1.70964241 0.8340142965
vn 0.6803842187 0.651320219 0.3359453678
v -1.072198987 -1.77561903 1.08140099
vn 0.6741815805 0.7347783446 -0.07469909638
v -1.072198987 -1.778138161 1.049118638
vn 0.6890327334 0.7247261405 0.002431713976
v -1.072198987 -1.777556419 1.017228007
vn 0.6522886157 0.7513068914 0.1002874374
v -1.072198987 -1.772450328 0.9859080911
vn 0.5906415582 0.7843157649 0.1897138059
v -1.072198987 -1.76485002 0.954903245
vn 0.5371629 0.8104252815 0.2338094413
v -1.072198987 -1.755221725 0.9241541028
vn 0.5376739502 0.7978708744 0.2725963891
v -1.064743876 -0.5169420838 0.7608023286
vn 0.4499835074 -0.7976551652 -0.4015732408
v -1.040486336 -0.5196362138 0.7821477652
vn 0.2672884464 -0.7356802225 -0.6223596334
v -1.040486336 -0.5040903687 0.7624244094
vn 0.2855516374 -0.8854626417 -0.36662817
v -1.040486336 -0.4993135035 0.7310629487
vn 0.2658691108 -0.9595274329 0.09284761548
v -1.040486336 -0.5072488189 0.6980971694
vn 0.2584156394 -0.9380546212 0.2308135629
v -1.045872211 -0.5089998245 0.6978761554
vn 0.2740521133 -0.9015312791 0.3348684013
v -1.040486336 -0.5086715221 0.6952748895
vn 0.1254646033 -0.8651342392 0.4855938256
v -1.040486336 -0.5554727316 0.8128272295
vn 0.07837650925 -0.6545965075 -0.7519046068
v -1.040486336 -0.5284823775 0.7913098335
vn 0.1579271704 -0.6502001286 -0.7431681156
v -1.040486336 -0.5249414444 0.6638997793
vn 0.1582720578 -0.8710939288 0.4649143219
v -1.040486336 -0.5348305106 0.6492803097
vn 0.05755564198 -0.8016246557 0.5950506926
v -1.040486336 -0.5899556875 0.832782805
vn -0.1222102419 -0.3790248632 -0.9172812104
v -1.040486336 -0.5636136532 0.8188401461
vn -0.1228047386 -0.4748009145 -0.8714832664
v -1.040486336 -0.5495917797 0.6288244128
vn 0.04443323612 -0.8152221441 0.5774413347
v -1.040486336 -0.56218642 0.6127688289
vn -0.07876662165 -0.7297506332 0.6791611314
v -1.053759456 -0.6232445836 0.8432780504
vn -0.2309171855 -0.08155768365 -0.9695491791
v -1.040486336 -0.6228293777 0.8399879932
vn -0.2778345644 -0.151665017 -0.9485808611
v -1.040486336 -0.5796587467 0.5930650234
vn -0.07380703837 -0.7485309839 0.6589794159
v -1.040486336 -0.5902411938 0.5817945004
vn -0.1944919825 -0.5912615657 0.7826765776
v -1.040486336 -0.6548464894 0.8404068947
vn -0.2955925763 -0.1044389531 -0.9495880604
v -1.040486336 -0.6467126608 0.8403160572
vn -0.3458176851 -0.01109211333 -0.938236177
v -1.040486336 -0.619517386 0.5604974031
vn -0.335642755 -0.4368816912 0.8345527649
v -1.040486336 -0.6873828769 0.8449397087
vn -0.3521389067 -0.2897681892 -0.8899621367
v -1.040486336 -0.6358606219 0.5540073514
vn -0.1534657925 -0.377566874 0.9131765962
v -1.040486336 -0.6499890685 0.548671186
vn -0.1950455159 -0.1563905776 0.9682454467
v -1.046601534 -0.7216048837 0.8628275394
vn -0.3205197155 -0.5407874584 -0.7776991725
v -1.040486336 -0.7212529182 0.8600389957
vn -0.3301458359 -0.4019701183 -0.8540630937
v -1.040486336 -0.6814584732 0.5447503328
vn -0.1268697381 -0.06611163914 0.9897137284
v -1.040486336 -0.758553803 0.902320981
vn -0.03695466742 -0.7692905068 -0.6378294826
v -1.040486336 -0.7505822778 0.8911346197
vn -0.1183475256 -0.7921264768 -0.5987733603
v -1.040486336 -0.7244433761 0.8624693155
vn -0.225382939 -0.6997150183 -0.6779390574
v -1.040486336 -0.7130343318 0.5416731834
vn -0.05618021265 -0.1430485845 0.9881199002
v -1.040486336 -0.7946150303 0.9347808361
vn -0.1551962197 -0.4370783269 -0.8859326839
v -1.040486336 -0.7734231353 0.9202157855
vn -0.0490745604 -0.6476180553 -0.7603831291
v -1.055798888 -0.7448195815 0.5402550101
vn 0.2472270429 0.03561406955 0.968302846
v -1.040486336 -0.7443650365 0.5366536975
vn 0.02209004946 -0.07190982997 0.9971665144
v -1.049277663 -0.827907443 0.9453033209
vn -0.3361328244 -0.1234222651 -0.9336925149
v -1.040486336 -0.8274242282 0.9414747357
vn -0.2738486528 -0.1482582092 -0.9502770305
v -1.040486336 -0.7696014643 0.5371271372
vn -0.0280945655 0.02508920617 0.9992903471
v -1.040486336 -0.7764230967 0.5373965502
vn 0.143283546 0.06200560927 0.9877373576
v -1.040486336 -0.8595955372 0.943115592
vn -0.2561169863 -0.1398069412 -0.956482172
v -1.040486336 -0.8487156034 0.9426769614
vn -0.2967328429 -0.05609830469 -0.9533113837
v -1.040486336 -0.8090586662 0.5427155495
vn 0.02187542059 0.1189296916 0.9926616549
v -1.040486336 -0.8925294876 0.9507983327
vn -0.1844881922 -0.2567282915 -0.9487121105
v -1.040486336 -0.8416103721 0.547369957
vn -0.1101180837 0.1259730607 0.9859030247
v -1.05367434 -0.9262676835 0.9648528695
vn -0.2454025596 -0.3097382486 -0.918607533
v -1.040486336 -0.9257847667 0.9610267878
vn -0.2043045312 -0.2842497528 -0.9367292523
v -1.040486336 -0.8740799427 0.5513733625
vn -0.1684466302 -0.004287073389 0.9857014418
v -1.040486336 -0.9592239857 0.9727131128
vn -0.2059952617 -0.3393826485 -0.9178155661
v -1.040486336 -0.9336841106 0.9639167786
vn -0.2331303656 -0.2990937233 -0.9253070951
v -1.040486336 -0.9056196809 0.5480101705
vn -0.05326122791 -0.1524214894 0.9868794084
v -1.043301344 -1.06067431 1.523245335
vn 0.9470406175 -0.2298313677 -0.2242580056
v -1.040486336 -1.061158538 1.527082443
vn 0.5373643041 -0.1995740086 -0.819396019
v -1.040486336 -1.055642962 1.523880363
vn 0.5263409615 -0.565936029 -0.6345719695
v -1.040486336 -1.040135145 1.493873477
vn 0.7533423305 -0.620182693 -0.2187436968
v -1.049319029 -1.056703091 1.491782308
vn 0.9552541971 -0.2947955728 -0.02418715321
v -1.040486336 -1.048286438 1.460880399
vn 0.7136030197 -0.6683169603 0.2100552171
v -1.043419123 -1.052731991 1.460319281
vn 0.915027678 -0.3943301141 0.08501842618
v -1.040486336 -1.051401258 1.449775457
vn 0.6600572467 -0.7311019897 0.1726682037
v -1.043235898 -0.993164897 0.9883736968
vn -0.1116986945 -0.6368341446 -0.7628667355
v -1.040486336 -0.9931136966 0.9879680872
vn -0.1728842854 -0.4092645943 -0.8958870173
v -1.040486336 -0.9365724921 0.5399960279
vn 0.07386889309 -0.2622365654 0.9621722102
v -1.049625158 -1.092137337 1.519274235
vn 0.9593259096 -0.07713481784 -0.2715585232
v -1.040486336 -1.093961477 1.53372705
vn 0.5397248268 -0.1062634364 -0.8351079226
v -1.054485321 -1.088166118 1.487811208
vn 0.9895579815 -0.1080694869 -0.09537308663
v -1.053636909 -1.084195018 1.456348181
vn 0.976649642 -0.2143086344 -0.01507776231
v -1.040486336 -1.05793488 1.427698374
vn 0.8295764327 -0.5571361184 0.03744735941
v -1.053686619 -1.080223918 1.424885154
vn 0.9111269712 -0.4032228589 -0.08519973606
v -1.040486336 -1.05251801 1.396417856
vn 0.7392594814 -0.6523881555 -0.1669884175
v -1.0601542 -1.076252818 1.393422127
vn 0.83908391 -0.4773028791 -0.2609983981
v -1.040486336 -1.0426507 1.365698814
vn 0.7041588426 -0.6818763018 -0.1980024278
v -1.067468882 -1.072281599 1.361958981
vn 0.7633517385 -0.624168992 -0.1664547026
v -1.040486336 -1.037099123 1.334435463
vn 0.7062212229 -0.6946406364 -0.1368427724
v -1.069229126 -1.068310499 1.330496073
vn 0.743938446 -0.6440533996 -0.1781875938
v -1.040486336 -1.03449142 1.302800179
vn 0.623737514 -0.7795553207 -0.05696538091
v -1.040486336 -1.032474875 1.271090627
vn 0.5049734116 -0.8562917113 -0.1084728092
v -1.040486336 -1.032466292 1.239127278
vn 0.3855681717 -0.9225808382 -0.01348351408
v -1.040486336 -1.033617616 1.207017779
vn 0.3462060094 -0.9370849133 0.04486958683
v -1.040486336 -1.035122275 1.174863577
vn 0.2729479373 -0.9615588784 0.0300663989
v -1.040486336 -1.034878135 1.142930031
vn 0.226044178 -0.9739473462 -0.01818320714
v -1.040486336 -1.033849835 1.111095667
vn 0.2525405586 -0.9673450589 -0.0216053538
v -1.05818975 -1.040512562 1.110254645
vn 0.3771394491 -0.9256953597 0.02922210656
v -1.040486336 -1.033917069 1.079122782
vn 0.2913730443 -0.956099093 -0.03124567866
v -1.04714632 -1.036541343 1.078791499
vn 0.3394689858 -0.9372838736 -0.07911857218
v -1.040486336 -1.032386899 1.047351837
vn 0.1858937293 -0.9534814954 -0.237311095
v -1.04128778 -1.032570243 1.047328711
vn 0.2274176478 -0.914963305 -0.3333516419
v -1.040486336 -1.020388603 1.016901731
vn 0.007959427312 -0.8428958058 -0.5380179286
v -1.040486336 -0.9936150908 0.9883168936
vn -0.08887630701 -0.7170147896 -0.6913688183
v -1.040486336 -0.967546463 0.5321499109
vn 0.1351908892 -0.1755898148 0.9751367569
v -1.051886559 -1.123600364 1.515303135
vn 0.9602569342 -0.007132418454 -0.2790265381
v -1.040486336 -1.126284719 1.536571264
vn 0.6425373554 -0.0533191748 -0.7643970251
v -1.055770874 -1.119629145 1.483840108
vn 0.993624568 -0.0325310789 -0.1079442576
v -1.057322145 -1.115658045 1.452377081
vn 0.98770082 -0.09491120279 -0.1242536232
v -1.062505841 -1.111686945 1.420914054
vn 0.950284183 -0.2156526446 -0.2246193886
v -1.040486336 -0.9989836812 0.5279746056
vn 0.1493350714 -0.08397302777 0.9852144718
v -1.052130938 -1.155063391 1.511331916
vn 0.958547473 0.01723784767 -0.2844109535
v -1.040486336 -1.158136725 1.535682082
vn 0.8405960202 0.04661469907 -0.5396530032
v -1.056267977 -1.151092172 1.479868889
vn 0.9873358011 -0.03930592164 -0.1536980271
v -1.060264707 -1.147121072 1.448405862
vn 0.9789509177 -0.0938610509 -0.1812324822
v -1.069102168 -1.143149972 1.416942835
vn 0.9465535283 -0.1431937069 -0.289019078
v -1.063716292 -1.031958103 0.5359776616
vn 0.3189751208 0.08722580969 0.9437407255
v -1.040486336 -1.030913949 0.5277050138
vn 0.2152045071 0.03318271786 0.9760050774
v -1.051990271 -1.186526418 1.507360816
vn 0.9489974976 -0.004466146231 -0.3152519464
v -1.040486336 -1.189612627 1.531812549
vn 0.8592320085 0.02918931469 -0.5107526779
v -1.058166623 -1.182555318 1.475897789
vn 0.9760320783 -0.05099288002 -0.2115681171
v -1.066453218 -1.178584099 1.444434762
vn 0.9494909644 -0.1416889578 -0.279984206
v -1.042357326 -1.06342113 0.5320065022
vn 0.289604336 0.1321359724 0.9479817748
v -1.040486336 -1.063339233 0.5313583612
vn 0.2337443233 0.08777108043 0.9683283567
v -1.054014444 -1.217989445 1.503389716
vn 0.9301404357 -0.04120077938 -0.3648852408
v -1.040486336 -1.221420288 1.530571699
vn 0.8660103679 0.004579975735 -0.5000050664
v -1.062599778 -1.214018345 1.471926689
vn 0.9486873746 -0.1164093018 -0.2940086424
v -1.040486336 -1.065217972 0.5317797065
vn 0.2040321678 0.2098932564 0.9561985731
v -1.040486336 -1.096117258 0.5378047824
vn 0.1661428213 0.1009665281 0.9809191227
v -1.057092309 -1.249452472 1.499418497
vn 0.8988707066 -0.01451149676 -0.4379735887
v -1.040486336 -1.253257751 1.529567719
vn 0.8685868979 0.02228117362 -0.4950356483
v -1.068339825 -1.245481372 1.46795547
vn 0.9313353896 -0.09345851839 -0.351965785
v -1.040486336 -1.12843442 0.5406016111
vn 0.1086291149 0.04888602719 0.9928795695
v -1.040931463 -1.284886718 1.526910424
vn 0.8638727069 0.03724453971 -0.5023313165
v -1.040486336 -1.284941673 1.527346134
vn 0.4470742047 0.07185956091 -0.8916057944
v -1.040486336 -1.274603724 1.528208256
vn 0.431294769 0.07997198403 -0.8986597061
v -1.059941292 -1.280915499 1.495447397
vn 0.8961650729 -0.004236922134 -0.4437005818
v -1.040486336 -1.160250187 0.5394248962
vn 0.1217178777 -0.04591697454 0.9915021062
v -1.041252732 -1.316349745 1.522939324
vn 0.8634495735 0.1378323585 -0.4852392077
v -1.040486336 -1.316455007 1.523773074
vn 0.5763862729 0.04794517159 -0.8157696724
v -1.059423447 -1.312378645 1.491476297
vn 0.8931372762 0.1389694214 -0.4277772009
v -1.040486336 -1.191894054 0.5368855596
vn 0.1430748552 -0.0328865312 0.9891653657
v -1.040486336 -1.32168901 1.522265434
vn 0.8620954752 0.1763046831 -0.4750874341
v -1.053694367 -1.343841672 1.487505078
vn 0.8920507431 0.2566085756 -0.3720181286
v -1.040486336 -1.347046256 1.512894988
vn 0.8532681465 0.2767937779 -0.4419487715
v -1.065343976 -1.339870453 1.456042051
vn 0.9082381129 0.2843849063 -0.3069669306
v -1.058217645 -1.224707484 0.5436139703
vn 0.2702043951 0.1651995331 0.9485244751
v -1.040486336 -1.224062681 0.538505137
vn 0.211015135 0.07072512805 0.9749208093
v -1.043950081 -1.375304699 1.483533978
vn 0.8848145604 0.3195698559 -0.3390845656
v -1.040486336 -1.376176715 1.490442991
vn 0.8456083536 0.3354813159 -0.4152093232
v -1.05597043 -1.371333599 1.452070951
vn 0.9084250331 0.3123038113 -0.277903378
v -1.066075444 -1.36736238 1.420607924
vn 0.9073812366 0.3272331357 -0.2637760937
v -1.040486336 -1.240414023 0.5416315794
vn 0.284285754 0.1799409688 0.9417021275
v -1.040486336 -1.256816745 0.544762969
vn 0.2043368369 0.1002864167 0.9737499952
v -1.040486336 -1.385173321 1.482288361
vn 0.8781262636 0.3407926261 -0.3357895613
v -1.046285272 -1.402796626 1.448099852
vn 0.9023259282 0.3260115683 -0.2820006311
v -1.040486336 -1.404578924 1.46222043
vn 0.880698204 0.3476172686 -0.3217653334
v -1.056326628 -1.398825407 1.416636825
vn 0.9157580733 0.3152447045 -0.2490139455
v -1.0661062 -1.394854426 1.385173798
vn 0.9082432389 0.3304501176 -0.2567039728
v -1.040486336 -1.289153457 0.5477140546
vn 0.1236883253 0.007155243773 0.9922953248
v -1.040486336 -1.41895318 1.446060538
vn 0.8885912299 0.3537850976 -0.2919618189
v -1.046549082 -1.430288434 1.412665606
vn 0.9067690969 0.3325208127 -0.2592291534
v -1.040486336 -1.432379246 1.429231048
vn 0.8897164464 0.3616243005 -0.2786261141
v -1.056337118 -1.426317334 1.381202579
vn 0.9161729217 0.3173445463 -0.2447848171
v -1.06609726 -1.422346234 1.349739552
vn 0.9083297849 0.332998544 -0.2530790567
v -1.040486336 -1.320988417 0.5466892719
vn 0.08315583318 -0.02704860084 0.9961693883
v -1.040486336 -1.446509004 1.410618424
vn 0.8869886398 0.3670119345 -0.2802737951
v -1.046416283 -1.45778048 1.377231479
vn 0.9022111297 0.3481852412 -0.2545233667
v -1.040486336 -1.459801793 1.393247247
vn 0.8755267859 0.3957640529 -0.2771708965
v -1.056231618 -1.453809261 1.345768452
vn 0.9121778011 0.335208416 -0.2357265949
v -1.065579772 -1.449838161 1.314305305
vn 0.9078444242 0.3572463393 -0.2195301652
v -1.040486336 -1.352643013 0.5442359447
vn 0.08143828809 -0.0221697893 0.9964317679
v -1.040486336 -1.472006321 1.375435948
vn 0.8689909577 0.4084673524 -0.2793011367
v -1.045008898 -1.485272288 1.341797352
vn 0.8912336826 0.3852356374 -0.2393658608
v -1.040486336 -1.486771345 1.353674054
vn 0.7855994701 0.563284874 -0.2560149431
v -1.054462194 -1.481301188 1.310334086
vn 0.888052702 0.4213734567 -0.1838662028
v -1.061214566 -1.477330089 1.278871179
vn 0.8899169564 0.4295056164 -0.1535342634
v -1.068127513 -1.47335887 1.247408032
vn 0.8766372204 0.4458123147 -0.1809933335
v -1.040486336 -1.384522319 0.5435625315
vn 0.1172024012 0.0377715081 0.9923895001
v -1.040486336 -1.492735028 1.34085536
vn 0.7670259476 0.5962305665 -0.2370238751
v -1.040486336 -1.506144762 1.307198524
vn 0.8187518716 0.5403203964 -0.1941630244
v -1.04509604 -1.508792996 1.274900079
vn 0.8571933508 0.4952423573 -0.1412605047
v -1.040486336 -1.510863423 1.291303515
vn 0.5783116817 0.8019987345 -0.1495114863
v -1.052387595 -1.504821897 1.243436933
vn 0.8434900045 0.5120894909 -0.1621387303
v -1.063073993 -1.500850797 1.211974025
vn 0.8026383519 0.5458465219 -0.2404647619
v -1.050165176 -1.417456865 0.5512501001
vn 0.2626622021 0.237518847 0.9351969361
v -1.040486336 -1.417093873 0.5483744144
vn 0.1716324389 0.1443033516 0.9745351672
v -1.040486336 -1.514253855 1.27421093
vn 0.5711731911 0.8081178665 -0.1438982785
v -1.040486336 -1.520103335 1.241508126
vn 0.633300662 0.7509316206 -0.1871684194
v -1.040486336 -1.530044198 1.208289385
vn 0.7412387729 0.6167908907 -0.2648283839
v -1.055618882 -1.528342605 1.176539779
vn 0.6910567284 0.6415231824 -0.3329993784
v -1.040486336 -1.531816006 1.204058766
vn 0.475810945 0.8346236348 -0.2775019109
v -1.040486336 -1.42428124 0.5503886938
vn 0.1852512658 0.2463046759 0.9513232708
v -1.040486336 -1.450148344 0.5570123792
vn 0.2101379335 0.1896225363 0.9591065049
v -1.040486336 -1.541589856 1.174867749
vn 0.4740957618 0.8041013479 -0.358684063
v -1.049352169 -1.555834651 1.141105652
vn 0.5913748741 0.6084362864 -0.5292268395
v -1.040486336 -1.556791782 1.148689032
vn 0.3514901102 0.7302045822 -0.585880518
v -1.040486336 -1.482740045 0.5619829297
vn 0.1825853884 0.1966888458 0.9633151293
v -1.040486336 -1.566272497 1.13978827
vn 0.4445847273 0.5520837903 -0.7053707838
v -1.040486336 -1.585851192 1.125674129
vn 0.2662220001 0.1391209662 -0.9538192749
v -1.041428447 -1.515817165 0.5707997084
vn 0.3474862576 0.3807868063 0.8568866253
v -1.040486336 -1.515773177 0.5704512596
vn 0.1843691468 0.2462541461 0.9515076876
v -1.040486336 -1.617739677 1.125074625
vn 0.09473427385 -0.07129377127 -0.9929464459
v -1.05202198 -1.551251292 0.5982916355
vn 0.4236029088 0.6775393486 0.601249516
v -1.040486336 -1.550464034 0.5920546651
vn 0.2715931535 0.5292966962 0.8037923574
v -1.040486336 -1.516340375 0.570733726
vn 0.2095863521 0.5100653172 0.8342103362
v -1.069374681 -1.654194713 1.16065526
vn -0.3693444133 -0.5941850543 -0.7145130038
v -1.040486336 -1.652107716 1.144119978
vn -0.2467093319 -0.559610188 -0.7911832929
v -1.040486336 -1.631508231 1.131554484
vn -0.1169616431 -0.4996166527 -0.8583141565
v -1.045082331 -1.586685419 0.6257835627
vn 0.5258623362 0.5193359852 0.6736163497
v -1.040486336 -1.5862149 0.6220557094
vn 0.4099601805 0.6024311781 0.6848425865
v -1.040486336 -1.557639599 0.5974853039
vn 0.3034419417 0.6068006158 0.7346536517
v -1.069249034 -1.689628959 1.188147187
vn -0.2204914242 -0.5175902247 -0.8267308474
v -1.040486336 -1.688210011 1.176905394
vn -0.3171862662 -0.6248341799 -0.713424921
v -1.040486336 -1.669927359 1.158669472
vn -0.287179172 -0.5959926844 -0.7498805523
v -1.045077205 -1.622119665 0.653275311
vn 0.5386896133 0.5744991302 0.6162501574
v -1.040486336 -1.621613383 0.6492645741
vn 0.4511391222 0.552451551 0.7009071112
v -1.040486336 -1.590632081 0.6252854466
vn 0.39564538 0.5407916903 0.7422998548
v -1.040486336 -1.722931981 1.198753238
vn -0.06189090386 -0.2422558218 -0.9682363272
v -1.040486336 -1.699791312 1.186864614
vn -0.287216723 -0.552282095 -0.7826180458
v -1.051020384 -1.661524892 0.7122305036
vn 0.4711619318 0.7333116531 0.4901636839
v -1.040486336 -1.66001451 0.7002633214
vn 0.4281131327 0.74617064 0.5098514557
v -1.040486336 -1.647525668 0.682033062
vn 0.4085275233 0.7328760624 0.544056952
v -1.040486336 -1.62516582 0.652890861
vn 0.3735092878 0.7142284513 0.5919194221
v -1.070388198 -1.752555132 1.180204988
vn 0.6510075331 0.520565033 -0.5524502397
v -1.040486336 -1.755392313 1.202683687
vn 0.2729887366 0.1670786589 -0.9473974109
v -1.065170288 -1.704901457 0.8026483059
vn 0.5836331844 0.7385366559 0.3375439644
v -1.047356009 -1.700930357 0.7711853981
vn 0.5297838449 0.7427295446 0.4094897807
v -1.040486336 -1.699992537 0.7637549639
vn 0.4338573217 0.7429763079 0.5096607208
v -1.040486336 -1.684882879 0.7412464619
vn 0.4136549234 0.7758287191 0.4764235616
v -1.040486336 -1.667457461 0.71148175
vn 0.3938896954 0.779746294 0.4866689146
v -1.045524955 -1.784018159 1.176233768
vn 0.686244607 0.5772575736 -0.4425404668
v -1.040486336 -1.784927845 1.183440924
vn 0.5041111112 0.4530241191 -0.7352830172
v -1.058340073 -1.78004694 1.144770622
vn 0.6903380752 0.6960709691 -0.1972779036
v -1.068983793 -1.77607584 1.113307714
vn 0.6520796418 0.7516478896 -0.09908388555
v -1.0636549 -1.748277903 0.8930664062
vn 0.5870578289 0.7460156679 0.3143624067
v -1.052649736 -1.744306684 0.86160326
vn 0.6412726045 0.6997895837 0.3147442937
v -1.041001081 -1.740335584 0.8301402926
vn 0.6707159281 0.6601380706 0.3381684422
v -1.040486336 -1.740207791 0.8291274309
vn 0.6249563694 0.6760088801 0.3904376626
v -1.040486336 -1.723155022 0.8003444076
vn 0.5492272973 0.7188757658 0.4261068404
v -1.040486336 -1.705058336 0.7706643939
vn 0.4193204343 0.7536189556 0.5061905384
v -1.040486336 -1.789163232 1.175584435
vn 0.6703012586 0.7236443162 -0.1644236892
v -1.040486336 -1.79567337 1.142798305
vn 0.6500050426 0.7508636117 -0.1170356572
v -1.040486336 -1.799896955 1.110301137
vn 0.6492797136 0.7541178465 -0.09870254993
v -1.042755365 -1.803567886 1.077873349
vn 0.6769833565 0.7294998765 -0.09758832306
v -1.040486336 -1.804401278 1.084476948
vn 0.6279272437 0.7683787346 -0.1236992031
v -1.050029039 -1.799596667 1.046410322
vn 0.6823561192 0.7308318019 -0.01658261195
v -1.050931096 -1.795625567 1.014947295
vn 0.6544559002 0.7486165166 0.1061168313
v -1.045443058 -1.791654348 0.9834842086
vn 0.6040102839 0.7723558545 0.1965657175
v -1.040486336 -1.789728165 0.9682232738
vn 0.5719883442 0.7702882886 0.2819313407
v -1.040486336 -1.784001112 0.9524860382
vn 0.537892282 0.8072909713 0.2428028286
v -1.040486336 -1.774358273 0.9217388034
vn 0.5378522277 0.8068529367 0.2443425804
v -1.040486336 -1.765294433 0.8909186721
vn 0.5796813369 0.7700386643 0.2664770782
v -1.040486336 -1.754894853 0.8602668643
vn 0.5963482857 0.7379029989 0.31601879
v -1.040486336 -1.740785956 0.8300834894
vn 0.5578379035 0.7242798805 0.405259788
v -1.040486336 -1.805525541 1.077626348
vn 0.5773845315 0.8154292703 -0.0412584506
v -1.040486336 -1.807726145 1.045384169
vn 0.5553901792 0.8290376663 0.06510251015
v -1.040486336 -1.803617239 1.013938665
vn 0.522778511 0.832318306 0.184252277
v -1.040486336 -1.795110464 0.9830479622
vn 0.5207085609 0.8181288838 0.2439831048
v -1.008773804 -0.5202026367 0.7866352797
vn 0.0237257611 -0.7068135738 -0.7070018649
v -1.008773804 -0.4966404736 0.7633646727
vn 0.07230167091 -0.8659847379 -0.494816035
v -1.008773804 -0.4919076562 0.7319976687
vn 0.1792289019 -0.9805262089 0.08028293401
v -1.008773804 -0.5012468696 0.6988547444
vn 0.1492877901 -0.9394173622 0.308558166
v -1.008773804 -0.5076988935 0.6875691414
vn 0.06069779396 -0.8347468376 0.547278285
v -1.008773804 -0.5546764731 0.8065184355
vn -0.1974449158 -0.4696988761 -0.8604640961
v -1.008773804 -0.5270273685 0.7914934754
vn -0.1425359249 -0.4818275869 -0.8645957112
v -1.008773804 -0.5224474669 0.6642145514
vn 0.03929294273 -0.8406426907 0.5401628613
v -1.008773804 -0.534694016 0.6481992602
vn -0.08738895506 -0.735231638 0.6721588969
v -1.008773804 -0.5886842608 0.8227094412
vn -0.3205488026 -0.2408889383 -0.9160900712
v -1.008773804 -0.5760310292 0.8172728419
vn -0.2906838059 -0.4154180586 -0.8619343042
v -1.008773804 -0.5516867638 0.628559947
vn -0.1092780083 -0.7641396523 0.6357271075
v -1.008773804 -0.5626553297 0.6164841652
vn -0.2760751247 -0.601283133 0.7498273849
v -1.008773804 -0.6212936044 0.8278203011
vn -0.371471256 -0.06294655055 -0.9263081551
v -1.011689425 -0.5914754868 0.591573596
vn -0.2639268935 -0.7019941807 0.6614732146
v -1.008773804 -0.5916072726 0.5926177502
vn -0.4037201405 -0.5018958449 0.7649252415
v -1.038003325 -0.6547076106 0.839306891
vn -0.3955747485 -0.09820155799 -0.9131687284
v -1.008773804 -0.6531658173 0.8270911574
vn -0.3704326153 -0.02794759348 -0.9284387827
v -1.008773804 -0.5940259695 0.5912516713
vn -0.405679822 -0.431949079 0.8055084348
v -1.008773804 -0.6215410233 0.5765301585
vn -0.4673786461 -0.3781180978 0.7991144657
v -1.019594193 -0.6861707568 0.8353357911
vn -0.4079798758 -0.2545835972 -0.8767779469
v -1.008773804 -0.6855283976 0.8302468657
vn -0.3680191338 -0.1344574541 -0.9200451374
v -1.034108877 -0.6504305005 0.5521684289
vn -0.4962530434 -0.226119712 0.8382140398
v -1.008773804 -0.6522718668 0.5667578578
vn -0.4977676272 -0.2459638268 0.83170259
v -1.008773804 -0.7193589807 0.8450332284
vn -0.3838543594 -0.4739305675 -0.7924933434
v -1.008773804 -0.6968034506 0.8339937925
vn -0.4604558945 -0.3450976908 -0.8178557158
v -1.032810688 -0.6818935275 0.5481972694
vn -0.4440060854 -0.1500250548 0.8833748102
v -1.008773804 -0.6832714677 0.559114635
vn -0.4282094836 -0.206739679 0.8797132373
v -1.008773804 -0.7585630417 0.9023938775
vn -0.08521689475 -0.7683288455 -0.6343570352
v -1.008773804 -0.7511043549 0.891068697
vn -0.172203511 -0.882429719 -0.4377941191
v -1.008773804 -0.7353187799 0.8610966206
vn -0.2843085825 -0.7634791732 -0.5798863173
v -1.031664968 -0.7133565545 0.5442261696
vn -0.3281512558 -0.1938329786 0.9245244861
v -1.008773804 -0.7142038941 0.5509399176
vn -0.3991109729 -0.2501891553 0.882108748
v -1.008773804 -0.7938832641 0.9289830327
vn -0.1797541082 -0.2696307898 -0.9460378885
v -1.008773804 -0.7755535841 0.9199468493
vn -0.158921957 -0.6224910617 -0.7663215399
v -1.016716003 -0.7448195815 0.5402550101
vn -0.2017480433 -0.1536987126 0.96730268
v -1.008773804 -0.7449869514 0.5415812731
vn -0.3747360706 -0.1483969241 0.9151782393
v -1.008773804 -0.826157093 0.9314353466
vn -0.212539643 -0.08688366413 -0.9732821584
v -1.008773804 -0.7765898108 0.5387176275
vn -0.3133353889 0.04161122814 0.9487304091
v -1.032952428 -0.85937047 0.941332221
vn -0.2268106937 -0.2610031962 -0.9383145571
v -1.008773804 -0.8584756255 0.9342423677
vn -0.2077198178 -0.1321553886 -0.9692200422
v -1.008773804 -0.8092272878 0.5440513492
vn -0.3077962399 0.1698868275 0.9361623526
v -1.008773804 -0.8919414282 0.9461391568
vn -0.16634202 -0.2552616298 -0.9524556994
v -1.008773804 -0.8709635139 0.9398689866
vn -0.1739472747 -0.3182407618 -0.9319148064
v -1.008773804 -0.8422656655 0.5525617599
vn -0.2790656984 0.1799734384 0.9432560205
v -1.008773804 -0.9249140024 0.9541277885
vn -0.2191529572 -0.2212051451 -0.9502843022
v -1.022072554 -0.8746429086 0.5558333397
vn -0.26424703 0.007301592268 0.9644274116
v -1.008773804 -0.8647837639 0.5570777059
vn -0.3441809416 0.2383709252 0.9081403017
v -1.008773804 -0.8752559423 0.560690701
vn -0.1051288024 -0.1828181446 0.9775097966
v -1.026822925 -1.025240064 1.495753527
vn 0.661781013 -0.7486031651 -0.04048711434
v -1.008773804 -1.028878689 1.524582148
vn 0.5227670074 -0.706635654 -0.476844579
v -1.008773804 -1.013985991 1.497173905
vn 0.3664785624 -0.895754993 -0.2516275942
v -1.008773804 -1.017193079 1.464804888
vn 0.4601786137 -0.8724243045 0.1646556854
v -1.014433146 -1.021268964 1.4642905
vn 0.6694588065 -0.7102589607 0.2176170498
v -1.008773804 -1.020276546 1.45642817
vn 0.5731981993 -0.7605368495 0.3050041497
v -1.008773804 -0.9580743313 0.9636041522
vn -0.247254625 -0.402431041 -0.8814274669
v -1.008773804 -0.9520388246 0.9616001248
vn -0.2755009234 -0.2614416778 -0.9250662327
v -1.008773804 -0.8972640038 0.5529782176
vn -0.116763182 -0.2959084809 0.9480530024
v -1.008773804 -0.9059486985 0.5506170392
vn -0.003663746873 -0.2950052619 0.9554886222
v -1.008773804 -1.062723041 1.539477587
vn 0.1778746247 -0.2429972142 -0.9535790086
v -1.008773804 -1.031060815 1.526983023
vn 0.3987519145 -0.5292567611 -0.7489219904
v -1.008773804 -1.030140638 1.431206465
vn 0.5519737601 -0.8059663773 0.2138765007
v -1.032346606 -1.048760891 1.428856254
vn 0.5945644379 -0.8023286462 0.05255411565
v -1.008773804 -1.035643697 1.398547649
vn 0.4176648259 -0.9080888033 0.03050931729
v -1.027830005 -1.044789791 1.397393227
vn 0.4260851145 -0.8940350413 -0.1383937448
v -1.008773804 -1.03192687 1.367052317
vn 0.2670666575 -0.9524636269 -0.1465893388
v -1.036254883 -1.040818572 1.36593008
vn 0.3252056539 -0.9287133813 -0.1781368107
v -1.008773804 -1.026019931 1.335833788
vn 0.2328185141 -0.9628426433 -0.1368561536
v -1.039998293 -1.036847472 1.334467173
vn 0.3390873969 -0.9336577058 -0.1153386906
v -1.008773804 -1.022627711 1.304297566
vn 0.2387728542 -0.9683209062 -0.07309038192
v -1.037415862 -1.032876253 1.303004026
vn 0.3456832469 -0.9362844229 -0.0622462295
v -1.008773804 -1.021368861 1.27249229
vn 0.2398308665 -0.9696499109 -0.0475410223
v -1.031744003 -1.028905153 1.271541119
vn 0.3409321904 -0.9396905303 -0.02733068168
v -1.008773804 -1.020287275 1.240664482
vn 0.2630033493 -0.9643110037 -0.03055429272
v -1.021425128 -1.024934053 1.240077972
vn 0.3670533895 -0.9300976992 0.01378724817
v -1.008773804 -1.020360231 1.20869112
vn 0.2936685085 -0.9555584192 0.02582475916
v -1.0102247 -1.020962834 1.208615065
vn 0.3811742365 -0.9210680723 0.07962276042
v -1.008773804 -1.020682096 1.206390381
vn 0.3563155532 -0.9251913428 0.1306149065
v -1.008773804 -0.9922176003 0.9808680415
vn -0.2297593653 -0.4863313735 -0.843025744
v -1.008773804 -0.9362720847 0.5376159549
vn 0.06076361611 -0.3133120239 0.9477042556
v -1.008773804 -1.09518683 1.543434739
vn 0.07423920929 -0.1200403497 -0.9899893403
v -1.008773804 -1.025232434 1.176111817
vn 0.3225755095 -0.938611567 0.1222840846
v -1.008773804 -1.029191017 1.14364779
vn 0.2228152305 -0.973667264 0.0482230857
v -1.008773804 -1.028259158 1.111801267
vn 0.1527582258 -0.9867514372 -0.05464857072
v -1.008773804 -1.02543807 1.080192924
vn 0.1797994375 -0.9809585214 -0.07343394309
v -1.008773804 -1.022966266 1.048540831
vn 0.2071468532 -0.9704753757 -0.1235628426
v -1.008773804 -1.016509056 1.017391443
vn 0.09581774473 -0.9332560897 -0.3461965621
v -1.008773804 -0.9996448755 0.9875558615
vn -0.08951292187 -0.7991009951 -0.5944955945
v -1.008773804 -0.9672327638 0.5296646953
vn 0.03988357633 -0.1873926222 0.9814750552
v -1.016895413 -1.127571464 1.546766162
vn 0.3529190421 -0.1138782874 -0.9286979437
v -1.008773804 -1.127828479 1.548802257
vn 0.09409785271 -0.08746899664 -0.991713047
v -1.008773804 -1.120645881 1.547640204
vn -0.08591973037 -0.1608086228 -0.9832386971
v -1.008773804 -0.9986179471 0.5250772238
vn 0.04674990475 -0.09971922636 0.99391675
v -1.031077027 -1.159034491 1.542794943
vn 0.411726743 0.002864037873 -0.9113028646
v -1.008773804 -1.16007638 1.551049709
vn 0.1876641512 0.01435181499 -0.9821283817
v -1.008773804 -1.030255914 0.5224913955
vn 0.09099734575 -0.01171551738 0.9957821965
v -1.032840729 -1.190497518 1.538823843
vn 0.4672928452 0.07325143367 -0.8810628057
v -1.008773804 -1.191794038 1.549095988
vn 0.2103904635 0.04915297404 -0.9763810039
v -1.008773804 -1.062394381 0.5238723159
vn 0.131569773 0.09179016203 0.9870480895
v -1.035801172 -1.221960545 1.534852743
vn 0.4649752975 0.06411184371 -0.8829992414
v -1.008773804 -1.223462462 1.546751618
vn 0.2463411093 0.07071372122 -0.9666000605
v -1.008773804 -1.085516214 0.52921772
vn 0.2095403671 0.2304757535 0.9502493143
v -1.008773804 -1.095372438 0.5319039822
vn 0.1628191918 0.1725074053 0.9714582562
v -1.038958669 -1.253423572 1.530881524
vn 0.437673986 0.07004514337 -0.8964012265
v -1.008773804 -1.255129099 1.544394016
vn 0.2660694122 0.06418816745 -0.9618144035
v -1.008773804 -1.128059983 0.5376344323
vn 0.1157734469 0.05106351525 0.9919621944
v -1.008773804 -1.286909342 1.542935967
vn 0.3228741288 0.0163976457 -0.9462998509
v -1.008773804 -1.159897804 0.5366328359
vn 0.09652072936 -0.04985013232 0.9940818548
v -1.008773804 -1.319021821 1.54411006
vn 0.3895103931 -0.100074783 -0.915569067
v -1.008773804 -1.191426396 0.5331811309
vn 0.09907744825 -0.05712076277 0.9934388995
v -1.03582859 -1.347812772 1.518968105
vn 0.7900149822 0.1647928059 -0.5905249119
v -1.008773804 -1.351467013 1.547920108
vn 0.6700879335 0.0169135388 -0.7420890331
v -1.008773804 -1.223201513 0.5316820741
vn 0.1290807724 -0.001810877002 0.9916324019
v -1.012014985 -1.383247018 1.546460032
vn 0.8676199317 0.1339046508 -0.4788582623
v -1.008773804 -1.383810997 1.550928473
vn 0.5503890514 -0.0219695475 -0.8346192241
v -1.008773804 -1.363532782 1.548948288
vn 0.4836933315 -0.06600607187 -0.8727450967
v -1.026880383 -1.379275799 1.514997005
vn 0.8778890967 0.2710391581 -0.3947765529
v -1.024542212 -1.256170511 0.5396428704
vn 0.2931393087 0.1876227856 0.9374790788
v -1.008773804 -1.255531073 0.5345765352
vn 0.2045509219 0.1054286808 0.9731616974
v -1.009446979 -1.414710045 1.542488933
vn 0.9183567762 0.1500990093 -0.3661845326
v -1.008773804 -1.414842725 1.543540359
vn 0.6784456968 0.1474175304 -0.7197079659
v -1.021708131 -1.410738945 1.511025906
vn 0.9272035956 0.180505082 -0.3281941712
v -1.033196211 -1.406767726 1.479562879
vn 0.9072195888 0.2728405893 -0.3201728761
v -1.008773804 -1.271023989 0.5377681255
vn 0.2642352283 0.1946767271 0.9446061254
v -1.008773804 -1.28834331 0.5412946939
vn 0.1857220978 0.1076739356 0.9766850471
v -1.008773804 -1.417246461 1.542168736
vn 0.8650038838 0.270637989 -0.4225202501
v -1.017370939 -1.442201853 1.507054687
vn 0.9288005829 0.2056525052 -0.3082799911
v -1.008773804 -1.444437146 1.524765611
vn 0.8602560759 0.2691719234 -0.4330195785
v -1.026465893 -1.438230753 1.47559166
vn 0.9468086958 0.2171340138 -0.2374996841
v -1.035080075 -1.434259534 1.444128633
vn 0.9231619835 0.2943859994 -0.2472021133
v -1.008773804 -1.320694327 0.5443595648
vn 0.08406480402 0.007563371211 0.9964315891
v -1.010690451 -1.473664999 1.503083587
vn 0.9113898873 0.2830064595 -0.2987905443
v -1.008773804 -1.474097371 1.506508946
vn 0.8362347484 0.3221964836 -0.4437351823
v -1.020860553 -1.46969378 1.47162056
vn 0.9403718114 0.2702856958 -0.2065103203
v -1.026772141 -1.46572268 1.440157533
vn 0.9418162704 0.2841584682 -0.1795440167
v -1.034794688 -1.46175158 1.408694506
vn 0.9114149213 0.3419990242 -0.2288219929
v -1.008773804 -1.3525033 0.5431285501
vn 0.05628741905 -0.03090670332 0.9979361296
v -1.008773804 -1.47892189 1.502420068
vn 0.8862397075 0.3652935326 -0.2848504484
v -1.010103583 -1.501156807 1.46764946
vn 0.9123642445 0.3501096666 -0.212166667
v -1.008773804 -1.501634836 1.471435785
vn 0.8107327223 0.5410026312 -0.2236708403
v -1.017150402 -1.497185707 1.436186433
vn 0.914677918 0.3772326708 -0.1451199353
v -1.023844838 -1.493214607 1.404723406
vn 0.8773135543 0.453481257 -0.157084927
v -1.032862067 -1.489243507 1.373260379
vn 0.8342032433 0.5118030906 -0.2053351104
v -1.008773804 -1.384194374 0.5409641266
vn 0.07264747471 0.009099452756 0.9973161817
v -1.008773804 -1.503196001 1.467392087
vn 0.747569263 0.6536300182 -0.11793226
v -1.008773804 -1.510241032 1.434538603
vn 0.7558710575 0.6416302919 -0.1302669644
v -1.008773804 -1.517226338 1.401692748
vn 0.7867820859 0.6054806709 -0.1198628396
v -1.010502577 -1.520706415 1.36928916
vn 0.8025500178 0.5798242688 -0.1404182762
v -1.008773804 -1.521561384 1.376063228
vn 0.511251986 0.8562281728 -0.07412682474
v -1.019717813 -1.516735315 1.337826133
vn 0.7173743248 0.669919312 -0.1912647039
v -1.034071565 -1.512764096 1.306362987
vn 0.6054939032 0.7770165801 -0.172111541
v -1.008773804 -1.416370511 0.542643249
vn 0.1206773743 0.1205658764 0.9853429794
v -1.008773804 -1.522155404 1.369106293
vn 0.3565791845 0.9342333674 0.007701429538
v -1.008773804 -1.524162769 1.336888671
vn 0.3115472794 0.9481188059 -0.06331716478
v -1.008773804 -1.527506709 1.304502249
vn 0.2933347523 0.9476071 -0.1264734268
v -1.008773804 -1.533054113 1.27183795
vn 0.3503392041 0.9195711613 -0.1779083163
v -1.016277671 -1.536284924 1.239465833
vn 0.5082557201 0.8340010047 -0.2147520632
v -1.008773804 -1.537673831 1.250470757
vn 0.05750793964 0.9756585956 -0.2116204202
v -1.0370152 -1.532313704 1.208002925
vn 0.4562724829 0.8690312505 -0.1913113892
v -1.008773804 -1.43973887 0.5484377146
vn 0.1687103957 0.244558543 0.9548444748
v -1.008773804 -1.449401021 0.5510907173
vn 0.1443939954 0.2130580693 0.9663108587
v -1.008773804 -1.540040135 1.238991857
vn 0.1667761803 0.9730157256 -0.1594556421
v -1.008773804 -1.544672608 1.206443071
vn 0.2214616537 0.948041141 -0.2284135073
v -1.008773804 -1.553099155 1.173415065
vn 0.2313811481 0.9064798355 -0.3532097042
v -1.008773804 -1.558720708 1.163972378
vn 0.2363284677 0.6896420121 -0.6845018268
v -1.008773804 -1.482200503 0.5577081442
vn 0.1106591076 0.2182118446 0.969607234
v -1.008773804 -1.586566687 1.13722682
vn 0.3394716978 0.6196077466 -0.7077041864
v -1.008773804 -1.587240219 1.136679888
vn 0.2552056313 0.1257016808 -0.9586809278
v -1.008773804 -1.515131354 0.5653663874
vn 0.07695315033 0.2800859213 0.9568856359
v -1.008773804 -1.618402839 1.130328536
vn 0.1767378151 -0.01194036752 -0.9841855168
v -1.008773804 -1.523875833 0.5697826147
vn 0.04685219005 0.510160923 0.8588019013
v -1.008773804 -1.549654365 0.5856389403
vn 0.09905740619 0.5416005254 0.8347793221
v -1.008773804 -1.651618838 1.140246391
vn 0.01491876971 -0.4012538493 -0.9158453941
v -1.008773804 -1.625223994 1.132347703
vn 0.1584033221 -0.2796423137 -0.9469469786
v -1.008773804 -1.565091491 0.5965447426
vn 0.04517188296 0.5815012455 0.8122904301
v -1.008773804 -1.584797025 0.6108213663
vn 0.1493625194 0.5731741786 0.8057060242
v -1.008773804 -1.68598032 1.159238696
vn -0.2509796619 -0.6106849313 -0.7510480285
v -1.008773804 -1.683036804 1.157014847
vn -0.06649047136 -0.4456983507 -0.8927105069
v -1.008773804 -1.605837464 0.6233662963
vn 0.1066711545 0.5279474854 0.842551291
v -1.008773804 -1.619572163 0.6330926418
vn 0.2296979576 0.631637156 0.7404548526
v -1.008773804 -1.721771359 1.189558625
vn -0.175845176 -0.3868039846 -0.905240953
v -1.008773804 -1.715270281 1.184910893
vn -0.3028265238 -0.6152234674 -0.7278710008
v -1.017684102 -1.657553792 0.6807673573
vn 0.362161994 0.7633628249 0.5348980427
v -1.008773804 -1.65677321 0.6745831966
vn 0.2550162375 0.7451553941 0.6162062883
v -1.008773804 -1.637532353 0.6513299942
vn 0.2020983547 0.723623395 0.659943521
v -1.008773804 -1.755721331 1.20528996
vn 0.09015275538 -0.08754212409 -0.9920729995
v -1.014206767 -1.696959138 0.7397222519
vn 0.3952668011 0.7567282915 0.5206980705
v -1.008773804 -1.696264148 0.7342150807
vn 0.3864506483 0.7818800807 0.489202857
v -1.008773804 -1.681147456 0.7097538114
vn 0.3418321311 0.7770596147 0.5285159945
v -1.008773804 -1.661464214 0.6802737713
vn 0.2741802037 0.7763296366 0.56757164
v -1.008773804 -1.78781426 1.206310868
vn 0.3397748172 0.280547291 -0.8976894021
v -1.021132946 -1.736364484 0.798677206
vn 0.5253266096 0.708568573 0.4711290002
v -1.008773804 -1.73471427 0.7856033444
vn 0.5107568502 0.6549672484 0.5569069386
v -1.008773804 -1.720905304 0.7686642408
vn 0.4608057439 0.7198296785 0.5191370845
v -1.008773804 -1.699867487 0.7393551469
vn 0.4485190511 0.714582026 0.5368455648
v -1.014040351 -1.815481186 1.172262669
vn 0.6751372218 0.7098438144 -0.2007772475
v -1.008773804 -1.816439271 1.179853559
vn 0.496044606 0.6430028677 -0.5835127234
v -1.023493648 -1.811510086 1.140799522
vn 0.6761091948 0.7285836339 -0.1097370982
v -1.031786799 -1.807538986 1.109336615
vn 0.647300005 0.7577478886 -0.08258856833
v -1.035085678 -1.787683249 0.9520213008
vn 0.5532932878 0.7910423279 0.2609954178
v -1.027307272 -1.783712149 0.9205581546
vn 0.572406888 0.7881205678 0.2263102084
v -1.020908594 -1.77974093 0.8890952468
vn 0.5838433504 0.7779448628 0.2322256416
v -1.012462378 -1.77576983 0.8576321006
vn 0.5861783028 0.7646015286 0.2679170668
v -1.008773804 -1.774745703 0.8495182395
vn 0.5748654008 0.7354066372 0.3587573171
v -1.008773804 -1.763773084 0.8271821141
vn 0.5633404851 0.7194948792 0.4061707556
v -1.008773804 -1.744838715 0.7976076603
vn 0.5448615551 0.695371151 0.4685988724
v -1.008773804 -1.820357442 1.171647191
vn 0.6324222088 0.7601828575 -0.1488763392
v -1.008773804 -1.825074673 1.139087439
vn 0.6494284272 0.7561377883 -0.08061269671
v -1.008773804 -1.826285124 1.106970549
vn 0.6127606034 0.7886313796 -0.05084269121
v -1.008773804 -1.828093529 1.074777842
vn 0.5687428713 0.8223322034 -0.01735860109
v -1.008773804 -1.827908039 1.042837024
vn 0.5444636941 0.8372061253 0.05143148452
v -1.008773804 -1.821700454 1.011656284
vn 0.5131714344 0.8399580121 0.1764245033
v -1.008773804 -1.81342876 0.9807359576
vn 0.5150286555 0.8289124966 0.2182877958
v -1.008773804 -1.805298924 0.9497979283
vn 0.5499157906 0.8030532002 0.2295607924
v -1.008773804 -1.797050118 0.9188747406
vn 0.5537207723 0.7985011339 0.2361973524
v -1.008773804 -1.788352489 0.8880083561
vn 0.5188529491 0.8159754276 0.2549034357
v -1.008773804 -1.778356075 0.8573057055
vn 0.5108514428 0.8049924374 0.3016918302
v -0.9770610332 -0.5192323327 0.7789478898
vn -0.1679129601 -0.528588891 -0.8321051598
v -0.9770610332 -0.4970901906 0.763307929
vn -0.06878926605 -0.8068432212 -0.5867470503
v -0.9770610332 -0.4869164526 0.7326276898
vn 0.04198455438 -0.9974532127 0.05765778944
v -0.9770610332 -0.4983474016 0.699220717
vn 0.04706880078 -0.9238119125 0.3799422383
v -0.9770610332 -0.5074616671 0.6856893897
vn -0.08662364632 -0.7633340359 0.6401699185
v -0.9770610332 -0.5534327626 0.796664536
vn -0.2953829765 -0.3515642285 -0.8883420229
v -0.9770610332 -0.5394183993 0.7899295092
vn -0.2566674948 -0.4444498122 -0.8582459688
v -0.9770610332 -0.5244876742 0.6639570594
vn -0.1068481132 -0.7875683904 0.6068933606
v -0.9770610332 -0.5351746678 0.652007103
vn -0.2796683609 -0.6021576524 0.7477912903
v -0.9923553467 -0.5878104568 0.8157861233
vn -0.3840631545 -0.2223568857 -0.8961321712
v -0.9770610332 -0.5868929029 0.8085164428
vn -0.3781787157 -0.2628026307 -0.8876461387
v -0.9797134995 -0.5639836192 0.6270079613
vn -0.2753331363 -0.7089418173 0.6493020654
v -0.9770610332 -0.5641096234 0.6280061603
vn -0.4107711017 -0.5017033219 0.7612889409
v -0.9770610332 -0.6195912957 0.814332962
vn -0.381878227 -0.06474925578 -0.9219417572
v -0.9770610332 -0.6104626656 0.8129270077
vn -0.4370702207 -0.1566094607 -0.8856879473
v -0.9770610332 -0.5663875341 0.626704514
vn -0.4201105237 -0.4355635643 0.7961102128
v -0.9770610332 -0.5940061808 0.6116241217
vn -0.5009665489 -0.3961510658 0.7694783211
v -0.9770610332 -0.6516488791 0.8150727749
vn -0.3680803776 -0.07243266702 -0.9269683361
v -0.9940686226 -0.6229385138 0.5876024365
vn -0.5900277495 -0.33321172 0.7354163527
v -0.9770610332 -0.6245747209 0.6005660892
vn -0.568814218 -0.3065833449 0.7631887794
v -0.9770610332 -0.6839931011 0.8180826306
vn -0.352817595 -0.138551414 -0.9253773689
v -0.9844807982 -0.6544016004 0.5836312771
vn -0.5797141194 -0.2774695456 0.7661215663
v -0.9770610332 -0.6550841331 0.5890388489
vn -0.5671547055 -0.2952430248 0.76887393
v -0.9884569645 -0.7176337838 0.8313646317
vn -0.4609084129 -0.4971094131 -0.7351500988
v -0.9770610332 -0.7168088555 0.8248288631
vn -0.3863300979 -0.2641460299 -0.8837284446
v -0.9770610332 -0.6743130088 0.5811181664
vn -0.5652625561 -0.3084202707 0.7650851011
v -0.9770610332 -0.6854791641 0.576606214
vn -0.5017542243 -0.239229843 0.8312711716
v -0.9793291092 -0.7570390701 0.8903195858
vn -0.2181007862 -0.7603988051 -0.6117398739
v -0.9770610332 -0.7566998601 0.8876322508
vn -0.2643457055 -0.9183229208 -0.2946258187
v -0.9770610332 -0.7476694584 0.8595377803
vn -0.3803802133 -0.8110738993 -0.4443760514
v -0.9770610332 -0.726403296 0.8302577734
vn -0.4503575861 -0.6659334302 -0.5947358608
v -0.9770610332 -0.7162725925 0.5673299432
vn -0.5220204592 -0.2158755213 0.8251620531
v -0.9770610332 -0.7931318879 0.9230299592
vn -0.2070331126 -0.1927165389 -0.9591650963
v -0.9770610332 -0.784622252 0.9188022614
vn -0.3072877228 -0.6565552354 -0.6888464689
v -0.9770610332 -0.757589221 0.8902501464
vn -0.3512513936 -0.7848963141 -0.5104510188
v -0.9770610332 -0.7473887801 0.5606105924
vn -0.5667284131 -0.09587945044 0.8183068037
v -0.9770610332 -0.825589776 0.9269407988
vn -0.1876734495 -0.09881329536 -0.9772484899
v -0.9770610332 -0.7791258097 0.5588100553
vn -0.5502286553 0.05217661336 0.8333823085
v -0.9770610332 -0.8579162955 0.9298110008
vn -0.2214264423 -0.1876618117 -0.9569500089
v -0.9770610332 -0.8115035892 0.5620867014
vn -0.4539219439 0.1306426972 0.8814121485
v -0.9770610332 -0.8912113905 0.9403552413
vn -0.2322543263 -0.2210823745 -0.947196126
v -0.9770610332 -0.8838735223 0.9382394552
vn -0.2569073737 -0.293101579 -0.9209180474
v -0.988879025 -0.843179822 0.5598044395
vn -0.3619292378 0.1307672411 0.9229881763
v -0.9770610332 -0.8199768066 0.5627331138
vn -0.5948126912 0.08133102953 0.7997394204
v -0.9770610332 -0.8438795209 0.5653480291
vn -0.4491218626 -0.01831395738 0.8932828307
v -0.9770610332 -0.9240224957 0.9470642209
vn -0.277821064 -0.1625139564 -0.9467865229
v -0.9770610332 -0.8753279448 0.5612611175
vn -0.2103307098 -0.338139087 0.9172911048
v -0.9994162321 -1.029211164 1.527216554
vn 0.1224286631 -0.834938705 -0.5365524888
v -0.9770610332 -1.029534221 1.52977562
vn -0.001683574868 -0.2997508049 -0.9540160298
v -0.9770610332 -1.0260638 1.527613759
vn 0.1212737113 -0.7493205667 -0.6510080099
v -0.9770610332 -1.002854943 1.498578906
vn 0.2701805234 -0.9066008925 -0.3241562247
v -0.9770610332 -1.001633286 1.466768742
vn 0.3635423779 -0.923012495 0.1260350347
v -0.9770610332 -1.010883212 1.433637023
vn 0.3965266943 -0.8856112957 0.2417834103
v -0.9882228374 -1.017297745 1.432827473
vn 0.4816217124 -0.8266065121 0.2911394238
v -0.9770610332 -1.015530467 1.418825269
vn 0.4496560693 -0.8528840542 0.2653265595
v -1.002170086 -0.9577307105 0.9608817697
vn -0.358985126 -0.4106169641 -0.8381666541
v -0.9770610332 -0.9565556049 0.9515714645
vn -0.313290447 -0.228680864 -0.9217126369
v -0.9770610332 -0.890395999 0.553845048
vn -0.01928303763 -0.3744611144 0.9270420671
v -0.9770610332 -0.9056020379 0.547870338
vn -0.004334267695 -0.3616412878 0.9323072433
v -0.9770610332 -1.0625211 1.537878156
vn -0.07251805812 -0.1526548862 -0.9856153727
v -0.9770610332 -1.021638751 1.400315285
vn 0.4400710464 -0.8825762868 0.1655191779
v -0.9770610332 -1.024412513 1.368000865
vn 0.3529122472 -0.9356145263 0.008857264183
v -0.9770610332 -1.021451116 1.336410403
vn 0.2001062632 -0.9760724306 -0.08508905023
v -0.9770610332 -1.018350482 1.304837465
vn 0.1296040118 -0.9887639284 -0.07448978722
v -0.9770610332 -1.016390681 1.273120642
vn 0.1240514517 -0.9899783731 -0.06748384982
v -0.9770610332 -1.01384449 1.241477609
vn 0.1491276026 -0.9856250286 -0.07939932495
v -0.9770610332 -1.011117816 1.209857583
vn 0.2102979273 -0.9774608612 -0.01857455634
v -0.9770610332 -1.012831092 1.177677035
vn 0.2670347989 -0.9597162008 0.08739129454
v -0.9884431362 -1.016991735 1.177151918
vn 0.354509443 -0.9190648794 0.1721708775
v -0.9770610332 -1.015436769 1.164831638
vn 0.3339745998 -0.9216073155 0.1977394372
v -0.9770610332 -0.9907547832 0.9692783952
vn -0.2869826257 -0.5913537145 -0.7536190748
v -0.9770610332 -0.9754340649 0.9586473107
vn -0.3461686969 -0.4255030751 -0.8361305594
v -0.9770610332 -0.9361636043 0.5367563367
vn -0.07819703966 -0.2675080895 0.9603773355
v -0.9770610332 -1.094618678 1.53893435
vn -0.1042443812 -0.06862144172 -0.9921815395
v -0.9770610332 -1.020113111 1.14479363
vn 0.3003031611 -0.941778481 0.1512327343
v -0.9770610332 -1.023862123 1.112356305
vn 0.2016164511 -0.9791041017 0.02656984702
v -0.9770610332 -1.021848559 1.080646038
vn 0.1130550727 -0.9901492 -0.08260197937
v -0.9770610332 -1.018144608 1.049149394
vn 0.09353208542 -0.988540411 -0.1184889898
v -0.9770610332 -1.013500571 1.017771244
vn 0.05068868026 -0.9762101769 -0.2108182311
v -0.9770610332 -1.004179597 0.9869835377
vn -0.09395831078 -0.8909270167 -0.4443206787
v -0.9770610332 -0.9673070312 0.5302532315
vn -0.1218614802 -0.1649425179 0.978745997
v -0.9974341989 -1.127571464 1.546766162
vn -0.1629254818 -0.1981204897 -0.9665420651
v -0.9770610332 -1.127122879 1.543211818
vn -0.1406269372 -0.1298977137 -0.9815042615
v -0.9770610332 -0.9987177849 0.5258681178
vn -0.1243936494 -0.1191872731 0.9850485325
v -0.9770610332 -1.159976244 1.550256371
vn -0.06731191278 -0.07363732159 -0.9950108528
v -0.9770610332 -1.137364984 1.545530081
vn -0.1560380459 -0.210545361 -0.9650506377
v -0.9770610332 -1.030240774 0.5223715305
vn -0.09450272471 -0.06348571181 0.9934982657
v -0.9770610332 -1.192097902 1.551503301
vn -0.003406350268 -0.003967068624 -0.9999863505
v -0.9770610332 -1.062049031 0.5211352706
vn -0.07115874439 0.01305785403 0.9973795414
v -0.9770610332 -1.223814487 1.549541235
vn 0.03492348641 0.0586505942 -0.9976674914
v -0.9915050864 -1.094884157 0.5280354023
vn 0.2051319033 0.2320482731 0.9508283138
v -0.9770610332 -1.094491601 0.5249251127
vn 0.01943489164 0.1221418604 0.9923223257
v -0.9770610332 -1.255495071 1.547293067
vn 0.06171892211 0.03144374862 -0.9975981712
v -0.9770610332 -1.103505969 0.5269471407
vn 0.05363691226 0.1895311177 0.9804086089
v -0.9770610332 -1.127435088 0.5326840878
vn 0.121857807 0.1147541478 0.9858915806
v -0.9770610332 -1.287563443 1.548118114
vn 0.1297033578 -0.09343741089 -0.9871405363
v -0.9770610332 -1.159637809 0.5345730782
vn 0.05703602731 -0.01194641646 0.9983006716
v -0.9784042835 -1.320320845 1.554402351
vn 0.3091701567 -0.1677452177 -0.9360958338
v -0.9770610332 -1.32037878 1.554861069
vn 0.2564809322 -0.2302903384 -0.9387139678
v -0.9770610332 -1.319177628 1.554546595
vn 0.09273357689 -0.2324870974 -0.9681684971
v -0.9770610332 -1.191265583 0.5319070816
vn 0.04081702232 -0.07605872303 0.9962675571
v -1.004811406 -1.351783991 1.550431132
vn 0.3743608296 -0.1532922387 -0.914524734
v -0.9770610332 -1.35337162 1.563010693
vn 0.2774015367 -0.1993673295 -0.9398409724
v -0.9770610332 -1.222840786 0.528824389
vn 0.07356053591 -0.04297425225 0.9963644147
v -0.9770610332 -1.386409521 1.571516395
vn 0.3455032408 -0.09338576347 -0.9337593913
v -0.9770610332 -1.254704237 0.5280250311
vn 0.115803659 0.03250904754 0.9927399755
v -0.9770610332 -1.418667912 1.573847055
vn 0.5180386305 0.04502387345 -0.8541714549
v -0.9877156019 -1.287633538 0.535671711
vn 0.2450253367 0.2135234177 0.9457115531
v -0.9770610332 -1.287261605 0.5327243805
vn 0.165025115 0.139852643 0.9763236642
v -1.000878096 -1.446172953 1.538517714
vn 0.7753120065 0.2823918164 -0.5649302602
v -0.9770610332 -1.449613452 1.565776229
vn 0.6936322451 0.2447868288 -0.6774612665
v -0.9770610332 -1.295035601 0.5347375274
vn 0.1586608291 0.2365675122 0.9585731626
v -0.9770610332 -1.320213199 0.5405479074
vn 0.1305156946 0.09557447582 0.9868288636
v -0.9924839735 -1.477636099 1.534546614
vn 0.8170286417 0.287037015 -0.5000739694
v -0.9770610332 -1.480077505 1.553889513
vn 0.7293152213 0.2448215932 -0.6388753057
v -0.9770610332 -1.352373004 0.5420957804
vn 0.05409680307 0.006594414357 0.998513937
v -0.9843558669 -1.509099126 1.530575514
vn 0.8299849033 0.3973823488 -0.3914234936
v -0.9770610332 -1.510449529 1.541274309
vn 0.7461491823 0.3360894918 -0.5747219324
v -0.9989917278 -1.505128026 1.499112487
vn 0.8300297856 0.4849533737 -0.2754464447
v -0.9770610332 -1.384073496 0.5400063396
vn 0.03298913687 -0.02091742307 0.9992368221
v -0.9770610332 -1.522930145 1.528829813
vn 0.7164210677 0.5632404685 -0.4117050767
v -0.9771482348 -1.536590934 1.495141268
vn 0.8059772253 0.559926033 -0.1920507997
v -0.9770610332 -1.536621451 1.495382786
vn 0.6125288606 0.7625898123 -0.2080028504
v -0.9834111333 -1.532619834 1.463678241
vn 0.7496352792 0.6529247761 -0.1083337069
v -0.9900540709 -1.528648615 1.432215214
vn 0.6661466956 0.7408157587 -0.0862589851
v -0.9999672771 -1.524677634 1.400752187
vn 0.555141449 0.8286252022 -0.07209930569
v -0.9770610332 -1.415977001 0.5395251513
vn 0.02999123186 0.06748067588 0.99726969
v -0.9770610332 -1.536666155 1.49513185
vn 0.3652551472 0.9307380915 0.01775536686
v -0.9770610332 -1.537267804 1.463091612
vn 0.3324770927 0.942737639 0.02654736117
v -0.9770610332 -1.536617517 1.431209445
vn 0.2943544984 0.9552254081 0.02999662608
v -0.9770610332 -1.535965919 1.399327517
vn 0.253110081 0.9666449428 0.03915116936
v -0.9770610332 -1.534044743 1.367605686
vn 0.1817616373 0.9801828861 0.07876666635
v -0.9770610332 -1.531480312 1.335965157
vn 0.1430755705 0.9887621999 0.04334439337
v -0.9770610332 -1.530438781 1.304132223
vn 0.03300087526 0.9989560246 -0.0315877609
v -0.9770610332 -1.533213973 1.271817803
vn -0.05207049474 0.9868096709 -0.1532819718
v -0.9770610332 -1.537742496 1.251014471
vn -0.09603732824 0.9716212749 -0.2161687315
v -0.9873024225 -1.448919773 0.5472789407
vn 0.160655126 0.2751677036 0.9478780031
v -0.9770610332 -1.448685646 0.5454229712
vn 0.04405943304 0.1999186724 0.9788213968
v -0.9770610332 -1.540517926 1.238931537
vn -0.06632671505 0.9764893055 -0.2051081955
v -0.9770610332 -1.546357989 1.206230283
vn -0.01487196423 0.970413208 -0.2409918606
v -0.9770610332 -1.556742072 1.172955275
vn 0.04518508539 0.9449498057 -0.3240805268
v -0.9770610332 -1.559363365 1.169064283
vn 0.0461399816 0.6636534333 -0.7466158271
v -0.9770610332 -1.452902317 0.5467762351
vn -0.02219758928 0.2980002463 0.9543076754
v -0.9770610332 -1.481885552 0.5552126765
vn 0.02989313565 0.258884728 0.9654455185
v -1.007354617 -1.587297678 1.137134552
vn 0.2609512508 0.4747986495 -0.840518117
v -0.9770610332 -1.588394761 1.145826817
vn 0.1469698846 0.4812595844 -0.8641695976
v -0.9770610332 -1.515093327 0.5650647879
vn -0.06756363064 0.3436208665 0.9366748929
v -0.9987190366 -1.618760586 1.133163452
vn 0.2647247612 0.1604590416 -0.9508804679
v -0.9770610332 -1.61944139 1.1385566
vn 0.1780114621 -0.0170100145 -0.9838814139
v -0.9770610332 -1.52396512 0.5697712898
vn -0.09750203788 0.5175420642 0.850084424
v -0.9770610332 -1.549712658 0.5861009359
vn -0.05038250238 0.549968183 0.8336645961
v -0.9770610332 -1.652079701 1.143897414
vn 0.1264858097 -0.2877913713 -0.9493036866
v -0.9770610332 -1.564364195 0.5966364741
vn -0.07799443603 0.5691842437 0.8185023665
v -0.9770610332 -1.584845066 0.6112024188
vn -0.03318029642 0.5425677896 0.839356482
v -0.9770610332 -1.685698748 1.15700841
vn 0.04435170442 -0.5184063911 -0.8539834619
v -0.9770610332 -1.685165286 1.156746268
vn 0.1112966239 -0.3545485735 -0.9283902049
v -0.9770610332 -1.606047869 0.6233397126
vn -0.06672368944 0.5182064176 0.8526488543
v -0.9770610332 -1.619422555 0.6319071054
vn -0.008550477214 0.6360282302 0.7716184258
v -0.9946041107 -1.721091986 1.184176087
vn -0.2735767663 -0.5048616529 -0.8187004924
v -0.9770610332 -1.72029388 1.177852392
vn -0.07008688152 -0.5184604526 -0.8522244692
v -0.9770610332 -1.640643835 0.6509373188
vn -0.007786382921 0.6673979759 0.7446604967
v -0.9770610332 -1.655638576 0.6655932069
vn 0.09193163365 0.7235826254 0.6840882897
v -0.9770610332 -1.754868627 1.198534608
vn -0.1481133252 -0.3400425017 -0.9286730289
v -0.9770610332 -1.728837848 1.183198452
vn -0.1385767907 -0.4876590073 -0.8619658947
v -0.9819262028 -1.692988038 0.7082593441
vn 0.3851056099 0.7679333687 0.5118319988
v -0.9770610332 -1.692582488 0.7050464153
vn 0.2255787849 0.7192775607 0.6570799351
v -0.9770610332 -1.669175029 0.6793006063
vn 0.1473695189 0.7307508588 0.6665474176
v -0.9908918142 -1.787989259 1.207696676
vn 0.06468845159 -0.2010507584 -0.9774425626
v -0.9770610332 -1.788080812 1.208422422
vn -9.861828415e-18 0.1252225041 -0.9921286702
v -0.9770610332 -1.786221862 1.207919836
vn -0.07054241002 -0.2845760882 -0.9560545087
v -0.9913951159 -1.732393384 0.7672142982
vn 0.5099076033 0.6654792428 0.5450978279
v -0.9770610332 -1.730288029 0.7505340576
vn 0.4542817771 0.699041605 0.5522398949
v -0.9770610332 -1.719612718 0.7368630171
vn 0.3735671639 0.7017629147 0.6066105366
v -0.9770610332 -1.695520282 0.707939744
vn 0.2935261428 0.7216504812 0.6269473433
v -0.9770610332 -1.795068145 1.206803203
vn 0.03725815937 0.2531817555 -0.9667010307
v -0.9770610332 -1.819043398 1.200485468
vn 0.2274490893 0.5087991357 -0.8302953243
v -0.997726202 -1.77179873 0.8261691928
vn 0.5409869552 0.7418336868 0.3962522745
v -0.9774678349 -1.76782763 0.7947060466
vn 0.5452283621 0.7119067907 0.4426225722
v -0.9770610332 -1.767767668 0.7942320704
vn 0.4945608079 0.6557411551 0.5704499483
v -0.9770610332 -1.74292767 0.7658846974
vn 0.4593552053 0.6604606509 0.5939566493
v -0.9770610332 -1.846213102 1.168383837
vn 0.463932544 0.7751207352 -0.4288991392
v -0.9893229604 -1.842972994 1.136828423
vn 0.6595577598 0.7464358807 -0.08841426671
v -0.9770610332 -1.846748352 1.166739345
vn 0.6227858663 0.7641855478 -0.1678042114
v -0.9937220812 -1.839001894 1.105365515
vn 0.6513931155 0.7587363124 -0.002508781385
v -0.9984745979 -1.835030794 1.073902369
vn 0.592897594 0.8050270677 0.02009705268
v -1.003158092 -1.831059694 1.042439222
vn 0.5196397901 0.849634409 0.08997736871
v -0.999507606 -1.827088475 1.010976195
vn 0.5034803748 0.8461394906 0.1748013049
v -0.9933832884 -1.823117256 0.9795131087
vn 0.5237253308 0.8285178542 0.1981665939
v -0.9884458184 -1.819146156 0.9480502009
vn 0.5488988161 0.8111396432 0.2018975765
v -0.9817723036 -1.815175056 0.9165870547
vn 0.5553606153 0.7992346883 0.2297792435
v -0.9770610332 -1.813455224 0.9029608369
vn 0.5481129885 0.7837189436 0.2921589017
v -0.9770610332 -1.8069489 0.8856611848
vn 0.5194379687 0.8117895126 0.2667995989
v -0.9770610332 -1.79665792 0.8549957275
vn 0.5042034388 0.8144778609 0.2870621979
v -0.9770610332 -1.785514235 0.8244380355
vn 0.4980601072 0.7786098719 0.3817104101
v -0.9770610332 -1.768127084 0.7946682572
vn 0.4547167122 0.7308365703 0.5090290904
v -0.9770610332 -1.853432059 1.135508299
vn 0.5670636296 0.8179490566 -0.09694419056
v -0.9770610332 -1.852962613 1.103603363
vn 0.5895419121 0.8056326509 0.05827897042
v -0.9770610332 -1.849678993 1.072053432
vn 0.5383441448 0.8377555609 0.09138515592
v -0.9770610332 -1.845824957 1.040575504
vn 0.5092989802 0.8496363163 0.1368674487
v -0.9770610332 -1.840327859 1.009305239
vn 0.5073611736 0.840918839 0.1882556975
v -0.9770610332 -1.833303452 0.9782274365
vn 0.49048841 0.8494151235 0.1947179735
v -0.9770610332 -1.826571107 0.9471130371
vn 0.4822737277 0.8521340489 0.2031737864
v -0.9770610332 -1.818309188 0.9161914587
vn 0.494530201 0.83137995 0.253470391
v -0.945348382 -0.518407464 0.7724123001
vn -0.2803930044 -0.4070158601 -0.869320333
v -0.945348382 -0.501860261 0.7627058625
vn -0.321000576 -0.757668376 -0.5682404637
v -0.945348382 -0.4867529869 0.732648313
vn -0.2027303129 -0.97562325 -0.08402232826
v -0.945348382 -0.5001390576 0.6989945769
vn -0.1732369065 -0.8963269591 0.4081506133
v -0.945348382 -0.5079138875 0.6892727017
vn -0.3087235689 -0.6254324317 0.7166059613
v -0.9533773065 -0.5523762703 0.7882940769
vn -0.3040271103 -0.2940692604 -0.9061405659
v -0.945348382 -0.5520201325 0.7854728103
vn -0.3529300392 -0.321378082 -0.8787243962
v -0.9484629035 -0.5364916921 0.6624419689
vn -0.2826627791 -0.7261258364 0.6267719269
v -0.945348382 -0.5366453528 0.663659215
vn -0.4394626319 -0.5113236904 0.7385260463
v -0.945348382 -0.5850617886 0.7940088511
vn -0.3991439939 -0.1928874254 -0.8963696361
v -0.945348382 -0.5591284633 0.7874417901
vn -0.4393342137 -0.2295757681 -0.8684931993
v -0.945348382 -0.5393701792 0.6620786786
vn -0.4270958602 -0.432397157 0.7941170335
v -0.945348382 -0.5665476918 0.6473228931
vn -0.5139473677 -0.3918507397 0.7630931139
v -0.9723101854 -0.6192734838 0.8118149042
vn -0.4384102821 -0.05998736247 -0.8967708349
v -0.945348382 -0.6175141335 0.7978759408
vn -0.4296274483 -0.1042082682 -0.8969731927
v -0.9623113871 -0.5954466462 0.6230367422
vn -0.6005991697 -0.3381024301 0.7245463729
v -0.945348382 -0.5971363783 0.6364245415
vn -0.59733814 -0.298414588 0.7444030046
v -0.9609977603 -0.6507365108 0.807843864
vn -0.4120289683 -0.08667361736 -0.9070390463
v -0.945348382 -0.6498081088 0.800488472
vn -0.408251822 -0.09898944944 -0.9074863791
v -0.9524689913 -0.6269096732 0.6190656424
vn -0.6014338732 -0.2911364436 0.743987143
v -0.945348382 -0.6276281476 0.6247582436
vn -0.6197687387 -0.2978998721 0.7260456681
v -0.945348382 -0.6824174523 0.8055989742
vn -0.3847463429 -0.1306965202 -0.9137224555
v -0.945348382 -0.6762003899 0.8046299219
vn -0.4102000594 -0.1388960928 -0.9013566375
v -0.945348382 -0.6445474029 0.6168394685
vn -0.5941625237 -0.3336203992 0.7318936586
v -0.945348382 -0.65782547 0.6107581258
vn -0.5813623667 -0.2890066504 0.760587275
v -0.945348382 -0.7149051428 0.8097460866
vn -0.4190659821 -0.2958433926 -0.8584057093
v -0.9727378488 -0.6858646274 0.5796601772
vn -0.5843764544 -0.2673555613 0.7661756873
v -0.945348382 -0.6883999705 0.5997473001
vn -0.6127624512 -0.2316143364 0.755564034
v -0.9658198953 -0.7530679107 0.85885638
vn -0.4236146808 -0.8461055756 -0.3235056698
v -0.9459779263 -0.7490968108 0.8273935318
vn -0.4878330827 -0.7536116242 -0.4405546188
v -0.945348382 -0.7490384579 0.8269312978
vn -0.4099439979 -0.4179485142 -0.8107187748
v -0.9660747647 -0.7173276544 0.5756890178
vn -0.6174984574 -0.1807464361 0.7655236125
v -0.945348382 -0.7195150852 0.5930197835
vn -0.6656264067 -0.1199050993 0.7365896106
v -0.9633759856 -0.792473197 0.9178113341
vn -0.3852359951 -0.3170799315 -0.8666334748
v -0.945348382 -0.7911257744 0.907135725
vn -0.5711701512 -0.44551 -0.689409554
v -0.945348382 -0.7722550035 0.8883991241
vn -0.4790418744 -0.7438097 -0.4661180079
v -0.945348382 -0.7627948523 0.8576287031
vn -0.4668492377 -0.8217176795 -0.3268514574
v -0.945348382 -0.74945575 0.8273481727
vn -0.424529314 -0.7461985946 -0.5127987266
v -0.9641355872 -0.7487906814 0.5717179179
vn -0.6611062884 -0.09187592566 0.7446457148
v -0.945348382 -0.7510161996 0.5893504024
vn -0.6783397794 -0.04706540331 0.7332394123
v -0.945348382 -0.8244901896 0.9182287455
vn -0.2914218307 -0.1251785904 -0.9483689666
v -0.945348382 -0.8118609786 0.9153642654
vn -0.5816120505 -0.2787225842 -0.7642258406
v -0.9671982527 -0.780253768 0.5677467585
vn -0.6772336364 0.00629993435 0.7357410789
v -0.945348382 -0.7828446031 0.5882736444
vn -0.6600427032 0.01712858863 0.7510327697
v -0.945348382 -0.8569495678 0.9221515656
vn -0.3779426217 -0.1434176266 -0.9146533608
v -0.975045383 -0.811716795 0.5637756586
vn -0.6605935097 0.05352530628 0.7488332987
v -0.945348382 -0.8149434328 0.5893403888
vn -0.6046078801 -0.01940087602 0.7962870002
v -0.9690334797 -0.890833497 0.9373610616
vn -0.3427885473 -0.2080384344 -0.9160873294
v -0.945348382 -0.8896638155 0.9280938506
vn -0.4035893679 -0.1891896129 -0.8951663971
v -0.945348382 -0.8463416696 0.5848556757
vn -0.4472529292 -0.3102882206 0.8388599753
v -0.945348382 -0.9225129485 0.9351044893
vn -0.3513033688 -0.1479278207 -0.9245016575
v -0.945348382 -0.9172280431 0.9340296388
vn -0.4449244738 -0.1881061047 -0.8755902648
v -0.945348382 -0.8760767579 0.567193985
vn -0.36871773 -0.4403490424 0.8186207414
v -0.945348382 -1.029264092 1.527636051
vn -0.054613702 -0.2527194023 -0.9659970403
v -0.945348382 -1.028629661 1.527289867
vn -0.08300986886 -0.6407168508 -0.7632766962
v -0.945348382 -0.996735692 1.499351144
vn 0.0275024455 -0.8307467103 -0.5559707284
v -0.945348382 -0.9909199476 1.468120933
vn 0.1961533576 -0.9800890088 -0.03081290796
v -0.945348382 -0.9983032346 1.435224891
vn 0.2867336571 -0.93731004 0.1980750561
v -0.945348382 -1.004525304 1.402475238
vn 0.3375442922 -0.9292184114 0.150389567
v -0.9626733661 -1.013326645 1.401364446
vn 0.4515224099 -0.8814917803 0.1382018626
v -0.945348382 -1.008682609 1.369986176
vn 0.3553120494 -0.9285731912 0.107261993
v -0.9466580749 -1.009355545 1.36990118
vn 0.4358124137 -0.8934873343 0.1083877757
v -0.945348382 -1.009038329 1.367388248
vn 0.3530900776 -0.9289675951 0.1111154184
v -0.945348382 -0.9549838305 0.9391186237
vn -0.3871304095 -0.2827217877 -0.8776094913
v -0.945348382 -0.9047620296 0.5520318151
vn -0.1563938111 -0.4304276407 0.8889729977
v -0.945348382 -0.9060527086 0.5514408946
vn -0.202084139 -0.2942043543 0.9341337085
v -0.945348382 -1.062240958 1.535658121
vn -0.05568562821 -0.1105987355 -0.9923039079
v -0.945348382 -1.012608886 1.337526441
vn 0.3150845766 -0.9474223852 0.0557897687
v -0.945348382 -1.014102817 1.305373549
vn 0.1849869639 -0.9827213883 0.006202347111
v -0.945348382 -1.013303638 1.273510337
vn 0.1042430401 -0.9931890965 -0.0520465374
v -0.945348382 -1.010612607 1.241885543
vn 0.08016007394 -0.9920931458 -0.09656895697
v -0.945348382 -1.006945729 1.21038425
vn 0.09352251887 -0.9918199778 -0.08687147498
v -0.945348382 -1.005263567 1.178632259
vn 0.1684414446 -0.9855809212 0.01605515555
v -0.945348382 -1.008222222 1.146294355
vn 0.251247257 -0.9603889585 0.1205316335
v -0.958989203 -1.013020635 1.145688772
vn 0.3375526071 -0.9194316864 0.2017514557
v -0.945348382 -1.011223078 1.131447554
vn 0.3163029253 -0.9288449883 0.19287166
v -0.953446269 -0.9891937971 0.9569105506
vn -0.306745261 -0.6675413847 -0.6784510612
v -0.945348382 -0.9887568355 0.9534490108
vn -0.3345222771 -0.3817088902 -0.8616223931
v -0.945348382 -0.9369541407 0.5430197716
vn -0.2845169008 -0.2000274509 0.9375708699
v -0.945348382 -1.094266295 1.536141515
vn -0.05587579682 -0.05532382801 -0.9969037771
v -0.945348382 -1.01514852 1.113456011
vn 0.2778536379 -0.9514787197 0.1322332174
v -0.945348382 -1.017831683 1.081153035
vn 0.1711809486 -0.9851036668 0.0163677074
v -0.945348382 -1.016255021 1.049387813
vn 0.06894465536 -0.9943934679 -0.08017680794
v -0.945348382 -1.012777567 1.017862439
vn 0.015843492 -0.9891892076 -0.1457866132
v -0.945348382 -1.006846547 0.986646831
vn -0.07384926081 -0.9485305548 -0.3079546392
v -0.945348382 -0.9919722676 0.9565598965
vn -0.1780893356 -0.8484141231 -0.4984753132
v -0.945348382 -0.9682515264 0.5377362967
vn -0.3081875443 -0.1436790377 0.9404130578
v -0.945348382 -1.126456738 1.537933826
vn -0.1125237793 -0.09304348379 -0.9892832041
v -0.945348382 -0.9996469021 0.5332291126
vn -0.2990905941 -0.1242790967 0.9460970163
v -0.945348382 -1.159352303 1.545312881
vn -0.1470994949 -0.1348311007 -0.979888916
v -0.945348382 -1.152490497 1.543620944
vn -0.1949903518 -0.2152109146 -0.956902802
v -0.945348382 -1.031097174 0.5291568041
vn -0.2724224925 -0.09069833159 0.9578934312
v -0.945348382 -1.191889048 1.549848676
vn -0.1023250148 -0.0388806574 -0.9939908981
v -0.945348382 -1.062681317 0.5261455178
vn -0.1943436712 -0.005520518404 0.9809179902
v -0.945348382 -1.223801136 1.549435139
vn -0.06259019673 0.01690238155 -0.9978961945
v -0.945348382 -1.094634056 0.5260540843
vn -0.07203832269 0.0558565855 0.9958366156
v -0.945348382 -1.255548716 1.547718644
vn -0.01107653137 -0.01058062445 -0.9998826981
v -0.945348382 -1.10251534 0.5270721912
vn -0.1833914369 0.1264780462 0.9748696685
v -0.945348382 -1.127135992 0.5303136706
vn -0.07935426384 0.08936911076 0.9928323627
v -0.945348382 -1.28780055 1.549996614
vn 0.01729496196 -0.1409548074 -0.9898649454
v -0.945348382 -1.159442782 0.5330277085
vn -0.04125700518 -0.006285808515 0.9991288185
v -0.945348382 -1.320918083 1.559134245
vn 0.03766424954 -0.2173765004 -0.9753608704
v -0.945348382 -1.309474349 1.555771351
vn 0.001829083427 -0.2560735047 -0.9666555524
v -0.945348382 -1.191217065 0.5315220356
vn -0.02263183892 -0.08024832606 0.9965179563
v -0.945348382 -1.353647232 1.565194368
vn -0.02389298566 -0.1839588583 -0.9826434851
v -0.945348382 -1.222757578 0.5281643867
vn -0.00283074053 -0.08505985886 0.9963718057
v -0.945348382 -1.386260509 1.570335627
vn -0.09498278797 -0.1300573945 -0.9869464636
v -0.945348382 -1.254400611 0.5256199241
vn 0.03684256226 0.002235321095 0.9993185997
v -0.9760590792 -1.418681145 1.57395196
vn 0.08196498454 -0.02388203517 -0.9963490367
v -0.945348382 -1.418998837 1.576469183
vn 0.04909199849 -0.0208949279 -0.9985756874
v -0.945348382 -1.410876751 1.574936986
vn -0.08364634961 -0.1824874282 -0.9796436429
v -0.945348382 -1.28661108 0.5275705457
vn 0.06741661578 0.1170838028 0.9908311367
v -0.9682280421 -1.450144053 1.569980741
vn 0.275504142 0.1220538244 -0.9535199404
v -0.945348382 -1.451155066 1.57799089
vn 0.1622104943 0.03423202783 -0.9861622453
v -0.945348382 -1.308325052 0.5330600739
vn 0.07479057461 0.2408728302 0.9676707387
v -0.945348382 -1.31965673 0.5361383557
vn 0.0910423547 0.1529301256 0.9840343595
v -0.9621539116 -1.481607199 1.566009641
vn 0.5157723427 0.1747854054 -0.8387067318
v -0.945348382 -1.482904196 1.576285481
vn 0.2329128981 0.04877841845 -0.9712735415
v -0.945348382 -1.352190971 0.5406535864
vn 0.02029859647 0.06342086941 0.9977804422
v -0.958332777 -1.513070345 1.562038541
vn 0.6648525 0.3138094544 -0.6778604388
v -0.945348382 -1.51442349 1.57275939
vn 0.2266383171 0.3089049757 -0.9236952066
v -0.945348382 -1.384086728 0.5401116014
vn -0.03690223396 0.003769890405 0.9993117452
v -0.945348382 -1.534419537 1.559343934
vn 0.5231712461 0.595717907 -0.6094357967
v -0.9615371823 -1.540562153 1.526604295
vn 0.6148928404 0.7258546352 -0.3082886338
v -0.945348382 -1.543246269 1.547870636
vn 0.2470338941 0.908508122 -0.3370271325
v -0.945348382 -1.416060328 0.5401858687
vn -0.09743759036 0.1152130067 0.988550365
v -0.945348382 -1.549308181 1.525500417
vn 0.2426733673 0.9676226974 -0.06939730048
v -0.945348382 -1.549506068 1.4935112
vn 0.1984315217 0.9785186648 0.05591168255
v -0.945348382 -1.546584249 1.461915731
vn 0.1862379462 0.9790507555 0.0823110342
v -0.945348382 -1.543182969 1.430380821
vn 0.1323335469 0.9867109656 0.09428311884
v -0.945348382 -1.539817214 1.398841381
vn 0.08223047853 0.9918791056 0.09702592343
v -0.945348382 -1.536213994 1.367331862
vn 0.04561022297 0.9931114912 0.1079317182
v -0.945348382 -1.53247118 1.335839987
vn 0.0188847594 0.9942156672 0.1057288796
v -0.945348382 -1.529314518 1.304274082
vn -0.02424972318 0.9980234504 0.05797563121
v -0.945348382 -1.52859199 1.272401214
vn -0.09531219304 0.9923940897 -0.07790733874
v -0.9570201635 -1.536284924 1.239465833
vn -0.1922511011 0.9459506869 -0.2611835301
v -0.945348382 -1.533778429 1.239782214
vn -0.145733282 0.9724828601 -0.1817659438
v -0.945348382 -1.535582542 1.233901381
vn -0.111017637 0.9501110911 -0.2914859056
v -0.945348382 -1.448824883 0.5465262532
vn -0.1183559969 0.2021115571 0.9721845388
v -0.945348382 -1.543503642 1.206590533
vn -0.1069765538 0.9524929523 -0.2851547003
v -0.945348382 -1.555591941 1.173100471
vn -0.07726256549 0.9296233654 -0.3603205383
v -0.945348382 -1.559212565 1.167868257
vn -0.0519181639 0.6290758848 -0.775608182
v -0.945348382 -1.450406432 0.5470912457
vn -0.1612188816 0.3135874867 0.9357731342
v -0.945348382 -1.482201099 0.5577127337
vn -0.1724798679 0.3151517212 0.9332363605
v -0.945348382 -1.588808179 1.149102926
vn 0.005992046092 0.3509122431 -0.9363892078
v -0.945348382 -1.515789747 0.5705830455
vn -0.2073592991 0.3644694388 0.9078348875
v -0.945348382 -1.620218754 1.144716382
vn 0.1015741602 -0.04398931563 -0.9938549399
v -0.945348382 -1.516111493 0.5707625747
vn -0.1570211202 0.5150101781 0.8426795602
v -0.945348382 -1.550425768 0.5917511582
vn -0.1750644594 0.5309498906 0.8291228414
v -0.945348382 -1.652959585 1.150868773
vn 0.1469542384 -0.2721119225 -0.9509782195
v -0.945348382 -1.558624148 0.5973610282
vn -0.198293522 0.5372380614 0.8197895885
v -0.945348382 -1.585279942 0.6146476269
vn -0.1545477957 0.516182363 0.8424195647
v -0.945348382 -1.686470509 1.163122535
vn 0.08530727029 -0.396096468 -0.9142374992
v -0.945348382 -1.673180223 1.158258915
vn 0.1417986155 -0.3347443938 -0.9315789342
v -0.945348382 -1.600662947 0.6240193248
vn -0.1408139914 0.5149235129 0.8455916047
v -0.945348382 -1.619984627 0.6363601685
vn -0.09928191453 0.5922676921 0.7996011972
v -0.945348382 -1.720010161 1.175604939
vn -0.001331794774 -0.361502856 -0.9323700666
v -0.945348382 -1.638671398 0.6511861682
vn -0.08038610965 0.6309370399 0.7716583014
v -0.945348382 -1.655676484 0.6658933759
vn -0.03576182202 0.6771247983 0.734998703
v -0.945348382 -1.754195809 1.193203568
vn -0.1197057962 -0.3987521231 -0.9092124104
v -0.945348382 -1.733763814 1.182576656
vn -0.06418564171 -0.4318154454 -0.8996753097
v -0.945348382 -1.670179129 0.6791738868
vn -0.06841036677 0.6934609413 0.7172390819
v -0.945348382 -1.691924095 0.6998298764
vn -0.007085254882 0.6967148185 0.71731323
v -0.9716264606 -1.787989259 1.207696676
vn -0.137089774 0.21882689 -0.9660854936
v -0.945348382 -1.787548542 1.204205155
vn -0.1031607091 -0.1576305032 -0.9820949435
v -0.9565998316 -1.728422165 0.7357510924
vn 0.3480591476 0.7117733955 0.6101093888
v -0.945348382 -1.727745414 0.7303894758
vn 0.1267872006 0.6437504888 0.7546590567
v -0.945348382 -1.700693607 0.7072867751
vn 0.03914970905 0.6618371606 0.7486246228
v -0.945348382 -1.817130208 1.204018593
vn -0.0007672337815 -0.05558417365 -0.9984537363
v -0.9485388994 -1.819452405 1.203725576
vn 0.1001138538 0.725654006 -0.6807374358
v -0.945348382 -1.819487333 1.204002976
vn 0.07723537087 0.155683443 -0.9847828746
v -0.945348382 -1.76218617 0.7634539008
vn 0.1696159095 0.6649181843 0.7274024487
v -0.945348382 -1.764135003 0.7654502988
vn 0.389230907 0.7021709681 0.5962007046
v -0.945348382 -1.733367801 0.7351269126
vn 0.201489076 0.6879990101 0.6971796751
v -0.945348382 -1.820470572 1.203597069
vn 0.4360407889 0.441947341 -0.7839330435
v -0.975972712 -1.846944213 1.168291569
vn 0.4979662001 0.7001869678 -0.5116325617
v -0.945348382 -1.849467993 1.188287854
vn 0.4186076224 0.5876632929 -0.6924012899
v -0.9705759287 -1.811203957 0.8851241469
vn 0.5197407603 0.8063116074 0.2823670506
v -0.9603008628 -1.807232738 0.8536610007
vn 0.5200071931 0.8042014837 0.2878412008
v -0.9469547272 -1.803261638 0.8221980333
vn 0.5080495477 0.8021733761 0.313693285
v -0.945348382 -1.802989483 0.8200417757
vn 0.3601239026 0.7980651855 0.4831177592
v -0.945348382 -1.786228299 0.7923836112
vn 0.3082990646 0.7679075003 0.5614888072
v -0.945348382 -1.864710569 1.166049123
vn 0.4478196204 0.8030654788 -0.39312011
v -0.9458350539 -1.87443614 1.132857203
vn 0.5457789302 0.8272999525 -0.1330420375
v -0.945348382 -1.874543548 1.133708239
vn 0.4889281988 0.8382584453 -0.2413958758
v -0.9523958564 -1.87046504 1.101394296
vn 0.5707269311 0.8200988173 0.04133651033
v -0.9509629011 -1.866493821 1.069931149
vn 0.5556204915 0.8228518367 0.1191668734
v -0.9492736459 -1.862522602 1.038468122
vn 0.5280946493 0.8390648961 0.1307142228
v -0.9466106892 -1.858551502 1.007005095
vn 0.5179512501 0.841132462 0.1556365788
v -0.945348382 -1.857937813 1.002142787
vn 0.5151258111 0.823669672 0.237094298
v -0.945348382 -1.850438237 0.9760647416
vn 0.4917168319 0.8433998227 0.2165438682
v -0.945348382 -1.842605948 0.9450891614
vn 0.4695824981 0.8599345684 0.2000121325
v -0.945348382 -1.835625648 0.914005816
vn 0.4718419313 0.8512811661 0.2295332849
v -0.945348382 -1.826558352 0.8831861615
vn 0.4682729542 0.8345053196 0.2903812528
v -0.945348382 -1.816282511 0.8525187969
vn 0.3819687665 0.8570345044 0.3458203375
v -0.945348382 -1.804201245 0.8220794201
vn 0.2732868791 0.858227551 0.4344649613
v -0.945348382 -1.874758005 1.132816672
vn 0.4453029633 0.8931649923 -0.06294072419
v -0.945348382 -1.875194788 1.100797296
vn 0.4677067995 0.8802418709 0.08015380055
v -0.945348382 -1.870106697 1.069475174
vn 0.4842271209 0.8650085926 0.1314693391
v -0.945348382 -1.864973068 1.038158774
vn 0.4997394383 0.8542822599 0.143046692
v -0.945348382 -1.859353304 1.006903887
vn 0.5069463849 0.8378825188 0.2023815364
v -0.9206792712 -0.5169420838 0.7608023286
vn -0.4085214138 -0.4091017246 -0.8159326315
v -0.9136356711 -0.5159750581 0.7531404495
vn -0.5703196526 -0.6620323062 -0.4862599671
v -0.9136356711 -0.5008286834 0.730871737
vn -0.488941133 -0.8712482452 -0.0431632176
v -0.9266426563 -0.5089998245 0.6978761554
vn -0.4120860398 -0.7667967081 0.4921462238
v -0.9136356711 -0.5104382038 0.7092725635
vn -0.6985675097 -0.592119813 0.4017431736
v -0.9136356711 -0.5499088168 0.7687448263
vn -0.4737875164 -0.258577615 -0.8418212533
v -0.9136356711 -0.5237376094 0.7599445581
vn -0.7290739417 -0.3592891991 -0.5825482607
v -0.9136356711 -0.521481812 0.6963008046
vn -0.5260975361 -0.5104882717 0.6801639795
v -0.9136356711 -0.5393252373 0.6848918796
vn -0.5592480302 -0.4002149403 0.7259956598
v -0.9278078079 -0.5838392973 0.7843228579
vn -0.4706930816 -0.1983290166 -0.8597171903
v -0.9136356711 -0.5827928782 0.7760326266
vn -0.5740720034 -0.1925695688 -0.7958381176
v -0.9317545295 -0.5679547191 0.6584707499
vn -0.636536777 -0.3220905662 0.7007700205
v -0.9136356711 -0.5699786544 0.674506247
vn -0.6547691822 -0.2706213593 0.7057204843
v -0.9136356711 -0.6156398058 0.783025682
vn -0.4217698574 -0.1146339551 -0.8994271755
v -0.9136356711 -0.6071531773 0.7813802958
vn -0.5692129731 -0.1806554049 -0.8020973802
v -0.9236347675 -0.5994177461 0.65449965
vn -0.643558681 -0.2738196552 0.71474123
v -0.9136356711 -0.6005777121 0.6636900306
vn -0.685400784 -0.2740929127 0.6746101975
v -0.9136356711 -0.6481434107 0.7872989774
vn -0.4245783091 -0.118985258 -0.8975387216
v -0.9136356711 -0.6281432509 0.6508740783
vn -0.6618450284 -0.3192154467 0.6782792211
v -0.9136356711 -0.6307697892 0.649649322
vn -0.6199602485 -0.2794018686 0.7332011461
v -0.9418874979 -0.6821995974 0.8038726449
vn -0.4169216454 -0.1066026092 -0.9026694894
v -0.9136356711 -0.6805713773 0.7909725904
vn -0.4113187492 -0.1091069803 -0.9049378633
v -0.9398977757 -0.6583727598 0.6150944829
vn -0.6448866725 -0.2894441187 0.7073494792
v -0.9136356711 -0.6612909436 0.6382152438
vn -0.6564800739 -0.257458508 0.7090479732
v -0.9254575372 -0.7136626244 0.799901545
vn -0.4221994579 -0.2320585549 -0.8762969971
v -0.9136356711 -0.7129920125 0.7945883274
vn -0.4048957825 -0.1537850499 -0.9013376236
v -0.9323666692 -0.6898357868 0.611123383
vn -0.670565784 -0.2053872049 0.7128517628
v -0.9136356711 -0.692116797 0.6291958094
vn -0.68202281 -0.1786381453 0.7091779113
v -0.9136356711 -0.7466343641 0.8078837991
vn -0.4594228268 -0.4689609706 -0.7543250322
v -0.9136356711 -0.7257118225 0.7983807325
vn -0.4461244643 -0.3117629886 -0.8389140368
v -0.9298232198 -0.7212988138 0.6071522236
vn -0.6823788285 -0.1293651164 0.7194607854
v -0.9136356711 -0.7232247591 0.6224115491
vn -0.634709537 -0.1483853459 0.7583703399
v -0.9269356132 -0.7885020971 0.8863484859
vn -0.6875067353 -0.511048913 -0.515910387
v -0.9136356711 -0.7850296497 0.858836472
vn -0.7185727954 -0.5566429496 -0.4168953896
v -0.9136356711 -0.7828122377 0.855102241
vn -0.5467951894 -0.7572152615 -0.357267499
v -0.9136356711 -0.7660557628 0.8252530694
vn -0.5004624724 -0.704061389 -0.5038203001
v -0.9300400615 -0.7527618408 0.6031810641
vn -0.6756849885 -0.07425846159 0.733440876
v -0.9136356711 -0.7546227574 0.6179247499
vn -0.5681840181 -0.1030820459 0.816419661
v -0.9386171699 -0.8239362836 0.9138402343
vn -0.5911367536 -0.21575059 -0.7771801949
v -0.9136356711 -0.8208292127 0.8892230988
vn -0.6692585945 -0.2871029973 -0.6853209734
v -0.9136356711 -0.8100959659 0.883623004
vn -0.7477266192 -0.3826105297 -0.5426915288
v -0.9325340986 -0.7842249274 0.5992099643
vn -0.6537690163 -0.03123972937 0.756049037
v -0.9136356711 -0.7862061262 0.6149068475
vn -0.518868804 -0.08823974431 0.8502875566
v -0.9226238132 -0.8553993106 0.9098690748
vn -0.500628233 -0.1529935151 -0.8520354033
v -0.9136356711 -0.8544946313 0.9027016759
vn -0.6600129604 -0.2547124028 -0.7067562938
v -0.9372813106 -0.8156879544 0.5952388048
vn -0.5977306366 -0.06858703494 0.7987577319
v -0.9136356711 -0.8177074194 0.6112392545
vn -0.4874366224 -0.1622236669 0.8579562902
v -0.9136356711 -0.8874134421 0.9102640152
vn -0.4864341319 -0.1446882188 -0.8616537452
v -0.9136356711 -0.8728541136 0.9076659679
vn -0.6309683919 -0.1833085418 -0.7538414001
v -0.9347802997 -0.8471509814 0.591267705
vn -0.5182212591 -0.2637699842 0.8135552406
v -0.9136356711 -0.8486176729 0.6028879881
vn -0.4615629315 -0.3148493171 0.8293548822
v -0.9378772974 -0.9898059368 1.4682616
vn 0.1401761919 -0.9899531007 -0.01853207499
v -0.9136356711 -0.9915309548 1.481928825
vn 0.05889033899 -0.9203218222 -0.3867035508
v -0.9136356711 -0.9864248633 1.468688369
vn 0.06969901174 -0.9870426059 -0.1445302814
v -0.9136356711 -0.98818326 1.455405116
vn 0.1711668074 -0.976867795 0.1281844229
v -0.9424491525 -0.9222965837 0.9333899617
vn -0.5039749742 -0.1281799078 -0.8541540504
v -0.9136356711 -0.9200306535 0.9154371023
vn -0.5227140784 -0.155840233 -0.8381431103
v -0.9136356711 -0.8727638125 0.5880349278
vn -0.4738188982 -0.4681124985 0.7458996773
v -0.9136356711 -0.8782817721 0.5846640468
vn -0.5036290884 -0.3927699924 0.7694734931
v -0.9428427815 -1.029211164 1.527216554
vn -0.142268464 -0.3610849679 -0.9216166735
v -0.9136356711 -1.02851367 1.521689415
vn -0.04990850016 -0.572729528 -0.8182237148
v -0.9136356711 -0.9991517663 1.499046206
vn -0.05911465734 -0.7751771212 -0.6289720535
v -0.9136356711 -0.9906746149 1.436187625
vn 0.190406695 -0.967304945 0.1675304025
v -0.9136356711 -0.9958531857 1.403569818
vn 0.1983750165 -0.9738423228 0.1108080521
v -0.9136356711 -0.997505486 1.371396899
vn 0.2376644015 -0.9689434767 0.06829468161
v -0.9136356711 -1.000538111 1.339050055
vn 0.2775508463 -0.9547385573 0.1069570705
v -0.9264897108 -1.005384326 1.338438272
vn 0.3457731009 -0.9271967411 0.144038856
v -0.9136356711 -1.003489733 1.323427081
vn 0.3127924204 -0.9335011244 0.1753182858
v -0.9283071756 -0.953759551 0.9294187427
vn -0.4912253916 -0.2731389403 -0.8270989656
v -0.9136356711 -0.9526637197 0.9207365513
vn -0.4772394598 -0.2463093102 -0.8435485959
v -0.9446203709 -0.906105876 0.5518621802
vn -0.5186771154 -0.3165086508 0.7942268848
v -0.9136356711 -0.908536315 0.5711183548
vn -0.5602856278 -0.2761911154 0.7808959484
v -0.9136356711 -1.062127829 1.534761906
vn 0.07750099152 -0.1645019799 -0.9833273888
v -0.9136356711 -1.037916899 1.526117682
vn 0.07007196546 -0.4288855791 -0.9006370306
v -0.9136356711 -1.006692767 1.306308746
vn 0.2580663562 -0.9597112536 0.1111577377
v -0.9136356711 -1.009615302 1.273975849
vn 0.1641627401 -0.9859766364 0.03001081198
v -0.9136356711 -1.008571267 1.242143273
vn 0.07826420665 -0.9948651195 -0.06417270005
v -0.9136356711 -1.005391717 1.210580349
vn 0.04257041216 -0.9938312769 -0.1024068519
v -0.9136356711 -1.002202034 1.179018617
vn 0.06506950408 -0.9954118133 -0.07015219331
v -0.9136356711 -1.001066327 1.147197604
vn 0.1531103998 -0.9877266884 0.03087363765
v -0.9136356711 -1.004086733 1.11485219
vn 0.2312752157 -0.9631072283 0.1376091838
v -0.9283156991 -1.009049535 1.114225864
vn 0.3151549399 -0.9287267327 0.1953049451
v -0.9136356711 -1.007216811 1.099705935
vn 0.2617097497 -0.9450762868 0.1958028972
v -0.9136356711 -0.9868975878 0.9387181401
vn -0.37941131 -0.5375518203 -0.7530505061
v -0.9136356711 -0.9698482156 0.9273881912
vn -0.4468570948 -0.4078046381 -0.7962500453
v -0.9373654723 -0.9375689626 0.5478910208
vn -0.5463348031 -0.1881144792 0.8161686659
v -0.9136356711 -0.9396176934 0.5641230345
vn -0.5918563604 -0.1765092015 0.7864798307
v -0.9136356711 -1.094330549 1.536651373
vn 0.1663014144 -0.02922302485 -0.9856418371
v -0.9136356711 -1.010846138 1.082034707
vn 0.2139571905 -0.9673185945 0.1360775977
v -0.9136356711 -1.013839841 1.04969275
vn 0.09798444062 -0.9950959086 0.01353657432
v -0.9136356711 -1.01234448 1.017917156
vn 0.01934788935 -0.9952673316 -0.09522895515
v -0.9136356711 -1.008056402 0.9864941835
vn -0.03873365372 -0.9794059992 -0.1981505156
v -0.9136356711 -0.9991728663 0.9556510448
vn -0.1644854248 -0.8949247003 -0.414794296
v -0.9348425269 -0.9690319896 0.5439199209
vn -0.5415948629 -0.1505276114 0.8270528913
v -0.9136356711 -0.9707631469 0.5576356053
vn -0.5416023135 -0.1979428232 0.8169979453
v -0.9136356711 -1.126161218 1.535592675
vn 0.1173473373 0.03129734844 -0.9925976396
v -0.9326891899 -1.000494957 0.5399487615
vn -0.5008731484 -0.1451141685 0.853268981
v -0.9136356711 -1.001841426 0.5506158471
vn -0.487503171 -0.1660699844 0.8571822643
v -0.9352134466 -1.159034491 1.542794943
vn -0.2324376851 -0.1865268052 -0.9545577168
v -0.9136356711 -1.158342242 1.537310243
vn -0.09640803933 -0.04138361663 -0.9944812059
v -0.9314936996 -1.031958103 0.5359776616
vn -0.4617000818 -0.1205103472 0.8788118362
v -0.9136356711 -1.033100486 0.5450294018
vn -0.4564763606 -0.1485739052 0.8772429228
v -0.9136356711 -1.191069365 1.543354392
vn -0.1967714429 -0.1036378592 -0.9749565125
v -0.9136356711 -1.175941706 1.540661097
vn -0.2666245401 -0.1772392839 -0.9473634958
v -0.9326860309 -1.06342113 0.5320065022
vn -0.4329821467 -0.07090172172 0.8986096978
v -0.9136356711 -1.064544082 0.5409036279
vn -0.4208784699 -0.0969433561 0.9019219875
v -0.9136356711 -1.223446012 1.546621203
vn -0.1305709928 -0.03079297394 -0.9909606576
v -0.9402816892 -1.094884157 0.5280354023
vn -0.384079814 -0.02629767545 0.9229252934
v -0.9136356711 -1.09613049 0.5379100442
vn -0.3614747524 -0.04119967669 0.9314712286
v -0.9136356711 -1.255420804 1.546705484
vn -0.09170600772 -0.05139358342 -0.9944589734
v -0.9136356711 -1.127921343 0.5365361571
vn -0.2700845301 -0.02778236754 0.9624357224
v -0.9136356711 -1.287626386 1.548617125
vn -0.1049307138 -0.134542048 -0.9853364825
v -0.9136356711 -1.159764886 0.535579741
vn -0.1959702224 -0.06058023497 0.9787368178
v -0.9136356711 -1.320601225 1.55662322
vn -0.1211656258 -0.1950196922 -0.9732862711
v -0.9136356711 -1.314956784 1.555079341
vn -0.1448178142 -0.2324366271 -0.9617697001
v -0.9136356711 -1.191416264 0.533100009
vn -0.1611705869 -0.09931636602 0.981916666
v -0.9136356711 -1.353305578 1.562487364
vn -0.1452758163 -0.129304111 -0.9809054136
v -0.9136356711 -1.222926736 0.5295054913
vn -0.1476418972 -0.1025244519 0.9837126732
v -0.9136356711 -1.385557294 1.564764738
vn -0.1656170189 -0.09693544358 -0.9814145565
v -0.9136356711 -1.254501939 0.5264230371
vn -0.1334936619 -0.03192989901 0.99053514
v -0.9356203675 -1.418681145 1.57395196
vn -0.2341899425 -0.1909453571 -0.9532549381
v -0.9136356711 -1.417992234 1.568493605
vn -0.197992295 -0.1324443817 -0.9712144732
v -0.9136356711 -1.286536217 0.5269778371
vn -0.1260170639 0.1097079143 0.9859431386
v -0.9136356711 -1.450797796 1.57515955
vn -0.1131571084 -0.1010112837 -0.9884291291
v -0.9136356711 -1.434890509 1.57190609
vn -0.237080723 -0.1940006465 -0.9519225359
v -0.9136356711 -1.311997771 0.5325965285
vn -0.149647519 0.2122470886 0.9656897783
v -0.9136356711 -1.319448113 0.5344862938
vn -0.05714343116 0.1910395324 0.9799175858
v -0.9136356711 -1.483240843 1.578951836
vn 0.001823441475 -0.001123088528 -0.999997735
v -0.9136356711 -1.352224231 0.5409180522
vn -0.1323750466 0.1147566661 0.9845342636
v -0.9136356711 -1.514960289 1.5770123
vn -0.04981639981 0.3093818426 -0.9496321678
v -0.9136356711 -1.38445878 0.5430586338
vn -0.2038607895 0.08593746275 0.9752207398
v -0.9136356711 -1.544452906 1.558077574
vn 0.05617116392 0.5811278224 -0.811871469
v -0.9136356711 -1.544522285 1.557980895
vn -0.03697231412 0.9438254237 -0.3283696771
v -0.9136356711 -1.416922569 0.5470173955
vn -0.2563235462 0.1620347649 0.9529128671
v -0.9136356711 -1.553194642 1.525009871
vn 0.03927009925 0.9929966927 -0.1114245057
v -0.9136356711 -1.551819801 1.493219256
vn 0.04273564368 0.996698916 0.06902861595
v -0.9136356711 -1.548201084 1.461711645
vn 0.02967632934 0.9929257631 0.114968583
v -0.9136356711 -1.544291258 1.430240989
vn 0.02041297592 0.9924405813 0.1210167333
v -0.9136356711 -1.540368319 1.398771763
vn 0.01124226581 0.9925638437 0.1212046891
v -0.9136356711 -1.536425948 1.36730516
vn 0.004348533694 0.9924342632 0.1227002218
v -0.9136356711 -1.532477856 1.335839272
vn -0.0001755021804 0.9926689267 0.1208651066
v -0.9136356711 -1.528716326 1.304349542
vn -0.01031302009 0.9955608845 0.09355286509
v -0.9136356711 -1.526456475 1.272670746
vn -0.03749530017 0.9990310073 -0.02304607071
v -0.9136356711 -1.529960275 1.240264058
vn -0.07597233355 0.9821113348 -0.1722948849
v -0.9136356711 -1.534560323 1.225802422
vn -0.07474822551 0.9514505267 -0.2985876799
v -0.9430295229 -1.448919773 0.5472789407
vn -0.2829140425 0.2728121281 0.9195287824
v -0.9136356711 -1.427417874 0.5499927998
vn -0.3340469897 0.2674255669 0.9038230777
v -0.9136356711 -1.450117826 0.5567701459
vn -0.3310579658 0.2863517404 0.8991125226
v -0.9136356711 -1.54081285 1.206930161
vn -0.100578472 0.9554453492 -0.2775033712
v -0.9136356711 -1.551104546 1.173666835
vn -0.1280885041 0.9229940772 -0.3628709316
v -0.9136356711 -1.558414102 1.161542654
vn -0.1880896837 0.6282697916 -0.7549167871
v -0.9136356711 -1.483490586 0.5679291487
vn -0.3256135583 0.325215131 0.8878124356
v -0.9136356711 -1.588478565 1.146490932
vn -0.1433252543 0.2366996557 -0.9609532356
v -0.944817245 -1.515817165 0.5707997084
vn -0.3135251105 0.4571096003 0.8323177099
v -0.9136356711 -1.495706797 0.5733380318
vn -0.3630149961 0.3932668269 0.8447256088
v -0.9136356711 -1.517444491 0.5836929679
vn -0.3482969999 0.4350274205 0.8303254247
v -0.9136356711 -1.62040031 1.146154761
vn -0.0258797165 -0.1378939003 -0.9901088476
v -0.9284775853 -1.551251292 0.5982916355
vn -0.2966532707 0.4952143729 0.8165534735
v -0.9136356711 -1.544193268 0.5991823673
vn -0.3382568955 0.4685870111 0.8160934448
v -0.9136356711 -1.551948905 0.6038188338
vn -0.2763745785 0.4744276702 0.8357843757
v -0.9136356711 -1.653541565 1.155479431
vn 0.0186342001 -0.2988261878 -0.9541255832
v -0.9136356711 -1.586187243 0.6218366027
vn -0.2569594085 0.4593324959 0.8502855301
v -0.9136356711 -1.686968207 1.167066097
vn 0.03163457662 -0.2976070344 -0.954164207
v -0.9136356711 -1.663791418 1.159443974
vn 0.001896913745 -0.3310358524 -0.943616271
v -0.9136356711 -1.591907859 0.6251243949
vn -0.2429514527 0.4828842878 0.8413069248
v -0.9136356711 -1.620654464 0.6416673064
vn -0.2022776455 0.514439702 0.8333280087
v -0.9136356711 -1.720010757 1.175609231
vn -0.04727265239 -0.2935989499 -0.9547591209
v -0.9136356711 -1.634585381 0.6517019868
vn -0.1858013868 0.6134698391 0.7675496936
v -0.9136356711 -1.656198502 0.6700290442
vn -0.1320138723 0.656450808 0.7427278161
v -0.9136356711 -1.75371635 1.189405441
vn -0.1197968647 -0.3390034437 -0.933126688
v -0.9136356711 -1.736564159 1.182223201
vn -0.09254263341 -0.3591927886 -0.9286637902
v -0.9136356711 -1.666300774 0.6796633601
vn -0.1773826778 0.7114129066 0.6800199151
v -0.9136356711 -1.692924619 0.7077562809
vn -0.1331871748 0.6951150298 0.7064533234
v -0.9136356711 -1.786952853 1.199485183
vn -0.1111366972 -0.2185011357 -0.9694874287
v -0.9136356711 -1.693438411 0.7082025409
vn -0.1594704688 0.5823527575 0.7971414328
v -0.9136356711 -1.728135467 0.7334795594
vn -0.12661165 0.6099171638 0.7822854519
v -0.9136356711 -1.81963706 1.20518899
vn 0.03472936898 0.04462584108 -0.9983999133
v -0.9136356711 -1.814879417 1.204302788
vn -0.012124734 -0.1719623506 -0.9850289226
v -0.9308586121 -1.763856411 0.7632431388
vn 0.08632367104 0.7591940761 0.6451143622
v -0.9136356711 -1.763596773 0.7611857057
vn -0.01311756298 0.619443655 0.7849315405
v -0.9136356711 -1.730872273 0.7354418039
vn -0.01815717109 0.653423965 0.7567743659
v -0.918356359 -1.850915313 1.199754477
vn 0.3441464007 0.5976157188 -0.7241675854
v -0.9136356711 -1.851105094 1.201257586
vn 0.1086656451 0.214666754 -0.9706234932
v -0.9136356711 -1.792518854 0.7915896177
vn -0.04145949706 0.7440361977 0.666851759
v -0.9136356711 -1.80075407 0.8023306727
vn 0.1078551635 0.8229653239 0.5577592254
v -0.9136356711 -1.765688896 0.7630118728
vn -0.05386776477 0.7234227657 0.6883006692
v -0.9136356711 -1.854196191 1.199340343
vn 0.3837954104 0.6712420583 -0.634141326
v -0.9235190153 -1.87840724 1.16432035
vn 0.4741879702 0.7613760233 -0.4420998394
v -0.9136356711 -1.879552245 1.173392534
vn 0.3762218952 0.7200414538 -0.5830929279
v -0.938670814 -1.854580402 0.9755419493
vn 0.5130591393 0.8266005516 0.2313046753
v -0.9310983419 -1.850609303 0.9440790415
vn 0.4955272079 0.8403399587 0.2197306454
v -0.9253019691 -1.846638083 0.9126158953
vn 0.480592072 0.849160254 0.2189934701
v -0.9149139524 -1.842666984 0.8811529875
vn 0.4700859189 0.8432126045 0.2607906461
v -0.9136356711 -1.842413902 0.879148066
vn 0.3186653256 0.8557027578 0.4077072144
v -0.9136356711 -1.828985333 0.850915432
vn 0.2258013189 0.8649097085 0.448268801
v -0.9136356711 -1.813467145 0.820909977
vn 0.1355733126 0.8637815714 0.4852847755
v -0.9136356711 -1.883877873 1.163629889
vn 0.4055113196 0.891967535 -0.1998861432
v -0.9136356711 -1.89036727 1.130846381
vn 0.4129393101 0.9059770107 -0.093202658
v -0.9136356711 -1.890541077 1.098860383
vn 0.4388188124 0.8981964588 0.02609812096
v -0.9136356711 -1.886671305 1.067384481
vn 0.4748021662 0.8726149797 0.1144816428
v -0.9136356711 -1.882746816 1.035915375
vn 0.4883820117 0.8627730012 0.1307889819
v -0.9136356711 -1.877825856 1.004572392
vn 0.4777028263 0.8554773331 0.1998963505
v -0.9136356711 -1.869431496 0.9736675024
vn 0.439883858 0.8582251668 0.2644839585
v -0.9136356711 -1.860263348 0.9428606033
vn 0.3474854231 0.9042261839 0.2482517511
v -0.9136356711 -1.852870464 0.9118292332
vn 0.2817720771 0.9220919013 0.265237689
v -0.9136356711 -1.843358159 0.8810657263
vn 0.2179243118 0.9042425752 0.3672251403
v -0.9021971226 -0.5129709244 0.7293391824
vn -0.8813965321 -0.4696159661 -0.05100028589
v -0.900156796 -0.5484051108 0.7568311691
vn -0.7863690853 -0.2856550813 -0.5477452278
v -0.8883222938 -0.5444339514 0.7253680229
vn -0.9454163909 -0.3230342269 0.04285690933
v -0.9042856693 -0.5404628515 0.6939051151
vn -0.8233860731 -0.3514943123 0.4455189705
v -0.8873245716 -0.5798681378 0.7528600693
vn -0.8221882582 -0.2489220202 -0.5119026303
v -0.8819230199 -0.5769671202 0.7298754454
vn -0.9350586534 -0.2578549385 -0.2432615757
v -0.8819230199 -0.5691812634 0.7222445607
vn -0.8993814588 -0.2747782171 0.3400146067
v -0.8819230199 -0.5755197406 0.7184079289
vn -0.8323857188 -0.291236937 0.4715030193
v -0.8985633254 -0.5719258785 0.6899338961
vn -0.8120813966 -0.2461766601 0.5290755033
v -0.9095157981 -0.6153023243 0.780351758
vn -0.5636209846 -0.181611523 -0.8058217168
v -0.8819230199 -0.6124560237 0.7578008771
vn -0.6330372095 -0.2071672082 -0.7458857894
v -0.8819230199 -0.5919127464 0.7513397932
vn -0.7903559804 -0.2789191008 -0.5454737544
v -0.8910788298 -0.6033889055 0.6859627962
vn -0.738278389 -0.2939045727 0.6070956588
v -0.8819230199 -0.6050382853 0.699030757
vn -0.8091809154 -0.3350347579 0.4826779068
v -0.8943231702 -0.6467653513 0.7763805985
vn -0.5098882914 -0.1602323502 -0.8451861143
v -0.8819230199 -0.6456423402 0.7674831748
vn -0.6474188566 -0.2156481892 -0.7309888601
v -0.8819230199 -0.6275767088 0.6829099059
vn -0.6959528327 -0.3483606577 0.6279287338
v -0.9126270413 -0.6308807731 0.6505284905
vn -0.6707656384 -0.2809858918 0.6863821149
v -0.8819230199 -0.6344844103 0.679079771
vn -0.6782454848 -0.2630761564 0.6861297488
v -0.8819230199 -0.6786218882 0.77552706
vn -0.4374301136 -0.1247942075 -0.8905510902
v -0.8819230199 -0.6689383388 0.7735820413
vn -0.6220067739 -0.2019105703 -0.7565313578
v -0.9047402143 -0.6623438597 0.6465573907
vn -0.6798740029 -0.2351163626 0.6946161985
v -0.8819230199 -0.6650694609 0.6681517363
vn -0.6846215129 -0.2159304619 0.696180582
v -0.8819230199 -0.7112206221 0.7805539966
vn -0.4495164156 -0.1891384721 -0.873018682
v -0.8996587992 -0.6938068867 0.6425862312
vn -0.6867927313 -0.2039078325 0.6976656318
v -0.8819230199 -0.6959277391 0.6593892574
vn -0.6694861054 -0.2312457711 0.7059134245
v -0.8955694437 -0.7451256514 0.7959303856
vn -0.4591508806 -0.3589938283 -0.8125908375
v -0.8819230199 -0.7442390919 0.788906455
vn -0.4568215907 -0.2445997745 -0.8552689552
v -0.8939715624 -0.7252699137 0.6386151314
vn -0.6534015536 -0.2203124166 0.7242436409
v -0.8819230199 -0.7265357375 0.6486440301
vn -0.6369941235 -0.2706847787 0.7217813134
v -0.9118065834 -0.7845309377 0.8548852801
vn -0.7351412773 -0.4828590751 -0.4758302569
v -0.8950405121 -0.7805598378 0.8234223723
vn -0.6521907449 -0.5753241181 -0.4936085641
v -0.8819230199 -0.7787725925 0.8092624545
vn -0.594119966 -0.4967631102 -0.6326515079
v -0.8819230199 -0.7572592497 0.7943989038
vn -0.5309030414 -0.4235386848 -0.7340006232
v -0.8861796856 -0.7567330003 0.6346439719
vn -0.5657145381 -0.1901249737 0.8023836613
v -0.8819230199 -0.7570773959 0.6373726726
vn -0.6218346953 -0.2148478478 0.7531015873
v -0.90810287 -0.8199651837 0.8823773265
vn -0.7280820608 -0.3814980686 -0.5695223808
v -0.8878060579 -0.8159940243 0.8509141207
vn -0.7202468514 -0.4573069811 -0.5216462016
v -0.8819230199 -0.8149572611 0.842699945
vn -0.6560986042 -0.5010105968 -0.5643784404
v -0.8819230199 -0.7935743332 0.8217797279
vn -0.6472096443 -0.5259868503 -0.5517767072
v -0.8824669719 -0.7881960273 0.6306728721
vn -0.4873324633 -0.1293078512 0.8635893464
v -0.8819230199 -0.7882374525 0.631000936
vn -0.6462562084 -0.1352497935 0.7510395646
v -0.8899032474 -0.8514282107 0.878406167
vn -0.7048844695 -0.337913543 -0.6236604452
v -0.8819230199 -0.8502223492 0.8688525558
vn -0.6883393526 -0.3707610667 -0.6234782338
v -0.8819230199 -0.8238794208 0.8499189019
vn -0.6754587293 -0.4363106191 -0.5944649577
v -0.8819230199 -0.7970666289 0.6295531988
vn -0.6265836358 -0.08168631792 0.7750614882
v -0.8819230199 -0.8195721507 0.6260131001
vn -0.4440795779 -0.1851193458 0.8766551018
v -0.9080229998 -0.8868623376 0.905897975
vn -0.6251019835 -0.1610717624 -0.7637429833
v -0.8819230199 -0.883882165 0.8822861314
vn -0.6587274075 -0.1981205195 -0.7258281708
v -0.8819230199 -0.866491437 0.8765049577
vn -0.6832398176 -0.2651571631 -0.6803492308
v -0.8819230199 -0.8504654169 0.6175277829
vn -0.4942352772 -0.2529510558 0.831713438
v -0.8819230199 -0.9910486937 1.47810781
vn -0.05266664177 -0.8732247949 -0.4844632745
v -0.8819230199 -0.9856604934 1.468784809
vn 0.04277068377 -0.9773942828 -0.207053408
v -0.8819230199 -0.9840862751 1.437019229
vn 0.1181863695 -0.9929563999 0.00834166538
v -0.8902102709 -0.9858347774 1.436798573
vn 0.19368653 -0.9658480883 0.1721133143
v -0.8819230199 -0.9852375388 1.432066798
vn 0.1587572396 -0.9680090547 0.1943053603
v -0.8953373432 -0.9183254242 0.9019268155
vn -0.5914866328 -0.1903229356 -0.7835309505
v -0.8819230199 -0.9169043303 0.8906678557
vn -0.6348186731 -0.2214726508 -0.7402399182
v -0.9102404118 -0.878614068 0.5872964859
vn -0.5646525025 -0.3629305661 0.74124825
v -0.8819230199 -0.8811522722 0.6074065566
vn -0.5815241933 -0.280806303 0.7635295987
v -0.8819230199 -1.028743148 1.523508072
vn 0.0111547159 -0.6413429379 -0.7671732903
v -0.8819230199 -1.004156709 1.498414516
vn -0.02874327078 -0.7966782451 -0.6037197709
v -0.8819230199 -0.9908679128 1.404199004
vn 0.1505663395 -0.9789848924 0.1375442296
v -0.8819230199 -0.9931243062 1.371949911
vn 0.117365092 -0.9925932884 0.0313681066
v -0.8819230199 -0.9932364821 1.339971542
vn 0.1663074195 -0.9850883484 0.0440768823
v -0.8819230199 -0.9962434173 1.307627678
vn 0.2428155839 -0.9624795914 0.1211349219
v -0.8976378441 -1.001413226 1.306975126
vn 0.3010882139 -0.9364598989 0.1799688637
v -0.8819230199 -0.9994305372 1.29126668
vn 0.2970716655 -0.9372238517 0.1826467812
v -0.8819230199 -0.9502398372 0.9015321136
vn -0.5076242685 -0.2799655795 -0.8148232102
v -0.8819230199 -0.941896975 0.8989517093
vn -0.6094158888 -0.2488364577 -0.7527899742
v -0.8998081088 -0.9100770354 0.5833254457
vn -0.6343750358 -0.2356245071 0.7362400293
v -0.8819230199 -0.912073493 0.5991430879
vn -0.6492384076 -0.1991217285 0.7340572476
v -0.8819230199 -1.063508511 1.545701146
vn 0.3400927484 -0.2761991024 -0.8989165425
v -0.8819230199 -1.03314507 1.526720047
vn 0.1338000447 -0.5332374573 -0.8353175521
v -0.8819230199 -1.002627969 1.274857759
vn 0.2386027575 -0.9634125233 0.1220862418
v -0.8819230199 -1.00553 1.242527127
vn 0.1452885419 -0.9889769554 0.02856277302
v -0.8819230199 -1.004397273 1.210705876
vn 0.05239989981 -0.9962807298 -0.06840273738
v -0.8819230199 -1.001294374 1.179133177
vn 0.02383086458 -0.9948345423 -0.09867296368
v -0.8819230199 -0.9982301593 1.14755559
vn 0.05334696546 -0.9969641566 -0.05671529472
v -0.8819230199 -0.9975203872 1.115681052
vn 0.1230016798 -0.9892978072 0.07848849148
v -0.8819230199 -1.002616882 1.083073378
vn 0.1724220663 -0.9698286057 0.172345832
v -0.8911780715 -1.005078316 1.082762718
vn 0.2352714539 -0.9472401142 0.2176775187
v -0.8819230199 -1.00432229 1.07677269
vn 0.09862602502 -0.9611002207 0.2579908669
v -0.8928185105 -0.9852226377 0.9254476428
vn -0.3663604259 -0.6492312551 -0.6665424109
v -0.8819230199 -0.9844808578 0.9195705652
vn -0.4916517735 -0.4094584882 -0.7685195208
v -0.8958391547 -0.941540122 0.5793542266
vn -0.6542696953 -0.1949311346 0.7307072282
v -0.8819230199 -0.9430499077 0.5913161039
vn -0.6022202373 -0.2562925816 0.7560720444
v -0.8819230199 -1.095757246 1.547954798
vn 0.3332405984 0.06642048061 -0.9404993653
v -0.8819230199 -1.010626078 1.0500983
vn 0.08951604366 -0.9890030026 0.1177282557
v -0.8819230199 -1.011819601 1.017983317
vn 0.01195404585 -0.9992392659 -0.03712085634
v -0.8819230199 -1.008732557 0.9864087701
vn -0.04391266406 -0.9909028411 -0.1272132099
v -0.8819230199 -1.003171444 0.9551464319
vn -0.1560161859 -0.9503849745 -0.2691233754
v -0.8819230199 -0.9896347523 0.9248908162
vn -0.3097472191 -0.825309515 -0.4721449614
v -0.8889141679 -0.973003149 0.5753831267
vn -0.6097857356 -0.232561633 0.7576783299
v -0.8819230199 -0.9736624956 0.5806068778
vn -0.5638052821 -0.2841339707 0.7754943371
v -0.8819230199 -1.126921654 1.541617751
vn 0.1647429317 0.2106391788 -0.9635823369
v -0.8819230199 -0.9931262732 0.5728432536
vn -0.5760447979 -0.2974919677 0.7613612413
v -0.8819230199 -1.004106522 0.568562746
vn -0.5012527108 -0.2023045272 0.841319561
v -0.8819230199 -1.157960892 1.534288764
vn -0.009979719296 0.1283239871 -0.9916821122
v -0.8819230199 -1.035083532 0.5607410073
vn -0.4769315422 -0.1548411846 0.8651939034
v -0.8986526132 -1.190497518 1.538823843
vn -0.2841218412 -0.1709387898 -0.9434270859
v -0.8819230199 -1.189822793 1.533478379
vn -0.178827107 0.007113215048 -0.9838547707
v -0.8819230199 -1.066451788 0.5560188293
vn -0.4676966965 -0.1102525368 0.8769858479
v -0.8819230199 -1.222541451 1.539454341
vn -0.2265684158 -0.1061886698 -0.9681894183
v -0.8819230199 -1.206934214 1.536749244
vn -0.3309273422 -0.1715459377 -0.9279326797
v -0.8819230199 -1.097922564 0.5521089435
vn -0.4432268441 -0.08891194314 0.8919891119
v -0.8819230199 -1.254973412 1.543160796
vn -0.1678588986 -0.07598155737 -0.9828785062
v -0.8819230199 -1.129436374 0.5485394597
vn -0.3975662887 -0.08260385692 0.9138476849
v -0.8819230199 -1.287136674 1.544736862
vn -0.1602448672 -0.09525472671 -0.9824703932
v -0.8819230199 -1.160971403 0.5451386571
vn -0.3528827131 -0.09662812203 0.9306647182
v -0.9050716758 -1.320320845 1.554402351
vn -0.2306002975 -0.2190153748 -0.9480800629
v -0.8819230199 -1.319598675 1.548680663
vn -0.1924061775 -0.1505542397 -0.969697535
v -0.8819230199 -1.192475319 0.5414911509
vn -0.3322044015 -0.1103658378 0.9367281199
v -0.8819230199 -1.352491736 1.556039214
vn -0.1912142336 -0.1506128907 -0.9699241519
v -0.8819230199 -1.336218357 1.552395821
vn -0.2425244898 -0.2127934545 -0.9465203881
v -0.8819230199 -1.223956108 0.5376608968
vn -0.3248358071 -0.09917403758 0.9405563474
v -0.8819230199 -1.384957433 1.560011744
vn -0.1560921967 -0.09255658835 -0.9833964109
v -0.8819230199 -1.255535126 0.5346082449
vn -0.3019859791 -0.01768675633 0.9531483054
v -0.8819230199 -1.417145729 1.561786294
vn -0.1544270366 -0.1005537808 -0.9828739762
v -0.8819230199 -1.287618637 0.5355532169
vn -0.2569820583 0.1098444387 0.9601533413
v -0.8936408162 -1.450144053 1.569980741
vn -0.2380391955 -0.2073572576 -0.9488626122
v -0.8819230199 -1.449754119 1.566891193
vn -0.1811405718 -0.1499477029 -0.9719587564
v -0.8819230199 -1.287968636 0.5356294513
vn -0.39153862 0.1831492782 0.9017504454
v -0.8819230199 -1.320423484 0.5422136784
vn -0.3571128845 0.1670396328 0.9190039039
v -0.8819230199 -1.482654095 1.574303627
vn -0.1838718206 -0.05210092291 -0.9815684557
v -0.8819230199 -1.458326578 1.56894803
vn -0.2020592391 -0.2030284256 -0.9580978751
v -0.8819230199 -1.353155851 0.5482990146
vn -0.3462239504 0.141176194 0.9274687171
v -0.8819230199 -1.51435411 1.57221055
vn -0.1994723231 0.2429512441 -0.9493079185
v -0.8819230199 -1.38572824 0.5531166792
vn -0.3213903308 0.1427662075 0.9361228943
v -0.8819230199 -1.534213066 1.559369922
vn -0.1918897927 0.5925498605 -0.7823445201
v -0.8819230199 -1.543335795 1.54858017
vn -0.2184719443 0.832501471 -0.5091279745
v -0.9037129283 -1.417456865 0.5512501001
vn -0.3824370801 0.2237555236 0.8964794278
v -0.8819230199 -1.391588449 0.5545150638
vn -0.4423199892 0.2086404711 0.8722512126
v -0.8819230199 -1.418685794 0.5609868765
vn -0.4233072996 0.2314538509 0.8759223819
v -0.8819230199 -1.55162406 1.525208116
vn -0.09331902117 0.9832078218 -0.1568245143
v -0.8819230199 -1.551597714 1.493247271
vn -0.03693469614 0.9977283478 0.05633841828
v -0.8819230199 -1.548219323 1.46170938
vn -0.01712332293 0.9932793379 0.1144681349
v -0.8819230199 -1.544312119 1.430238247
vn -0.01227602642 0.9922214746 0.1238783002
v -0.8819230199 -1.540347457 1.398774505
vn -0.0120687075 0.9921227098 0.1246873215
v -0.8819230199 -1.536379576 1.367311001
vn -0.01202165149 0.9921253324 0.1246709973
v -0.8819230199 -1.532416344 1.335846901
vn -0.01062967908 0.9925144911 0.121663481
v -0.8819230199 -1.528580666 1.304366708
vn -0.009705369361 0.9947497249 0.1018761247
v -0.8819230199 -1.525969386 1.272732139
vn -0.02486644313 0.9996663928 0.006982079241
v -0.8819230199 -1.528641224 1.240430593
vn -0.06665283442 0.9852439165 -0.1576445997
v -0.8819230199 -1.53398931 1.221278429
vn -0.1270697862 0.9524974227 -0.2767704725
v -0.8819230199 -1.451891541 0.5708240271
vn -0.406722486 0.2807968259 0.8693273067
v -0.8819230199 -1.538270473 1.207251072
vn -0.1744605601 0.9627305865 -0.2066720426
v -0.8819230199 -1.545009136 1.174436212
vn -0.243941322 0.9158829451 -0.3188275695
v -0.8819230199 -1.557045341 1.150697708
vn -0.3328317702 0.5885369182 -0.7367817163
v -0.8997386694 -1.484354138 0.5747708678
vn -0.4009718895 0.3404139578 0.8504939079
v -0.8819230199 -1.467825294 0.57685709
vn -0.4269886613 0.32582286 0.8435165286
v -0.8819230199 -1.48548758 0.5837516785
vn -0.4095354676 0.3555926085 0.8401396275
v -0.8819230199 -1.587664962 1.140044332
vn -0.2426387072 0.1102287248 -0.9638340473
v -0.8819230199 -1.519351959 0.5988056064
vn -0.3889416456 0.404915601 0.8275069594
v -0.8819230199 -1.620015144 1.143103123
vn -0.187464729 -0.2255223542 -0.9560317397
v -0.8819230199 -1.52438581 0.6016824245
vn -0.3639540076 0.4555779099 0.8123953938
v -0.8819230199 -1.553750873 0.6180960536
vn -0.3716309965 0.4401766658 0.8173952103
v -0.8819230199 -1.653235078 1.153051376
vn -0.168825686 -0.3131084442 -0.9345913529
v -0.9043426514 -1.586685419 0.6257835627
vn -0.3308528662 0.4261053503 0.8420039415
v -0.8819230199 -1.572493553 0.627574861
vn -0.3951222301 0.4068977833 0.8235973716
v -0.8819230199 -1.58784306 0.6349560022
vn -0.3552264869 0.4155131578 0.8373547196
v -0.8819230199 -1.686717272 1.165077209
vn -0.1448430121 -0.2587999701 -0.9550094604
v -0.8819230199 -1.668353677 1.158868194
vn -0.1606271267 -0.334207505 -0.9287110567
v -0.8819230199 -1.621938229 0.6518381238
vn -0.3166940808 0.4486175776 0.8357315063
v -0.8819230199 -1.719636798 1.172646284
vn -0.1723124087 -0.2789873183 -0.9447087049
v -0.8819230199 -1.623788118 0.6530646682
vn -0.2552339435 0.6048785448 0.7543060184
v -0.8819230199 -1.657501936 0.6803566813
vn -0.2373538762 0.6262847185 0.7425837517
v -0.8819230199 -1.753040075 1.184047341
vn -0.1635577083 -0.3164043427 -0.9344180822
v -0.8819230199 -1.745171785 1.181136847
vn -0.1807115823 -0.3182600439 -0.9306201339
v -0.9123473167 -1.692988038 0.7082593441
vn -0.2436938286 0.6358916163 0.7322944403
v -0.8819230199 -1.683927059 0.709403038
vn -0.2677864432 0.6858968139 0.6766358018
v -0.8819230199 -1.694347024 0.7190260291
vn -0.2714397907 0.5988002419 0.7534976602
v -0.8819230199 -1.65788722 0.6807252765
vn -0.2931503356 0.6988924146 0.6523896456
v -0.8819230199 -1.786340594 1.194634676
vn -0.1575098932 -0.279486239 -0.9471420646
v -0.9078429937 -1.728422165 0.7357510924
vn -0.2712523341 0.5828592181 0.765961647
v -0.8819230199 -1.717545509 0.7371239066
vn -0.3043242097 0.5847092867 0.7519985437
v -0.8819230199 -1.729743958 0.7462235689
vn -0.2929916084 0.5801446438 0.7599921823
v -0.8835651875 -1.819452405 1.203725576
vn -0.0480376929 -0.06550273299 -0.9966953993
v -0.8819230199 -1.819441676 1.203641415
vn -0.1371901333 -0.2417110354 -0.9606012106
v -0.9084200263 -1.763856411 0.7632431388
vn -0.2683696449 0.5945362449 0.7579606771
v -0.8819230199 -1.753807425 0.764511466
vn -0.3192461431 0.5928195119 0.7393557429
v -0.8819230199 -1.765200019 0.7738884687
vn -0.3024858832 0.6365187764 0.7094689012
v -0.8819230199 -1.851600289 1.205181122
vn 0.03216820583 0.1418978721 -0.9893584847
v -0.8819230199 -1.819890857 1.203670263
vn -0.1141432747 -0.1075902283 -0.9876211882
v -0.8819230199 -1.785101771 0.7925257087
vn -0.2816069424 0.6881386638 0.6687022448
v -0.8819230199 -1.801821947 0.8107913136
vn -0.184721157 0.7579956651 0.6255562901
v -0.8819230199 -1.870421767 1.197292447
vn 0.2635986507 0.5346895456 -0.8028841019
v -0.8819230199 -1.881720543 1.190571785
vn 0.2948014736 0.7528837919 -0.5884370208
v -0.8819230199 -1.832661629 0.8504514694
vn -0.09385216981 0.8076725006 0.5821141601
v -0.8819230199 -1.840310931 0.8624860048
vn 0.05558089912 0.8723033071 0.4857959747
v -0.8819230199 -1.810841799 0.8212412596
vn -0.1383722574 0.79473418 0.5909743309
v -0.8819230199 -1.898138404 1.161829948
vn 0.3403864205 0.858551085 -0.3834411502
v -0.8819230199 -1.904047251 1.129119873
vn 0.3983854949 0.9110170007 -0.1064755693
v -0.8902908564 -1.901927948 1.097423196
vn 0.4361404777 0.8998702765 0.003863318125
v -0.8819230199 -1.904714108 1.119497538
vn 0.3292518854 0.9429994226 -0.04842860624
v -0.8939816952 -1.897956848 1.06596005
vn 0.4681012332 0.8796765208 0.08396685869
v -0.894349277 -1.893985748 1.034496903
vn 0.486713469 0.8649004102 0.1227080077
v -0.8911108375 -1.890014648 1.003033996
vn 0.4770973027 0.8578966856 0.1907653362
v -0.8819230199 -1.887359381 0.9819968939
vn 0.3055893481 0.8936570883 0.3286216855
v -0.8819230199 -1.883578658 0.9718819261
vn 0.2443113476 0.8948892951 0.3734771013
v -0.8819230199 -1.87004137 0.9416264296
vn 0.1674883962 0.925958097 0.3384512365
v -0.8819230199 -1.86041522 0.9108769894
vn 0.0889827013 0.9474710226 0.3072144091
v -0.8819230199 -1.850423574 0.8801739216
vn 0.07107746601 0.9253756404 0.372327745
v -0.8819230199 -1.905836463 1.096929908
vn 0.2815390229 0.9590808153 0.02999543957
v -0.8819230199 -1.904035091 1.065192819
vn 0.292453438 0.9513984919 0.0964980498
v -0.8819230199 -1.900362968 1.033692002
vn 0.2706975639 0.9487425685 0.1631269008
v -0.8819230199 -1.894704103 1.002442002
vn 0.1920857131 0.936817348 0.2923633456
v -0.8802973628 -0.575897038 0.7213969231
vn -0.9440407753 -0.298625052 -0.1400361508
v -0.8742336631 -0.6113311648 0.7488888502
vn -0.8906351924 -0.3195294142 -0.3235272765
v -0.8707199097 -0.607360065 0.717425704
vn -0.908012867 -0.3587980866 0.2162789255
v -0.8597360849 -0.6427941918 0.7449176908
vn -0.8416115642 -0.3340702355 -0.4243665934
v -0.8573870063 -0.638823092 0.7134546638
vn -0.9034247994 -0.3771270514 0.2039580196
v -0.879031539 -0.6348519325 0.6819916368
vn -0.7977858782 -0.3288173676 0.5053878427
v -0.8772621751 -0.6782284379 0.7724094987
vn -0.6064915061 -0.2054372877 -0.7680909038
v -0.8502103686 -0.6750076413 0.7468916178
vn -0.6684851646 -0.2293103337 -0.7074915767
v -0.8502103686 -0.6634896398 0.742305696
vn -0.8856287003 -0.3365520835 -0.3199913204
v -0.8502103686 -0.6586521268 0.7109518647
vn -0.8810477257 -0.3588213027 0.3082243204
v -0.8502103686 -0.66957587 0.703856051
vn -0.7518614531 -0.2668729722 0.6028956175
v -0.8716496825 -0.6663150191 0.6780204773
vn -0.7582913637 -0.2668229938 0.5948106647
v -0.8618379235 -0.7096914649 0.7684383392
vn -0.5436016917 -0.2082429975 -0.8131002784
v -0.8502103686 -0.7083944082 0.7581618428
vn -0.6915947199 -0.2367454767 -0.6823843122
v -0.8660994172 -0.6977780461 0.6740493774
vn -0.7121635079 -0.2423034161 0.6588719487
v -0.8502103686 -0.6998761892 0.6906729341
vn -0.7296279073 -0.2780686021 0.6247567534
v -0.8502103686 -0.7418815494 0.7702279687
vn -0.4989224672 -0.2189365774 -0.8385363221
v -0.8502103686 -0.7279599905 0.7661325336
vn -0.6715629697 -0.2812038064 -0.6855126619
v -0.8574502468 -0.7292410731 0.670078218
vn -0.6724248528 -0.2763568163 0.6866379976
v -0.8502103686 -0.7301387191 0.6771900654
vn -0.7271573544 -0.2845727503 0.6247083545
v -0.8660832047 -0.7765886784 0.7919592857
vn -0.6170749664 -0.3793178499 -0.6894465089
v -0.8502103686 -0.7749227881 0.7787606716
vn -0.5854446292 -0.2567943633 -0.7689676881
v -0.8502103686 -0.7516993284 0.6672435999
vn -0.660631001 -0.3013888597 0.6875547171
v -0.8502103686 -0.7603579164 0.663364172
vn -0.6488907933 -0.1889840811 0.7370385528
v -0.8645806909 -0.8120228648 0.8194512725
vn -0.6631847024 -0.5304672718 -0.528006196
v -0.8502103686 -0.80919981 0.7970840931
vn -0.6682366729 -0.5145163536 -0.5373384356
v -0.8502103686 -0.7992226481 0.7891024947
vn -0.6469118595 -0.3613416851 -0.6715185642
v -0.8502103686 -0.7916893959 0.6583505869
vn -0.6718165874 -0.06376609206 0.7379677296
v -0.8643328547 -0.8474570513 0.8469430208
vn -0.6845117211 -0.4005555212 -0.6090968847
v -0.8502103686 -0.8453169465 0.8299874067
vn -0.6652603745 -0.4178832173 -0.6187101603
v -0.8502103686 -0.8287962079 0.8173341751
vn -0.6685797572 -0.5003356934 -0.5501502752
v -0.8505955338 -0.8236302137 0.6581648588
vn -0.7049172521 -0.1099404469 0.70071733
v -0.8502103686 -0.8210898042 0.6584854722
vn -0.7510278821 0.008434974588 0.6602165699
v -0.8502103686 -0.8236851692 0.6586000919
vn -0.7558270097 -0.08199210465 0.6496174335
v -0.8810382485 -0.8196590543 0.6267017126
vn -0.7164233923 -0.1702896208 0.6765640378
v -0.8740534782 -0.8828912377 0.8744350672
vn -0.6739714146 -0.2239991724 -0.703979373
v -0.8502103686 -0.8796992302 0.8491451144
vn -0.6902034283 -0.2723502219 -0.6704062819
v -0.8502103686 -0.8693468571 0.8441801667
vn -0.6768369079 -0.3601064682 -0.6420398355
v -0.8502103686 -0.8253940344 0.6579421759
vn -0.7371524572 -0.2125831991 0.6414161325
v -0.8502103686 -0.8543651104 0.6484249234
vn -0.7044231892 -0.2436645776 0.6666449904
v -0.8755174279 -0.8511220813 0.6227304935
vn -0.7004801631 -0.2195431441 0.6790643334
v -0.8502103686 -0.9907479882 1.47572577
vn -0.04760973528 -0.8241183758 -0.5644131899
v -0.8502103686 -0.9859509468 1.468748212
vn 0.01607174426 -0.945142746 -0.326262027
v -0.8502103686 -0.9791952372 1.437636614
vn 0.1213973686 -0.9924687147 -0.01638577878
v -0.8502103686 -0.9832422733 1.416258454
vn 0.183369711 -0.9651304483 0.186812222
v -0.8596870303 -0.9143542647 0.8704639077
vn -0.646071434 -0.230725348 -0.7275695801
v -0.8502103686 -0.9132018685 0.8613333702
vn -0.6675497293 -0.2626451552 -0.6967028379
v -0.8689744473 -0.8825851679 0.6187593937
vn -0.6790407896 -0.2264957726 0.6982859373
v -0.8502103686 -0.8848112822 0.6363966465
vn -0.6659478545 -0.2460238785 0.704262495
v -0.8720808625 -1.029211164 1.527216554
vn 0.3879250884 -0.6404762268 -0.6628003716
v -0.8502103686 -1.03187108 1.548290491
vn 0.3852992952 -0.7581084371 -0.5261331201
v -0.8502103686 -1.023376107 1.527953029
vn -0.02686113678 -0.8928339481 -0.4495843053
v -0.8502103686 -1.006927133 1.498064876
vn -0.118057698 -0.8196771741 -0.5605280995
v -0.8502103686 -0.9855273962 1.404873133
vn 0.1575310975 -0.9718977809 0.1749248505
v -0.8502103686 -0.9903161526 1.37230432
vn 0.1040881723 -0.9923264384 0.06673722714
v -0.8502103686 -0.9900118709 1.340378642
vn 0.08113246411 -0.9965251684 -0.01884560846
v -0.8502103686 -0.9893711805 1.308495045
vn 0.1502876133 -0.9879431129 0.03717565164
v -0.8502103686 -0.9923856258 1.276150465
vn 0.2243951559 -0.9646481872 0.1382052749
v -0.8658584356 -0.9974420667 1.275512338
vn 0.2944119871 -0.936742723 0.1893003583
v -0.8502103686 -0.9955772161 1.260736704
vn 0.253393501 -0.9472519159 0.1962282509
v -0.8774296045 -0.9497883916 0.8979557157
vn -0.5928910971 -0.3501498103 -0.7251725793
v -0.8502103686 -0.9468491673 0.8746683598
vn -0.6134856343 -0.2978256047 -0.7313926816
v -0.8502103686 -0.9306482077 0.8684073687
vn -0.6461694241 -0.2780949175 -0.7107238173
v -0.8642554283 -0.9140481353 0.6147882342
vn -0.6627441049 -0.2155731469 0.717146039
v -0.8502103686 -0.9155896902 0.6270016432
vn -0.6068310142 -0.2767634392 0.7450892925
v -0.8570210338 -1.080529928 1.68056047
vn 1 -9.79777403e-18 -1.262830337e-17
v -0.8502103686 -1.08268702 1.697650552
vn 0.8630196452 0.08897114545 -0.4972738326
v -0.8502103686 -1.05631578 1.683616757
vn 0.92409724 -0.3160187304 -0.214887172
v -0.8502103686 -1.076850057 1.6514045
vn 0.9666541815 -0.08442172408 0.2417699695
v -0.85058254 -1.068616509 1.586171389
vn 0.7815772295 -0.1901479661 -0.5941218138
v -0.8502103686 -1.068732858 1.587092876
vn 0.8207859397 -0.04450299963 -0.5694997311
v -0.8502103686 -1.067926168 1.586258531
vn 0.3863481581 -0.7540886402 -0.5311171412
v -0.8502103686 -1.037703395 1.558108926
vn 0.4063947797 -0.6805188656 -0.6097026467
v -0.8723874092 -1.06464541 1.554708362
vn 0.7006659508 -0.3783016503 -0.6049422026
v -0.8502103686 -0.9991359115 1.243334055
vn 0.1992411166 -0.9702509642 0.1375355124
v -0.8502103686 -1.002200365 1.210983157
vn 0.08936905861 -0.9958360791 0.01799136959
v -0.8502103686 -1.000796676 1.179196
vn 0.01710145175 -0.9968364239 -0.07761859894
v -0.8502103686 -0.9975335598 1.147643447
vn -0.002447830979 -0.996694386 -0.08120516688
v -0.8502103686 -0.9953846931 1.115950584
vn 0.005423231516 -0.9994745255 0.03195685893
v -0.8502103686 -0.9989605546 1.083534837
vn 0.04252522811 -0.9847078323 0.1689439267
v -0.8502103686 -1.003356218 1.069118977
vn -0.004602293484 -0.955602169 0.2946240306
v -0.8534784317 -0.9812514782 0.8939844966
vn -0.5818505883 -0.4185191691 -0.6973461509
v -0.8502103686 -0.9808781147 0.8910261393
vn -0.6371266842 -0.3368760645 -0.693241775
v -0.8565706611 -0.9455112219 0.6108171344
vn -0.6259958148 -0.2515469491 0.7381418347
v -0.8502103686 -0.9461302161 0.6157212853
vn -0.5741721392 -0.2992711961 0.762078166
v -0.8502103686 -1.107361078 1.677173972
vn 0.9640654922 0.2607581913 0.05082182959
v -0.8529021144 -1.100079656 1.582200289
vn 0.7836301327 0.1465895921 -0.603684783
v -0.8502103686 -1.100808978 1.587978721
vn 0.8446401954 0.07989819348 -0.529338479
v -0.8784796596 -1.096108437 1.550737262
vn 0.7753350735 0.05315706506 -0.6293090582
v -0.8502103686 -1.008967996 1.050307631
vn -0.01623425446 -0.9848214388 0.1728096455
v -0.8502103686 -1.012059569 1.017953038
vn -0.06962291896 -0.9972643256 0.02482877299
v -0.8502103686 -1.010250568 0.9862172604
vn -0.1434378177 -0.9881088734 -0.0553759858
v -0.8502103686 -1.007605791 0.9545866847
vn -0.1979808062 -0.9711028934 -0.1332770288
v -0.8502103686 -1.002250671 0.9232984185
vn -0.4123963118 -0.8669381738 -0.2799062133
v -0.8502103686 -0.984028399 0.8936340213
vn -0.5445346832 -0.6606018543 -0.5168048143
v -0.8502103686 -0.9613038301 0.6088238358
vn -0.5953919291 -0.3320227563 0.731621027
v -0.8502103686 -0.9763618112 0.6019932628
vn -0.5791671276 -0.2807862461 0.7653263807
v -0.8502103686 -1.106596351 1.581377745
vn 0.6363525391 0.5787027478 -0.5100574493
v -0.871915102 -1.127571464 1.546766162
vn 0.6386398077 0.3896932602 -0.6635347605
v -0.8502103686 -1.129806519 1.564474583
vn 0.4647363722 0.6023650169 -0.6489810944
v -0.8778256774 -1.004466176 0.5714119673
vn -0.5782603025 -0.2530893981 0.7756035328
v -0.8502103686 -1.006968975 0.5912410021
vn -0.6059870124 -0.2234488726 0.763446331
v -0.8502103686 -1.148046136 1.544181943
vn 0.2756489813 0.7394808531 -0.614154458
v -0.8502103686 -1.158262968 1.536682248
vn 0.004874471109 0.3284355998 -0.9445137978
v -0.8723170161 -1.035929203 0.5674408078
vn -0.5964221358 -0.1654908657 0.7854256034
v -0.8502103686 -1.038093448 0.5845882297
vn -0.6482293606 -0.125634715 0.7510091066
v -0.8502103686 -1.188924789 1.526363015
vn -0.1794945002 0.2066609561 -0.9618071318
v -0.87126261 -1.06739223 0.563469708
vn -0.6066553593 -0.1109006852 0.787191391
v -0.8502103686 -1.069493055 0.5801141858
vn -0.6533738971 -0.09915913641 0.750513196
v -0.8698082566 -1.221960545 1.534852743
vn -0.345775187 -0.1994858384 -0.9168668985
v -0.8502103686 -1.220983505 1.527111173
vn -0.2814842165 -0.08962187916 -0.9553714395
v -0.8712877631 -1.098855257 0.5594985485
vn -0.6069790721 -0.09712719172 0.7887602448
v -0.8502103686 -1.100951552 0.5761071444
vn -0.6515589952 -0.0939597711 0.7527565956
v -0.8502103686 -1.253939986 1.53497231
vn -0.2467550486 -0.134247914 -0.9597340226
v -0.8502103686 -1.242366314 1.532277226
vn -0.3396124542 -0.2188633829 -0.9147470593
v -0.8716447949 -1.130318284 0.5555274487
vn -0.6023033261 -0.09322138876 0.7928054929
v -0.8502103686 -1.132416487 0.5721506476
vn -0.6473180056 -0.09310870618 0.7565118074
v -0.8502103686 -1.286490798 1.539620042
vn -0.1980259269 -0.106099315 -0.9744375944
v -0.8721720576 -1.16178143 0.5515562892
vn -0.5942948461 -0.09380561113 0.7987578511
v -0.8502103686 -1.163883209 0.5682085752
vn -0.6430910826 -0.09427189082 0.7599649429
v -0.8502103686 -1.318733096 1.541822553
vn -0.1952809989 -0.1195536405 -0.9734332561
v -0.8724858761 -1.193244457 0.5475851893
vn -0.587913692 -0.09736569971 0.8030425906
v -0.8502103686 -1.19534862 0.5642567873
vn -0.640781939 -0.09492385387 0.7618319988
v -0.861353755 -1.351783991 1.550431132
vn -0.2486604303 -0.2244281322 -0.9422314167
v -0.8502103686 -1.351387858 1.547293425
vn -0.2010483593 -0.1711758822 -0.9645093679
v -0.8726583719 -1.224707484 0.5436139703
vn -0.5850768685 -0.09161926061 0.805785954
v -0.8502103686 -1.22681725 0.56032902
vn -0.6363241673 -0.08626013994 0.7665838599
v -0.8502103686 -1.384373188 1.555382848
vn -0.1677047312 -0.1301919371 -0.9772027135
v -0.8502103686 -1.359512448 1.549455762
vn -0.1965695918 -0.2381352782 -0.9511319399
v -0.8740137815 -1.256170511 0.5396428704
vn -0.5789347887 -0.0419614464 0.8142934442
v -0.8502103686 -1.258345604 0.5568755865
vn -0.6102210879 -0.03669588268 0.7913808227
v -0.8502103686 -1.416691542 1.558188558
vn -0.1388193518 -0.1067304686 -0.9845495224
v -0.8817290068 -1.287633538 0.535671711
vn -0.5555230975 0.004745622166 0.8314875364
v -0.8502103686 -1.290161848 0.5557025075
vn -0.5460090637 0.06386814266 0.8353412151
v -0.8502103686 -1.448995948 1.560883522
vn -0.1831375808 -0.1081373319 -0.9771217704
v -0.8502103686 -1.322533846 0.5589343309
vn -0.4690102339 0.1345122904 0.8728893399
v -0.8502103686 -1.481760383 1.567222953
vn -0.2262218595 -0.01316494867 -0.9739868045
v -0.8502103686 -1.478224993 1.566436529
vn -0.2385160327 -0.1837306321 -0.9536001086
v -0.8612420559 -1.354530811 0.5591923594
vn -0.4658457935 0.1543736458 0.8712958694
v -0.8502103686 -1.335413218 0.5616052747
vn -0.560341835 0.166148603 0.8114256859
v -0.8502103686 -1.355341792 0.5656181574
vn -0.5233831406 0.1363027841 0.8411252499
v -0.8502103686 -1.513402462 1.564670682
vn -0.2599470019 0.1477706283 -0.9542491436
v -0.878223896 -1.385993838 0.5552212
vn -0.4761078358 0.1504030973 0.8664295673
v -0.8502103686 -1.388030291 0.5713557005
vn -0.5021246076 0.1691670716 0.8480880857
v -0.8502103686 -1.518069386 1.561407566
vn -0.3025144935 0.6599968076 -0.6876693964
v -0.8502103686 -1.541826606 1.536622643
vn -0.298602879 0.7380378842 -0.6050920486
v -0.8502103686 -1.420834064 0.5780076385
vn -0.4594343007 0.2232084423 0.85970819
v -0.8502103686 -1.546797276 1.525817394
vn -0.2022744268 0.9595444202 -0.1958558857
v -0.8502103686 -1.549668074 1.493490815
vn -0.1507798731 0.988566637 0.001184711931
v -0.8502103686 -1.54709959 1.461850762
vn -0.1038467959 0.9901164174 0.09426190704
v -0.8502103686 -1.543504357 1.43034029
vn -0.08216403425 0.9895321727 0.1186385304
v -0.8502103686 -1.539585352 1.398870707
vn -0.07722595334 0.9893875718 0.1230785847
v -0.8502103686 -1.535646319 1.367403507
vn -0.07426965237 0.9896651506 0.1226659417
v -0.8502103686 -1.531727076 1.335934043
vn -0.06584984809 0.9914219975 0.1128992811
v -0.8502103686 -1.528121948 1.304424644
vn -0.04934916273 0.9938970208 0.09865787625
v -0.8502103686 -1.52538681 1.272805691
vn -0.05760285258 0.9974271059 0.04267413169
v -0.8502103686 -1.526187301 1.240740299
vn -0.1299506128 0.9889689088 -0.07108662277
v -0.8550031781 -1.532313704 1.208002925
vn -0.2134342343 0.9671865702 -0.1378260553
v -0.8502103686 -1.531224489 1.208140373
vn -0.2328390181 0.9655634165 -0.1160745919
v -0.8502103686 -1.531553388 1.201978207
vn -0.378046453 0.9243577719 -0.05141568184
v -0.867323637 -1.452890992 0.5787420869
vn -0.4468546212 0.2802564204 0.8495747447
v -0.8502103686 -1.431785345 0.5814059377
vn -0.4996002018 0.2535127699 0.8283302188
v -0.8502103686 -1.454084635 0.5881994367
vn -0.4722981155 0.2799842656 0.8357890248
v -0.8502103686 -1.533538938 1.175883889
vn -0.3137537241 0.9283857346 -0.1991444528
v -0.8657848835 -1.555834651 1.141105652
vn -0.4081721604 0.301682651 -0.8616165519
v -0.8502103686 -1.545200944 1.142447829
vn -0.4301470816 0.8161855936 -0.3857648671
v -0.8502103686 -1.554997325 1.134472132
vn -0.3591222465 0.3960116506 -0.8451070786
v -0.8502103686 -1.487598419 0.6004750133
vn -0.4486597776 0.3381010294 0.8272799253
v -0.8743835092 -1.587297678 1.137134552
vn -0.3379890323 -0.006445341744 -0.9411279559
v -0.8502103686 -1.586159348 1.128116369
vn -0.335696429 0.06840220094 -0.9394834042
v -0.8762111664 -1.519788265 0.6022627354
vn -0.446838975 0.4254424572 0.7869775295
v -0.8502103686 -1.496938467 0.6051467061
vn -0.465485096 0.4128049016 0.7828893661
v -0.8502103686 -1.521841526 0.6185309291
vn -0.4762196839 0.4170348346 0.7741426229
v -0.8511832952 -1.618760586 1.133163452
vn -0.2933510244 -0.2193688005 -0.9304958582
v -0.8502103686 -1.618709922 1.132762313
vn -0.3490012288 -0.09487950057 -0.9323068261
v -0.862016499 -1.555222392 0.6297546625
vn -0.4437208474 0.4230177402 0.7900429368
v -0.8502103686 -1.545020103 0.6310424209
vn -0.4810108542 0.4072430432 0.7763901353
v -0.8502103686 -1.556088924 0.6366208196
vn -0.4418841898 0.3688799441 0.817719996
v -0.8502103686 -1.652191877 1.144785881
vn -0.3010225892 -0.3074139655 -0.9027081728
v -0.8502103686 -1.619406343 1.133081913
vn -0.3727682233 -0.3118076026 -0.873967886
v -0.8502103686 -1.589916468 0.6513823867
vn -0.4274277389 0.3839375675 0.8184726238
v -0.8513888717 -1.685657859 1.156684041
vn -0.2477737963 -0.2636985481 -0.9322398901
v -0.8502103686 -1.685610652 1.156310081
vn -0.3485764563 -0.2965243757 -0.8891387582
v -0.8794433475 -1.622119665 0.653275311
vn -0.4270550013 0.5200983286 0.7396768332
v -0.8502103686 -1.598958969 0.6561985612
vn -0.4587048888 0.4568404555 0.7621591687
v -0.8502103686 -1.624496818 0.6721100807
vn -0.4581824541 0.5175516009 0.7226404548
v -0.8502103686 -1.718625546 1.164634228
vn -0.2748202085 -0.2775121927 -0.9205763936
v -0.8502103686 -1.686509967 1.156576514
vn -0.3668633103 -0.2314056605 -0.901034236
v -0.8812891245 -1.657553792 0.6807673573
vn -0.4070080221 0.5773717761 0.7078038454
v -0.8502103686 -1.638852 0.6831278205
vn -0.4507410228 0.5673254132 0.6891838312
v -0.8502103686 -1.660167217 0.7014732957
vn -0.4642163217 0.5814954638 0.6681064367
v -0.8680663705 -1.752555132 1.180204988
vn -0.2353899777 -0.3550359905 -0.904732585
v -0.8502103686 -1.751916647 1.175145984
vn -0.2344164997 -0.310077548 -0.9213581681
v -0.8502103686 -1.670533657 0.7110934854
vn -0.3606778383 0.6453808546 0.6733461022
v -0.8502103686 -1.696145058 0.7332719564
vn -0.3449018598 0.6042752862 0.7182576656
v -0.8502103686 -1.785570025 1.188529491
vn -0.1779664606 -0.2970260084 -0.9381383061
v -0.8502103686 -1.761233211 1.179109573
vn -0.1979365796 -0.3871298432 -0.9005284905
v -0.8502103686 -1.703155875 0.7389401197
vn -0.3440092802 0.5839497447 0.7352960706
v -0.8502103686 -1.731670141 0.7614849806
vn -0.3506214619 0.5741624832 0.7398662567
v -0.8502103686 -1.818707347 1.197822452
vn -0.1674822122 -0.2371077389 -0.9569376111
v -0.8502103686 -1.738038182 0.7665018439
vn -0.3707332909 0.597782135 0.7107836008
v -0.8502103686 -1.767430425 0.7915600538
vn -0.3661025465 0.6120346189 0.7009868622
v -0.8502103686 -1.851381421 1.203447104
vn -0.0867145583 0.04586571828 -0.9951768517
v -0.8502103686 -1.838767409 1.201287627
vn -0.1483024508 -0.190051809 -0.9705084562
v -0.8631701469 -1.803261638 0.8221980333
vn -0.3350038528 0.6941441298 0.6371313334
v -0.8502103686 -1.797377706 0.8229407072
vn -0.4000715017 0.6569314003 0.639049232
v -0.8502103686 -1.804210067 0.8297122717
vn -0.3618032634 0.6799868345 0.6377431154
v -0.8502103686 -1.77047348 0.7943720818
vn -0.4054809511 0.6599456668 0.6325005293
v -0.8617252111 -1.88237834 1.195783257
vn 0.2023424655 0.6571724415 -0.7260729074
v -0.8502103686 -1.882630348 1.197779894
vn 0.04648035392 0.1937031597 -0.9799584746
v -0.8502103686 -1.824373841 0.8514975309
vn -0.3294597864 0.7334806323 0.5945270658
v -0.8502103686 -1.841903806 0.8751062751
vn -0.205180794 0.8127534389 0.5452821851
v -0.8502103686 -1.886813045 1.19522357
vn 0.3839963377 0.7082146406 -0.5924346447
v -0.8584015965 -1.909870267 1.16034925
vn 0.4200828671 0.8203119636 -0.3880961835
v -0.8502103686 -1.910786986 1.167612672
vn 0.4098942876 0.7680878639 -0.4919631481
v -0.8766916394 -1.905899167 1.128886104
vn 0.3632564545 0.927719593 -0.08591326326
v -0.8544442654 -1.886043429 0.9715708494
vn 0.08486436307 0.934504807 0.3456859291
v -0.8502103686 -1.885931253 0.9706821442
vn 0.07015893608 0.8795562387 0.4705938697
v -0.8502103686 -1.870402813 0.9415807724
vn -0.1410029978 0.8999159336 0.4126371741
v -0.8502103686 -1.858888745 0.9110696912
vn -0.1409410089 0.9234844446 0.356808275
v -0.8502103686 -1.84577632 0.8807605505
vn -0.1893709451 0.9020237923 0.387932688
v -0.8502103686 -1.913802028 1.159852982
vn 0.3067496121 0.9517476559 -0.009003872983
v -0.8502103686 -1.914224386 1.127835274
vn 0.2223629504 0.9747031927 0.02254670672
v -0.8502103686 -1.91330564 1.095987082
vn 0.1368967444 0.9887547493 0.06019420549
v -0.8502103686 -1.911373615 1.064266562
vn 0.1190167889 0.9869728088 0.1082572043
v -0.8502103686 -1.907118559 1.032839298
vn 0.06590639055 0.9775649309 0.2000579387
v -0.8502103686 -1.899823546 1.001796007
vn 0.03655892983 0.9556546211 0.2922117114
v -0.8502103686 -1.886421561 0.9715231061
vn -0.04005882889 0.9091350436 0.4145705998
v -0.8456378579 -0.6742572784 0.7409465909
vn -0.9307200313 -0.3065797687 -0.1994218379
v -0.8462562561 -0.6702861786 0.7094834447
vn -0.9508522749 -0.3044745028 0.05634910241
v -0.8333806992 -0.7057203054 0.7369754314
vn -0.907735467 -0.3228930533 -0.2678738236
v -0.8377549052 -0.7017492056 0.7055123448
vn -0.9224637151 -0.307790935 0.2330781221
v -0.842638135 -0.7411544919 0.7644671798
vn -0.7175062895 -0.2526182234 -0.6491292119
v -0.8207602501 -0.7371833324 0.7330043316
vn -0.9181975722 -0.3017781973 -0.256599158
v -0.8287769556 -0.7332122326 0.7015411854
vn -0.8607283831 -0.2863536477 0.4208898246
v -0.8279387951 -0.7726175189 0.7604960799
vn -0.7220774889 -0.2443582267 -0.6472195983
v -0.818497777 -0.7706798911 0.745144248
vn -0.8481695056 -0.2424496859 -0.4709847867
v -0.818497777 -0.7443884015 0.7320949435
vn -0.9569568634 -0.2860859931 0.04887044057
v -0.818497777 -0.7661114931 0.7089493275
vn -0.9143646359 -0.2160046101 0.3424607217
v -0.8227224946 -0.7646752596 0.6975700855
vn -0.8478693962 -0.1795320511 0.4988844395
v -0.8475571871 -0.7607041001 0.6661071181
vn -0.7689347863 -0.1981790662 0.6078358293
v -0.8436173201 -0.808051765 0.7879881263
vn -0.6248704791 -0.468562752 -0.6244884729
v -0.818497777 -0.8047757149 0.7620326281
vn -0.6377458572 -0.3702712059 -0.6754105687
v -0.818497777 -0.7930797338 0.7579134107
vn -0.7510719299 -0.2477321476 -0.6119801998
v -0.8203837276 -0.7961382866 0.6935989261
vn -0.8017158508 -0.08117956668 0.592166841
v -0.818497777 -0.7965489626 0.6968522668
vn -0.8643085361 -0.122410588 0.4878384769
v -0.8467466831 -0.7921671867 0.6621359587
vn -0.7679151297 -0.06155109033 0.6375875473
v -0.8379129171 -0.8434858918 0.815480113
vn -0.6751110554 -0.4624356031 -0.5747855306
v -0.818497777 -0.8400843143 0.7885296941
vn -0.6767264009 -0.4976225793 -0.5425985456
v -0.818497777 -0.8354245424 0.7845332026
vn -0.6342203021 -0.4779027998 -0.607761085
v -0.823123157 -0.8276013136 0.6896277666
vn -0.7639778852 -0.07077833265 0.6413487792
v -0.818497777 -0.828276515 0.6949771047
vn -0.8039644957 -0.115532048 0.5833467841
v -0.8443707228 -0.8789200783 0.8429718018
vn -0.6689375639 -0.2757624686 -0.6902735829
v -0.818497777 -0.8755225539 0.8160533905
vn -0.6646459103 -0.3308941126 -0.669891715
v -0.818497777 -0.8688153625 0.8122831583
vn -0.685706377 -0.4358142912 -0.5829859972
v -0.818497777 -0.8537895679 0.686322391
vn -0.7498348951 -0.2062339336 0.6286614537
v -0.8452399969 -0.8550932407 0.6541936398
vn -0.7454125881 -0.2447438389 0.620048821
v -0.818497777 -0.8589597344 0.6848275065
vn -0.6985585093 -0.3284527063 0.6357160211
v -0.818497777 -0.9903330207 1.47243762
vn -0.1435409635 -0.701819241 -0.6977433562
v -0.818497777 -0.9870727658 1.468606591
vn 0.01707750373 -0.8969780207 -0.4417451322
v -0.818497777 -0.9752982855 1.438128471
vn 0.119689621 -0.9848237038 -0.1256849021
v -0.818497777 -0.9782651067 1.405789733
vn 0.1855232716 -0.9730176926 0.1371777505
v -0.8341254592 -0.9818636179 1.405335546
vn 0.2071130276 -0.9516547322 0.2268423587
v -0.818497777 -0.9807627201 1.396613002
vn 0.190773502 -0.9478770494 0.2552148402
v -0.8276973367 -0.9103831649 0.8390007615
vn -0.6603236198 -0.2702350914 -0.7006751895
v -0.818497777 -0.9092367291 0.8299177885
vn -0.6684703827 -0.2825238407 -0.6879881024
v -0.8361299634 -0.8865563273 0.6502225399
vn -0.7047769427 -0.3078998625 0.6391299963
v -0.818497777 -0.8887551427 0.6676436067
vn -0.6274510026 -0.3778021038 0.6808603406
v -0.8194323778 -1.053038001 1.715994835
vn 0.6246368289 -0.4812715352 -0.6149849892
v -0.818497777 -1.053094745 1.716444373
vn 0.2212967575 -0.1560601741 -0.962638557
v -0.818497777 -1.05244863 1.716069221
vn 0.1040767059 -0.7215269208 -0.6845194697
v -0.818497777 -1.026831388 1.687338114
vn 0.3437218666 -0.9165565968 -0.2043998837
v -0.8469595313 -1.049066901 1.684531689
vn 0.7640972137 -0.6105750799 -0.208215028
v -0.818497777 -1.031545043 1.654778957
vn 0.389441967 -0.8865360022 0.2497776747
v -0.8348571062 -1.045095801 1.653068662
vn 0.7273449898 -0.5475062728 0.4137707055
v -0.818497777 -1.043113112 1.637360334
vn 0.09426061064 -0.7140135169 0.6937576532
v -0.818497777 -1.032455683 1.552921891
vn -0.04486574978 -0.9457571507 -0.3217614293
v -0.818497777 -1.026870728 1.527511954
vn -0.235134989 -0.9101195931 -0.341165483
v -0.818497777 -1.013467312 1.497239351
vn -0.2434235513 -0.8111685514 -0.5317429304
v -0.818497777 -0.9865627885 1.372778058
vn 0.1368303597 -0.9801083803 0.1437531263
v -0.818497777 -0.9883460402 1.340588808
vn 0.06016170979 -0.9981788993 -0.004407043103
v -0.818497777 -0.9865056276 1.308856726
vn 0.04980907589 -0.9982092977 -0.03312406689
v -0.818497777 -0.9860024452 1.276956201
vn 0.1004151478 -0.9912475348 0.08570352197
v -0.818497777 -0.9911831021 1.244337916
vn 0.1465667337 -0.973720789 0.1743158996
v -0.8273286819 -0.9934709668 1.244049072
vn 0.2278358787 -0.9489888549 0.2179700285
v -0.818497777 -0.9927694798 1.238491535
vn 0.04737370089 -0.9641001225 0.2612789273
v -0.841925323 -0.9458172917 0.8664928079
vn -0.6678034663 -0.289160192 -0.6858752966
v -0.818497777 -0.9428954124 0.8433426023
vn -0.6588007212 -0.2755050361 -0.7000561357
v -0.818497777 -0.9265528321 0.8369597793
vn -0.6600983143 -0.2789739966 -0.6974552274
v -0.8257232904 -0.9180192947 0.6462513804
vn -0.6430771947 -0.3007244766 0.7042844296
v -0.818497777 -0.9187482595 0.6520267725
vn -0.5853518248 -0.351891011 0.7304354906
v -0.8387306929 -1.084501147 1.712023616
vn 0.6998081803 0.03037091903 -0.7136849165
v -0.818497777 -1.085704803 1.721560717
vn 0.2058906853 0.03749992698 -0.9778562188
v -0.8493083715 -1.076558828 1.649097443
vn 0.9082452655 -0.1548609734 0.3887268901
v -0.818497777 -1.063137889 1.618827224
vn 0.321276933 -0.9449492097 0.06206567585
v -0.8274784088 -1.072587729 1.617634416
vn 0.9155651927 -0.3722233176 0.1522833258
v -0.818497777 -1.050535321 1.588453531
vn -0.1910170168 -0.9139168262 -0.3581458926
v -0.818497777 -1.033833146 1.558597445
vn -0.283547461 -0.8446450233 -0.4540656209
v -0.818497777 -0.9991955757 1.211362481
vn 0.05518589169 -0.991155982 0.1206827834
v -0.818497777 -1.00047946 1.179236054
vn -0.03127760813 -0.9993553162 -0.0176270511
v -0.818497777 -0.9981278777 1.147568464
vn -0.1053090468 -0.9935389161 -0.04231405631
v -0.818497777 -0.9965495467 1.11580348
vn -0.1360154748 -0.9905638695 0.016821431
v -0.818497777 -1.000562191 1.083332658
vn -0.1383118182 -0.9768950939 0.1629290283
v -0.818497777 -1.003857255 1.073088169
vn -0.2432550341 -0.9179721475 0.3132956624
v -0.8244407177 -0.9772803783 0.8625215888
vn -0.6718538404 -0.3397569954 -0.6581622958
v -0.818497777 -0.976521194 0.8565065861
vn -0.6512203217 -0.3370834291 -0.6799168587
v -0.818497777 -0.9349723458 0.6441116929
vn -0.6010458469 -0.3466890454 0.7201045752
v -0.818497777 -0.9488737583 0.6374579668
vn -0.5837289691 -0.2885082662 0.7589620948
v -0.8248614669 -1.115964174 1.708052516
vn 0.6368435025 0.4171716571 -0.6483811736
v -0.818497777 -1.116395831 1.711472511
vn 0.1632300019 0.3626724482 -0.9175100327
v -0.8485196829 -1.111992955 1.67658937
vn 0.8028552532 0.5608677268 -0.2021159083
v -0.8425993919 -1.108021855 1.645126343
vn 0.8393585682 0.4931840301 0.2285754681
v -0.8328084946 -1.104050756 1.613663316
vn 0.9671284556 0.2513903081 -0.03828192502
v -0.818497777 -1.011309147 1.050012112
vn -0.2721210122 -0.9339427352 0.2317349166
v -0.818497777 -1.015947461 1.017462373
vn -0.2927950919 -0.9513191581 0.09624396265
v -0.818497777 -1.01697886 0.985368073
vn -0.2694729269 -0.9629181623 0.01315075625
v -0.818497777 -1.018300653 0.9532368779
vn -0.3434461951 -0.938320756 -0.03998595476
v -0.8233594894 -1.016685724 0.9214764833
vn -0.4780604541 -0.8753421307 -0.07234909385
v -0.818497777 -1.018776536 0.9380425215
vn -0.5617548823 -0.8265575767 0.03512855247
v -0.818497777 -1.013759136 0.8982899785
vn -0.4845872223 -0.8482741117 -0.2135560811
v -0.818497777 -1.011523604 0.8901637197
vn -0.6159274578 -0.6254974604 -0.4789429307
v -0.818497777 -0.9844534993 0.8616163135
vn -0.623190999 -0.5333431363 -0.5719948411
v -0.8439115286 -0.9769743085 0.6068459749
vn -0.6030507684 -0.2835517526 0.745605886
v -0.818497777 -0.9794504642 0.6264644861
vn -0.6262826324 -0.2363947183 0.7428913713
v -0.818497777 -1.12106204 1.707409143
vn 0.4499384165 0.7755271196 -0.4428465664
v -0.818497777 -1.139656186 1.673097849
vn 0.5378262997 0.830809772 -0.1431713104
v -0.818497777 -1.136402011 1.641544342
vn 0.5064274073 0.8032213449 0.3136347234
v -0.818497777 -1.124584436 1.611071587
vn 0.3041020036 0.9519533515 -0.03614890203
v -0.8242745399 -1.131542563 1.578229189
vn 0.568387866 0.6903129816 -0.4476642013
v -0.818497777 -1.132752657 1.587816
vn -0.4313602448 0.8585371375 -0.2772044539
v -0.818497777 -1.019423485 0.9211309552
vn -0.5533236861 -0.8270636201 -0.09898845106
v -0.83679533 -1.008437276 0.6028748751
vn -0.6477339268 -0.1888471842 0.7380904555
v -0.818497777 -1.010528684 0.6194450855
vn -0.6895586252 -0.1281287521 0.7128056884
v -0.818497777 -1.133820534 1.577941656
vn 0.131617099 0.8591954112 -0.4944291711
v -0.818497777 -1.149261951 1.544028401
vn -0.2430894673 0.834195435 -0.4950005114
v -0.818497777 -1.157983899 1.534470558
vn -0.2696282268 0.5081098676 -0.8180006146
v -0.8348439932 -1.039900303 0.5989037156
vn -0.683721602 -0.1196543798 0.719866395
v -0.818497777 -1.041898966 0.6147382855
vn -0.7017682791 -0.09782864898 0.7056563497
v -0.818497777 -1.188144326 1.520179152
vn -0.2655908763 0.2028231472 -0.942509532
v -0.8345451951 -1.07136333 0.5949326158
vn -0.6947840452 -0.09498652816 0.7129184604
v -0.818497777 -1.073344827 0.6106314063
vn -0.6989167929 -0.0953155905 0.7088231444
v -0.818497777 -1.21977973 1.517574191
vn -0.2160584778 -0.04028527066 -0.9755489826
v -0.8344926834 -1.102826476 0.5909614563
vn -0.6951329708 -0.09138620645 0.7130489349
v -0.818497777 -1.104785681 0.6064840555
vn -0.6902016997 -0.09588529915 0.7172361016
v -0.8392031789 -1.253423572 1.530881524
vn -0.3298736215 -0.2346044183 -0.9144091606
v -0.818497777 -1.25243783 1.523070931
vn -0.2447302788 -0.1730651855 -0.9540207386
v -0.8344680667 -1.134289503 0.5869903564
vn -0.6933592558 -0.09065223485 0.7148672342
v -0.818497777 -1.136230946 0.6023730636
vn -0.6873432994 -0.08826565742 0.7209496498
v -0.818497777 -1.28550756 1.531829715
vn -0.2413263619 -0.1466914415 -0.9592930675
v -0.818497777 -1.272467256 1.528477907
vn -0.3106788695 -0.243132934 -0.9188933969
v -0.8345011473 -1.16575253 0.583019197
vn -0.6935978532 -0.08906593174 0.7148351669
v -0.818497777 -1.167711258 0.5985384583
vn -0.6952340007 -0.08444917947 0.7138053179
v -0.818497777 -1.318051338 1.536420584
vn -0.1982319504 -0.1392181218 -0.9702177048
v -0.8345384598 -1.197215557 0.5790479779
vn -0.6952038407 -0.08880399168 0.7133060098
v -0.818497777 -1.199195743 0.5947364569
vn -0.7021211386 -0.08636098355 0.7068010569
v -0.818497777 -1.350564837 1.5407722
vn -0.2146155238 -0.1759338528 -0.9607223868
v -0.8345686197 -1.228678584 0.5750768781
vn -0.6958810687 -0.08716979623 0.712847054
v -0.818497777 -1.230665684 0.5908201933
vn -0.7031729817 -0.08647883683 0.7057401538
v -0.818497777 -1.383601904 1.549272299
vn -0.1974342614 -0.1575462371 -0.9675737023
v -0.818497777 -1.376516342 1.547309518
vn -0.2350262254 -0.2414278835 -0.9415281415
v -0.8348674774 -1.26014173 0.5711057186
vn -0.6924684644 -0.07128662616 0.7179176211
v -0.818497777 -1.26214087 0.5869448185
vn -0.6953688264 -0.07487742603 0.7147415876
v -0.818497777 -1.416193843 1.554245114
vn -0.1882044226 -0.09322785586 -0.9776950479
v -0.836894691 -1.291604757 0.5671346188
vn -0.6716904044 -0.01273606997 0.7407224774
v -0.818497777 -1.29369688 0.5837102532
vn -0.6620063186 -0.02699218132 0.749012053
v -0.818497777 -1.44833374 1.555637479
vn -0.2134351879 -0.05311498791 -0.9755122662
v -0.844530642 -1.323067665 0.5631634593
vn -0.6239234209 0.05386255682 0.7796270847
v -0.818497777 -1.325547218 0.5828092694
vn -0.5959546566 0.06488519162 0.8003923893
v -0.846478045 -1.481607199 1.566009641
vn -0.3374408484 0.1001906767 -0.9359997511
v -0.818497777 -1.480517983 1.557379484
vn -0.261742264 0.004633759148 -0.9651266932
v -0.818497777 -1.357908368 0.5859520435
vn -0.5389729738 0.1272230446 0.8326598406
v -0.8431544304 -1.513070345 1.562038541
vn -0.3783668876 0.1539358944 -0.9127662778
v -0.818497777 -1.511777878 1.55179882
vn -0.3583482802 0.4063476622 -0.8405165672
v -0.8271082044 -1.389965057 0.5866843462
vn -0.5406819582 0.1681607813 0.8242481351
v -0.818497777 -1.372261524 0.5889187455
vn -0.5863263607 0.1639270186 0.7933154106
v -0.818497777 -1.390724301 0.5927003026
vn -0.560447216 0.1500291973 0.8144876957
v -0.8311027884 -1.540562153 1.526604295
vn -0.312189877 0.9134367108 -0.2610954642
v -0.818497777 -1.534778118 1.527334332
vn -0.3860926032 0.761304915 -0.5209100842
v -0.818497777 -1.538917184 1.513571739
vn -0.4006999433 0.8924002647 -0.2075121552
v -0.8431999683 -1.421427965 0.5827131867
vn -0.5369247794 0.1803249717 0.8241326809
v -0.818497777 -1.423506618 0.5991823673
vn -0.5437352657 0.2003956288 0.8149807453
v -0.818497777 -1.542304039 1.49442029
vn -0.279312253 0.9577757716 -0.06819244474
v -0.818497777 -1.541496277 1.462557912
vn -0.2667646408 0.9625167847 0.04896960407
v -0.818497777 -1.539160252 1.430888534
vn -0.2435004115 0.9659192562 0.08779285103
v -0.818497777 -1.535445094 1.399393201
vn -0.2468827367 0.9623218775 0.1139538735
v -0.818497777 -1.531636596 1.36790967
vn -0.2275549918 0.9669815898 0.1147402152
v -0.818497777 -1.527915835 1.336415052
vn -0.2140685916 0.9727698565 0.08884532005
v -0.818497777 -1.52539742 1.304768443
vn -0.1809561253 0.9806576967 0.07460153103
v -0.818497777 -1.523111939 1.273092866
vn -0.164702639 0.9839655161 0.06844644994
v -0.818497777 -1.521431208 1.241340637
vn -0.2008488774 0.9792969823 0.02524117008
v -0.818497777 -1.520995736 1.20943141
vn -0.2700673044 0.962828517 -0.004991484806
v -0.8397659659 -1.528342605 1.176539779
vn -0.4608390927 0.8750091195 -0.1482780576
v -0.818497777 -1.519592643 1.177644134
vn -0.3066474497 0.9513853788 -0.0288655702
v -0.8225210905 -1.524371505 1.145076871
vn -0.5274202228 0.7690347433 -0.3611281216
v -0.818497777 -1.522489786 1.145314336
vn -0.3242622018 0.9397409558 -0.1083554924
v -0.818497777 -1.524025321 1.142334461
vn -0.3557304442 0.6273866892 -0.6927061677
v -0.818497777 -1.456554413 0.6077669263
vn -0.4998781681 0.2696546018 0.8230481148
v -0.818497777 -1.553535342 1.122888684
vn -0.3605023026 0.3377533257 -0.8694600463
v -0.8416299224 -1.488325238 0.6062338948
vn -0.5124377608 0.3820985556 0.7690307498
v -0.818497777 -1.461026669 0.6096794009
vn -0.5336323977 0.3472746909 0.7711269259
v -0.818497777 -1.490445137 0.6230294704
vn -0.5404644012 0.3700663447 0.7556117773
v -0.818497777 -1.584893227 1.118084431
vn -0.354357332 0.03941941261 -0.9342788458
v -0.828581214 -1.523759484 0.6337258816
vn -0.5039433837 0.4035867155 0.7636483908
v -0.818497777 -1.513403177 0.6350329518
vn -0.5464558005 0.3814679384 0.7455657721
v -0.818497777 -1.524619222 0.6405382752
vn -0.4970496297 0.3483105302 0.7947461605
v -0.818497777 -1.616931319 1.118669271
vn -0.3820028901 -0.1524427831 -0.9115015268
v -0.818497777 -1.55843091 0.6551751494
vn -0.4774792194 0.3590222001 0.8019455075
v -0.818497777 -1.650392056 1.130526662
vn -0.3879277408 -0.2946297228 -0.8733300567
v -0.818497777 -1.647589684 1.129524708
vn -0.3943095505 -0.3060251772 -0.8665267229
v -0.8415099382 -1.590656519 0.6572464705
vn -0.5184932351 0.4447286725 0.7303295135
v -0.818497777 -1.567958713 0.6601112485
vn -0.5183345675 0.4270033836 0.7409435511
v -0.818497777 -1.592902541 0.6750410199
vn -0.5360000134 0.4555584192 0.7107535005
v -0.818497777 -1.683661222 1.140865326
vn -0.4006836116 -0.2864207923 -0.8702963591
v -0.8356162906 -1.626090765 0.6847385168
vn -0.5356857777 0.5045415163 0.6771104932
v -0.818497777 -1.609755039 0.6868003607
vn -0.5574813485 0.4898017049 0.6703050733
v -0.818497777 -1.628114223 0.7007708549
vn -0.5554038882 0.5145938396 0.6532378793
v -0.8217459917 -1.717120886 1.152712941
vn -0.3561349809 -0.3134456575 -0.880295217
v -0.818497777 -1.716925859 1.151167631
vn -0.3782595992 -0.2786617577 -0.8827611804
v -0.8379908204 -1.661524892 0.7122305036
vn -0.5082014203 0.5517809987 0.6612632275
v -0.818497777 -1.64521873 0.7142885923
vn -0.5406031609 0.5219780803 0.6597629189
v -0.818497777 -1.663624525 0.7288650274
vn -0.5280500054 0.5336239934 0.6606123447
v -0.818497777 -1.750840664 1.166621327
vn -0.2581646144 -0.3913347423 -0.8832939267
v -0.818497777 -1.719518304 1.152410388
vn -0.2919389307 -0.4267145097 -0.8559710383
v -0.8414242864 -1.696959138 0.7397222519
vn -0.4747993648 0.5544694662 0.6834685206
v -0.818497777 -1.679931879 0.741871357
vn -0.511081934 0.5374973416 0.6707397699
v -0.818497777 -1.69918561 0.7573619485
vn -0.509341836 0.5355472565 0.6736171246
v -0.818497777 -1.784864783 1.182942152
vn -0.1946734935 -0.2975870371 -0.9346358776
v -0.818497777 -1.773182034 1.177601457
vn -0.2228981704 -0.4235574603 -0.878017962
v -0.8422123194 -1.732393384 0.7672142982
vn -0.4737384617 0.5581054688 0.6812416315
v -0.818497777 -1.714514136 0.7694709301
vn -0.5121082067 0.5401874185 0.6677894592
v -0.818497777 -1.734784365 0.7861584425
vn -0.5067741871 0.5527162552 0.6615774035
v -0.818497777 -1.817981958 1.192076087
vn -0.1871441156 -0.2426209301 -0.9518992305
v -0.8460674882 -1.76782763 0.7947060466
vn -0.4761373699 0.5794906616 0.6614255309
v -0.818497777 -1.747906566 0.7972204089
vn -0.5059977174 0.5719785094 0.6456058025
v -0.818497777 -1.770773053 0.8180428147
vn -0.5131490827 0.5842168331 0.628783524
v -0.818497777 -1.850956559 1.20008111
vn -0.007149251178 -0.009187921882 -0.9999322295
v -0.818497777 -1.850121975 1.199854493
vn -0.1582194567 -0.2329559475 -0.9595301747
v -0.818497777 -1.77829349 0.8253494501
vn -0.452473402 0.6304890513 0.6306753159
v -0.818497777 -1.807158589 0.8530731797
vn -0.4316577017 0.6383299828 0.6373432875
v -0.818497777 -1.883164406 1.202010512
vn 0.08434349298 0.150436759 -0.9850152135
v -0.8428720832 -1.842666984 0.8811529875
vn -0.3808666766 0.770501554 0.5111438036
v -0.818497777 -1.831442595 0.8825697303
vn -0.4429059327 0.7268339396 0.5249254704
v -0.818497777 -1.845992565 0.9075015783
vn -0.4566173553 0.7694651484 0.4465691745
v -0.818497777 -1.807690263 0.8536032438
vn -0.4493024945 0.6899214387 0.5675699711
v -0.818497777 -1.909416914 1.192370534
vn 0.3208851814 0.5383051634 -0.7792690396
v -0.818497777 -1.913580179 1.189742804
vn 0.2776272893 0.8758850694 -0.3946498334
v -0.8489365578 -1.886043429 0.9715708494
vn -0.2625142038 0.8449274898 0.4660298824
v -0.818497777 -1.877187252 0.9726886153
vn -0.3213094771 0.8302482963 0.4554646015
v -0.818497777 -1.888707042 0.9926745892
vn -0.2842949927 0.8320544362 0.4763000607
v -0.818497777 -1.861996889 0.9426417351
vn -0.349093318 0.8391352296 0.4171162248
v -0.818497777 -1.848697186 0.912356019
vn -0.3244233429 0.8694432378 0.3725827634
v -0.818497777 -1.925757647 1.15834403
vn 0.1953411251 0.9756212234 -0.1000252664
v -0.818497777 -1.920971513 1.126983762
vn 0.1415622681 0.9814990759 0.1289174259
v -0.818497777 -1.916262269 1.095613956
vn 0.04600818828 0.9904839993 0.1297100186
v -0.818497777 -1.912308216 1.064148664
vn -0.04545830935 0.9829278588 0.1782874763
v -0.818497777 -1.905734658 1.033014059
vn -0.1047843024 0.9622672796 0.2511212826
v -0.818497777 -1.894246578 1.002499819
vn -0.1900549233 0.912435174 0.3624101877
v -0.8117190599 -0.768646419 0.7290331721
vn -0.9599964619 -0.2377017438 -0.1480023265
v -0.8142825365 -0.8040806055 0.7565249205
vn -0.9070632458 -0.260071367 -0.3310576379
v -0.804617703 -0.800109446 0.7250620723
vn -0.9795188904 -0.1831150502 0.08373574913
v -0.815520823 -0.8395147324 0.7840169668
vn -0.7765427232 -0.4174294174 -0.4719471335
v -0.8014302254 -0.8355435729 0.7525538206
vn -0.8891120553 -0.4001398385 -0.2221888006
v -0.7996921539 -0.831572473 0.7210909128
vn -0.935786128 -0.2292877287 0.2678273022
v -0.8142920136 -0.8749489784 0.8115090132
vn -0.72310853 -0.3676392138 -0.5847696066
v -0.7936012745 -0.870977819 0.780045867
vn -0.7635154724 -0.4321656525 -0.4798718393
v -0.7867850661 -0.8681231737 0.7574288845
vn -0.8385638595 -0.45024845 -0.3067360818
v -0.7867850661 -0.8622089028 0.7491881847
vn -0.8752173185 -0.4832654893 0.02119330876
v -0.7867850661 -0.8652850986 0.7349427342
vn -0.8678716421 -0.4868293703 0.09897477925
v -0.7905703783 -0.8630355597 0.717119813
vn -0.8425728083 -0.398940742 0.3618250191
v -0.8176407814 -0.8590644002 0.6856566668
vn -0.7528920174 -0.3132524788 0.5788146853
v -0.7867850661 -0.9900433421 1.470142484
vn -0.1566362977 -0.52746135 -0.8350147605
v -0.7867850661 -0.9881174564 1.468474746
vn 0.008672636934 -0.820766151 -0.5711984634
v -0.7867850661 -0.9708308578 1.438692331
vn 0.1361093074 -0.9593548775 -0.2472093552
v -0.7867850661 -0.9711137414 1.406692386
vn 0.2027945966 -0.9659259319 0.1608150452
v -0.7867850661 -0.978741765 1.380601287
vn 0.1981496811 -0.9395247698 0.2793382704
v -0.7967494726 -0.9064120054 0.8075378537
vn -0.7081614733 -0.3334885836 -0.6223284602
v -0.7867850661 -0.9048552513 0.7952036262
vn -0.7120876312 -0.3644063175 -0.6001160741
v -0.7867850661 -0.8804728389 0.7788473964
vn -0.7801882029 -0.4642576277 -0.4192507267
v -0.7867850661 -0.8690668344 0.7163585424
vn -0.7529478073 -0.489176631 0.4401997924
v -0.7867850661 -0.8924846053 0.6971921921
vn -0.6827533245 -0.4543679953 0.5721867085
v -0.80224365 -0.8905274272 0.6816855073
vn -0.6642277837 -0.4373629391 0.6062302589
v -0.7867850661 -1.053411841 1.718956232
vn -0.03211613372 -0.1808472276 -0.9829866886
v -0.7867850661 -1.04897666 1.716507435
vn -0.1635252982 -0.7236521244 -0.670512557
v -0.7867850661 -1.022539616 1.687879801
vn -0.0943807289 -0.9154504538 -0.3912068307
v -0.7867850661 -1.029383898 1.655051708
vn -0.1643897444 -0.9200605154 0.3556186855
v -0.7867850661 -1.043387413 1.639533281
vn -0.2277289778 -0.6524484158 0.722807467
v -0.8145109415 -1.029211164 1.527216554
vn -0.5706682205 -0.749063313 -0.3365144134
v -0.7926605344 -1.025240064 1.495753527
vn -0.480287075 -0.7500892878 -0.4546321332
v -0.7867850661 -1.024864912 1.492781401
vn -0.2686474919 -0.5230692029 -0.8088430762
v -0.7867850661 -0.9809357524 1.373488307
vn 0.1374057531 -0.967862308 0.2106233686
v -0.7867850661 -0.9864162207 1.340832353
vn 0.04568330199 -0.9956882596 0.08073369414
v -0.7867850661 -0.9859884977 1.308922052
vn -0.05270421132 -0.9985611439 -0.009892154485
v -0.7867850661 -0.9849787951 1.277085423
vn -0.0700712651 -0.9967831373 0.03890239075
v -0.7867850661 -0.98937428 1.244566202
vn -0.06491456926 -0.9829896688 0.171806246
v -0.7867850661 -0.9923360944 1.23505795
vn -0.1436258554 -0.9434075952 0.2989209592
v -0.8101587892 -0.9418461323 0.8350295424
vn -0.6678446531 -0.266590178 -0.6949195862
v -0.7867850661 -0.9388811588 0.8115383983
vn -0.6670072079 -0.2732467651 -0.6931360364
v -0.7867850661 -0.9239214063 0.8053278923
vn -0.6962086558 -0.3096683025 -0.6476102471
v -0.7867850661 -0.9170161486 0.6783422232
vn -0.6353512406 -0.4476980865 0.6292020082
v -0.7867850661 -0.9216867685 0.6753084064
vn -0.5942431688 -0.3464375436 0.725848496
v -0.7867850661 -1.086004138 1.72393167
vn -0.008207396604 0.09025521576 -0.9958848357
v -0.7867850661 -1.070551515 1.617891431
vn -0.3750789762 -0.8019554615 0.4649550319
v -0.7918877602 -1.068616509 1.586171389
vn -0.6417941451 -0.7645075321 -0.06023758277
v -0.7867850661 -1.071361542 1.607920051
vn -0.9237485528 -0.3680321872 0.1060230955
v -0.7867850661 -1.067114592 1.574271441
vn -0.6610130072 -0.6816371679 -0.3137396574
v -0.7867850661 -1.05964005 1.555340171
vn -0.6377828717 -0.7109642625 -0.2962479293
v -0.7867850661 -1.049682736 1.524632692
vn -0.6243805885 -0.6934786439 -0.3594944477
v -0.7867850661 -1.028721929 1.495314002
vn -0.5963533521 -0.6281029582 -0.4998493493
v -0.7867850661 -0.9995669127 1.211315632
vn -0.1889030635 -0.9579710364 0.2158867419
v -0.7867850661 -1.002834797 1.178938746
vn -0.2620657384 -0.9626483321 0.06804222614
v -0.7867850661 -1.002998471 1.146953702
vn -0.2519109547 -0.9674503207 0.02409843914
v -0.7867850661 -1.005997181 1.114611149
vn -0.2775054276 -0.9575016499 0.07862173766
v -0.8067349195 -1.005078316 1.082762718
vn -0.4003109038 -0.8748807311 0.2726442516
v -0.7867850661 -1.007981658 1.105765462
vn -0.63043648 -0.7356218696 0.2478110641
v -0.7936748266 -0.9733092189 0.8310584426
vn -0.6640710235 -0.2931897342 -0.6877859235
v -0.7867850661 -0.9724367857 0.8241462708
vn -0.6622142792 -0.3059903681 -0.6839898825
v -0.8122774959 -0.9494823813 0.642280221
vn -0.6072749496 -0.2941522896 0.7380322218
v -0.7867850661 -0.9520053864 0.6622697115
vn -0.6336518526 -0.2570429444 0.7296672463
v -0.7867850661 -1.117073298 1.716840029
vn -0.05697924644 0.3436386585 -0.9373717904
v -0.7867850661 -1.07796967 1.584990859
vn -0.9515333176 -0.2899800241 -0.1024496108
v -0.7867850661 -1.01625967 1.081351399
vn -0.5659118295 -0.7821682096 0.2606851161
v -0.7867850661 -1.027007103 1.048030853
vn -0.4684359729 -0.8628357053 0.1899533272
v -0.7941601872 -1.028599143 1.015865564
vn -0.5032089949 -0.8559729457 0.1187054664
v -0.7867850661 -1.030550122 1.031323791
vn -0.784093082 -0.5961841941 0.1725179553
v -0.8055215478 -1.024627924 0.9844025373
vn -0.5645403862 -0.8216777444 0.07835716009
v -0.8147408366 -1.020656824 0.9529395103
vn -0.5797199011 -0.8138482571 0.0396967493
v -0.8170431256 -1.012714505 0.8900133371
vn -0.5704151392 -0.7539120317 -0.3259498179
v -0.7969281077 -1.008743405 0.8585504889
vn -0.6208124757 -0.6153624654 -0.485716939
v -0.7867850661 -1.007291436 0.8470467329
vn -0.6466572881 -0.4663750827 -0.6035964489
v -0.7867850661 -0.9826929569 0.8298740387
vn -0.6421984434 -0.4166307449 -0.6434283257
v -0.8050243855 -0.9809454083 0.6383091211
vn -0.6512771845 -0.1924266964 0.7340368032
v -0.7867850661 -0.9830411077 0.6549127698
vn -0.6915108562 -0.1312725842 0.7103381157
v -0.7867850661 -1.131749988 1.706060052
vn -0.02079674974 0.8452382088 -0.5339848995
v -0.8052235246 -1.143455982 1.67261827
vn 0.2597423196 0.9509757757 -0.1678659171
v -0.7867850661 -1.144671202 1.682246089
vn -0.1840354651 0.8832775354 -0.4312211871
v -0.8021168709 -1.139484882 1.641155243
vn 0.1940630972 0.9650053978 0.176363498
v -0.7867850661 -1.138608694 1.634213805
vn -0.2609867752 0.7856293321 0.5609567165
v -0.7867850661 -1.121523261 1.611457944
vn -0.2674137652 0.8732085228 0.4074269831
v -0.8125959635 -1.131542563 1.578229189
vn -0.5197708011 0.7900828719 -0.3249728978
v -0.7867850661 -1.11190629 1.58070755
vn -0.6087204814 0.7904649973 -0.06800368428
v -0.7870926261 -1.127571464 1.546766162
vn -0.5001031756 0.767927289 -0.4002305865
v -0.7867850661 -1.127138138 1.546820879
vn -0.788182795 0.5677158833 -0.2376268804
v -0.7867850661 -1.127533793 1.546467423
vn -0.6555624604 0.4951191247 -0.5701709986
v -0.7867850661 -1.035247087 1.01502645
vn -0.7652871609 -0.635972321 0.0993719399
v -0.7867850661 -1.040409923 0.9824106693
vn -0.6802569032 -0.7316943407 0.04328883067
v -0.7867850661 -1.040554047 0.9504281282
vn -0.6033554077 -0.7974485159 -0.006175240967
v -0.7867850661 -1.039378881 0.9186122417
vn -0.5826050639 -0.8084415793 -0.08362751454
v -0.7867850661 -1.034354806 0.8872820139
vn -0.6123073101 -0.7408021688 -0.2762099504
v -0.7867850661 -1.018135309 0.8573651314
vn -0.6775164604 -0.5937693119 -0.4340615571
v -0.8030021787 -1.012408495 0.6343379617
vn -0.6893277168 -0.1214053929 0.7142044902
v -0.7867850661 -1.014406562 0.6501688361
vn -0.7037374973 -0.09855803847 0.7035906911
v -0.7867850661 -1.147530675 1.672104001
vn 0.0335855037 0.9947054982 0.09712379426
v -0.7867850661 -1.141291499 1.640927196
vn -0.1187814251 0.9676335454 0.2226574272
v -0.7867850661 -1.156107068 1.519601226
vn -0.4891019464 0.4172400236 -0.7659569383
v -0.8026450276 -1.043871522 0.6303668618
vn -0.7029191852 -0.09708959609 0.7046120763
v -0.7867850661 -1.045847178 0.6460200548
vn -0.6980313659 -0.1038335934 0.7084989548
v -0.7867850661 -1.187170744 1.512466073
vn -0.2504291832 0.05479507521 -0.9665830135
v -0.8023699522 -1.075334549 0.6263957024
vn -0.7011474371 -0.1005844995 0.7058860064
v -0.7867850661 -1.077229023 0.6414054632
vn -0.6690250635 -0.1367963254 0.7305424213
v -0.7867850661 -1.219242454 1.51331687
vn -0.1618119627 -0.08094979823 -0.9834958315
v -0.8014912009 -1.106797576 0.6224246025
vn -0.6857728958 -0.1102677211 0.7194140553
v -0.7867850661 -1.108458161 0.6355811357
vn -0.6227549314 -0.1459555924 0.7686827779
v -0.7867850661 -1.251591325 1.516364098
vn -0.1692329049 -0.1213831753 -0.9780727625
v -0.8007295728 -1.138260603 0.6184534431
vn -0.6683879495 -0.09903454036 0.7371904254
v -0.7867850661 -1.13974762 0.6302348971
vn -0.6046653986 -0.08674126863 0.7917422056
v -0.8037195802 -1.284886718 1.526910424
vn -0.2994818389 -0.2152008265 -0.9295156002
v -0.7867850661 -1.284179211 1.521305323
vn -0.2282136381 -0.1502046138 -0.9619548321
v -0.801443994 -1.16972363 0.6144823432
vn -0.672118187 -0.07691315562 0.7364383936
v -0.7867850661 -1.171361327 0.6274571419
vn -0.634716332 -0.05168836191 0.7710145712
v -0.7867850661 -1.317062378 1.528585792
vn -0.2546779811 -0.1632147878 -0.9531527162
v -0.7867850661 -1.300563335 1.524931788
vn -0.3062112927 -0.2056033611 -0.9294955134
v -0.8022949696 -1.201186776 0.6105111241
vn -0.6891753674 -0.07583864033 0.7206149101
v -0.7867850661 -1.2030375 0.6251744032
vn -0.6727777123 -0.06192976981 0.7372481823
v -0.7867850661 -1.34971416 1.534032583
vn -0.234593153 -0.1603210121 -0.9587821364
v -0.8025717139 -1.232649803 0.6065399647
vn -0.7007442117 -0.08364592493 0.708491981
v -0.7867850661 -1.234595895 0.6219592094
vn -0.6954986453 -0.07755091786 0.7143300772
v -0.8095582128 -1.383247018 1.546460032
vn -0.2840491235 -0.1849227846 -0.9408079982
v -0.7867850661 -1.38236928 1.539505959
vn -0.2735391557 -0.1593224108 -0.9485740066
v -0.8026621938 -1.26411283 0.6025688648
vn -0.7046832442 -0.08434124291 0.7044913769
v -0.7867850661 -1.266091943 0.6182489991
vn -0.7034409642 -0.08363039047 0.7058163285
v -0.7867850661 -1.415072918 1.545364022
vn -0.269808054 -0.09998520464 -0.9577090144
v -0.7867850661 -1.405708551 1.543624997
vn -0.3256223798 -0.1643648893 -0.931103766
v -0.8030034304 -1.295575857 0.5985977054
vn -0.7006550431 -0.06879713386 0.710175693
v -0.7867850661 -1.297573209 0.6144225597
vn -0.6970371008 -0.07390712202 0.7132159472
v -0.7867850661 -1.447351813 1.547857761
vn -0.2997412682 -0.04129441455 -0.9531264305
v -0.8050329089 -1.327038884 0.5946266055
vn -0.6777543426 -0.01252654195 0.7351817489
v -0.7867850661 -1.329132199 0.611212194
vn -0.6665742993 -0.02405626513 0.7450503111
v -0.7867850661 -1.479307175 1.547785878
vn -0.3295243084 0.159368366 -0.9305995107
v -0.8123754859 -1.358501911 0.5906554461
vn -0.6317539811 0.05581538379 0.7731568813
v -0.7867850661 -1.361011267 0.6105363369
vn -0.610200882 0.07996701449 0.7882006168
v -0.7867850661 -1.509941936 1.537252545
vn -0.3568819761 0.3786559999 -0.8539642096
v -0.7867850661 -1.393529177 0.6149231791
vn -0.5706697106 0.1520303041 0.8069837689
v -0.7867850661 -1.516675353 1.529619217
vn -0.358093977 0.8268765807 -0.4336402118
v -0.8057911396 -1.536590934 1.495141268
vn -0.4015179873 0.9148782492 -0.04220284522
v -0.7867850661 -1.527587295 1.496277809
vn -0.3549396694 0.9206276536 -0.16267322
v -0.796096921 -1.532619834 1.463678241
vn -0.3633579314 0.9311209321 0.03138185292
v -0.7867850661 -1.528634429 1.464181304
vn -0.325946629 0.9453456998 0.008964705281
v -0.7886132598 -1.528648615 1.432215214
vn -0.3337287009 0.9388942122 0.08427846432
v -0.7867850661 -1.527914643 1.432307959
vn -0.3270585239 0.9422265887 0.07240044326
v -0.7872363329 -1.524677634 1.400752187
vn -0.3285766244 0.938487947 0.1061970815
v -0.7867850661 -1.524498343 1.400774837
vn -0.3260346651 0.9392237067 0.1075182632
v -0.7867850661 -1.522691488 1.385016918
vn -0.3292889297 0.9380038381 0.108248055
v -0.7987319827 -1.425399065 0.6141761541
vn -0.5927851796 0.210606128 0.7773357034
v -0.7867850661 -1.401787996 0.6171562076
vn -0.6168653965 0.2136760205 0.7575088739
v -0.7867850661 -1.426673412 0.6242724061
vn -0.6337963939 0.2240130603 0.7403514981
v -0.7867850661 -1.520885468 1.369266629
vn -0.3253091872 0.9394209981 0.1079911143
v -0.7867850661 -1.517461777 1.337734461
vn -0.320153594 0.944001615 0.07976583391
v -0.7867850661 -1.516542792 1.30588603
vn -0.30402565 0.9516363144 0.04423532635
v -0.7867850661 -1.515304685 1.27407825
vn -0.2975124717 0.952886641 0.0591044426
v -0.7867850661 -1.512747407 1.242436647
vn -0.3134795725 0.9476880431 0.06014906988
v -0.7867850661 -1.511252046 1.210661292
vn -0.3288290799 0.944311142 0.01216098387
v -0.7867850661 -1.510887146 1.178742886
vn -0.3000108004 0.9537611604 -0.01825216599
v -0.7867850661 -1.513056993 1.146504879
vn -0.3194983006 0.9300894141 -0.1812583208
v -0.7867850661 -1.521981835 1.126144052
vn -0.4364613295 0.6214561462 -0.6506103277
v -0.815416038 -1.456862211 0.6102049947
vn -0.5958753824 0.271779269 0.7556908131
v -0.7867850661 -1.459930658 0.634517014
vn -0.609706521 0.2782848775 0.7421694398
v -0.7867850661 -1.55190599 1.109980106
vn -0.4188604653 0.2661831081 -0.868160367
v -0.8006044626 -1.492296457 0.6376969218
vn -0.5787115693 0.3422560692 0.7402389646
v -0.7867850661 -1.47285223 0.6401510835
vn -0.5999243855 0.314578712 0.7356160879
v -0.7867850661 -1.493718743 0.648966074
vn -0.579379797 0.3133999407 0.7523958683
v -0.7867850661 -1.583333135 1.105723977
vn -0.3675016165 0.03216026351 -0.9294666648
v -0.7867850661 -1.52732563 0.6619802713
vn -0.5167278051 0.3299987614 0.7899957299
v -0.7867850661 -1.615350008 1.106141567
vn -0.406011343 -0.1608649045 -0.8995983601
v -0.8099141717 -1.559193492 0.6612175703
vn -0.5412580371 0.4177883267 0.7297209501
v -0.7867850661 -1.532733679 0.6645572186
vn -0.5541028976 0.3817864954 0.7397357821
v -0.7867850661 -1.561517119 0.6796270013
vn -0.5585445166 0.4212208986 0.714563489
v -0.8160257936 -1.650223732 1.129192352
vn -0.42272681 -0.2689056396 -0.8654431105
v -0.7867850661 -1.648367763 1.114487886
vn -0.4079277515 -0.2572907805 -0.8760116696
v -0.8031981587 -1.594627738 0.6887096167
vn -0.5613023639 0.4750998318 0.6776576042
v -0.7867850661 -1.578027964 0.6908047795
vn -0.5739146471 0.4745918214 0.6673713923
v -0.7867850661 -1.596633196 0.7045993805
vn -0.5782871246 0.4909135997 0.6516040564
v -0.7878298163 -1.681686759 1.125221133
vn -0.4170447886 -0.307608366 -0.8552489281
v -0.7867850661 -1.681614876 1.124652267
vn -0.4005974829 -0.2878099382 -0.8698776364
v -0.8027653694 -1.630061865 0.7162016034
vn -0.5712139606 0.5036512613 0.6481127143
v -0.7867850661 -1.614298463 0.7181912661
vn -0.5762674212 0.499556303 0.6468070149
v -0.7867850661 -1.632050037 0.7319532633
vn -0.5748853087 0.5023372173 0.6458824873
v -0.7867850661 -1.715305448 1.138329744
vn -0.3300406635 -0.3801383972 -0.8640416265
v -0.7867850661 -1.682652473 1.125099301
vn -0.3276084363 -0.3789351583 -0.8654945493
v -0.8031233549 -1.665495992 0.7436933517
vn -0.5643974543 0.5114269257 0.6479953527
v -0.7867850661 -1.649718285 0.7456848025
vn -0.5724031925 0.5037142634 0.6470136046
v -0.7867850661 -1.667497396 0.759549737
vn -0.569725275 0.5067434907 0.6470117569
v -0.7867850661 -1.749631882 1.157044172
vn -0.2876395583 -0.4237199128 -0.8589091301
v -0.7867850661 -1.737494111 1.150141478
vn -0.3097954392 -0.4550336897 -0.8348479867
v -0.8038458824 -1.700930357 0.7711853981
vn -0.5576660037 0.5192915797 0.6475684643
v -0.7867850661 -1.684973836 0.7731993794
vn -0.5673466921 0.5100993514 0.6464645863
v -0.7867850661 -1.702997208 0.7875612378
vn -0.5643845201 0.5163389444 0.6440995336
v -0.7945876718 -1.784018159 1.176233768
vn -0.2475134432 -0.3177889884 -0.9152853489
v -0.7867850661 -1.783708811 1.173783422
vn -0.2779136002 -0.4181009829 -0.8648442626
v -0.8054349422 -1.736364484 0.798677206
vn -0.5558652878 0.5418787599 0.6303818226
v -0.7867850661 -1.719484329 0.8008077741
vn -0.5666896105 0.5294635296 0.6312933564
v -0.7867850661 -1.738745689 0.8175433278
vn -0.5650729537 0.5486307144 0.6161954999
v -0.7867850661 -1.81696856 1.184046984
vn -0.2687783837 -0.2682681084 -0.9250894189
v -0.7867850661 -1.788870096 1.17562139
vn -0.3250263929 -0.2912742198 -0.8997316957
v -0.8107663393 -1.77179873 0.8261691928
vn -0.5595260859 0.5693177581 0.6023353338
v -0.7867850661 -1.750981092 0.8287966847
vn -0.5647006035 0.5695998669 0.5972179174
v -0.7867850661 -1.775084496 0.852201581
vn -0.5652766228 0.5718715191 0.5944958329
v -0.8168955445 -1.850915313 1.199754477
vn -0.1827691048 -0.2458660752 -0.951916635
v -0.7867850661 -1.850137234 1.193589449
vn -0.2295448184 -0.2795797884 -0.93227911
v -0.787533462 -1.811203957 0.8851241469
vn -0.5236915946 0.6609081626 0.5375384092
v -0.7867850661 -1.810580134 0.8852028251
vn -0.6108803749 0.5843712687 0.5341679454
v -0.7867850661 -1.811331987 0.886138618
vn -0.5163747668 0.7203965187 0.4630182981
v -0.8178783655 -1.807232738 0.8536610007
vn -0.558309257 0.5706768036 0.6021783352
v -0.7867850661 -1.780480385 0.8570376039
vn -0.5738856196 0.5587055087 0.598751545
v -0.7867850661 -1.883177161 1.202112198
vn -0.07021898031 0.01627733931 -0.9973987937
v -0.7867850661 -1.865930438 1.197859287
vn -0.1698791534 -0.2770515382 -0.9457185268
v -0.7963885069 -1.850609303 0.9440790415
vn -0.4706958234 0.7898049951 0.393260181
v -0.7867850661 -1.845106721 0.9447735548
vn -0.4748566747 0.7586196065 0.4461024404
v -0.7867850661 -1.852122426 0.9560676813
vn -0.4422872961 0.7693758011 0.4609152079
v -0.8149239421 -1.846638083 0.9126158953
vn -0.4909647405 0.7563750148 0.4322619736
v -0.7867850661 -1.829683304 0.9147558808
vn -0.5121335983 0.7417106032 0.4331102669
v -0.8113380671 -1.913841367 1.191812158
vn 0.1557188481 0.4235167205 -0.8924041986
v -0.7867850661 -1.914335608 1.195728064
vn -0.026550401 0.2747394443 -0.9611520767
v -0.8079507351 -1.890014648 1.003033996
vn -0.3603409231 0.8079581261 0.4662167728
v -0.7867850661 -1.881109715 1.004157901
vn -0.3861925006 0.7926263809 0.4718037546
v -0.7867850661 -1.892649293 1.023908973
vn -0.363271445 0.8083922863 0.4631800652
v -0.7867850661 -1.863167524 0.974458158
vn -0.4070475996 0.7853099704 0.466476649
v -0.7867850661 -1.919534802 1.191093564
vn -0.008030482568 0.942946732 -0.3328467011
v -0.7867850661 -1.928740501 1.157967567
vn -0.07483361661 0.9970641732 0.01621613838
v -0.7867850661 -1.921987653 1.126855493
vn -0.08266839385 0.9762883186 0.200067535
v -0.7867850661 -1.915776134 1.095675349
vn -0.1365778148 0.9695386887 0.2033254206
v -0.7867850661 -1.909314513 1.064526439
vn -0.1707753092 0.9556111097 0.2400900722
v -0.7867850661 -1.898293257 1.03395319
vn -0.2452044636 0.9124480486 0.3275871277
v -0.7843639255 -0.8670066595 0.7485826015
vn -0.8481242061 -0.5210242271 -0.0960162133
v -0.7710647583 -0.9898059368 1.4682616
vn -0.09448357671 -0.4026623964 -0.9104591608
v -0.7550724149 -0.989520371 1.465998888
vn -0.1383491457 -0.7231393456 -0.6767044663
v -0.7550724149 -0.9655338526 1.439360857
vn 0.003074102802 -0.8973125815 -0.4413849115
v -0.7550724149 -0.9634525776 1.407659292
vn 0.1085733846 -0.9818153977 0.1557251662
v -0.7550724149 -0.9739635587 1.37436831
vn 0.1085850075 -0.9473743439 0.3011497557
v -0.7724685073 -0.9778924584 1.373872399
vn 0.1883595884 -0.9320286512 0.3095855415
v -0.7550724149 -0.9769575 1.366464376
vn -0.06224600226 -0.9267757535 0.3704215586
v -0.7726354599 -0.902440846 0.7760747075
vn -0.8045495152 -0.4552631676 -0.3813601136
v -0.763923645 -0.8984696865 0.7446115613
vn -0.8511856198 -0.5221964717 -0.05285760388
v -0.7731730938 -0.8944985867 0.7131486535
vn -0.7975753546 -0.4968326092 0.3420978487
v -0.7749034762 -1.053038001 1.715994835
vn -0.2856344283 -0.3576290309 -0.889108777
v -0.7550724149 -1.051699042 1.705386519
vn -0.4822883904 -0.6159417629 -0.6229074001
v -0.7550724149 -1.036322832 1.68614018
vn -0.4797883928 -0.8624388576 -0.1612521559
v -0.7629597187 -1.045095801 1.653068662
vn -0.49211815 -0.6613610983 0.5660575628
v -0.7550724149 -1.046144605 1.661378503
vn -0.7609337568 -0.5228241086 0.3842326701
v -0.7550724149 -1.023265243 1.480107069
vn -0.2665418386 -0.375639677 -0.887609303
v -0.7550724149 -0.9925371408 1.467916846
vn -0.2388425022 -0.3711391687 -0.8973349333
v -0.7550724149 -0.9852215648 1.340983152
vn -0.0341954492 -0.9793984294 0.1990209818
v -0.7550724149 -0.9890441298 1.30853641
vn -0.2143480182 -0.96959728 0.1180511862
v -0.7550724149 -0.9918619394 1.276216626
vn -0.2348703146 -0.9672694206 0.09605078399
v -0.7736923099 -0.9934709668 1.244049072
vn -0.3068257272 -0.9154433012 0.2604257166
v -0.7550724149 -0.995511055 1.260212779
vn -0.4062640965 -0.8806592226 0.2436982542
v -0.7790257931 -0.9378750324 0.8035666347
vn -0.7016385794 -0.2874391973 -0.6519831419
v -0.7550724149 -0.9341038465 0.7736881375
vn -0.7218315005 -0.3167518973 -0.6153271794
v -0.7550724149 -0.9319069982 0.7723556161
vn -0.8132967353 -0.4387362897 -0.3821765482
v -0.7550724149 -0.9121465087 0.7428852916
vn -0.8572138548 -0.513052702 -0.04428711161
v -0.7550724149 -0.9260547757 0.7099159956
vn -0.8860313296 -0.3942029774 0.244033888
v -0.7553683519 -0.9259616137 0.7091774344
vn -0.7709138989 -0.4446701109 0.4560266137
v -0.7840106487 -0.9219904542 0.6777144074
vn -0.7045153379 -0.3935684562 0.5905607939
v -0.7550724149 -1.085284591 1.718230844
vn -0.2391978353 0.03923734277 -0.9701777101
v -0.7550724149 -1.066893816 1.714246035
vn -0.6046106815 -0.33840698 -0.721059382
v -0.7550724149 -1.056498289 1.651629448
vn -0.6162660122 -0.4353372157 0.65627563
v -0.7849922776 -1.072587729 1.617634416
vn -0.7696231008 -0.3645632565 0.5241888165
v -0.7550724149 -1.075463772 1.640421152
vn -0.6988506913 -0.2152292877 0.6821173429
v -0.7831026316 -1.06464541 1.554708362
vn -0.9379207492 -0.2571994662 -0.2327081263
v -0.7775037289 -1.06067431 1.523245335
vn -0.8369371891 -0.3808514774 -0.3930499852
v -0.7561551332 -1.056703091 1.491782308
vn -0.721285224 -0.4330090582 -0.5406022668
v -0.7550724149 -1.056604743 1.491002321
vn -0.3702826202 -0.2504087687 -0.8945313096
v -0.7550724149 -1.001027346 1.243095398
vn -0.553450942 -0.7834593654 0.2826366723
v -0.7550724149 -1.012542486 1.209677815
vn -0.4411073625 -0.878282249 0.1845118254
v -0.756442368 -1.016991735 1.177151918
vn -0.4257509112 -0.8992320895 0.1005875096
v -0.7550724149 -1.017359495 1.180065393
vn -0.8201768398 -0.5484597683 0.1627937257
v -0.7690184116 -1.013020635 1.145688772
vn -0.6242626905 -0.7616866827 0.1735784709
v -0.7827249765 -1.009049535 1.114225864
vn -0.7236386538 -0.6558657885 0.2149121165
v -0.7628554702 -0.969338119 0.7995955348
vn -0.678106904 -0.2900208533 -0.6753214002
v -0.7550724149 -0.9681872725 0.7904777527
vn -0.7308127284 -0.3057029843 -0.6102936864
v -0.7550724149 -0.9267752767 0.7090747952
vn -0.7213131785 -0.3249066174 0.6116723418
v -0.7550724149 -0.9559752941 0.6937229633
vn -0.7293810248 -0.2127899826 0.6501721144
v -0.7741703987 -0.9534535408 0.6737431884
vn -0.7059261203 -0.2594473064 0.6590564251
v -0.7550724149 -1.116313696 1.710821748
vn -0.3028584719 0.2681806982 -0.9145249128
v -0.7746755481 -1.104050756 1.613663316
vn -0.8441335559 0.1705648899 0.5082776546
v -0.7550724149 -1.107170224 1.638378739
vn -0.7255767584 0.3242791295 0.6069443226
v -0.780819416 -1.100079656 1.582200289
vn -0.9982552528 -0.04255001619 -0.04093870148
v -0.775842011 -1.096108437 1.550737262
vn -0.9487195611 0.08323533088 -0.3049640656
v -0.7655035257 -1.092137337 1.519274235
vn -0.8802437186 -0.1579318941 -0.4474690259
v -0.7550724149 -1.090398073 1.505493999
vn -0.6078017354 -0.1793472618 -0.7735707164
v -0.7550724149 -1.058264494 1.491585255
vn -0.5355831981 -0.3076817989 -0.7864366174
v -0.7550724149 -1.018241763 1.176994085
vn -0.8249819279 -0.5369657278 0.1762741953
v -0.7550724149 -1.029049873 1.143665671
vn -0.7771267891 -0.5756976008 0.2542561591
v -0.7550724149 -1.042041659 1.122369647
vn -0.8612593412 -0.4032377005 0.3092437983
v -0.7605760098 -1.040512562 1.110254645
vn -0.8056961298 -0.5271930099 0.2700395286
v -0.772233367 -1.036541343 1.078791499
vn -0.8363536596 -0.505421102 0.212278232
v -0.7819538713 -1.032570243 1.047328711
vn -0.8402514458 -0.5160520077 0.1663366705
v -0.7702089548 -1.004772305 0.8270872831
vn -0.6584226489 -0.4208844006 -0.623967886
v -0.7550724149 -1.002674699 0.8104687929
vn -0.6535558701 -0.3901325166 -0.6485841274
v -0.7550724149 -0.9811598659 0.7981034517
vn -0.6800151467 -0.3709668517 -0.6324262619
v -0.7714259624 -0.9849165678 0.6697720885
vn -0.7070563436 -0.1364797205 0.6938621402
v -0.7550724149 -0.9870260358 0.6864854097
vn -0.7248664498 -0.1191204563 0.6785123348
v -0.7550724149 -1.120680213 1.707457304
vn -0.3135681152 0.8048075438 -0.5039442778
v -0.7754892111 -1.143455982 1.67261827
vn -0.5403578877 0.8082234263 0.2340689003
v -0.7550724149 -1.132320642 1.674023747
vn -0.5797242522 0.8091746569 -0.09568794072
v -0.7833874226 -1.139484882 1.641155243
vn -0.6386985183 0.638409555 0.4295316339
v -0.7550724149 -1.113987446 1.644373417
vn -0.6561359167 0.6555218697 0.3738673031
v -0.7653337717 -1.123600364 1.515303135
vn -0.762994051 0.2606137991 -0.5915408134
v -0.7550724149 -1.122499704 1.506583095
vn -0.5634827018 0.05172705278 -0.8245068789
v -0.7550724149 -1.05408287 1.108541846
vn -0.887146771 -0.3734369576 0.271137327
v -0.7550724149 -1.069403648 1.085906982
vn -0.8976608515 -0.371004492 0.2378248274
v -0.7587643266 -1.06800437 1.074820399
vn -0.8887303472 -0.4015440643 0.2211803496
v -0.766155839 -1.06403327 1.043357491
vn -0.900252521 -0.4073238969 0.1537291408
v -0.7718667984 -1.060062051 1.011894345
vn -0.8940944076 -0.4444385171 0.05540429056
v -0.7749133706 -1.056090951 0.9804314375
vn -0.8542597294 -0.5198451281 0.001154130208
v -0.7751889825 -1.052119851 0.9489682913
vn -0.7884095311 -0.6059560776 -0.105960466
v -0.7766116858 -1.048148632 0.9175053835
vn -0.7087746263 -0.7000800371 -0.08675528318
v -0.7759881616 -1.044177532 0.8860422373
vn -0.6979427934 -0.696021378 -0.1686121374
v -0.7659003139 -1.040206432 0.8545793295
vn -0.7002618313 -0.6219259501 -0.3504874408
v -0.7550724149 -1.03796947 0.8368560076
vn -0.6744498014 -0.5246834755 -0.5194465518
v -0.7550724149 -1.0244838 0.8245993853
vn -0.6653347015 -0.4433783293 -0.6006208658
v -0.770978868 -1.016379595 0.6658009291
vn -0.7098126411 -0.09886139631 0.6974183917
v -0.7550724149 -1.018417358 0.6819458008
vn -0.717590034 -0.1016618013 0.6890061498
v -0.77381742 -1.155063391 1.511331916
vn -0.4380427599 0.1415053308 -0.8877470493
v -0.7550724149 -1.153879404 1.501951575
vn -0.4003615379 0.05540437251 -0.9146808386
v -0.7550724149 -1.076825857 1.073706985
vn -0.9079093337 -0.3798567653 0.177227214
v -0.7550724149 -1.09210813 1.039813995
vn -0.9102279544 -0.3813719451 0.1613708287
v -0.7550724149 -1.094703197 1.03310287
vn -0.9012873173 -0.4059940577 0.1511621177
v -0.7605643868 -1.091525078 1.007923245
vn -0.9320072532 -0.3599383235 0.04250727966
v -0.7580152154 -1.087553978 0.976460278
vn -0.8926104307 -0.4421567023 -0.08800042421
v -0.7550724149 -1.086282611 0.9663876295
vn -0.7353265285 -0.5892720222 -0.3347437978
v -0.7550724149 -1.075671434 0.945995748
vn -0.7359012961 -0.6572505832 -0.1626990438
v -0.7550724149 -1.069238424 0.9148434997
vn -0.7081536055 -0.6981694102 -0.1052516922
v -0.7550724149 -1.065710187 0.8833245039
vn -0.726498425 -0.6551983356 -0.2071598172
v -0.7550724149 -1.05273807 0.8529977202
vn -0.7228744626 -0.5735689402 -0.3853196204
v -0.7706541419 -1.047842622 0.6618298292
vn -0.707230866 -0.1076205373 0.698743403
v -0.7550724149 -1.04980278 0.677360177
vn -0.6941129565 -0.1487259716 0.7043350339
v -0.7716913819 -1.186526418 1.507360816
vn -0.3167666793 -0.04055161029 -0.9476362467
v -0.7550724149 -1.185817838 1.501747251
vn -0.2957353592 -0.04717896879 -0.9541041851
v -0.7550724149 -1.104695082 1.006260991
vn -0.8863767385 -0.4447714388 -0.1285095066
v -0.7550724149 -1.092303038 0.9758608937
vn -0.7868965864 -0.5185438991 -0.3345235288
v -0.7687754035 -1.079305649 0.6578586698
vn -0.6848002672 -0.1569686234 0.7116245031
v -0.7550724149 -1.080872297 0.6702714562
vn -0.6336528659 -0.2424515188 0.7346436977
v -0.7550724149 -1.218539357 1.507746696
vn -0.2081864625 -0.1154163107 -0.9712556005
v -0.7550724149 -1.203857303 1.505173326
vn -0.3000538349 -0.1717918217 -0.9383257627
v -0.7631765008 -1.110768676 0.6538875103
vn -0.6339246631 -0.1929382533 0.7489421964
v -0.7550724149 -1.111558318 0.660143733
vn -0.5837539434 -0.2294584066 0.7788325548
v -0.7550724149 -1.251030326 1.511919856
vn -0.1883853227 -0.104183726 -0.9765534997
v -0.7580602765 -1.142231703 0.6499164104
vn -0.5847827196 -0.1292458922 0.8008275032
v -0.7550724149 -1.142494202 0.6519960761
vn -0.5596230626 -0.1624075919 0.8126781583
v -0.7550724149 -1.283246756 1.513917685
vn -0.202394858 -0.09247589856 -0.9749279618
v -0.7614819407 -1.173694849 0.645945251
vn -0.5819437504 -0.03763560951 0.8123577237
v -0.7550724149 -1.174263954 0.6504551172
vn -0.5394137502 -0.03169067204 0.8414443135
v -0.7703599334 -1.316349745 1.522939324
vn -0.31017676 -0.2043757737 -0.9284508228
v -0.7550724149 -1.315688968 1.517704368
vn -0.241871044 -0.1271021366 -0.9619477391
v -0.7665914297 -1.205157876 0.6419741511
vn -0.6171272397 -0.02664985321 0.7864119411
v -0.7550724149 -1.206277609 0.6508455873
vn -0.5554167628 0.004454034846 0.8315601945
v -0.7550724149 -1.34856391 1.524918795
vn -0.2845261395 -0.1681955159 -0.943798244
v -0.7550724149 -1.331141829 1.521072268
vn -0.3148607612 -0.2030205876 -0.9271706343
v -0.7694485188 -1.236620903 0.6380029321
vn -0.6599389911 -0.05047357082 0.7496218681
v -0.7550724149 -1.238216996 0.6506486535
vn -0.6224900484 0.004772036802 0.7826131582
v -0.7550724149 -1.381177306 1.530062079
vn -0.2788383961 -0.1161460578 -0.9532886147
v -0.7706358433 -1.26808393 0.6340318918
vn -0.690721333 -0.07049388438 0.7196767926
v -0.7550724149 -1.269973397 0.6490017772
vn -0.6917350292 -0.05930240825 0.7197123766
v -0.7798891068 -1.414710045 1.542488933
vn -0.3642645478 -0.08457948267 -0.9274468422
v -0.7550724149 -1.413490891 1.532829404
vn -0.29372558 -0.09703303874 -0.9509521127
v -0.7709323764 -1.299546957 0.6300606728
vn -0.7030677795 -0.0808679983 0.7065098286
v -0.7550724149 -1.301522136 0.6457093954
vn -0.703766942 -0.07896015793 0.7060292959
v -0.7630212307 -1.446172953 1.538517714
vn -0.3682661355 -0.06628103554 -0.927354753
v -0.7550724149 -1.445750713 1.535172582
vn -0.3072051406 -0.04421896115 -0.950615406
v -0.7713320851 -1.331009984 0.6260895729
vn -0.7010627389 -0.06424167752 0.7102000117
v -0.7550724149 -1.333017588 0.6419957876
vn -0.7002671361 -0.05935325846 0.7114092708
v -0.7550724149 -1.47796762 1.537172914
vn -0.3378232419 0.120686315 -0.9334400296
v -0.7550724149 -1.464041233 1.536262512
vn -0.3553778231 -0.05701434985 -0.9329823256
v -0.773845911 -1.362473011 0.6221184134
vn -0.6831626296 0.009594054893 0.7302032113
v -0.7550724149 -1.364695072 0.6397230029
vn -0.6823480129 0.04094830155 0.7298797369
v -0.7550724149 -1.488687038 1.533151865
vn -0.3980022371 0.3740389943 -0.8376688361
v -0.7694047689 -1.509099126 1.530575514
vn -0.366782397 0.7123491764 -0.5983555317
v -0.7550724149 -1.508081079 1.522509575
vn -0.3231053352 0.6468794942 -0.6907603741
v -0.7829569578 -1.393936157 0.618147254
vn -0.6546814442 0.1523524672 0.7403924465
v -0.7550724149 -1.397103071 0.6432389617
vn -0.6560710669 0.1553358287 0.7385401726
v -0.7550724149 -1.518360376 1.497442365
vn -0.2221571356 0.952894032 -0.2064926326
v -0.7550724149 -1.519499779 1.465334296
vn -0.197145015 0.9802217484 0.01729722321
v -0.7550724149 -1.517436266 1.433630466
vn -0.216949895 0.9726837277 0.08257799596
v -0.7550724149 -1.513744116 1.402132273
vn -0.2290063351 0.9666675925 0.1144983843
v -0.786334157 -1.520706415 1.36928916
vn -0.331854552 0.9371834993 0.1075156331
v -0.7550724149 -1.509935737 1.370648623
vn -0.2342769653 0.9652704597 0.1156165674
v -0.7849750519 -1.516735315 1.337826133
vn -0.3500155807 0.9342155457 0.06877780706
v -0.7550724149 -1.506213665 1.339154124
vn -0.2435094565 0.9647135735 0.1001544893
v -0.777882576 -1.512764096 1.306362987
vn -0.387371242 0.9207935929 0.04563673586
v -0.7550724149 -1.503722191 1.307504296
vn -0.2663730681 0.9607037306 0.07806254923
v -0.7721956372 -1.508792996 1.274900079
vn -0.4122372568 0.9087517858 0.06504352391
v -0.7550724149 -1.501170635 1.275862217
vn -0.2894014418 0.9535412788 0.08370056748
v -0.7692171931 -1.504821897 1.243436933
vn -0.408896178 0.9115959406 0.04238789529
v -0.7550724149 -1.498244405 1.244267106
vn -0.3096049726 0.9491128922 0.05770179629
v -0.7617511749 -1.500850797 1.211974025
vn -0.3887729049 0.921133697 -0.01919274963
v -0.7550724149 -1.497833014 1.212354898
vn -0.3329553008 0.942933023 0.004255747423
v -0.7550724149 -1.498950601 1.196919799
vn -0.380181253 0.9228572249 -0.06161736697
v -0.763743341 -1.429370284 0.6456393003
vn -0.64822644 0.2246581763 0.7275515199
v -0.7550724149 -1.411617875 0.6478798985
vn -0.6640870571 0.2315990478 0.7108799219
v -0.7550724149 -1.430438042 0.6540991664
vn -0.6663930416 0.2323033363 0.7084881663
v -0.7550724149 -1.500172019 1.180095315
vn -0.3467842638 0.9373725653 -0.03276143596
v -0.7550724149 -1.501644373 1.147945404
vn -0.3667999506 0.9247282147 -0.1016636416
v -0.7722321153 -1.520400286 1.113613725
vn -0.5999295712 0.450324744 -0.6612806916
v -0.7550724149 -1.508810163 1.115076542
vn -0.5457419753 0.8018857241 -0.2431973368
v -0.7550724149 -1.518616438 1.099480271
vn -0.7015104294 0.4944864213 -0.513192296
v -0.7792370319 -1.460833311 0.6416681409
vn -0.6460436583 0.2587361336 0.7181108594
v -0.7550724149 -1.463775158 0.6649762988
vn -0.6561738253 0.2541359663 0.7105285525
v -0.7863198519 -1.551863432 1.109642506
vn -0.6487036347 0.212250486 -0.7308442593
v -0.7550724149 -1.548591614 1.08371985
vn -0.6682664752 0.2804720104 -0.6890249848
v -0.7643378377 -1.496267438 0.6691598296
vn -0.6332128644 0.2843206823 0.7198632956
v -0.7550724149 -1.480016232 0.6712110639
vn -0.649482429 0.2721560895 0.7100026011
v -0.7550724149 -1.497364521 0.6778516173
vn -0.6494883895 0.2666876912 0.7120691538
v -0.7867151499 -1.583326578 1.105671406
vn -0.6554337144 -0.01069849636 -0.7551769018
v -0.7550724149 -1.579680562 1.076784968
vn -0.6682768464 0.05554606766 -0.7418360114
v -0.7829340696 -1.527730584 0.6651887894
vn -0.6136354208 0.3187688291 0.7223835588
v -0.7550724149 -1.530872703 0.6900843382
vn -0.6148388982 0.3239977062 0.7190262079
v -0.7801300883 -1.614789486 1.101700306
vn -0.589766264 -0.2064324319 -0.7807441354
v -0.7550724149 -1.612214565 1.081299424
vn -0.5427555442 -0.2732147276 -0.7942103744
v -0.7725624442 -1.563164592 0.6926808357
vn -0.5940399766 0.4273278117 0.6815478206
v -0.7550724149 -1.540911674 0.6954895258
vn -0.6218606234 0.3909337819 0.6785721779
v -0.7550724149 -1.565343499 0.7099432945
vn -0.6114260554 0.4377395511 0.6591981649
v -0.7550724149 -1.646333456 1.098370671
vn -0.3791947365 -0.2927486897 -0.8777867556
v -0.7550724149 -1.645115018 1.097872734
vn -0.4597708583 -0.3976228535 -0.7940446138
v -0.7710333467 -1.598598838 0.7201727629
vn -0.5815553665 0.4904302359 0.6490543485
v -0.7550724149 -1.582144141 0.7222495675
vn -0.596501112 0.4779184461 0.6448103786
v -0.7550724149 -1.600606561 0.736079514
vn -0.5894370675 0.48728773 0.6442939043
v -0.7550724149 -1.679886818 1.110960722
vn -0.294356674 -0.37334463 -0.8797544837
v -0.7709471583 -1.634033084 0.7476645112
vn -0.5777400136 0.5002520084 0.6449530721
v -0.7550724149 -1.618200064 0.7496628761
vn -0.5826671124 0.4966242909 0.6433221102
v -0.7550724149 -1.636021495 0.7634186745
vn -0.5797638297 0.4982376695 0.6446961761
v -0.7550724149 -1.713868856 1.126947403
vn -0.2678696215 -0.4240610003 -0.865111649
v -0.7550724149 -1.704464316 1.122346282
vn -0.3005043268 -0.4063246846 -0.8629005551
v -0.7710326314 -1.669467211 0.7751565576
vn -0.576215744 0.5043660402 0.6431099176
v -0.7550724149 -1.65370667 0.7771458626
vn -0.5782909989 0.5015795827 0.6434262991
v -0.7550724149 -1.67147398 0.7910555005
vn -0.5798310637 0.5038351417 0.6402703524
v -0.765948236 -1.748584032 1.148741722
vn -0.3103791773 -0.4308618605 -0.8473622799
v -0.7550724149 -1.748039007 1.1444242
vn -0.2607921064 -0.4449908137 -0.8567208648
v -0.7716149092 -1.704901457 0.8026483059
vn -0.5760139823 0.5194538236 0.6311700344
v -0.7550724149 -1.688844204 0.8046750426
vn -0.5838192701 0.5091586709 0.6323863864
v -0.7550724149 -1.7070539 0.8197022676
vn -0.5886218548 0.5219931006 0.6172904968
v -0.7550724149 -1.782096744 1.161010742
vn -0.2776004076 -0.3602914214 -0.8905773759
v -0.7550724149 -1.754762769 1.147961974
vn -0.2169781178 -0.4319969714 -0.8753851056
v -0.7748304605 -1.740335584 0.8301402926
vn -0.5777308941 0.5524001718 0.6009001732
v -0.7550724149 -1.722056508 0.8324474096
vn -0.6055881381 0.540584743 0.5839787722
v -0.7550724149 -1.743199587 0.8528313637
vn -0.5925030708 0.5601738095 0.5789174438
v -0.7550724149 -1.815505385 1.172454
vn -0.266982615 -0.3208701313 -0.9087148309
v -0.7550724149 -1.815113187 1.17230916
vn -0.2934109271 -0.3096805811 -0.9044379592
v -0.7818011642 -1.77576983 0.8576321006
vn -0.5829371214 0.5651852489 0.5837379098
v -0.7550724149 -1.751418471 0.8607056141
vn -0.5965402126 0.5590798259 0.5758206844
v -0.7550724149 -1.7796278 0.8881985545
vn -0.5861498713 0.5637069941 0.5819473863
v -0.7550724149 -1.849199176 1.186157584
vn -0.2439476252 -0.3112238348 -0.9184929132
v -0.7672762871 -1.815175056 0.9165870547
vn -0.5804290175 0.6679430604 0.4657835066
v -0.7550724149 -1.80444181 0.9179417491
vn -0.6318057775 0.6031874418 0.4868124127
v -0.7550724149 -1.817423224 0.9343988895
vn -0.5941349864 0.638935864 0.4886354208
v -0.7550724149 -1.780472875 0.8890028596
vn -0.6198183894 0.5779537559 0.5308433175
v -0.7550724149 -1.882686138 1.198222041
vn -0.1416870654 0.07822599262 -0.9868158102
v -0.7550724149 -1.877514601 1.196397185
vn -0.2753180861 -0.3349632025 -0.9011102319
v -0.7708278894 -1.854580402 0.9755419493
vn -0.4485409558 0.7534249425 0.4807929099
v -0.7550724149 -1.84578228 0.9766524434
vn -0.4846394062 0.7279692888 0.4849590957
v -0.7550724149 -1.856706738 0.9923891425
vn -0.4535480142 0.7349290252 0.5041562915
v -0.7550724149 -1.826303482 0.9471468925
vn -0.5011210442 0.7291019559 0.4661416709
v -0.7550724149 -1.913880587 1.192122221
vn -0.1592005044 0.196936056 -0.9674044847
v -0.7768710256 -1.893985748 1.034496903
vn -0.3932548463 0.8100104332 0.435010016
v -0.7550724149 -1.883946538 1.035763979
vn -0.4633986652 0.7807260156 0.4191999137
v -0.7550724149 -1.897642255 1.063467503
vn -0.4013674855 0.8230398297 0.4018825591
v -0.7550724149 -1.866078615 1.006054997
vn -0.4432032108 0.7628436685 0.4707871079
v -0.7550724149 -1.914269924 1.191758037
vn -0.1540653259 0.9250215888 -0.3472735882
v -0.7550724149 -1.923042059 1.158686757
vn -0.2813804448 0.9566240311 -0.07546886802
v -0.7550724149 -1.915542364 1.127668977
vn -0.3082087338 0.9256890416 0.2193333805
v -0.7550724149 -1.907945991 1.096663594
vn -0.3096541166 0.9217047691 0.2336121351
v -0.7550724149 -1.898818374 1.065851212
vn -0.3181046844 0.9096944928 0.2669556141
v -0.7233598232 -0.9882258773 1.455742955
vn -0.3158870637 -0.5216315389 -0.7925376296
v -0.7233598232 -0.9665962458 1.439226747
vn -0.345156312 -0.8508729935 -0.3960836828
v -0.7233598232 -0.9620394707 1.407837629
vn -0.2010827959 -0.9744654298 0.09991387278
v -0.7233598232 -0.9759376645 1.374119163
vn -0.1675754786 -0.9196369648 0.3552271724
v -0.7233598232 -0.9775387645 1.371069789
vn -0.1167031899 -0.8902921677 0.44018206
v -0.7426285148 -1.049066901 1.684531689
vn -0.9079807997 -0.414152056 -0.06363110244
v -0.7233598232 -1.021920323 1.469451666
vn -0.3311758041 -0.2628391087 -0.9062219262
v -0.7233598232 -1.010533571 1.465645432
vn -0.3572124243 -0.3593482077 -0.8621299863
v -0.7233598232 -0.9927933812 1.340027452
vn -0.3598510623 -0.8750699162 0.3236662149
v -0.7275987267 -1.001413226 1.306975126
vn -0.4096341431 -0.8873242736 0.2117911428
v -0.7233598232 -1.00203383 1.311891675
vn -0.5728313923 -0.7741472721 0.269370079
v -0.7462108135 -0.9974420667 1.275512338
vn -0.5744540095 -0.787330091 0.2238614261
v -0.7539001703 -0.933903873 0.7721036077
vn -0.8619372845 -0.3479298055 -0.3687939644
v -0.7449127436 -0.9299327135 0.7406403422
vn -0.9155709743 -0.3991349041 0.04920472577
v -0.7450828552 -1.084501147 1.712023616
vn -0.8790960312 0.009720393457 -0.4765456319
v -0.7323409319 -1.080529928 1.68056047
vn -0.9942541122 -0.02634208463 0.1037540585
v -0.7478471994 -1.076558828 1.649097443
vn -0.8684158325 -0.2082468271 0.4499857724
v -0.7233598232 -1.054757714 1.476369023
vn -0.3714105487 -0.1848277599 -0.9098861814
v -0.7233598232 -1.004426479 1.306594849
vn -0.7067154646 -0.6323257089 0.3173601031
v -0.7233598232 -1.019766212 1.272694588
vn -0.6820387244 -0.6686842442 0.296115756
v -0.7334384322 -1.024934053 1.240077972
vn -0.7639342546 -0.5746087432 0.2936480939
v -0.7233598232 -1.027300715 1.258829117
vn -0.8003500104 -0.48930794 0.3464356363
v -0.747013092 -1.020962834 1.208615065
vn -0.8030211926 -0.555350244 0.2162014693
v -0.73861444 -0.9653669596 0.7681323886
vn -0.8218595386 -0.3646813333 -0.4376693666
v -0.7323486209 -0.9613958001 0.7366692424
vn -0.9393365979 -0.3391560316 0.05118594319
v -0.7453287244 -0.9574247003 0.7052063346
vn -0.8795323968 -0.2836109698 0.3820832074
v -0.7510514855 -1.115964174 1.708052516
vn -0.8571875095 0.4132576287 -0.3073235452
v -0.7398647666 -1.111992955 1.67658937
vn -0.9298490286 0.3671710789 -0.02379456721
v -0.7512786984 -1.108021855 1.645126343
vn -0.8903234005 0.1186553985 0.439596504
v -0.732314527 -1.088166118 1.487811208
vn -0.5461271405 -0.2610220015 -0.7959979177
v -0.7233598232 -1.08753109 1.482779384
vn -0.369006604 -0.1836184859 -0.911108315
v -0.7233598232 -1.043440104 1.237742186
vn -0.825581789 -0.4664034843 0.3176200688
v -0.7233598232 -1.054481149 1.220927477
vn -0.867303133 -0.3965353072 0.3009070158
v -0.7300401926 -1.052425981 1.204643846
vn -0.8660111427 -0.429472506 0.2560821176
v -0.7388304472 -1.048454762 1.173180699
vn -0.8977555037 -0.3918480873 0.2012216747
v -0.7471829653 -1.044483662 1.141717672
vn -0.9024077654 -0.368118912 0.2239391059
v -0.7422225475 -1.000801086 0.7956243753
vn -0.7377604246 -0.3699683249 -0.5646529794
v -0.7235100269 -0.9968299866 0.7641612887
vn -0.8413704038 -0.3641389608 -0.3993728459
v -0.7233598232 -0.9955840707 0.7542899251
vn -0.9593856931 -0.2779100239 -0.04842597991
v -0.7233598232 -0.9918849468 0.7328210473
vn -0.9124968648 -0.304040879 0.2736943662
v -0.7233598232 -0.9927924871 0.7321724892
vn -0.8420988917 -0.1428342015 0.520065248
v -0.7415041924 -0.9888877273 0.7012351751
vn -0.8389527798 -0.1731538028 0.5159224868
v -0.7233598232 -1.120431423 1.490196466
vn -0.4174422324 -0.07191058993 -0.9058536291
v -0.7233598232 -1.101973891 1.486068487
vn -0.399669826 -0.200710699 -0.8944155574
v -0.7233598232 -1.069297791 1.20251441
vn -0.8784408569 -0.3778946102 0.2924676538
v -0.7233598232 -1.082030416 1.185947537
vn -0.8971585035 -0.3274817467 0.2964158356
v -0.7296250463 -1.079917789 1.169209599
vn -0.9163571596 -0.2991029322 0.2661334276
v -0.7392979264 -1.075946689 1.137746572
vn -0.9373815656 -0.2553222477 0.2369100451
v -0.7486339211 -1.071975589 1.106283545
vn -0.9239131212 -0.3021141887 0.2347586006
v -0.7462916374 -1.036235213 0.8231161833
vn -0.7254572511 -0.4435333014 -0.5262983441
v -0.7238492966 -1.032264113 0.7916532755
vn -0.7426955104 -0.3880221546 -0.5457491875
v -0.7233598232 -1.032123923 0.7905422449
vn -0.8983801603 -0.2667937279 -0.3489043415
v -0.7233598232 -0.9972396493 0.7641095519
vn -0.9346956015 -0.2918082774 -0.202958256
v -0.7405112982 -1.020350695 0.6972640753
vn -0.7978067398 -0.1180046573 0.591252327
v -0.7233598232 -1.023436427 0.7217122912
vn -0.8089538813 -0.1556837559 0.5668829083
v -0.7233598232 -1.152730703 1.49285078
vn -0.2822352946 -0.04068025202 -0.9584823251
v -0.7233598232 -1.101185322 1.166525245
vn -0.8989083767 -0.3039183915 0.3155905008
v -0.7233598232 -1.110467792 1.15800488
vn -0.9108313322 -0.2421184629 0.3343126774
v -0.7329925299 -1.107409716 1.133775353
vn -0.9368511438 -0.2308977395 0.2626711726
v -0.7408231497 -1.103438616 1.102312446
vn -0.9591423273 -0.2181466967 0.1801610589
v -0.7464544773 -1.099467397 1.070849299
vn -0.9460086823 -0.2804885805 0.162461549
v -0.7536609173 -1.095496297 1.039386392
vn -0.9393723011 -0.3184530735 0.1271506101
v -0.7480254173 -1.083582878 0.9449971914
vn -0.7303441167 -0.6445145607 -0.2262707353
v -0.7445846796 -1.079611659 0.913534224
vn -0.7064436078 -0.6914340258 -0.1511835456
v -0.7452130914 -1.075640559 0.8820710778
vn -0.6885671616 -0.7135826945 -0.1291314512
v -0.7389279604 -1.071669459 0.8506082296
vn -0.7277700305 -0.6022180319 -0.3281527758
v -0.7246445417 -1.067698359 0.8191450238
vn -0.7367156148 -0.4856554568 -0.4705198407
v -0.7233598232 -1.067427754 0.8170012236
vn -0.7398576736 -0.4447464049 -0.5047883391
v -0.7233598232 -1.033112645 0.7915461659
vn -0.7983000875 -0.4160645008 -0.4354392588
v -0.739272058 -1.051813722 0.6932929158
vn -0.762165606 -0.1543912739 0.6287025809
v -0.7233598232 -1.05435288 0.7134103179
vn -0.7611581087 -0.238338992 0.6031855941
v -0.7233598232 -1.184803247 1.493708491
vn -0.259994477 -0.07271822542 -0.9628680944
v -0.7264615297 -1.138872743 1.129804254
vn -0.9288573265 -0.2435363978 0.2791310549
v -0.7233598232 -1.139809608 1.137226939
vn -0.9081844687 -0.2632988095 0.325383991
v -0.7356497645 -1.134901643 1.098341346
vn -0.9598480463 -0.2054162174 0.1910391599
v -0.7402681112 -1.130930424 1.0668782
vn -0.976246357 -0.1837718487 0.1147648692
v -0.7447472811 -1.126959324 1.035415292
vn -0.9645230174 -0.2596060336 0.04795887321
v -0.7470145822 -1.122988224 1.003952146
vn -0.9298783541 -0.3554470241 -0.09478200227
v -0.7365863919 -1.119017005 0.9724891782
vn -0.8079763651 -0.4390989542 -0.3928948343
v -0.7233598232 -1.116066575 0.9491124153
vn -0.714656353 -0.5165228844 -0.4716676772
v -0.7233598232 -1.110082388 0.9416525364
vn -0.7108485103 -0.6537037492 -0.2595492601
v -0.7233598232 -1.099329233 0.9110455513
vn -0.6849203706 -0.7154854536 -0.1377122849
v -0.7233598232 -1.09554112 0.8795593381
vn -0.699375689 -0.7000405788 -0.1442804486
v -0.7233598232 -1.088116407 0.8485323191
vn -0.731767714 -0.614226222 -0.295367837
v -0.7233598232 -1.06916225 0.8189601898
vn -0.7377171516 -0.552828908 -0.3874965906
v -0.7332075238 -1.083276749 0.689321816
vn -0.6994206309 -0.2547673881 0.6677607298
v -0.7233598232 -1.084560752 0.6994942427
vn -0.717694521 -0.3170669675 0.6199864149
v -0.7415779829 -1.217989445 1.503389716
vn -0.2934015989 -0.1890499741 -0.9371102452
v -0.7233598232 -1.217251062 1.497539401
vn -0.2789478302 -0.1345871687 -0.9508282542
v -0.7233598232 -1.149590611 1.128451467
vn -0.9098969698 -0.2947233915 0.2919343412
v -0.7233598232 -1.168228626 1.109138012
vn -0.9073713422 -0.3167721331 0.276283741
v -0.7285197973 -1.16636467 1.094370127
vn -0.9359618425 -0.2703655958 0.2255612612
v -0.7357477546 -1.162393451 1.062906981
vn -0.96903193 -0.2180592865 0.1158759668
v -0.7385988832 -1.158422351 1.031444192
vn -0.9801786542 -0.1968380809 -0.02246358618
v -0.7336992025 -1.154451251 0.9999809265
vn -0.9116322994 -0.3122937679 -0.267206192
v -0.7233598232 -1.152318001 0.9830798507
vn -0.740809381 -0.3916961253 -0.5456882119
v -0.7233598232 -1.136780024 0.9702471495
vn -0.693390429 -0.4966824949 -0.52203089
v -0.7233598232 -1.107411623 0.6862755418
vn -0.6893793344 -0.3582734764 0.6296000481
v -0.7233598232 -1.114405394 0.682700932
vn -0.5810093284 -0.2517767549 0.7739745378
v -0.7233598232 -1.250100851 1.504555106
vn -0.2392390817 -0.129137665 -0.9623347521
v -0.7233598232 -1.234664679 1.501284957
vn -0.317078799 -0.1990317553 -0.9272795916
v -0.7233598232 -1.181962967 1.092401385
vn -0.9090102911 -0.3330461085 0.2505604923
v -0.7233598232 -1.195670366 1.07330668
vn -0.9060131311 -0.3518148363 0.2353010327
v -0.7278249264 -1.193856597 1.058935881
vn -0.944595933 -0.2922925651 0.1493438631
v -0.7309840322 -1.189885378 1.027472973
vn -0.9532619119 -0.2897363901 -0.08570019901
v -0.7233598232 -1.187006831 1.004666328
vn -0.8718802333 -0.3418825567 -0.3506296873
v -0.7233598232 -1.178567529 0.9969370961
vn -0.7882949114 -0.308577925 -0.5323258042
v -0.7233598232 -1.145081282 0.6724931002
vn -0.5644748211 -0.1335790902 0.8145703077
v -0.7233598232 -1.282541513 1.508329511
vn -0.210876435 -0.08859352022 -0.9734897614
v -0.7233598232 -1.205966949 1.057407379
vn -0.9234343767 -0.3801729381 0.052321136
v -0.7233598232 -1.207523584 1.025246739
vn -0.8989081383 -0.3978582919 -0.1835018694
v -0.7233598232 -1.176652074 0.6693751812
vn -0.5406574607 -0.01522152498 0.8411051035
v -0.7233598232 -1.314718962 1.510018587
vn -0.2104406804 -0.08893784881 -0.9735526443
v -0.7233598232 -1.208756804 0.6704881787
vn -0.5522480607 0.04301379621 0.8325694799
v -0.738261342 -1.347812772 1.518968105
vn -0.3181276321 -0.1986704469 -0.9269977808
v -0.7233598232 -1.347152829 1.513739109
vn -0.2446814328 -0.1246301085 -0.9615603685
v -0.7304808497 -1.240592003 0.6694660783
vn -0.6045159698 0.06819802523 0.7936683893
v -0.7233598232 -1.220269561 0.6720311046
vn -0.6033778191 0.1122566536 0.7895148396
v -0.7233598232 -1.241305232 0.6751161218
vn -0.645773232 0.08733739704 0.7585177422
v -0.7233598232 -1.379991174 1.520664215
vn -0.2782216072 -0.1382169127 -0.950520277
v -0.7233598232 -1.362938404 1.517059088
vn -0.3138214648 -0.1956232786 -0.9291111827
v -0.7370296121 -1.27205503 0.6654949188
vn -0.6543582678 -0.007225984242 0.7561501861
v -0.7233598232 -1.273618698 0.6778838038
vn -0.6802247763 0.005431158468 0.73298347
v -0.7233598232 -1.412442446 1.524522901
vn -0.2555891275 -0.07389560342 -0.9639573097
v -0.7389163375 -1.303518176 0.661523819
vn -0.6931596994 -0.06114634126 0.7181857824
v -0.7233598232 -1.305432558 0.6766915917
vn -0.7022183537 -0.05826535448 0.7095735073
v -0.7233598232 -1.444552422 1.525678277
vn -0.2395548075 -0.02906738035 -0.9704475999
v -0.7393346429 -1.334981084 0.6575526595
vn -0.7045221925 -0.07054828107 0.7061667442
v -0.7233598232 -1.33697772 0.673371911
vn -0.7062775493 -0.0601413101 0.7053758502
v -0.7481677532 -1.477636099 1.534546614
vn -0.3684476316 0.2771170437 -0.8873851895
v -0.7233598232 -1.476468205 1.525293469
vn -0.2886587083 0.1953833848 -0.937284112
v -0.7409397364 -1.36644423 0.6535815597
vn -0.7029560804 -0.00908599887 0.7111752629
v -0.7233598232 -1.368640065 0.6709785461
vn -0.7010452747 0.03399623185 0.7123059034
v -0.7233598232 -1.506480098 1.509824872
vn -0.2720440328 0.555332005 -0.7858743072
v -0.7485197783 -1.397907257 0.6496104002
vn -0.6846089363 0.151200518 0.7130561471
v -0.7233598232 -1.401044011 0.6744624376
vn -0.6841878891 0.1567186266 0.7122683525
v -0.7233598232 -1.512645483 1.498163581
vn -0.1536648124 0.9568244815 -0.2467267066
v -0.7233598232 -1.516107917 1.465762377
vn -0.08982174098 0.9959493279 -0.004116103053
v -0.7233598232 -1.513532162 1.434123158
vn -0.0813999325 0.9915372729 0.1011331603
v -0.7233598232 -1.509653926 1.402648449
vn -0.09283240885 0.9879217744 0.1240673363
v -0.7233598232 -1.50568974 1.371184468
vn -0.0999982655 0.9872614145 0.123755008
v -0.7233598232 -1.501759291 1.339716434
vn -0.10590747 0.9870910048 0.1201454028
v -0.7233598232 -1.498051882 1.30821991
vn -0.1239085346 0.9859487414 0.1120346636
v -0.7233598232 -1.494278312 1.276732087
vn -0.1478635669 0.9826648235 0.1118313298
v -0.7233598232 -1.490630746 1.245228052
vn -0.1748529226 0.9797837138 0.09721272439
v -0.7233598232 -1.48833847 1.213553309
vn -0.2280332148 0.9719745517 0.05715138838
v -0.7475531697 -1.496879578 1.180510879
vn -0.4114660025 0.9114184976 -0.003470449243
v -0.7233598232 -1.487239718 1.181727648
vn -0.3075812161 0.9501450658 0.05116834864
v -0.7388979793 -1.492908478 1.149047971
vn -0.5183948874 0.8538842201 -0.04635167122
v -0.7233598232 -1.485203624 1.15002048
vn -0.4029040337 0.911370635 0.08409491181
v -0.7315463424 -1.488937378 1.117584825
vn -0.6166664958 0.7834483981 -0.07701355964
v -0.7233598232 -1.483534813 1.118266702
vn -0.5316817164 0.8459795713 0.04041193798
v -0.7233598232 -1.486032963 1.094573855
vn -0.6376156807 0.7620503306 -0.1128075197
v -0.7318159342 -1.433341384 0.6771021485
vn -0.6693016887 0.2318719625 0.7058829069
v -0.7233598232 -1.41584146 0.6793108582
vn -0.6705930829 0.2333135903 0.7041801214
v -0.7233598232 -1.434403181 0.6855152845
vn -0.6743872166 0.2323330045 0.7008732557
v -0.7427703142 -1.516429186 1.082150578
vn -0.7958108187 0.4069032967 -0.4484583437
v -0.7233598232 -1.488167644 1.085717678
vn -0.7256210446 0.5916032195 -0.3513967991
v -0.7249043584 -1.512458086 1.050687551
vn -0.8104812503 0.1353781968 -0.5699060559
v -0.7233598232 -1.509230733 1.051095009
vn -0.7953042388 0.516420722 -0.3174914718
v -0.7233598232 -1.512158871 1.048316836
vn -0.660990417 0.03840397298 -0.7494109869
v -0.7468125224 -1.464804411 0.6731310487
vn -0.6666792035 0.2487138212 0.7026238441
v -0.7233598232 -1.467754364 0.6965037584
vn -0.6690657139 0.2500443459 0.699877739
v -0.7498899102 -1.547892332 1.078179359
vn -0.7413671017 0.08215517551 -0.666052103
v -0.7233598232 -1.544211388 1.049015641
vn -0.5929908752 -0.09254741669 -0.7998729944
v -0.7233598232 -1.526497364 1.048915625
vn -0.4578945935 -0.01068713516 -0.8889422417
v -0.7321771383 -1.500238657 0.700623095
vn -0.6666062474 0.265935719 0.6963578463
v -0.7233598232 -1.483781457 0.7027001977
vn -0.6756782532 0.2737408578 0.6844887733
v -0.7233598232 -1.501417994 0.7099664807
vn -0.6974464655 0.2755726278 0.661534667
v -0.7520454526 -1.579355359 1.07420826
vn -0.5648648143 -0.05726069957 -0.8231943846
v -0.7233598232 -1.576779842 1.05380249
vn -0.4817077816 -0.1055066586 -0.8699574471
v -0.748449862 -1.531701684 0.6966519356
vn -0.6677998304 0.3166155815 0.6736453176
v -0.7233598232 -1.535151839 0.7239871025
vn -0.6761130095 0.3281777203 0.6596746445
v -0.737816155 -1.610818386 1.07023716
vn -0.501760304 -0.2423489988 -0.830363512
v -0.7233598232 -1.609703422 1.061403751
vn -0.2929794192 -0.2873920798 -0.9119039774
v -0.7415323257 -1.567135811 0.7241438627
vn -0.6358293891 0.4206953347 0.6470984817
v -0.7233598232 -1.541228533 0.7274138331
vn -0.6697274446 0.3733262122 0.641944468
v -0.7233598232 -1.569648623 0.7440527081
vn -0.6457741261 0.4200596511 0.6375936866
v -0.7536292672 -1.646252513 1.097729087
vn -0.3466881216 -0.4276018739 -0.8348436952
v -0.7233598232 -1.644479632 1.083682299
vn -0.2479327917 -0.4745205045 -0.8446062207
v -0.7233598232 -1.620816112 1.06897521
vn -0.1582768708 -0.5448616743 -0.8234525919
v -0.7397457361 -1.602569938 0.7516356707
vn -0.599318862 0.4764451385 0.6432860494
v -0.7233598232 -1.583835959 0.7540001869
vn -0.6264808178 0.4425924718 0.6415868402
v -0.7233598232 -1.604661345 0.7682059407
vn -0.6062484384 0.463447839 0.6462808847
v -0.7233598232 -1.678670049 1.101320744
vn -0.1646733433 -0.3994627595 -0.901838243
v -0.7233598232 -1.665786147 1.0952636
vn -0.1018931866 -0.4588607848 -0.8826463223
v -0.7393247485 -1.638004184 0.779127717
vn -0.5845344663 0.4976479411 0.640832305
v -0.7233598232 -1.62177217 0.7811764479
vn -0.5938071012 0.4909448028 0.6374686956
v -0.7233598232 -1.640067339 0.7954736352
vn -0.5972176194 0.4967679977 0.6297242641
v -0.736600399 -1.713149786 1.121250033
vn -0.2436977178 -0.4631155133 -0.8521358371
v -0.7233598232 -1.712627411 1.117111683
vn -0.1224694476 -0.4136120379 -0.9021786451
v -0.7398739457 -1.67343843 0.8066194654
vn -0.603679657 0.5077137947 0.6146523952
v -0.7233598232 -1.656686664 0.8087338209
vn -0.6127448082 0.5174440145 0.5973235965
v -0.7233598232 -1.675955415 0.8265625238
vn -0.6355936527 0.5161024332 0.5741593838
v -0.7233598232 -1.747014999 1.136310577
vn -0.1746050566 -0.463157326 -0.8689064384
v -0.7233598232 -1.718598843 1.120562196
vn -0.09086789936 -0.4685726166 -0.8787392974
v -0.7238202095 -1.712843776 0.8655744195
vn -0.7101208568 0.5118793845 0.4834333658
v -0.7233598232 -1.712195873 0.8656561375
vn -0.7571077347 0.4963354766 0.4247810841
v -0.7233598232 -1.71296978 0.8665727973
vn -0.7730028629 0.4792188108 0.4157112837
v -0.7424390912 -1.708872676 0.8341114521
vn -0.6628140211 0.5177831054 0.5409050584
v -0.7233598232 -1.687497139 0.8368093371
vn -0.7148837447 0.526470542 0.4601847231
v -0.7233598232 -1.781142235 1.153448701
vn -0.1888809055 -0.3550859392 -0.915553391
v -0.7233598232 -1.766586065 1.146469593
vn -0.152592808 -0.427111119 -0.8912303448
v -0.7297345996 -1.748277903 0.8930664062
vn -0.7184197903 0.489797473 0.4939346611
v -0.7233598232 -1.738275051 0.8943289518
vn -0.7733305693 0.4451090395 0.4514839649
v -0.7233598232 -1.749476671 0.9025642276
vn -0.7009132504 0.4543733895 0.5497867465
v -0.7483968139 -1.744306684 0.86160326
vn -0.6979697347 0.5084255338 0.5043230653
v -0.7544036508 -1.815481186 1.172262669
vn -0.2429328412 -0.3654847145 -0.8985569477
v -0.7233598232 -1.814412475 1.163794637
vn -0.2864083052 -0.2349638045 -0.9288499951
v -0.7342048883 -1.783712149 0.9205581546
vn -0.6592528224 0.5474989414 0.5153936744
v -0.7233598232 -1.770694017 0.9222012758
vn -0.6687896848 0.4953261614 0.5544117689
v -0.7233598232 -1.785503507 0.9347516298
vn -0.6224553585 0.5398099422 0.5667050481
v -0.7543985844 -1.77974093 0.8890952468
vn -0.7024175525 0.4995468855 0.5070133209
v -0.7233598232 -1.848108292 1.17751503
vn -0.3022595346 -0.2862785161 -0.90922153
v -0.7233598232 -1.831221819 1.170275927
vn -0.4138410091 -0.3768364489 -0.8286916614
v -0.7450030446 -1.819146156 0.9480502009
vn -0.5770593882 0.614477694 0.5379773378
v -0.7233598232 -1.80107832 0.950330615
vn -0.5913263559 0.5926802158 0.5468668342
v -0.7233598232 -1.822533011 0.9748833179
vn -0.5843786597 0.6194882393 0.5241525769
v -0.7479240894 -1.88237834 1.195783257
vn -0.5914543271 0.3790038824 -0.7117147446
v -0.7233598232 -1.880870223 1.183833957
vn -0.5067818761 0.06337228417 -0.8597418666
v -0.742922008 -1.858551502 1.007005095
vn -0.5076223612 0.714997828 0.4807261229
v -0.7233598232 -1.845355392 1.008670688
vn -0.5569253564 0.6911326051 0.460618943
v -0.7233598232 -1.861981988 1.034184694
vn -0.5667399764 0.6924262047 0.4464882314
v -0.7233598232 -1.825935364 0.9791573882
vn -0.5356456637 0.7032902241 0.4674041569
v -0.7544341683 -1.913841367 1.191812158
vn -0.687772572 0.5511244535 -0.4724730551
v -0.7233598232 -1.903699279 1.161128163
vn -0.6605635285 0.6556193829 -0.3658128381
v -0.7298638225 -1.909870267 1.16034925
vn -0.6343118548 0.7525129318 -0.1771236211
v -0.7362945676 -1.905899167 1.128886104
vn -0.5109704137 0.8286032677 0.2287485301
v -0.7233598232 -1.897385836 1.129960656
vn -0.6861115694 0.7152715921 0.1328060776
v -0.7447816133 -1.901927948 1.097423196
vn -0.5402162671 0.8037603498 0.249270305
v -0.7233598232 -1.887566328 1.099235773
vn -0.6183043122 0.7503484488 0.2338312119
v -0.7536771894 -1.897956848 1.06596005
vn -0.5378876925 0.7809380293 0.317510128
v -0.7233598232 -1.878042817 1.068473458
vn -0.5742973089 0.7641195059 0.2937754691
v -0.7233598232 -1.864594936 1.038206458
vn -0.5325830579 0.7527691126 0.3869030178
v -0.6929857731 -0.9858347774 1.436798573
vn -0.4631123841 -0.6403437257 -0.6127697825
v -0.6916471124 -0.9847412109 1.428134084
vn -0.55880481 -0.807713449 -0.1879792064
v -0.6916471124 -0.979495883 1.405634403
vn -0.5011205077 -0.8629972339 0.06414069235
v -0.7199979424 -0.9778924584 1.373872399
vn -0.5083214641 -0.7617877126 0.401607722
v -0.6916471124 -0.9814285636 1.401888371
vn -0.5735693574 -0.7140218616 0.4014859796
v -0.7122497559 -1.021268964 1.4642905
vn -0.4220533073 -0.29692173 -0.8565678596
v -0.6916471124 -1.01980567 1.4526968
vn -0.5521672964 -0.3324289322 -0.764592886
v -0.6916471124 -0.9870598912 1.436643958
vn -0.6690648198 -0.4617072344 -0.5823904872
v -0.6916471124 -0.9987450838 1.371240377
vn -0.5603701472 -0.7236891985 0.4028142095
v -0.7074366212 -1.005384326 1.338438272
vn -0.6348351836 -0.6762807965 0.3736691177
v -0.6916471124 -1.007814288 1.35769093
vn -0.6918742061 -0.5732184649 0.4390110075
v -0.6916471124 -1.053251028 1.464431286
vn -0.36003986 -0.1970136315 -0.9118974209
v -0.6916471124 -1.043381453 1.461499453
vn -0.5623211265 -0.2959826589 -0.7721329331
v -0.6916471124 -1.025082707 1.335952044
vn -0.7203987241 -0.5818348527 0.3774836063
v -0.7017617226 -1.032876253 1.303004026
vn -0.7894849777 -0.5021984577 0.3528600633
v -0.6916471124 -1.035180807 1.321262479
vn -0.809796989 -0.4407637417 0.3872418106
v -0.7169737816 -1.028905153 1.271541119
vn -0.8192048073 -0.4766956866 0.3188490868
v -0.6916471124 -1.086032987 1.470910192
vn -0.4130767286 -0.173001945 -0.8941129446
v -0.6916471124 -1.05576086 1.300115585
vn -0.8272310495 -0.4074595869 0.3868662715
v -0.6916471124 -1.06349051 1.292307734
vn -0.863122344 -0.3022399247 0.4045625329
v -0.7042533159 -1.06036818 1.267570019
vn -0.8700613379 -0.3487164378 0.3484108448
v -0.7172198296 -1.05639708 1.236106873
vn -0.8795307875 -0.3637731075 0.3067485988
v -0.7230631709 -0.9928588271 0.7326980829
vn -0.9694416523 -0.2386726439 0.05673005059
v -0.7087182403 -1.119629145 1.483840108
vn -0.3812944889 -0.1790223122 -0.9069539905
v -0.6916471124 -1.118706107 1.47652626
vn -0.4055691361 -0.163590461 -0.8993062973
v -0.695612669 -1.091831207 1.263598919
vn -0.8943058848 -0.2729969919 0.354527384
v -0.6916471124 -1.092786431 1.271166325
vn -0.8680493832 -0.2860428691 0.4057952166
v -0.7077819109 -1.087860107 1.232135773
vn -0.9185503721 -0.270549953 0.2882151604
v -0.7178162336 -1.083888888 1.200672746
vn -0.9133844376 -0.3008867502 0.2742189765
v -0.7128199935 -1.028293014 0.7601901293
vn -0.9526199102 -0.3012703657 -0.04185032472
v -0.7186918855 -1.024321795 0.7287269235
vn -0.9564135671 -0.1611492038 0.2435241789
v -0.6916471124 -1.151424289 1.482499838
vn -0.3148311973 -0.08212800324 -0.9455878139
v -0.6916471124 -1.142782807 1.480917692
vn -0.4227035642 -0.164350614 -0.891241014
v -0.6916471124 -1.10666573 1.261726499
vn -0.8848277926 -0.2779515386 0.3739287257
v -0.6916471124 -1.122110844 1.250251174
vn -0.8999379277 -0.2296833992 0.3706174195
v -0.701297462 -1.119323134 1.228164554
vn -0.9280330539 -0.2216312736 0.2993896902
v -0.7101750374 -1.115352035 1.196701646
vn -0.9422405958 -0.2181197405 0.2541778684
v -0.7202783227 -1.111380816 1.1652385
vn -0.923410058 -0.2562919259 0.2857066691
v -0.7052332163 -1.06372714 0.787682116
vn -0.8312164545 -0.4323992431 -0.3494425714
v -0.7015938163 -1.059756041 0.7562190294
vn -0.9007930756 -0.4120536745 0.1370532364
v -0.7144742012 -1.055784822 0.7247558236
vn -0.8943381906 -0.271772176 0.3553858995
v -0.6916471124 -1.183743119 1.485309005
vn -0.3212816417 -0.09160710871 -0.9425424337
v -0.6953445673 -1.150786161 1.224193454
vn -0.9259056449 -0.2045451105 0.3175846934
v -0.6916471124 -1.151819587 1.232381105
vn -0.9022226334 -0.2246384472 0.3681465983
v -0.7055593729 -1.146815062 1.192730546
vn -0.952141583 -0.1748642027 0.2506969273
v -0.7140036225 -1.142843843 1.1612674
vn -0.9400811791 -0.2080618888 0.2701067924
v -0.7185111046 -1.115045905 0.941026032
vn -0.7267280221 -0.615866363 -0.3042614162
v -0.7110317945 -1.111074805 0.9095630646
vn -0.7168865204 -0.6653624773 -0.2082461864
v -0.7113221288 -1.107103586 0.878099978
vn -0.7101425529 -0.6975056529 -0.095830217
v -0.7097731233 -1.103132486 0.8466370702
vn -0.7324248552 -0.6537126303 -0.1902989298
v -0.6989176273 -1.099161386 0.8151738644
vn -0.733956635 -0.5778902173 -0.3568621278
v -0.6916471124 -1.097331166 0.8006733656
vn -0.7364409566 -0.5043559074 -0.4508656561
v -0.6916471124 -1.082282901 0.7853401303
vn -0.8243280053 -0.49576056 -0.2733218074
v -0.6916471124 -1.078737497 0.7538232803
vn -0.8653055429 -0.4581576288 0.2033171952
v -0.6916471124 -1.089911342 0.7418863773
vn -0.8158867359 -0.3958870769 0.4214287698
v -0.7042736411 -1.087247968 0.7207846642
vn -0.7809155583 -0.3646454513 0.5071534514
v -0.6916471124 -1.21603179 1.487879157
vn -0.3200734258 -0.1094675884 -0.9410471916
v -0.6916471124 -1.169048786 1.221888423
vn -0.9121315479 -0.2251632661 0.3425165713
v -0.6916471124 -1.181438208 1.213796854
vn -0.9260523319 -0.170182541 0.3368456364
v -0.7013417482 -1.178278089 1.188759327
vn -0.9481455088 -0.1696853489 0.2687507868
v -0.7092268467 -1.174306989 1.157296181
vn -0.9612598419 -0.1731910855 0.2144397646
v -0.7175556421 -1.17033577 1.125833035
vn -0.936396122 -0.2486282289 0.2476819158
v -0.7123714089 -1.150480032 0.9685180187
vn -0.7066581249 -0.3891217113 -0.5909472108
v -0.6916471124 -1.146706343 0.9386193752
vn -0.7021850348 -0.4682365358 -0.5363681316
v -0.6916471124 -1.145307183 0.9372065663
vn -0.7220917344 -0.6189219356 -0.3090617061
v -0.6916471124 -1.131021738 0.907045424
vn -0.7248704433 -0.6706581712 -0.1574180871
v -0.6916471124 -1.127300262 0.8755508661
vn -0.7295405269 -0.6783059239 -0.08758800477
v -0.6916471124 -1.12364471 0.8440481424
vn -0.7510699034 -0.6197006106 -0.2277392
v -0.6916471124 -1.107784152 0.8140855432
vn -0.7575890422 -0.5485794544 -0.3537222743
v -0.6916471124 -1.118014455 0.7169014215
vn -0.743722558 -0.3759743273 0.5527387261
v -0.7202891707 -1.114739776 0.6853506565
vn -0.7177321911 -0.277374059 0.6386893988
v -0.6916471124 -1.118667483 0.7164691687
vn -0.7370672822 -0.2496436238 0.6280205846
v -0.7092812657 -1.249452472 1.499418497
vn -0.3295805156 -0.2058312893 -0.9214174747
v -0.6916471124 -1.248624206 1.492856264
vn -0.3352591395 -0.1715821773 -0.9263697267
v -0.6971270442 -1.209741116 1.184788227
vn -0.9445807934 -0.1849083751 0.2712489665
v -0.6916471124 -1.211601496 1.199527383
vn -0.9250902534 -0.1990558058 0.3233958185
v -0.705183208 -1.205770016 1.153325081
vn -0.968257606 -0.1591195315 0.192764625
v -0.7107172608 -1.201798797 1.121861935
vn -0.9662865996 -0.1897657663 0.17400904
v -0.7181040049 -1.197827697 1.090399027
vn -0.9408855438 -0.2721493542 0.2016657442
v -0.7195776105 -1.185914278 0.9960098267
vn -0.7483779192 -0.3584175706 -0.5580925941
v -0.6919323802 -1.181943178 0.9645469189
vn -0.6915371418 -0.3276684284 -0.6437466741
v -0.6916471124 -1.181899309 0.9641996622
vn -0.7592900395 -0.3522469103 -0.5471752286
v -0.7128524184 -1.146202922 0.6813795567
vn -0.7150957584 -0.1948549151 0.6713193059
v -0.6916471124 -1.149119735 0.7044891715
vn -0.7506785989 -0.1430305541 0.6449991465
v -0.6916471124 -1.281538963 1.500387073
vn -0.2519123852 -0.1293421835 -0.9590676427
v -0.6916471124 -1.267297029 1.497166276
vn -0.345236212 -0.2112381905 -0.9144344926
v -0.6916471124 -1.235295415 1.181562901
vn -0.9301989079 -0.2366873771 0.2805513442
v -0.6916471124 -1.240679741 1.176661968
vn -0.9189138412 -0.3020615876 0.253685236
v -0.7002243996 -1.237233043 1.149353981
vn -0.9466816187 -0.2292577326 0.2263509333
v -0.7066573501 -1.233261824 1.117890835
vn -0.9754220247 -0.158750087 0.1528079957
v -0.7111614347 -1.229290724 1.086427927
vn -0.9753343463 -0.1894829124 0.1132216603
v -0.7162542343 -1.225319624 1.054964662
vn -0.9458897114 -0.3240193725 0.01743855514
v -0.7165697217 -1.221348405 1.023501873
vn -0.872185111 -0.4163257778 -0.2568384707
v -0.7018936276 -1.217377305 0.9920386672
vn -0.7619758248 -0.3726121485 -0.5296725631
v -0.6916471124 -1.215824127 0.9797328115
vn -0.727026403 -0.3138091862 -0.6107016206
v -0.6916471124 -1.182446122 0.9644833803
vn -0.7802261114 -0.2941898704 -0.5519959927
v -0.7132528424 -1.177665949 0.6774083972
vn -0.6988498569 -0.04496899992 0.7138534188
v -0.6916471124 -1.180464268 0.6995789409
vn -0.7250603437 -0.03100722842 0.6879869699
v -0.6916471124 -1.314002037 1.504338384
vn -0.2122850567 -0.09053512663 -0.9730048776
v -0.6916471124 -1.265487432 1.145787835
vn -0.9129348993 -0.3118506372 0.2632471323
v -0.6916471124 -1.268328667 1.142471433
vn -0.9049011469 -0.3268314898 0.2726446986
v -0.7015067339 -1.26472497 1.113919616
vn -0.9419463277 -0.256115973 0.2171213776
v -0.7075501084 -1.26075387 1.082456708
vn -0.982010603 -0.1839447021 0.04265529662
v -0.7075128555 -1.256782651 1.050993562
vn -0.9661524892 -0.2381686866 -0.09912162274
v -0.6993812323 -1.252811551 1.019530654
vn -0.8730880618 -0.3657803535 -0.3223693371
v -0.6916471124 -1.251119733 1.006126523
vn -0.755546093 -0.4218973219 -0.5011514425
v -0.6916471124 -1.232349634 0.9901489615
vn -0.7206736803 -0.400475353 -0.5659054518
v -0.7194309831 -1.209128976 0.6734371781
vn -0.6632657051 0.05750384182 0.7461715341
v -0.6916471124 -1.21231401 0.6986719966
vn -0.6879096627 0.03143423796 0.7251152992
v -0.6916471124 -1.346182346 1.506050587
vn -0.2106918693 -0.08893009275 -0.9734990597
v -0.6916471124 -1.295292974 1.110061526
vn -0.9082907438 -0.3263167441 0.2617733777
v -0.6916471124 -1.29607141 1.109024763
vn -0.8836081028 -0.4057854712 0.2336126417
v -0.7015045881 -1.292216897 1.078485608
vn -0.9527056217 -0.2939995229 0.07691713423
v -0.6976513267 -1.288245678 1.047022462
vn -0.9327402711 -0.2996907532 -0.2004522234
v -0.6916471124 -1.286823153 1.035751462
vn -0.7817380428 -0.3974969089 -0.4805017114
v -0.6916471124 -1.266064763 1.017857909
vn -0.7648283243 -0.4096898437 -0.4971839488
v -0.6931890249 -1.244563103 0.7009289861
vn -0.6505984664 0.09820175916 0.753045857
v -0.6916471124 -1.23839128 0.7017079592
vn -0.7933115363 0.08462575823 0.6029056907
v -0.6916471124 -1.244778156 0.7026320696
vn -0.7672780752 0.06558287889 0.6379523873
v -0.7069880962 -1.379275799 1.514997005
vn -0.3128165901 -0.1910379529 -0.9304032922
v -0.6916471124 -1.378609657 1.509718657
vn -0.2433950007 -0.1222518757 -0.9621919394
v -0.6916471124 -1.31518662 1.075586438
vn -0.911234498 -0.4081677794 -0.05523407459
v -0.6916471124 -1.300051451 1.045532346
vn -0.8466143012 -0.3893758059 -0.3628094792
v -0.7023726702 -1.276026249 0.6969578266
vn -0.6715199351 0.05803317949 0.738710463
v -0.6916471124 -1.277394772 0.7078011632
vn -0.7233452797 0.03024909087 0.6898236275
v -0.6916471124 -1.411410928 1.516349912
vn -0.2538618445 -0.1136813089 -0.9605366588
v -0.6916471124 -1.394941568 1.5130198
vn -0.3082175553 -0.1884559691 -0.9324625134
v -0.7066158056 -1.307489276 0.6929866672
vn -0.6976507902 -0.02700066194 0.7159290314
v -0.6916471124 -1.309367537 0.7078677416
vn -0.7108206749 -0.04449963197 0.7019641995
v -0.6916471124 -1.443786979 1.51961422
vn -0.2217606157 -0.01248825155 -0.9750211835
v -0.7075700164 -1.338952184 0.6890155673
vn -0.7060194016 -0.06368300319 0.7053233385
v -0.6916471124 -1.340952396 0.7048631907
vn -0.7109757662 -0.05559185147 0.7010157108
v -0.6916471124 -1.475493073 1.517567515
vn -0.2414959222 0.2775023878 -0.92987746
v -0.7091864347 -1.37041533 0.6850444078
vn -0.7058912516 -0.008822642267 0.7082653046
v -0.6916471124 -1.37262702 0.702567935
vn -0.7075029612 0.03587652743 0.7057991028
v -0.6916471124 -1.505287051 1.500372291
vn -0.233370468 0.4970902503 -0.8357269168
v -0.716699183 -1.401878357 0.681073308
vn -0.6895112395 0.152614072 0.7080135345
v -0.6916471124 -1.405047059 0.706179142
vn -0.6899781823 0.1596417725 0.7060061097
v -0.6916471124 -1.50623858 1.498972297
vn -0.1500103325 0.9462234378 -0.2866324186
v -0.6916471124 -1.514399052 1.465978026
vn -0.09584672749 0.9928199649 -0.07156729698
v -0.6916471124 -1.512279153 1.434281349
vn -0.07517365366 0.9903610945 0.1163347885
v -0.6916471124 -1.507937908 1.402865052
vn -0.1122900099 0.9832673669 0.1434443146
v -0.6916471124 -1.503605485 1.371447563
vn -0.1421193928 0.9808693528 0.1330315471
v -0.6916471124 -1.49953711 1.339996815
vn -0.1557857096 0.9795078039 0.1276528984
v -0.6916471124 -1.495544672 1.30853641
vn -0.1678039432 0.9777151942 0.1261538267
v -0.6916471124 -1.491513252 1.277081132
vn -0.184638083 0.9738628864 0.1322870106
v -0.6916471124 -1.487390161 1.245637178
vn -0.2186330259 0.9661779404 0.1367470324
v -0.6916471124 -1.483402729 1.214176297
vn -0.2400196344 0.9643048644 0.1118333414
v -0.6916471124 -1.479402542 1.182716846
vn -0.3200230598 0.9379854202 0.1332989931
v -0.6916471124 -1.473724484 1.15146935
vn -0.3877856433 0.9048848152 0.1755158752
v -0.6916471124 -1.465815306 1.120503187
vn -0.4859939218 0.8563760519 0.1744418591
v -0.7206543684 -1.484966159 1.086121678
vn -0.7574209571 0.637453258 -0.141304031
v -0.6916471124 -1.459363818 1.089353085
vn -0.6280036569 0.7761669159 0.05635925755
v -0.7091014981 -1.480995059 1.054658771
vn -0.8369128704 0.4158070087 -0.3559233248
v -0.6916471124 -1.457827449 1.057582855
vn -0.7570898533 0.650074482 -0.06494688988
v -0.6971616149 -1.47702384 1.023195624
vn -0.9144599438 0.066568546 -0.3991637528
v -0.6916471124 -1.463667393 1.024881363
vn -0.8591046333 0.4862656891 -0.1596400589
v -0.6916471124 -1.475915074 1.014411211
vn -0.6287184358 0.1211488098 -0.7681381106
v -0.7004982829 -1.437312484 0.7085653543
vn -0.6776396632 0.236073181 0.696472466
v -0.6916471124 -1.418981552 0.7108790278
vn -0.6885618567 0.2425829321 0.6834003925
v -0.6916471124 -1.438510537 0.7180575132
vn -0.7125139236 0.2512823343 0.6551191807
v -0.6926519275 -1.508486986 1.019224405
vn -0.807831049 0.199035272 -0.5547918081
v -0.6916471124 -1.50839746 1.018515587
vn -0.3584474921 -0.2863264084 -0.8885564804
v -0.7154073715 -1.468775511 0.7045941949
vn -0.6934627891 0.2612525225 0.6714584231
v -0.6916471124 -1.472134948 0.7312104106
vn -0.7035529017 0.272935003 0.656140089
v -0.7191348672 -1.543921232 1.046716452
vn -0.4004586339 -0.2288020104 -0.8872894049
v -0.6916471124 -1.542345166 1.034229636
vn -0.3097299635 -0.3088986874 -0.8992491364
v -0.6916471124 -1.509483933 1.019098639
vn -0.2570879161 -0.4389540255 -0.8609443307
v -0.7040527463 -1.504209876 0.732086122
vn -0.7188646197 0.2902119756 0.6316729188
v -0.6916471124 -1.480484605 0.7350806594
vn -0.734531641 0.3033347428 0.6070019007
v -0.6916471124 -1.506223798 0.7480425835
vn -0.7363689542 0.3047636747 0.6040529013
v -0.6916471124 -1.575967669 1.047367692
vn -0.1056866422 -0.2846512198 -0.9527875185
v -0.6916471124 -1.566907763 1.043815255
vn -0.07847862691 -0.3666595817 -0.9270392656
v -0.6961285472 -1.539644003 0.7595779896
vn -0.7349517941 0.3119213283 0.6021220684
v -0.6916471124 -1.531228423 0.7606400847
vn -0.7353732586 0.300808996 0.6072397828
v -0.6916471124 -1.54031992 0.7649327517
vn -0.7122980356 0.2855393589 0.6411699057
v -0.7198307514 -1.535672784 0.7281150818
vn -0.7277175188 0.3051922619 0.6142352223
v -0.6916471124 -1.609503746 1.059821963
vn 0.04531900585 -0.4344564378 -0.8995519876
v -0.7134510875 -1.571106911 0.7556067705
vn -0.6827293634 0.3656481206 0.632599473
v -0.6916471124 -1.574169755 0.7798736095
vn -0.6708803177 0.3533772528 0.6519541144
v -0.6916471124 -1.644552588 1.084260702
vn 0.04238256067 -0.5183832645 -0.8540974855
v -0.6916471124 -1.62130487 1.068913579
vn 0.06784560531 -0.5677040219 -0.8204322457
v -0.709048748 -1.606541157 0.7830988169
vn -0.6284804344 0.4515508413 0.6333357692
v -0.6916471124 -1.58415854 0.7859238982
vn -0.6631804705 0.4134604931 0.6238927245
v -0.6916471124 -1.609019637 0.8027359843
vn -0.6439532638 0.4563938677 0.6140267849
v -0.6916471124 -1.678797483 1.10232985
vn 0.02424075454 -0.4022881091 -0.9151921272
v -0.6916471124 -1.664217591 1.095461607
vn 0.0681001842 -0.4517558217 -0.8895386457
v -0.7094332576 -1.641975284 0.8105905652
vn -0.6312871575 0.5063406229 0.5874484181
v -0.6916471124 -1.622084022 0.8131012321
vn -0.6577754617 0.4945220351 0.5681368113
v -0.6916471124 -1.64490366 0.833791852
vn -0.6479576826 0.5201234818 0.556437254
v -0.6916471124 -1.712493896 1.116053224
vn -0.01180207171 -0.3706511557 -0.9286971688
v -0.7009660006 -1.68138063 0.8695455194
vn -0.7344401479 0.542032063 0.4084102213
v -0.6916471124 -1.672213435 0.8707025647
vn -0.646275878 0.6394305825 0.4164805114
v -0.6916471124 -1.683886886 0.8894025087
vn -0.6885165572 0.587171793 0.425645709
v -0.7146092653 -1.67740953 0.838082552
vn -0.6742690802 0.5560104251 0.4860180914
v -0.6916471124 -1.652507901 0.8412256241
vn -0.6691240668 0.6066769958 0.4292039573
v -0.6916471124 -1.746599317 1.133016944
vn -0.1988524795 -0.3751424253 -0.9053871036
v -0.6916471124 -1.720974326 1.120262384
vn -0.1008088961 -0.4009368718 -0.9105422497
v -0.7093069553 -1.716814876 0.8970375061
vn -0.7355242372 0.4581274986 0.4991225302
v -0.6916471124 -1.692645073 0.9000881314
vn -0.6815115809 0.4680163264 0.5625857115
v -0.6916471124 -1.719601274 0.9191132784
vn -0.6556226015 0.4391624928 0.6142436862
v -0.6916471124 -1.780411005 1.147654772
vn -0.2364123762 -0.26091519 -0.9359660745
v -0.6916471124 -1.775110722 1.145393729
vn -0.3273894191 -0.3905950189 -0.8603788018
v -0.7076104283 -1.752249002 0.924529314
vn -0.6736370325 0.4573441446 0.5805596709
v -0.6916471124 -1.731119871 0.9271962047
vn -0.6577951312 0.4393188059 0.6118043065
v -0.6916471124 -1.754751086 0.9443534017
vn -0.6595445275 0.4671474993 0.5888754129
v -0.6916471124 -1.813008308 1.152669668
vn -0.438647002 -0.06430907547 -0.8963554502
v -0.7097954154 -1.787683249 0.9520213008
vn -0.6486173272 0.5349633694 0.5413961411
v -0.6916471124 -1.766955733 0.9546375275
vn -0.6782374382 0.510171771 0.5288844705
v -0.6916471124 -1.791112542 0.9791914821
vn -0.6582634449 0.5548577905 0.5087456107
v -0.7072506547 -1.846944213 1.168291569
vn -0.7771718502 0.02141532116 -0.6289239526
v -0.6916471124 -1.844980717 1.152734637
vn -0.6415422559 0.03697590157 -0.7661960125
v -0.7032811642 -1.827088475 1.010976195
vn -0.6682310104 0.6247335672 0.4039495885
v -0.6916471124 -1.814304709 1.012589693
vn -0.7414316535 0.5655688047 0.3611246645
v -0.6916471124 -1.830674171 1.039385438
vn -0.6980999112 0.6165181398 0.3640905023
v -0.7200179696 -1.823117256 0.9795131087
vn -0.6497689486 0.595612824 0.4722771347
v -0.6916471124 -1.794695497 0.9831003547
vn -0.700091362 0.5853356719 0.4089673162
v -0.7049586177 -1.87840724 1.16432035
vn -0.8660053015 0.4192650616 -0.2724915147
v -0.6916471124 -1.862220049 1.134399056
vn -0.8339080811 0.4924509525 -0.2491774559
v -0.6983938217 -1.87443614 1.132857203
vn -0.8234865069 0.5672551394 0.009569426998
v -0.7042059302 -1.87046504 1.101394296
vn -0.7155598402 0.663880527 0.217340216
v -0.6916471124 -1.854862571 1.103363633
vn -0.8357802033 0.5313173532 0.1384677738
v -0.7104818225 -1.866493821 1.069931149
vn -0.70844239 0.6514998674 0.2713987827
v -0.6916471124 -1.844975591 1.072647095
vn -0.7761529684 0.5934535265 0.2130714655
v -0.7208992243 -1.862522602 1.038468122
vn -0.6886991262 0.6374259591 0.3455165327
v -0.6916471124 -1.832443953 1.042264462
vn -0.7297642231 0.6214490533 0.2850356102
v -0.6893889904 -0.9818636179 1.405335546
vn -0.809232831 -0.587097168 0.02142756619
v -0.6705661416 -1.017297745 1.432827473
vn -0.8008512855 -0.4758182168 -0.3636402488
v -0.6667363048 -1.013326645 1.401364446
vn -0.8486267924 -0.5139360428 0.125309065
v -0.683129847 -1.009355545 1.36990118
vn -0.7726719379 -0.5188704729 0.3657205105
v -0.6849630475 -1.052731991 1.460319281
vn -0.5798352957 -0.2629010081 -0.7711511254
v -0.6599344611 -1.04966104 1.435988188
vn -0.6622962356 -0.2972673178 -0.687746942
v -0.6599344611 -1.037768483 1.430243731
vn -0.8610979915 -0.3688037097 -0.3499915898
v -0.6599344611 -1.028396249 1.399462342
vn -0.9094045758 -0.3964116275 0.1258615702
v -0.6599344611 -1.042918563 1.382567763
vn -0.8733658195 -0.3511478305 0.3375312686
v -0.6675601602 -1.040818572 1.36593008
vn -0.8335618377 -0.4031241238 0.3777110577
v -0.6844656467 -1.036847472 1.334467173
vn -0.8181452751 -0.4204002023 0.392303437
v -0.6655650735 -1.084195018 1.456348181
vn -0.5019164085 -0.2075947821 -0.8396334648
v -0.6599344611 -1.083465338 1.450566769
vn -0.7509926558 -0.2602474689 -0.6068617702
v -0.6599344611 -1.062897205 1.363143444
vn -0.8603479862 -0.3393765986 0.3802957237
v -0.6599344611 -1.07153666 1.356056809
vn -0.8761184812 -0.2719667256 0.3980584145
v -0.6728922129 -1.068310499 1.330496073
vn -0.8642699122 -0.3177169859 0.3899916112
v -0.6880239844 -1.064339399 1.299032927
vn -0.8582952023 -0.339322269 0.3849542439
v -0.6599344611 -1.116693258 1.460578799
vn -0.4799498022 -0.1636692137 -0.8618935943
v -0.6599344611 -1.093713403 1.45514679
vn -0.7574204206 -0.2593485117 -0.5992100835
v -0.6648203731 -1.099773526 1.326524973
vn -0.8798004985 -0.2645617425 0.3949153423
v -0.6599344611 -1.101013899 1.336352706
vn -0.884989202 -0.2613508105 0.3853437603
v -0.6795912981 -1.095802307 1.295061827
vn -0.8811894059 -0.2670257688 0.3901313245
v -0.6863692999 -1.151092172 1.479868889
vn -0.4355330765 -0.1114982739 -0.8932407498
v -0.6599344611 -1.149357438 1.466124773
vn -0.5185526013 -0.1399749368 -0.8435106874
v -0.6599344611 -1.1191504 1.324079275
vn -0.8728841543 -0.2687804997 0.4072226882
v -0.6599344611 -1.130510688 1.316802979
vn -0.8823099732 -0.1925002635 0.429502964
v -0.6728760004 -1.127265334 1.291090608
vn -0.8955744505 -0.2165940851 0.3886301219
v -0.6872211695 -1.123294234 1.2596277
vn -0.8890994787 -0.2413652986 0.388902247
v -0.6705682874 -1.182555318 1.475897789
vn -0.4149159193 -0.1135591641 -0.9027453065
v -0.6599344611 -1.181866288 1.470439196
vn -0.5201820135 -0.131854251 -0.8438158035
v -0.6687714458 -1.15872848 1.287119508
vn -0.9105955958 -0.155081898 0.383099556
v -0.6599344611 -1.160853267 1.303954601
vn -0.8841372728 -0.1531141549 0.4414264858
v -0.6815348864 -1.154757261 1.2556566
vn -0.9152069092 -0.186423704 0.3572709262
v -0.6842454076 -1.095190287 0.7837110162
vn -0.8855553865 -0.446940273 -0.1266336739
v -0.6860803962 -1.091219068 0.75224787
vn -0.9080905914 -0.3754767179 0.1854420453
v -0.6599344611 -1.214487672 1.475645423
vn -0.3723618984 -0.1216480657 -0.9200806022
v -0.6599344611 -1.200864911 1.473586798
vn -0.5111508369 -0.1479041725 -0.8466694951
v -0.6659454107 -1.190191507 1.283148289
vn -0.9094535112 -0.1623800248 0.3827885687
v -0.6599344611 -1.191580057 1.294150114
vn -0.8890407681 -0.1756370813 0.4227979183
v -0.6778020859 -1.186220288 1.2516855
vn -0.9345903993 -0.142307654 0.3260204494
v -0.688914597 -1.182249188 1.220222235
vn -0.926887095 -0.1733519882 0.3329105675
v -0.6906498075 -1.146508932 0.9370549321
vn -0.792118907 -0.4332413971 -0.4299413264
v -0.6812958121 -1.142537832 0.9055919647
vn -0.8054902554 -0.54120785 -0.2414115816
v -0.6808770299 -1.138566732 0.8741288185
vn -0.7766779661 -0.6217404008 -0.101045765
v -0.6814727187 -1.134595513 0.8426659703
vn -0.7527733445 -0.6435033679 -0.1386927515
v -0.6740265489 -1.130624413 0.8112027645
vn -0.7993364334 -0.5435888767 -0.2560709715
v -0.6687162519 -1.126653314 0.7797398567
vn -0.9198141694 -0.3903985918 0.03912604228
v -0.6754660606 -1.122682095 0.7482767105
vn -0.9183212519 -0.2924202383 0.2667892277
v -0.6913824677 -1.118710995 0.7168135643
vn -0.8658570647 -0.291888833 0.4063157439
v -0.6599344611 -1.247074962 1.480581522
vn -0.3813428581 -0.1866009235 -0.9054047465
v -0.6600270867 -1.221654534 1.279177189
vn -0.8911522031 -0.2243347913 0.3943623602
v -0.6599344611 -1.221674681 1.279337406
vn -0.8922323585 -0.2319899201 0.3874301314
v -0.6745326519 -1.217683434 1.247714281
vn -0.9202528596 -0.1886937022 0.342825532
v -0.6853119731 -1.213712215 1.216251135
vn -0.9381124973 -0.1645852774 0.3047237992
v -0.6714088321 -1.177971959 0.9330837727
vn -0.8125120401 -0.3946531415 -0.4290374219
v -0.6599344611 -1.174086332 0.902297616
vn -0.8328565359 -0.4176004529 -0.3632628024
v -0.6599344611 -1.173615217 0.9016694427
vn -0.8043870926 -0.5782008171 -0.1365476549
v -0.6599344611 -1.164232135 0.8708894253
vn -0.779094398 -0.6159411073 -0.1167410165
v -0.6599344611 -1.159351468 0.839541316
vn -0.7891510725 -0.5937383175 -0.1572113484
v -0.6599344611 -1.150999784 0.8086310029
vn -0.8740987778 -0.4763776958 -0.09495075047
v -0.6599344611 -1.150373101 0.7767460346
vn -0.9196805358 -0.3565143347 0.1645760834
v -0.6599344611 -1.157309651 0.7693772912
vn -0.8991082907 -0.1759582311 0.4008028507
v -0.6702061296 -1.154145122 0.7443056107
vn -0.9156248569 -0.1726586372 0.363070488
v -0.685469687 -1.150174022 0.7128424048
vn -0.8798726201 -0.1655747443 0.4454314709
v -0.6789494157 -1.280915499 1.495447397
vn -0.3485190868 -0.227301389 -0.9093230963
v -0.6599344611 -1.279945254 1.487759471
vn -0.3536223769 -0.2180139124 -0.9096269608
v -0.6599344611 -1.22196281 1.279138327
vn -0.8709718585 -0.2770566642 0.4057679772
v -0.6599344611 -1.251103878 1.25925231
vn -0.86660707 -0.2989167571 0.3995509446
v -0.6680723429 -1.249146461 1.243743181
vn -0.8893352747 -0.2737262249 0.366274178
v -0.6808578968 -1.245175242 1.212280035
vn -0.9284946918 -0.2383080125 0.2847927213
v -0.6902856827 -1.241204143 1.180817127
vn -0.9315139055 -0.254552573 0.2597783804
v -0.6772127151 -1.213406205 0.9605757594
vn -0.7979302406 -0.2921460867 -0.5272172093
v -0.6599344611 -1.209747791 0.9315903783
vn -0.8143094182 -0.2601495981 -0.5188664198
v -0.6599344611 -1.205965281 0.9295505285
vn -0.8375654221 -0.2862920761 -0.4653181732
v -0.6686276793 -1.185608149 0.7403344512
vn -0.8912667632 -0.07724228501 0.4468525648
v -0.6599344611 -1.187647104 0.7564888
vn -0.8644889593 -0.1394698769 0.4829151332
v -0.6846475601 -1.181637049 0.708871305
vn -0.8755461574 -0.06290017813 0.4790224433
v -0.6599344611 -1.312995076 1.496360064
vn -0.2545325458 -0.1331983209 -0.9578472972
v -0.6599344611 -1.29987967 1.493053794
vn -0.3526520431 -0.2389816642 -0.9047233462
v -0.6599344611 -1.274082661 1.240595818
vn -0.866355896 -0.3266176283 0.3778205812
v -0.6599344611 -1.280074239 1.235530853
vn -0.8895186782 -0.2827186882 0.3589243591
v -0.6724712253 -1.276638389 1.208308816
vn -0.9103018045 -0.2886782289 0.2966739833
v -0.6812837124 -1.27266717 1.176845908
vn -0.9324707389 -0.2820578218 0.2257026285
v -0.6906033158 -1.26869607 1.145382762
vn -0.9181607366 -0.3099546134 0.2467974126
v -0.6809145212 -1.248840332 0.9880675673
vn -0.7856168151 -0.3729329109 -0.4936874211
v -0.6647429466 -1.244869232 0.9566046596
vn -0.8536754251 -0.3100504279 -0.4184578955
v -0.6599344611 -1.243429184 0.9451947212
vn -0.8767277002 -0.2027593553 -0.4361618459
v -0.6685146689 -1.217071295 0.7363633513
vn -0.8643105626 -0.05213399604 0.5002492666
v -0.6599344611 -1.218749166 0.7496569157
vn -0.821329236 -0.0945584774 0.5625628829
v -0.6865696311 -1.213100076 0.7049000859
vn -0.8509648442 -0.002148309257 0.5252182484
v -0.6599344611 -1.345465302 1.50036943
vn -0.2149398029 -0.0907516256 -0.9724016786
v -0.663638413 -1.308101416 1.204337716
vn -0.9085119963 -0.2888106704 0.3019839227
v -0.6599344611 -1.309153914 1.212676287
vn -0.8953597546 -0.2904406488 0.3376020491
v -0.6736724973 -1.304130316 1.172874808
vn -0.9392393231 -0.2581968606 0.2261943966
v -0.6808811426 -1.300159097 1.141411662
vn -0.9358453155 -0.2712028921 0.2250389159
v -0.6913464069 -1.296187997 1.109948516
vn -0.9244710803 -0.3064364791 0.2268256694
v -0.6800273061 -1.284274578 1.015559554
vn -0.8050102592 -0.3509631157 -0.4783130586
v -0.6632038951 -1.280303478 0.9840964079
vn -0.8556511998 -0.3022894859 -0.4200976491
v -0.6599344611 -1.278776884 0.9720013142
vn -0.9441133142 -0.2032623738 -0.259488821
v -0.6599344611 -1.260570288 0.9546228647
vn -0.9193431735 -0.2199334502 -0.3262474239
v -0.67012918 -1.248534322 0.7323921323
vn -0.8228046298 0.00786442589 0.568269968
v -0.6599344611 -1.25020206 0.7456053495
vn -0.772210896 -0.06268854439 0.6322661638
v -0.6599344611 -1.377644539 1.502072692
vn -0.213266328 -0.08852691948 -0.9729750752
v -0.6599344611 -1.319779515 1.202863812
vn -0.8965284228 -0.3156730831 0.3107849658
v -0.6599344611 -1.337556243 1.184455395
vn -0.9040430784 -0.3007595539 0.3037265539
v -0.665803194 -1.335593343 1.168903708
vn -0.9269103408 -0.2629904151 0.2677185833
v -0.6745181084 -1.331622124 1.137440562
vn -0.9542416334 -0.2134361267 0.2094466388
v -0.6821506619 -1.327651024 1.105977416
vn -0.9520099759 -0.2598748803 0.161684975
v -0.6880251765 -1.323679924 1.074514389
vn -0.9483307004 -0.3154253364 -0.03428898752
v -0.6816336513 -1.319708705 1.043051243
vn -0.9034190774 -0.2629497945 -0.3386611342
v -0.666798532 -1.315737605 1.011588454
vn -0.9358583093 -0.09995091707 -0.3379039466
v -0.6599344611 -1.312793851 0.9882649183
vn -0.9588974118 -0.04109761119 -0.2807610631
v -0.6599344611 -1.298688531 0.9817758799
vn -0.9601588249 -0.1229566336 -0.2509515882
v -0.6732498407 -1.279997349 0.728421092
vn -0.7663516998 0.003791046329 0.6424100995
v -0.6599344611 -1.281850576 0.743103385
vn -0.7344031334 -0.05668537319 0.6763422489
v -0.6758497953 -1.410738945 1.511025906
vn -0.3082288504 -0.1739098728 -0.9352808595
v -0.6599344611 -1.410062671 1.505667925
vn -0.248217389 -0.1098942757 -0.9624506831
v -0.6599344611 -1.356549859 1.166258574
vn -0.9035035372 -0.2916457951 0.314044714
v -0.6599344611 -1.366141438 1.157683492
vn -0.9174702764 -0.2067107856 0.3398808539
v -0.6693089604 -1.36308527 1.133469343
vn -0.949552834 -0.1925341189 0.2475481331
v -0.6761698723 -1.359114051 1.102006316
vn -0.9814999104 -0.1602794379 0.1047302932
v -0.6772560477 -1.355142951 1.070543289
vn -0.9807718396 -0.186305359 -0.05811112747
v -0.6715146303 -1.351171732 1.039080143
vn -0.9745644927 -0.1338064522 -0.1797771752
v -0.6651523113 -1.347200632 1.007617235
vn -0.9890093803 0.007507090922 -0.1476622075
v -0.6599344611 -1.321266174 0.9789262414
vn -0.9655699134 0.2351921201 -0.1111729071
v -0.6649580598 -1.343229532 0.976154089
vn -0.9936438799 0.09182071686 -0.06512124091
v -0.6651249528 -1.339258432 0.9446911812
vn -0.9949267507 0.01763522997 -0.09904409945
v -0.6599344611 -1.318083882 0.9473637342
vn -0.9723157883 0.2314690799 -0.03200139478
v -0.6599344611 -1.336727738 0.9246404767
vn -0.8017914295 -0.2010354251 -0.5627745986
v -0.6753444076 -1.311460376 0.724449873
vn -0.7271180749 -0.04402654618 0.6850992441
v -0.6599344611 -1.313460588 0.7402969599
vn -0.7276279926 -0.05549043417 0.6837238669
v -0.6599344611 -1.442760468 1.511480093
vn -0.2667457759 -0.03356844187 -0.9631821513
v -0.6599344611 -1.428068161 1.508838654
vn -0.3224487603 -0.1651171446 -0.9320746064
v -0.6645258665 -1.394548178 1.129498243
vn -0.9524195194 -0.1060148329 0.2857584357
v -0.6599344611 -1.395928741 1.140436411
vn -0.9292806387 -0.09959391505 0.355694443
v -0.6726577878 -1.390577078 1.098035097
vn -0.9897255301 -0.05866856128 0.1303894371
v -0.6731656194 -1.386605978 1.066572189
vn -0.9996088743 -0.007311812602 -0.02699303254
v -0.6699426174 -1.382634759 1.035109043
vn -0.995875597 0.04596760496 -0.0782225877
v -0.6689891219 -1.378663659 1.003646135
vn -0.9934565425 0.05145422369 -0.1019634455
v -0.668571353 -1.37469244 0.9721829891
vn -0.9938509464 -0.004346815404 -0.1106410474
v -0.6603730917 -1.37072134 0.9407200217
vn -0.977389276 -0.07702632248 -0.1969190836
v -0.6599344611 -1.370633483 0.9400241971
vn -0.6236994863 -0.3245708346 -0.7110926509
v -0.6761534214 -1.342923403 0.7204787731
vn -0.7206646204 -0.0578732118 0.6908640862
v -0.6599344611 -1.345103383 0.7377502918
vn -0.7476601005 -0.0263381023 0.6635591388
v -0.6599344611 -1.474572778 1.510275602
vn -0.2684448659 0.2703091204 -0.9245919585
v -0.6640638113 -1.426011324 1.125527143
vn -0.9132379889 0.2672163248 0.3075577915
v -0.6599344611 -1.42729485 1.135697007
vn -0.8926344514 0.2124617845 0.3975723684
v -0.6733649969 -1.422040224 1.094063997
vn -0.9687466621 0.1706436127 0.1800296903
v -0.6755071878 -1.418069005 1.062601089
vn -0.9820048213 0.1857739389 0.03397966921
v -0.6749280691 -1.414097905 1.031137943
vn -0.9808602929 0.1811109632 -0.07149780542
v -0.6730948091 -1.410126686 0.9996749759
vn -0.980306685 0.1197132915 -0.1570590436
v -0.6615903378 -1.406155586 0.9682118297
vn -0.9366186857 -0.09303813428 -0.3377711177
v -0.6599344611 -1.405874014 0.9659811854
vn -0.1930721104 -0.5786136985 -0.79241997
v -0.6599344611 -1.371402144 0.9406341314
vn -0.2059883177 -0.6289574504 -0.7496541739
v -0.6780208349 -1.37438643 0.7165076137
vn -0.7323556542 0.006773894653 0.6808886528
v -0.6599344611 -1.377017498 0.7373533249
vn -0.7599811554 0.06865499914 0.6463088393
v -0.6599344611 -1.490528584 1.500955105
vn -0.3253999949 0.5785506368 -0.7479264736
v -0.6874858141 -1.505128026 1.499112487
vn -0.2527053952 0.8281471729 -0.5003122091
v -0.6599344611 -1.503659725 1.487478971
vn -0.3207631409 0.7495720387 -0.5790101886
v -0.6629089713 -1.465416551 1.184481978
vn -0.5461908579 0.8105656505 0.2113265395
v -0.6599344611 -1.462324619 1.18487227
vn -0.8832068443 0.4342762828 0.1770587862
v -0.6599344611 -1.467858195 1.203826427
vn -0.484685421 0.8547887206 0.1855161786
v -0.6707040668 -1.46144557 1.153019071
vn -0.7069386244 0.6343819499 0.3127256036
v -0.6599344611 -1.447205544 1.154816389
vn -0.8499987125 0.4434429705 0.2843598127
v -0.6811148524 -1.457474351 1.121555924
vn -0.8038676977 0.5359753966 0.2579284906
v -0.6863666177 -1.453503132 1.090092778
vn -0.8842762113 0.4347433746 0.1704517603
v -0.6862328053 -1.449532032 1.05862987
vn -0.9277148843 0.3720182776 0.0307812281
v -0.6846235991 -1.445560932 1.027166724
vn -0.9306521416 0.2508473992 -0.266387254
v -0.674511373 -1.441589832 0.995703876
vn -0.9227409959 -0.06837574393 -0.3793070018
v -0.6599344611 -1.440021873 0.983281374
vn -0.2181592137 -0.4069044888 -0.8870373368
v -0.6599344611 -1.408725977 0.9678874016
vn -0.0693828389 -0.5182705522 -0.8523976207
v -0.6854723692 -1.405849576 0.7125364542
vn -0.7341902256 0.1644017696 0.6587387919
v -0.6599344611 -1.4097085 0.7431101799
vn -0.7445805073 0.1787894219 0.6431440115
v -0.6599344611 -1.511318684 1.466366887
vn -0.1623118669 0.9796843529 -0.1177856401
v -0.6599344611 -1.509726763 1.434603453
vn -0.1248528808 0.985247314 0.117044732
v -0.6599344611 -1.503025651 1.40348506
vn -0.2031339556 0.9553173184 0.2147216201
v -0.6599344611 -1.496778369 1.372309327
vn -0.2694640756 0.9468215704 0.1758353561
v -0.6599344611 -1.491970658 1.3409518
vn -0.3034076691 0.9425122738 0.1400512457
v -0.6599344611 -1.487433314 1.30956018
vn -0.3213132024 0.9374164343 0.1341947913
v -0.6599344611 -1.482838988 1.27817595
vn -0.3343768418 0.9316211939 0.142387256
v -0.6599344611 -1.477308989 1.246909499
vn -0.3507547677 0.9219077229 0.1644908935
v -0.6599344611 -1.470509887 1.215803623
vn -0.3857545257 0.9098488092 0.1528679132
v -0.6599344611 -1.463341355 0.9929584861
vn -0.3752312958 -0.2644221187 -0.8884156942
v -0.6599344611 -1.473720551 0.9970239401
vn -0.1273148358 -0.3733022213 -0.9189321995
v -0.6730575562 -1.441283584 0.7400285006
vn -0.7510946393 0.2641693652 0.6050383449
v -0.6599344611 -1.41139698 0.7438006401
vn -0.7889174819 0.2669588327 0.5534818769
v -0.6599344611 -1.443735838 0.7594568133
vn -0.7857686877 0.2777157128 0.552667737
v -0.6599344611 -1.50803709 1.015661001
vn 0.07412280142 -0.4888142943 -0.869233191
v -0.6664271355 -1.47671783 0.7675202489
vn -0.781105876 0.2807315588 0.5577305555
v -0.6599344611 -1.462524056 0.7693117261
vn -0.8021169305 0.2834408283 0.5256136656
v -0.6599344611 -1.477988958 0.7775908113
vn -0.7987434268 0.2392371446 0.5520638824
v -0.6876075268 -1.47274673 0.7360573411
vn -0.7606261373 0.2735188603 0.5887574553
v -0.6599344611 -1.542600274 1.036251187
vn 0.1023701802 -0.4375071824 -0.8933687806
v -0.6599344611 -1.512704492 1.018692136
vn 0.08424051851 -0.509000361 -0.8566341996
v -0.6799792051 -1.508180976 0.7635490298
vn -0.7596303225 0.2698420286 0.5917322636
v -0.6599344611 -1.51166749 0.7911726832
vn -0.7713099122 0.2396137714 0.5896323323
v -0.6599344611 -1.576283932 1.049872875
vn 0.06995093077 -0.3818229437 -0.9215845466
v -0.6599344611 -1.562888622 1.044322491
vn 0.09837075323 -0.3263876736 -0.9401033521
v -0.6700904965 -1.543615103 0.7910411358
vn -0.7386596799 0.2668534815 0.6190081835
v -0.6599344611 -1.519124389 0.7941322327
vn -0.7642507553 0.2238629907 0.6048190594
v -0.6599344611 -1.545207858 0.8036600947
vn -0.7545187473 0.2510967851 0.6063430309
v -0.6599344611 -1.610121012 1.064711928
vn 0.007191745564 -0.4105911255 -0.9117912054
v -0.660296917 -1.57904923 0.8185328245
vn -0.723501265 0.36656183 0.5849601626
v -0.6599344611 -1.578356504 0.8186203241
vn -0.7619824409 0.2680450082 0.5895206332
v -0.6599344611 -1.579118133 0.8190786242
vn -0.7776268125 0.3676794767 0.5100082159
v -0.685176909 -1.57507813 0.7870700359
vn -0.7130155563 0.3291322291 0.619096756
v -0.6599344611 -1.645092487 1.088537812
vn -0.07272078097 -0.4956433475 -0.8654763699
v -0.6599344611 -1.616120577 1.069567919
vn -0.09185744822 -0.5436521769 -0.834268868
v -0.6624342799 -1.614483476 0.8460248709
vn -0.7278497219 0.4634200931 0.5054469705
v -0.6599344611 -1.61100471 0.8464639783
vn -0.7498081923 0.4330707788 0.5002372861
v -0.6599344611 -1.615003586 0.8501456976
vn -0.750353694 0.452177763 0.4821873307
v -0.6821920276 -1.610512257 0.8145617247
vn -0.7065032125 0.4405701458 0.5538511872
v -0.6599344611 -1.679063082 1.10443449
vn -0.1781077236 -0.2965739667 -0.9382545352
v -0.6599344611 -1.658930898 1.096128941
vn -0.1362687647 -0.425976336 -0.8944132328
v -0.6672770977 -1.649917603 0.8735167384
vn -0.6689334512 0.5832938552 0.4607561827
v -0.6599344611 -1.641112089 0.874628067
vn -0.7529037595 0.4647813141 0.4659552276
v -0.6599344611 -1.651496649 0.8860271573
vn -0.6452617645 0.6051641703 0.4662763476
v -0.6856063604 -1.645946503 0.8420537114
vn -0.7119845748 0.4850902259 0.5077060461
v -0.6599344611 -1.712288857 1.114428878
vn -0.4167397618 -0.2288736999 -0.8797413111
v -0.6844220757 -1.685351729 0.9010086656
vn -0.5947593451 0.5650333166 0.5718379617
v -0.6599344611 -1.665188313 0.9035536051
vn -0.6090050936 0.5774645805 0.5437347293
v -0.6599344611 -1.688507318 0.9260101318
vn -0.588706851 0.5185684562 0.6200895309
v -0.6599344611 -1.745613933 1.125210285
vn -0.2825354338 -0.2340263426 -0.9302716851
v -0.6599344611 -1.72801888 1.119373322
vn -0.2345124781 -0.2992326319 -0.9249128103
v -0.6829038262 -1.720785975 0.9285004139
vn -0.6407517791 0.472815305 0.6048825383
v -0.6599344611 -1.695343018 0.9317117333
vn -0.6529768109 0.5011966228 0.5678232312
v -0.6599344611 -1.724472165 0.9577053785
vn -0.6630084515 0.4787921011 0.5754806399
v -0.6848565936 -1.78004694 1.144770622
vn -0.7417638302 0.08300595731 -0.6655046344
v -0.6599344611 -1.777820468 1.127130747
vn -0.5541490316 0.007662645541 -0.8323822021
v -0.6669569612 -1.760191202 0.987455368
vn -0.7665598989 0.5006543398 0.4021581113
v -0.6599344611 -1.750084043 0.9887310863
vn -0.7899230123 0.4873595238 0.3721590042
v -0.6599344611 -1.762537122 1.006042123
vn -0.786252141 0.5053817034 0.3555234671
v -0.6828409433 -1.756220102 0.9559924603
vn -0.7159804106 0.4818399251 0.5051755309
v -0.6599344611 -1.726678848 0.9597210884
vn -0.7592581511 0.499889046 0.4166989326
v -0.6772707701 -1.811510086 1.140799522
vn -0.9050137997 0.1274182349 -0.4058505297
v -0.6599344611 -1.795081854 1.110908866
vn -0.7825126648 0.5009022951 -0.3698254824
v -0.665704906 -1.807538986 1.109336615
vn -0.9254324436 0.3539855182 -0.1351632178
v -0.6670747995 -1.803567886 1.077873349
vn -0.8564010859 0.4925842881 0.1547188461
v -0.6599344611 -1.792174578 1.07931149
vn -0.8593746424 0.5068297982 0.06781439483
v -0.670627892 -1.799596667 1.046410322
vn -0.8284115791 0.5203425884 0.2073110789
v -0.6599344611 -1.783946276 1.04838562
vn -0.8238612413 0.5396094918 0.173419416
v -0.6772799492 -1.795625567 1.014947295
vn -0.7935531735 0.5210754275 0.3142511547
v -0.6599344611 -1.770760536 1.018085718
vn -0.8072578311 0.5321763158 0.2551924586
v -0.689083159 -1.791654348 0.9834842086
vn -0.758682549 0.4993860126 0.4183472395
v -0.6827434301 -1.842972994 1.136828423
vn -0.932559967 0.3410906792 -0.1182753518
v -0.6810420156 -1.839001894 1.105365515
vn -0.9033049345 0.4289920926 0.002450003289
v -0.6843432188 -1.835030794 1.073902369
vn -0.8666972518 0.4705399871 0.1656139344
v -0.6905445457 -1.831059694 1.042439222
vn -0.8335259557 0.5007035136 0.2335176617
v -0.655381918 -1.048760891 1.428856254
vn -0.9406210184 -0.2571764588 -0.2215679884
v -0.6537262797 -1.044789791 1.397393227
vn -0.9506925344 -0.2924043238 0.1033606157
v -0.6457642317 -1.080223918 1.424885154
vn -0.9348388314 -0.2612873912 -0.240427345
v -0.6463526487 -1.076252818 1.393422127
vn -0.9626410604 -0.2401208729 0.1251565963
v -0.6568614841 -1.072281599 1.361958981
vn -0.9146564603 -0.2662882805 0.304128468
v -0.650069952 -1.115658045 1.452377081
vn -0.7796697021 -0.2399082929 -0.5784108639
v -0.6356389523 -1.111686945 1.420914054
vn -0.9406436682 -0.2927294672 -0.1717525274
v -0.6399974823 -1.107715845 1.389451027
vn -0.9559064507 -0.2361106873 0.1746271849
v -0.6499459147 -1.103744626 1.357987881
vn -0.9197366834 -0.2298902869 0.3181743622
v -0.6364976168 -1.147121072 1.448405862
vn -0.7592747211 -0.239924401 -0.6049282551
v -0.6282218695 -1.144581437 1.428284287
vn -0.8877708316 -0.2789957523 -0.3660933077
v -0.6282218695 -1.133097529 1.418211699
vn -0.9411529303 -0.3315458298 0.06563929468
v -0.6282218695 -1.141538262 1.404173851
vn -0.9359664917 -0.28049016 0.2128192037
v -0.633110404 -1.139178872 1.385479808
vn -0.9358255863 -0.2496179938 0.248840034
v -0.6442799568 -1.135207653 1.354016662
vn -0.9262433648 -0.1992515624 0.3199563026
v -0.656893909 -1.131236553 1.322553754
vn -0.9073382616 -0.2134512812 0.3621820211
v -0.6282218695 -1.179079413 1.448358774
vn -0.578753233 -0.1419433951 -0.8030546308
v -0.6282218695 -1.167858243 1.445788503
vn -0.8733389974 -0.2598397732 -0.4120222628
v -0.6282218695 -1.158987045 1.382979751
vn -0.9121705294 -0.2634190917 0.3139352202
v -0.6282218695 -1.169867277 1.375371575
vn -0.8964604735 -0.1858920008 0.4022471905
v -0.6394910216 -1.16667068 1.350045562
vn -0.9175845981 -0.1734100729 0.3577254117
v -0.6523116231 -1.16269958 1.318582654
vn -0.9115752578 -0.1619693488 0.3778842688
v -0.6532017589 -1.214018345 1.471926689
vn -0.4953639209 -0.1806242913 -0.8496996164
v -0.6282218695 -1.211877108 1.454962254
vn -0.5949370861 -0.1732590199 -0.7848765254
v -0.6362159848 -1.198133707 1.346074343
vn -0.9069314003 -0.1672699302 0.3866473734
v -0.6282218695 -1.200121999 1.361827135
vn -0.8854566813 -0.1884182394 0.4248117805
v -0.6496756077 -1.194162607 1.314611554
vn -0.9078694582 -0.1477278322 0.3923639655
v -0.6341505051 -1.245481372 1.46795547
vn -0.4345267415 -0.2133605927 -0.8750221729
v -0.6282218695 -1.244978786 1.463973761
vn -0.6598035693 -0.2435528785 -0.7108736038
v -0.6315122843 -1.229596853 1.342103243
vn -0.8972429037 -0.2042864561 0.3914361
v -0.6282218695 -1.230378866 1.348299265
vn -0.8816022277 -0.2192963064 0.417955339
v -0.6453246474 -1.225625634 1.310640335
vn -0.9037978053 -0.2030279785 0.376734823
v -0.6596852541 -1.174000859 0.9016208053
vn -0.9372265339 -0.2826060951 -0.2043043077
v -0.6558713913 -1.170029759 0.8701577187
vn -0.9369716644 -0.3313494027 -0.1108679771
v -0.6550761461 -1.16605866 0.8386948109
vn -0.9264144301 -0.3690355718 -0.07462643832
v -0.6534302235 -1.16208744 0.8072316051
vn -0.9410116673 -0.3363792002 0.03668878227
v -0.6571733356 -1.158116341 0.7757687569
vn -0.952822268 -0.2836390138 0.1080676615
v -0.6282218695 -1.278325677 1.474927783
vn -0.4245424569 -0.2308472395 -0.8754845858
v -0.6282218695 -1.25235939 1.467087388
vn -0.5951677561 -0.3354552388 -0.7302363515
v -0.6282218695 -1.243889689 1.340299249
vn -0.8794957399 -0.2492264062 0.4054299891
v -0.6282218695 -1.260088801 1.330438375
vn -0.889865458 -0.1890743822 0.4151992202
v -0.6397172213 -1.257088661 1.306669235
vn -0.9123010039 -0.2019455284 0.3562652171
v -0.6521628499 -1.253117561 1.275206089
vn -0.9042396545 -0.2408882231 0.3525953293
v -0.6585602164 -1.209434986 0.9291126132
vn -0.9462731481 -0.153360799 -0.2846886814
v -0.6492388844 -1.205463886 0.8976497054
vn -0.9711281061 -0.1393584013 -0.1936219186
v -0.6461088657 -1.201492786 0.8661865592
vn -0.9712869525 -0.1949058324 -0.1364307702
v -0.6437715888 -1.197521687 0.8347236514
vn -0.9609856606 -0.266653657 -0.07350116223
v -0.6434112787 -1.193550467 0.8032605052
vn -0.956769526 -0.2728875577 0.100620538
v -0.6516193748 -1.189579368 0.7717975974
vn -0.943346262 -0.2092139125 0.257540971
v -0.6472713947 -1.312378645 1.491476297
vn -0.3498208523 -0.2330152839 -0.9073749185
v -0.6282218695 -1.311383605 1.483592868
vn -0.4260142148 -0.2410434932 -0.8720148802
v -0.6356515288 -1.288551807 1.302698016
vn -0.9240956903 -0.1746744812 0.3399058878
v -0.6282218695 -1.290438414 1.317645907
vn -0.8977572322 -0.167546317 0.4073821008
v -0.6461797357 -1.284580588 1.27123487
vn -0.9323931336 -0.2010720521 0.300354898
v -0.6578892469 -1.280609488 1.239771962
vn -0.906863749 -0.2563520372 0.3344873488
v -0.6526227593 -1.240898132 0.9251415133
vn -0.9791398644 -0.05757460371 -0.1948595494
v -0.6475196481 -1.236927032 0.8936784863
vn -0.9816251397 -0.02039428055 -0.1897266805
v -0.6439063549 -1.232955813 0.8622153401
vn -0.985173583 -0.06156006455 -0.1601353139
v -0.636919558 -1.228984714 0.8307525516
vn -0.9620981812 -0.1837212443 -0.2015282363
v -0.6352825761 -1.225013614 0.7992892861
vn -0.9569656253 -0.2510159612 0.1456290185
v -0.6478820443 -1.221042395 0.7678263783
vn -0.9067686796 -0.1653185487 0.3878664076
v -0.6282218695 -1.344426632 1.492140293
vn -0.2686944604 -0.1317350864 -0.9541745782
v -0.6282218695 -1.331730723 1.489033699
vn -0.4151560068 -0.241186142 -0.8771970868
v -0.630826354 -1.320014834 1.298726916
vn -0.9225481153 -0.2159271687 0.3198131025
v -0.6282218695 -1.320727348 1.304371953
vn -0.9045370817 -0.2219964415 0.3640470207
v -0.6414055228 -1.316043735 1.26726377
vn -0.9401223063 -0.2074641734 0.2704230547
v -0.6504345536 -1.312072515 1.235800862
vn -0.9272713661 -0.2385112345 0.2885831594
v -0.6555510759 -1.276332259 0.9526335001
vn -0.9938949943 0.003931170795 -0.1102603152
v -0.6527187824 -1.272361159 0.9211703539
vn -0.9897800088 0.06821987778 -0.1252260357
v -0.6496772766 -1.268390059 0.8897074461
vn -0.9829229116 0.03036449477 -0.1814952046
v -0.6404397488 -1.26441884 0.8582442999
vn -0.9246199131 -0.1416461617 -0.3535737097
v -0.6282218695 -1.261231303 0.8329893947
vn -0.8440408707 -0.3014189601 -0.4435556829
v -0.6282218695 -1.253300428 0.8276835084
vn -0.946644187 -0.3096506 -0.08933821321
v -0.6282218695 -1.249559045 0.7961912751
vn -0.9217701554 -0.3013753891 0.24395217
v -0.6282218695 -1.256032348 0.7917981744
vn -0.8164671659 -0.1847933233 0.5470218062
v -0.6453716159 -1.252505422 0.7638552785
vn -0.8491535187 -0.1475094855 0.5071284771
v -0.6282218695 -1.37691009 1.49625361
vn -0.2346793413 -0.09033951908 -0.9678658843
v -0.6282218695 -1.329542398 1.297524333
vn -0.9056451321 -0.280970633 0.3175883293
v -0.6282218695 -1.349547267 1.279459834
vn -0.9090656638 -0.2802122533 0.3083516657
v -0.6343328953 -1.347506642 1.26329267
vn -0.9246551394 -0.2482283264 0.2887829542
v -0.6441478133 -1.343535542 1.231829762
vn -0.9420101643 -0.2181546092 0.2550007403
v -0.6539409161 -1.339564443 1.200366616
vn -0.9233902097 -0.2590620816 0.2832620144
v -0.65787673 -1.311766505 0.980125308
vn -0.9956826568 0.06990593672 -0.06106713787
v -0.6575957537 -1.307795286 0.948662281
vn -0.9956418872 0.08146440983 -0.0453954041
v -0.6575925946 -1.303824186 0.917199254
vn -0.98974967 0.05838313326 -0.1303344071
v -0.6480683088 -1.299853086 0.885736227
vn -0.883279264 -0.1717386544 -0.4362609684
v -0.6282218695 -1.296462774 0.8588755131
vn -0.7201978564 -0.3649003208 -0.5900532603
v -0.6282218695 -1.289797544 0.8550410867
vn -0.7932417989 -0.3663068116 -0.4864018559
v -0.6445143819 -1.283968568 0.759884119
vn -0.7859618068 -0.1033085212 0.6095830202
v -0.6282218695 -1.286514401 0.7800552845
vn -0.7764154077 -0.1328303516 0.6160643101
v -0.6282218695 -1.409080982 1.497890353
vn -0.2404796481 -0.06974586844 -0.9681451917
v -0.6282218695 -1.370553851 1.260383725
vn -0.9036536813 -0.279873997 0.3241612911
v -0.6282218695 -1.378302813 1.25403738
vn -0.9205319285 -0.1332960576 0.3672235906
v -0.6387466192 -1.374998689 1.227858663
vn -0.9471615553 -0.1640361398 0.275639534
v -0.6471214294 -1.37102747 1.196395516
vn -0.9523466825 -0.1794582754 0.2466384619
v -0.6569204926 -1.36705637 1.164932489
vn -0.9299914241 -0.2328223139 0.2844463289
v -0.6550289392 -1.335287213 0.913228035
vn -0.8120881319 -0.35548985 -0.462752521
v -0.6282218695 -1.331684351 0.8846829534
vn -0.591309607 -0.5132437348 -0.6220400929
v -0.6282218695 -1.328555584 0.8821135163
vn -0.6601737142 -0.4457689226 -0.6045334935
v -0.6449687481 -1.315431595 0.7559130192
vn -0.7511264086 -0.05908414349 0.6575090885
v -0.6282218695 -1.317910552 0.7755535841
vn -0.7794305682 -0.01311955228 0.6263512373
v -0.6478099227 -1.442201853 1.507054687
vn -0.3549296558 0.007300328463 -0.934864521
v -0.6282218695 -1.441309452 1.499984384
vn -0.283082068 -0.02425092459 -0.9587890506
v -0.6368010044 -1.406461596 1.223887444
vn -0.9558033943 0.007868407294 0.2939012945
v -0.6282218695 -1.409022212 1.244174719
vn -0.9170734882 0.01677346043 0.3983652294
v -0.6445209384 -1.402490497 1.192424297
vn -0.9741593003 -0.04265314713 0.221797958
v -0.6517595053 -1.398519278 1.16096139
vn -0.9540361762 -0.1131682321 0.2775030136
v -0.6282218695 -1.36882484 0.9256936908
vn -0.3039062917 -0.6294752955 -0.7151236534
v -0.6282218695 -1.354505062 0.9108024836
vn -0.3246767223 -0.7664425373 -0.5542119741
v -0.6473020911 -1.346894503 0.7519418597
vn -0.789686203 0.03254551068 0.6126471162
v -0.6282218695 -1.350197196 0.7781081796
vn -0.7985913754 0.09597335011 0.5941724777
v -0.6409739256 -1.473664999 1.503083587
vn -0.401217252 0.3417931497 -0.8498247862
v -0.6282218695 -1.472957134 1.497475863
vn -0.378849268 0.370759815 -0.8479447961
v -0.630556643 -1.441895843 1.251379251
vn -0.8658282757 0.4215727746 0.2694768906
v -0.6282218695 -1.432639241 1.252547503
vn -0.9382103682 0.1754860431 0.2982715666
v -0.6282218695 -1.443038702 1.260433793
vn -0.7759888768 0.5600758195 0.290097177
v -0.64067173 -1.437924743 1.219916344
vn -0.9198942184 0.285805583 0.2685326934
v -0.6464582086 -1.433953524 1.188453197
vn -0.9445080757 0.2604210675 0.2002131492
v -0.6521908641 -1.429982424 1.15699029
vn -0.959738791 0.0768321529 0.2701819837
v -0.6282218695 -1.405091405 0.9597807527
vn -0.06387396902 -0.6304241419 -0.7736184597
v -0.6282218695 -1.381821036 0.9393190742
vn 0.009910296649 -0.7063117027 -0.7078316212
v -0.6330549121 -1.382328749 0.7794336081
vn -0.8387181163 0.1279142797 0.5293295979
v -0.6282218695 -1.364519715 0.781681478
vn -0.8341341615 0.1668741405 0.5257121325
v -0.6282218695 -1.383389711 0.7878391147
vn -0.8448821306 0.1664504707 0.5083978772
v -0.6515318155 -1.378357649 0.7479707599
vn -0.8221571445 0.0744009763 0.5643776655
v -0.6282218695 -1.501750946 1.472356439
vn -0.3649281263 0.6362464428 -0.6797189713
v -0.6310409904 -1.493214607 1.404723406
vn -0.3812096715 0.8902887106 0.2491288036
v -0.6282218695 -1.492093086 1.404864907
vn -0.4142878652 0.8326485157 0.3675077856
v -0.6282218695 -1.493733168 1.408831477
vn -0.3202270865 0.8840896487 0.3403528333
v -0.6438298821 -1.489243507 1.373260379
vn -0.4683375657 0.8573465943 0.213580817
v -0.6282218695 -1.481194615 1.37427628
vn -0.4865265191 0.8335516453 0.2616936266
v -0.6476863623 -1.485272288 1.341797352
vn -0.5524668694 0.8153296709 0.17325674
v -0.6282218695 -1.472752333 1.34337759
vn -0.5665131807 0.7821198106 0.2595215142
v -0.6501374841 -1.481301188 1.310334086
vn -0.6364169717 0.7549464703 0.1582065523
v -0.6282218695 -1.463088512 1.312632918
vn -0.656113863 0.7200089097 0.2260569483
v -0.6518982053 -1.477330089 1.278871179
vn -0.7138375044 0.6758671999 0.1834109575
v -0.6282218695 -1.453394175 1.2818923
vn -0.714440465 0.6656458378 0.2156162709
v -0.6547529101 -1.47335887 1.247408032
vn -0.7677858472 0.6201921105 0.160831064
v -0.6586702466 -1.46938777 1.215945244
vn -0.846752286 0.4870893657 0.2139031142
v -0.6282218695 -1.4402107 0.9847767949
vn 0.09003349394 -0.5029571056 -0.8596093059
v -0.6282218695 -1.414012074 0.9672202468
vn 0.03789740056 -0.5787317157 -0.8146370053
v -0.6413031816 -1.413791776 0.7754625082
vn -0.8436347246 0.2097574919 0.4942491651
v -0.6282218695 -1.41675365 0.7989295721
vn -0.8371853828 0.2184061408 0.5014173985
v -0.6592552662 -1.409820676 0.7439996004
vn -0.8350157738 0.1717047542 0.5227486491
v -0.6282218695 -1.50427115 1.467256308
vn -0.2391276956 0.9596096873 -0.1482132822
v -0.6282218695 -1.503921032 1.435336232
vn -0.2558651268 0.955709517 0.1454384774
v -0.6282218695 -1.474574804 1.003791332
vn 0.1598463506 -0.4813348353 -0.8618386984
v -0.6282218695 -1.455966115 0.9938893318
vn 0.1473808885 -0.4604559839 -0.875362277
v -0.6363002062 -1.449225903 0.8029545546
vn -0.8423777819 0.2490265965 0.477896899
v -0.6282218695 -1.429176092 0.805485189
vn -0.8234565854 0.274893105 0.4963396192
v -0.6282218695 -1.451085687 0.817688942
vn -0.8309902549 0.2609225214 0.4912989438
v -0.6524210572 -1.445254803 0.7714913487
vn -0.8334395289 0.2489489019 0.4933589399
v -0.6484573483 -1.508486986 1.019224405
vn 0.2267244011 -0.5138688087 -0.8273662329
v -0.6282218695 -1.509239793 1.025189161
vn 0.1427753866 -0.4817594588 -0.8645941019
v -0.6282218695 -1.501228213 1.020140648
vn 0.1087994277 -0.5028628111 -0.8574914932
v -0.6309059262 -1.484660029 0.8304463029
vn -0.8462403417 0.2014059424 0.4932676256
v -0.6282218695 -1.477674603 0.8313279748
vn -0.8185835481 0.2439567596 0.5200058222
v -0.6282218695 -1.485192776 0.8346666694
vn -0.8311288953 0.1352594644 0.5393788815
v -0.6473773122 -1.48068893 0.7989833951
vn -0.8412957191 0.2347775996 0.4869301617
v -0.6282218695 -1.543484688 1.043257833
vn 0.003245893167 -0.3285236061 -0.9444901943
v -0.6383911371 -1.516123176 0.8264751434
vn -0.8366929293 0.1355737001 0.5306267142
v -0.6282218695 -1.518128395 0.8423620462
vn -0.8285058737 0.1351526231 0.5434259772
v -0.6572355032 -1.512152076 0.7950122952
vn -0.8384482265 0.1739285439 0.5164818168
v -0.6282218695 -1.576404929 1.05083251
vn -0.1097895652 -0.2818295062 -0.9531623125
v -0.6282218695 -1.55319047 1.045546532
vn -0.1362069547 -0.2335668504 -0.9627534151
v -0.6461566687 -1.547586322 0.8225040436
vn -0.8075376749 0.2216074914 0.5466013551
v -0.6282218695 -1.55117476 0.8509349823
vn -0.8090805411 0.2303964645 0.5406534672
v -0.6282218695 -1.609319925 1.058365107
vn -0.3730899096 -0.263120234 -0.8897031546
v -0.641612649 -1.583020329 0.8499959707
vn -0.7835345268 0.376273185 0.4944614768
v -0.6282218695 -1.555634737 0.8534525037
vn -0.8136227727 0.3365871012 0.4740539193
v -0.6282218695 -1.586271524 0.8757547736
vn -0.7957937717 0.3908087611 0.4625805914
v -0.6282218695 -1.643863559 1.078802228
vn -0.3272640407 -0.4255641103 -0.843678534
v -0.6282218695 -1.624924302 1.068456769
vn -0.4115745127 -0.4612191916 -0.7860555053
v -0.6324498057 -1.622425675 0.9089509249
vn -0.8067471981 0.4193371236 0.4163116217
v -0.6282218695 -1.615798831 0.9097873569
vn -0.7937301993 0.4432949424 0.4165116549
v -0.6282218695 -1.623516083 0.9175897837
vn -0.7974489331 0.3886400163 0.461556226
v -0.6450744271 -1.618454576 0.8774877787
vn -0.7871154547 0.4400136769 0.4322467446
v -0.6282218695 -1.591632843 0.8808732033
vn -0.8030914068 0.4542030394 0.3856731951
v -0.6311728954 -1.67771554 1.093757987
vn -0.3488710225 -0.180633083 -0.9195981026
v -0.6282218695 -1.677493691 1.092000246
vn -0.5523968935 -0.2782422006 -0.7857728601
v -0.6334239244 -1.657859802 0.9364427924
vn -0.7748181224 0.4317916632 0.4617497623
v -0.6282218695 -1.648590565 0.9376126528
vn -0.809224844 0.3809090555 0.4472845495
v -0.6282218695 -1.659197569 0.9470407367
vn -0.7908422351 0.4356710911 0.4298363626
v -0.6503257155 -1.653888822 0.9049797654
vn -0.7731699944 0.4466122389 0.4502728879
v -0.6282218695 -1.709707499 1.093976736
vn -0.4941962361 -0.04908342659 -0.8679636717
v -0.6282218695 -1.686190367 1.092688322
vn -0.758556366 -0.04384310916 -0.6501308084
v -0.6385899782 -1.693294048 0.9639347196
vn -0.7909014821 0.4517631531 0.4127770364
v -0.6282218695 -1.677106023 0.9659779668
vn -0.8013057113 0.4623939991 0.3796062469
v -0.6282218695 -1.696936131 0.9927905202
vn -0.8209771514 0.4506761134 0.3505532444
v -0.6550522447 -1.689322948 0.9324715734
vn -0.7449513078 0.4646113813 0.4787314534
v -0.6497176886 -1.744612932 1.117278814
vn -0.844407618 0.05126038194 -0.5332430601
v -0.6282218695 -1.724057317 1.087908864
vn -0.8418805599 0.07966096699 -0.5337520838
v -0.632172823 -1.740641713 1.085815668
vn -0.894729197 0.4179733396 -0.1573465765
v -0.628682673 -1.736670613 1.054352641
vn -0.8450376391 0.5099035501 0.1609651446
v -0.6282218695 -1.735826731 1.054459095
vn -0.9114925265 0.4084790647 -0.04823093116
v -0.63538903 -1.732699394 1.022889614
vn -0.8326762319 0.4683442414 0.2954725027
v -0.6282218695 -1.720381737 1.024444342
vn -0.8467696905 0.4641669989 0.2598655224
v -0.645632863 -1.728728294 0.9914264679
vn -0.8127087951 0.4627083838 0.3541262448
v -0.6282218695 -1.698730946 0.9952126741
vn -0.8278276324 0.4510205984 0.3335893154
v -0.6584813595 -1.724757195 0.9599636197
vn -0.7773419023 0.4525836408 0.4369297028
v -0.6501824856 -1.77607584 1.113307714
vn -0.9342722893 0.3062862456 -0.1825488061
v -0.6465321779 -1.77210474 1.081844568
vn -0.9085876346 0.4135034084 -0.05902082101
v -0.6487339139 -1.768133521 1.050381422
vn -0.8514828086 0.5069258809 0.1341760606
v -0.6552096605 -1.764162421 1.018918514
vn -0.8210645318 0.4943393469 0.2854499221
v -0.6247931123 -1.143149972 1.416942835
vn -0.9651715159 -0.2570923567 -0.04845120385
v -0.6245604157 -1.178584099 1.444434762
vn -0.918898344 -0.2113825679 -0.3330815136
v -0.6167943478 -1.174612999 1.412971735
vn -0.9762338996 -0.212585479 0.04212803766
v -0.6252891421 -1.170641899 1.381508708
vn -0.9417816401 -0.2328601182 0.2425356358
v -0.6143576503 -1.210047126 1.440463662
vn -0.8911532164 -0.2433630675 -0.3829103112
v -0.6106067896 -1.206076026 1.409000516
vn -0.9745640755 -0.2174560279 0.05420141295
v -0.6202616692 -1.202104926 1.377537608
vn -0.9327194691 -0.1913083941 0.3056721389
v -0.6026265621 -1.241510153 1.436492443
vn -0.8702032566 -0.2918222547 -0.3969711661
v -0.6038273573 -1.237539053 1.405029416
vn -0.9503862262 -0.2747709453 0.1458318383
v -0.6156010032 -1.233567953 1.373566389
vn -0.909596622 -0.2120328248 0.3573179245
v -0.6099798679 -1.276944399 1.46398437
vn -0.5973944664 -0.3177342117 -0.736318469
v -0.596509099 -1.274717689 1.446342111
vn -0.7330760956 -0.3569086492 -0.5789781213
v -0.596509099 -1.255471826 1.434730291
vn -0.9025600553 -0.3388164937 -0.2656853497
v -0.596509099 -1.264117837 1.401674747
vn -0.9308272004 -0.284769237 0.229057163
v -0.596509099 -1.268647432 1.398247719
vn -0.893689692 -0.1875125468 0.4076245725
v -0.6095913053 -1.26503098 1.369595289
vn -0.9038460851 -0.2030465752 0.3766090274
v -0.6243007779 -1.26105988 1.338132143
vn -0.8904496431 -0.2123838663 0.4024830163
v -0.596509099 -1.308972239 1.464488149
vn -0.5067367554 -0.2380826026 -0.828573823
v -0.596509099 -1.298559189 1.461256266
vn -0.7709739804 -0.3136620522 -0.5542700291
v -0.6058877707 -1.296494126 1.36562407
vn -0.9082198143 -0.1365134567 0.3956018686
v -0.596509099 -1.298825145 1.384092689
vn -0.8821995854 -0.1478565037 0.4470596015
v -0.6199615002 -1.292522907 1.334160924
vn -0.9019135237 -0.1556819379 0.4028835297
v -0.617914319 -1.343841672 1.487505078
vn -0.4330437779 -0.2701329589 -0.859942615
v -0.596509099 -1.342280388 1.475135446
vn -0.5893974304 -0.2545901239 -0.766677618
v -0.6044198871 -1.327957153 1.36165297
vn -0.9161402583 -0.1113420427 0.3850844204
v -0.596509099 -1.329749942 1.375857472
vn -0.8621479273 -0.1340667605 0.4885970354
v -0.6171516776 -1.323985934 1.330189824
vn -0.9218514562 -0.1543373615 0.3554854095
v -0.6250683069 -1.260447741 0.8267813325
vn -0.9159196019 -0.3784509897 -0.1336642355
v -0.6260347962 -1.256476641 0.7953181863
vn -0.9651306868 -0.258317858 0.04236327857
v -0.596509099 -1.375680208 1.486508846
vn -0.2987641096 -0.1197480336 -0.9467842579
v -0.596509099 -1.36813736 1.484438658
vn -0.6032329202 -0.2803482115 -0.7466691732
v -0.6026156545 -1.35942018 1.35768187
vn -0.9220971465 -0.1338096112 0.3630865812
v -0.596509099 -1.360692739 1.367764711
vn -0.8453651071 -0.1581986099 0.5102264881
v -0.6134980321 -1.35544908 1.326218724
vn -0.9493014216 -0.149236694 0.2766860723
v -0.6224714518 -1.351477861 1.294755816
vn -0.9316861629 -0.2274105549 0.2832761407
v -0.6235806942 -1.295881987 0.8542730808
vn -0.8042275906 -0.4210503399 -0.4194456339
v -0.6092929244 -1.291910768 0.8228102922
vn -0.9599918127 -0.2798883617 0.008845089003
v -0.6193132997 -1.287939668 0.7913470268
vn -0.9276208282 -0.2410906106 0.2852980196
v -0.596509099 -1.40816927 1.490666747
vn -0.3279528618 -0.05919087678 -0.9428379536
v -0.598670423 -1.390883207 1.353710771
vn -0.9230701327 -0.1364111453 0.3596297801
v -0.596509099 -1.391327024 1.357227087
vn -0.8460524678 -0.1680499017 0.5059194565
v -0.6098406911 -1.386911988 1.322247624
vn -0.960934937 -0.1116329804 0.2532630563
v -0.6161649823 -1.382940888 1.290784717
vn -0.962123692 -0.1385206133 0.234797895
v -0.6259097457 -1.378969789 1.259321451
vn -0.9373946786 -0.1940643787 0.2891889513
v -0.6241563559 -1.331316113 0.8817650676
vn -0.5566080809 -0.6042800546 -0.5701166987
v -0.6002634168 -1.327345014 0.850301981
vn -0.8769150972 -0.4354241788 -0.2035331279
v -0.6026645303 -1.323373795 0.8188390732
vn -0.9745848179 -0.1290723234 0.1830978245
v -0.6184378862 -1.319402695 0.7873758674
vn -0.8808826804 -0.05860840529 0.4696921408
v -0.596509099 -1.440072179 1.490181565
vn -0.4102706611 0.09643822908 -0.9068503976
v -0.596509099 -1.409948707 1.351304412
vn -0.9118549824 -0.1490441561 0.3825001419
v -0.596509099 -1.421956658 1.346653938
vn -0.902528286 0.1502709836 0.4035608768
v -0.608268261 -1.418375015 1.318276405
vn -0.9499237537 0.08964712918 0.2993463576
v -0.6149189472 -1.414403915 1.286813498
vn -0.9720295668 0.04468277842 0.2305688262
v -0.6233075857 -1.410432696 1.255350351
vn -0.956281364 0.02741735056 0.2911602259
v -0.596509099 -1.369105101 0.9279148579
vn -0.4065328836 -0.7945355177 -0.4510480762
v -0.596509099 -1.358976126 0.9102381468
vn -0.3835071623 -0.8668147922 -0.3186759949
v -0.596509099 -1.348883986 0.8795477748
vn -0.6450147629 -0.688926816 -0.3306595683
v -0.596509099 -1.344301105 0.8481618166
vn -0.9615132809 -0.2023941875 0.1858194023
v -0.596509099 -1.358185887 0.8414025307
vn -0.921385169 -0.03867486864 0.3867216408
v -0.6077517271 -1.354836822 0.8148679733
vn -0.9159350991 0.05470310897 0.3975807726
v -0.6243124008 -1.350865722 0.7834047675
vn -0.8585518599 0.1086565927 0.5010812879
v -0.596509099 -1.471089721 1.482679486
vn -0.4486126602 0.4133437276 -0.7923973799
v -0.6062873006 -1.453809261 1.345768452
vn -0.8215559721 0.4398213625 0.3627712727
v -0.596509099 -1.427146673 1.34913373
vn -0.861459136 0.2529720366 0.4403331876
v -0.596509099 -1.456419349 1.366448402
vn -0.7553719878 0.5001052022 0.4234476984
v -0.6169942021 -1.449838161 1.314305305
vn -0.884785831 0.3781861067 0.2722670436
v -0.6229218841 -1.445866942 1.282842398
vn -0.9385536909 0.2471839041 0.2408673763
v -0.5998402834 -1.406155586 0.9682118297
vn 0.1956486255 -0.6411749721 -0.7420352101
v -0.596509099 -1.406265974 0.9690865874
vn -0.04074143991 -0.5504803061 -0.8338534832
v -0.596509099 -1.405282021 0.9683220387
vn -0.1977119744 -0.6987582445 -0.6874932051
v -0.596509099 -1.37683773 0.939948082
vn -0.1981142759 -0.7302628756 -0.6538094878
v -0.5970148444 -1.390271068 0.8423597217
vn -0.8697376251 0.1365908086 0.4742355943
v -0.596509099 -1.384525299 0.8430848718
vn -0.9006150961 0.01850357652 0.4342235029
v -0.596509099 -1.390385389 0.8432661295
vn -0.8672878742 0.1577400565 0.4721544683
v -0.6147246957 -1.386299968 0.8108968139
vn -0.8526399136 0.1531644315 0.4995456338
v -0.596509099 -1.485921741 1.469572306
vn -0.5486374497 0.745446384 -0.3785586357
v -0.6206195354 -1.501156807 1.46764946
vn -0.428761214 0.8963682652 -0.1126399189
v -0.6087863445 -1.497185707 1.436186433
vn -0.3579667509 0.917080462 0.1755655706
v -0.596509099 -1.491882324 1.436855793
vn -0.5683687329 0.8190556169 0.07813384384
v -0.596509099 -1.478579402 1.406570554
vn -0.5190134645 0.7750353813 0.3604791462
v -0.596509099 -1.462445378 1.376642704
vn -0.5150915384 0.7844920754 0.3453301191
v -0.596509099 -1.441138983 0.9921318293
vn -0.07219808549 -0.5353380442 -0.8415465355
v -0.606534481 -1.421734095 0.8383885622
vn -0.837859869 0.239890337 0.4903503954
v -0.596509099 -1.423985124 0.8562233448
vn -0.8354069591 0.2298234552 0.4992758632
v -0.6234348416 -1.417762995 0.8069256544
vn -0.8422333002 0.210597083 0.4962780774
v -0.596509099 -1.475122452 1.008131027
vn -0.1804734021 -0.4118549228 -0.8931992054
v -0.596509099 -1.446431875 0.9950927496
vn -0.2405617684 -0.4209492803 -0.8746037483
v -0.6014095545 -1.457168221 0.865880549
vn -0.8298584819 0.2392447144 0.504080236
v -0.596509099 -1.445099831 0.8674038053
vn -0.8083029389 0.2524498105 0.5318979621
v -0.596509099 -1.458100557 0.8732668757
vn -0.8117893338 0.1997998953 0.5487058163
v -0.6189658046 -1.453197122 0.8344174623
vn -0.8297784925 0.2502536178 0.4988394678
v -0.596509099 -1.50940311 1.026483297
vn -0.1030622721 -0.418875277 -0.9021760821
v -0.596509099 -1.498446345 1.020491838
vn -0.3045654297 -0.4857580364 -0.8193162084
v -0.6113609076 -1.488631248 0.8619094491
vn -0.8329469562 0.1823316365 0.5224505663
v -0.596509099 -1.491557956 0.8850973845
vn -0.8121122718 0.1982388794 0.5487941504
v -0.596509099 -1.542905092 1.038666248
vn -0.4265160263 -0.1510849297 -0.8917720914
v -0.601673007 -1.524065495 0.889401257
vn -0.8638131022 0.1876596808 0.4675582945
v -0.596509099 -1.508537412 0.8913611174
vn -0.8499289155 0.2259794027 0.4759770334
v -0.596509099 -1.525374293 0.8997709751
vn -0.8546711206 0.253631115 0.4529994428
v -0.6183409095 -1.520094395 0.8579382896
vn -0.8506742716 0.136251688 0.5077290535
v -0.6060079932 -1.575384259 1.042745352
vn -0.4998478293 -0.06607533246 -0.8635891676
v -0.596509099 -1.57479465 1.038074136
vn -0.6050326824 0.07563088834 -0.7926003933
v -0.5981635451 -1.559499741 0.9168932438
vn -0.863296628 0.3107743263 0.3976660371
v -0.596509099 -1.55538559 0.9174124599
vn -0.8755545616 0.2810792029 0.3929359615
v -0.596509099 -1.56006217 0.9213494658
vn -0.8823064566 0.3032892346 0.3599318564
v -0.6108937263 -1.555528522 0.8854300976
vn -0.8655486107 0.2711191475 0.4210938215
v -0.6262896061 -1.551557422 0.8539671898
vn -0.8526486158 0.2184397131 0.4746308327
v -0.6041483879 -1.606847167 1.038774252
vn -0.7437716722 -0.1615131199 -0.6486272216
v -0.596509099 -1.605737329 1.029980302
vn -0.818728447 0.1553604007 -0.5527629256
v -0.5993837118 -1.594933748 0.9443850517
vn -0.8298806548 0.3652345538 0.4217841327
v -0.596509099 -1.588456511 0.945202589
vn -0.8801736832 0.2948966324 0.3719277978
v -0.596509099 -1.595723629 0.9506429434
vn -0.859777689 0.3177374601 0.3997814953
v -0.6128962636 -1.590962648 0.9129221439
vn -0.8260697722 0.3935756981 0.4033694267
v -0.6252475381 -1.586991549 0.8814589977
vn -0.8436664343 0.3456983566 0.4107548892
v -0.6134726405 -1.642281294 1.06626606
vn -0.825894773 -0.1779764146 -0.5349974036
v -0.5977624059 -1.638310194 1.034803033
vn -0.9698895216 0.1446210742 -0.1959566921
v -0.596509099 -1.637272954 1.026584387
vn -0.9464218616 0.1305350214 -0.2953748703
v -0.6000546217 -1.630367994 0.9718769789
vn -0.8276312947 0.4112355709 0.3819840252
v -0.596509099 -1.623331428 0.9727651477
vn -0.8940847516 0.3395569324 0.2920847237
v -0.596509099 -1.632575035 0.9893629551
vn -0.8794613481 0.4182403386 0.227206409
v -0.6163060665 -1.626396775 0.9404138327
vn -0.8029038906 0.3964177072 0.4451947212
v -0.6044329405 -1.67374444 1.062294841
vn -0.9512662888 0.06626742333 -0.301166147
v -0.6025677323 -1.66977334 1.030831933
vn -0.9725106955 0.2242566347 0.06270460039
v -0.596509099 -1.639750242 1.002656937
vn -0.8900217414 0.4547333419 0.03284651041
v -0.6101049185 -1.665802121 0.9993687272
vn -0.8907948732 0.3976199925 0.2199609727
v -0.6185585856 -1.661831021 0.9679059386
vn -0.8247120976 0.4290545881 0.3684591651
v -0.6246649027 -1.709178686 1.089786887
vn -0.8854984045 0.2500624657 -0.3916138113
v -0.6116018891 -1.705207467 1.058323741
vn -0.9216377735 0.3868844807 -0.03007011116
v -0.6162310839 -1.701236248 1.026860833
vn -0.9037511349 0.3740830421 0.2080762982
v -0.6272748113 -1.697265148 0.9953976274
vn -0.8566612005 0.4143816233 0.3072775602
v -0.59031111 -1.272973299 1.432521343
vn -0.965541482 -0.2467334419 -0.08277851343
v -0.5951399207 -1.269002199 1.401058316
vn -0.961065352 -0.2429162413 0.1317008734
v -0.592186749 -1.308407426 1.46001327
vn -0.8883553147 -0.2567317784 -0.3806752563
v -0.5828099847 -1.304436326 1.428550243
vn -0.9776149392 -0.2098097205 0.01577599719
v -0.5898574591 -1.300465226 1.397087097
vn -0.9538978934 -0.1842893958 0.2368886173
v -0.578330338 -1.339870453 1.456042051
vn -0.8905137181 -0.3299524486 -0.3132358193
v -0.5751932263 -1.335899353 1.424579024
vn -0.9578068256 -0.2734280825 0.08856187761
v -0.5866516232 -1.331928253 1.393115997
vn -0.9230880737 -0.1699746996 0.3449884057
v -0.5916309357 -1.375304699 1.483533978
vn -0.6413930058 -0.230321601 -0.731824398
v -0.5647965074 -1.371555567 1.453829885
vn -0.6977921724 -0.2632758021 -0.6661621332
v -0.5647965074 -1.368905425 1.452377439
vn -0.8692525029 -0.3668366373 -0.3314074874
v -0.5647965074 -1.369338393 1.436263323
vn -0.9806396365 -0.1923512965 0.03670036048
v -0.5658163428 -1.36736238 1.420607924
vn -0.9305490851 -0.2942336202 0.2179563493
v -0.5828073621 -1.36339128 1.389144897
vn -0.8754019737 -0.1886730641 0.4450548887
v -0.5760228634 -1.406767726 1.479562879
vn -0.595960319 -0.06563217938 -0.8003272414
v -0.5647965074 -1.405094862 1.466309309
vn -0.7926536202 -0.1661994755 -0.5865816474
v -0.5647965074 -1.372774124 1.419924855
vn -0.9111822248 -0.2070423365 0.3562027812
v -0.5647965074 -1.397843719 1.408858895
vn -0.8652769923 -0.1084917262 0.4894132018
v -0.5790883303 -1.394854426 1.385173798
vn -0.8594247103 -0.1482578367 0.4892941713
v -0.570671916 -1.438230753 1.47559166
vn -0.6836163998 0.2253771722 -0.6941712499
v -0.5647965074 -1.437185645 1.467311382
vn -0.883186698 0.1156784594 -0.4545324445
v -0.5783339739 -1.426317334 1.381202579
vn -0.8633018732 0.1244248524 0.4891097546
v -0.5647965074 -1.429367185 1.405366778
vn -0.8538246155 0.1321216375 0.5035150647
v -0.5950348973 -1.422346234 1.349739552
vn -0.8732914925 0.03013402037 0.4862652719
v -0.5846307278 -1.36675024 0.9092569351
vn -0.8804451227 -0.4723243415 -0.04154622182
v -0.5869514346 -1.362779021 0.8777939677
vn -0.9169941545 -0.3943907022 0.05981417
v -0.5943986177 -1.358807921 0.8463308215
vn -0.951777339 -0.1845999956 0.2450362146
v -0.5808272958 -1.46969378 1.47162056
vn -0.7267590761 0.573613286 -0.3778744638
v -0.5647965074 -1.463457823 1.440443397
vn -0.9331328273 0.3462824225 -0.09670392424
v -0.5658552051 -1.46572268 1.440157533
vn -0.7679511309 0.6398285627 0.02950458229
v -0.5749017 -1.46175158 1.408694506
vn -0.765296936 0.4915570021 0.4155626595
v -0.5647965074 -1.441245079 1.411282778
vn -0.9049012661 0.3202248514 0.2803743184
v -0.5913824439 -1.45778048 1.377231479
vn -0.8264036775 0.3173147738 0.4651540816
v -0.5941092372 -1.406155586 0.9682118297
vn -0.4162988663 -0.5896568894 -0.6920982599
v -0.5647965074 -1.40312767 0.9442222118
vn -0.5000814795 -0.6305751204 -0.5935432315
v -0.5647965074 -1.397280931 0.9373678565
vn -0.5998860598 -0.7246427536 -0.3391601443
v -0.5678261518 -1.398213267 0.9052857757
vn -0.9327765703 -0.2883835137 0.216247052
v -0.5647965074 -1.400162458 0.9207288623
vn -0.959456563 -0.05528103188 0.2763822377
v -0.5816738605 -1.394242167 0.8738228083
vn -0.94050318 -0.09450788796 0.326377213
v -0.5647965074 -1.438953876 0.9748193026
vn -0.4655316472 -0.4456983209 -0.7646131516
v -0.5647965074 -1.424724936 0.9658680558
vn -0.602273941 -0.5217188597 -0.6042147875
v -0.572498858 -1.429676414 0.9013146758
vn -0.8994222283 0.1124734208 0.4223616719
v -0.5647965074 -1.431846976 0.9185119867
vn -0.8977504969 0.08295571059 0.4326226711
v -0.5888681412 -1.425705314 0.8698517084
vn -0.8675994873 0.16270639 0.4698911905
v -0.5647965074 -1.47308135 0.9919595718
vn -0.4229211509 -0.2796939611 -0.8619216681
v -0.5647965074 -1.472609639 0.9917886853
vn -0.5356146693 -0.379263103 -0.7545040846
v -0.5811560154 -1.461139321 0.8973435163
vn -0.8459665179 0.1957041621 0.4960247576
v -0.5647965074 -1.464868546 0.926889956
vn -0.8516913652 0.1762090623 0.4935303628
v -0.5832667947 -1.508486986 1.019224405
vn -0.7497422695 -0.2054579258 -0.6290258765
v -0.5647965074 -1.50592041 0.9988903999
vn -0.6769683361 -0.1367812604 -0.7231907248
v -0.5745223165 -1.496573448 0.9248355031
vn -0.8638644814 0.2535981536 0.435231179
v -0.5647965074 -1.468169093 0.9284206033
vn -0.8848357201 0.2528418899 0.3913268447
v -0.5647965074 -1.499651194 0.9492189884
vn -0.8788551688 0.2808330953 0.385676533
v -0.5910226703 -1.492602468 0.8933724165
vn -0.8394423723 0.2196218818 0.4970943034
v -0.5701164007 -1.539950013 1.015253305
vn -0.8976619244 0.04323937744 -0.4385583699
v -0.5647965074 -1.535545349 0.9838451147
vn -0.936909914 0.2310415208 -0.2623349428
v -0.5648755431 -1.535978913 0.9837904572
vn -0.9718070626 0.1938499212 0.1342132837
v -0.5747378469 -1.532007694 0.952327311
vn -0.8860756159 0.3029010296 0.3508859277
v -0.5647965074 -1.507575274 0.9554110169
vn -0.9413764477 0.247216925 0.2295521349
v -0.5862389207 -1.528036594 0.9208644032
vn -0.8721592426 0.2720275819 0.4066192508
v -0.5764380693 -1.57141304 1.011282206
vn -0.9370850325 0.2537126839 -0.2397947907
v -0.5766741633 -1.56744194 0.9798192978
vn -0.9495238662 0.2847872674 0.131531775
v -0.5869768858 -1.56347084 0.9483561516
vn -0.8930644393 0.2888623476 0.3449557126
v -0.5859395862 -1.602876067 1.007311106
vn -0.9622228146 0.2384285927 -0.1314500123
v -0.5866814256 -1.598904848 0.9758481979
vn -0.9361789823 0.2873237431 0.2025191933
v -0.5940859914 -1.634339094 1.003339887
vn -0.953158617 0.294546932 0.06878079474
v -0.5637879968 -1.371333599 1.452070951
vn -0.9732372165 -0.2114627808 -0.0899598673
v -0.5562683344 -1.402796626 1.448099852
vn -0.9926218987 -0.07823443413 -0.0926341489
v -0.5603371263 -1.398825407 1.416636825
vn -0.979046762 -0.1382204145 0.1495412737
v -0.5555371642 -1.434259534 1.444128633
vn -0.986497283 0.1619517207 -0.02438705787
v -0.5608761311 -1.430288434 1.412665606
vn -0.9737466574 0.02281965315 0.2264876962
v -0.5621623993 -1.402184486 0.9367489219
vn -0.9778251052 -0.1957806349 -0.07435053587
v -0.5591629744 -1.437618613 0.9642406702
vn -0.9914006591 -0.08556932956 -0.09900797904
v -0.5590129495 -1.433647513 0.9327777624
vn -0.9916188121 0.006260038354 0.1290463656
v -0.5646205544 -1.47305274 0.9917327166
vn -0.9832370281 -0.0117358854 -0.181953907
v -0.5564799309 -1.46908164 0.9602695704
vn -0.9988933206 0.04633357003 -0.00808619149
v -0.5637428164 -1.46511054 0.9288066626
vn -0.9767248034 0.07108872384 0.2023735642
v -0.5599192381 -1.504515767 0.9877616167
vn -0.9987909198 0.03697698191 -0.0323946625
v -0.5620174408 -1.500544667 0.9562984109
vn -0.9921115041 0.1061468795 0.06669023633
# mm_gid 0
g mmGroup0
f 3//3 2//2 1//1 
f 1//1 4//4 3//3 
f 1//1 2//2 5//5 
f 5//5 2//2 6//6 
f 4//4 1//1 7//7 
f 7//7 1//1 5//5 
f 6//6 8//8 5//5 
f 5//5 8//8 7//7 
f 11//11 10//10 9//9 
f 13//13 12//12 9//9 
f 9//9 12//12 11//11 
f 13//13 14//14 12//12 
f 17//17 16//16 15//15 
f 17//17 15//15 10//10 
f 15//15 9//9 10//10 
f 15//15 18//18 9//9 
f 9//9 19//19 13//13 
f 9//9 18//18 19//19 
f 14//14 13//13 20//20 
f 13//13 21//21 20//20 
f 13//13 19//19 21//21 
f 21//21 22//22 20//20 
f 15//15 16//16 23//23 
f 23//23 16//16 24//24 
f 15//15 25//25 18//18 
f 15//15 23//23 25//25 
f 18//18 26//26 19//19 
f 18//18 25//25 26//26 
f 19//19 27//27 21//21 
f 19//19 26//26 27//27 
f 22//22 21//21 28//28 
f 21//21 29//29 28//28 
f 21//21 27//27 29//29 
f 29//29 30//30 28//28 
f 33//33 32//32 31//31 
f 33//33 31//31 24//24 
f 24//24 31//31 23//23 
f 31//31 2//2 23//23 
f 2//2 3//3 23//23 
f 23//23 3//3 4//4 
f 34//34 23//23 4//4 
f 25//25 23//23 34//34 
f 25//25 35//35 26//26 
f 25//25 34//34 35//35 
f 26//26 36//36 27//27 
f 26//26 35//35 36//36 
f 27//27 37//37 29//29 
f 27//27 36//36 37//37 
f 30//30 29//29 38//38 
f 38//38 29//29 37//37 
f 31//31 32//32 39//39 
f 39//39 32//32 40//40 
f 39//39 6//6 2//2 
f 39//39 2//2 31//31 
f 7//7 41//41 34//34 
f 7//7 34//34 4//4 
f 34//34 42//42 35//35 
f 34//34 41//41 42//42 
f 35//35 43//43 36//36 
f 35//35 42//42 43//43 
f 36//36 44//44 37//37 
f 36//36 43//43 44//44 
f 38//38 37//37 45//45 
f 45//45 37//37 44//44 
f 39//39 40//40 46//46 
f 46//46 40//40 47//47 
f 48//48 8//8 6//6 
f 39//39 48//48 6//6 
f 46//46 48//48 39//39 
f 41//41 7//7 8//8 
f 48//48 41//41 8//8 
f 49//49 41//41 48//48 
f 41//41 50//50 42//42 
f 41//41 49//49 50//50 
f 42//42 51//51 43//43 
f 42//42 50//50 51//51 
f 43//43 52//52 44//44 
f 43//43 51//51 52//52 
f 45//45 44//44 53//53 
f 53//53 44//44 52//52 
f 46//46 47//47 54//54 
f 54//54 47//47 55//55 
f 46//46 56//56 48//48 
f 46//46 54//54 56//56 
f 48//48 57//57 49//49 
f 48//48 56//56 57//57 
f 49//49 58//58 50//50 
f 49//49 57//57 58//58 
f 50//50 59//59 51//51 
f 50//50 58//58 59//59 
f 61//61 52//52 60//60 
f 52//52 59//59 60//60 
f 52//52 51//51 59//59 
f 52//52 61//61 53//53 
f 54//54 55//55 62//62 
f 62//62 55//55 63//63 
f 54//54 64//64 56//56 
f 54//54 62//62 64//64 
f 56//56 65//65 57//57 
f 56//56 64//64 65//65 
f 57//57 66//66 58//58 
f 57//57 65//65 66//66 
f 58//58 67//67 59//59 
f 58//58 66//66 67//67 
f 60//60 59//59 68//68 
f 68//68 59//59 67//67 
f 62//62 63//63 69//69 
f 69//69 63//63 70//70 
f 62//62 71//71 64//64 
f 62//62 69//69 71//71 
f 64//64 72//72 65//65 
f 64//64 71//71 72//72 
f 65//65 73//73 66//66 
f 65//65 72//72 73//73 
f 66//66 74//74 67//67 
f 66//66 73//73 74//74 
f 68//68 67//67 75//75 
f 75//75 67//67 74//74 
f 69//69 70//70 76//76 
f 76//76 70//70 77//77 
f 69//69 78//78 71//71 
f 69//69 76//76 78//78 
f 71//71 79//79 72//72 
f 71//71 78//78 79//79 
f 72//72 80//80 73//73 
f 72//72 79//79 80//80 
f 82//82 74//74 81//81 
f 74//74 80//80 81//81 
f 74//74 73//73 80//80 
f 74//74 82//82 75//75 
f 76//76 77//77 83//83 
f 83//83 77//77 84//84 
f 76//76 85//85 78//78 
f 76//76 83//83 85//85 
f 78//78 86//86 79//79 
f 78//78 85//85 86//86 
f 88//88 80//80 87//87 
f 80//80 86//86 87//87 
f 80//80 79//79 86//86 
f 80//80 88//88 81//81 
f 83//83 84//84 89//89 
f 89//89 84//84 90//90 
f 83//83 91//91 85//85 
f 83//83 89//89 91//91 
f 85//85 92//92 86//86 
f 85//85 91//91 92//92 
f 87//87 86//86 93//93 
f 93//93 86//86 92//92 
f 89//89 90//90 94//94 
f 94//94 90//90 95//95 
f 89//89 96//96 91//91 
f 89//89 94//94 96//96 
f 98//98 92//92 97//97 
f 92//92 96//96 97//97 
f 92//92 91//91 96//96 
f 92//92 98//98 93//93 
f 101//101 100//100 99//99 
f 101//101 99//99 95//95 
f 99//99 94//94 95//95 
f 99//99 102//102 94//94 
f 94//94 103//103 96//96 
f 94//94 102//102 103//103 
f 97//97 96//96 104//104 
f 104//104 96//96 103//103 
f 99//99 100//100 105//105 
f 105//105 100//100 106//106 
f 99//99 107//107 102//102 
f 99//99 105//105 107//107 
f 109//109 103//103 108//108 
f 103//103 107//107 108//108 
f 103//103 102//102 107//107 
f 103//103 109//109 104//104 
f 112//112 111//111 110//110 
f 112//112 110//110 106//106 
f 110//110 105//105 106//106 
f 110//110 113//113 105//105 
f 115//115 107//107 114//114 
f 107//107 113//113 114//114 
f 107//107 105//105 113//113 
f 107//107 115//115 108//108 
f 110//110 111//111 116//116 
f 116//116 111//111 117//117 
f 110//110 118//118 113//113 
f 110//110 116//116 118//118 
f 114//114 113//113 119//119 
f 119//119 113//113 118//118 
f 117//117 120//120 116//116 
f 116//116 120//120 118//118 
f 118//118 120//120 121//121 
f 118//118 121//121 119//119 
f 124//124 123//123 122//122 
f 122//122 125//125 124//124 
f 127//127 126//126 11//11 
f 11//11 126//126 10//10 
f 12//12 122//122 123//123 
f 127//127 12//12 123//123 
f 11//11 12//12 127//127 
f 129//129 128//128 14//14 
f 14//14 128//128 12//12 
f 128//128 125//125 12//12 
f 125//125 122//122 12//12 
f 129//129 130//130 128//128 
f 132//132 131//131 17//17 
f 17//17 131//131 16//16 
f 17//17 10//10 126//126 
f 17//17 126//126 132//132 
f 20//20 129//129 14//14 
f 134//134 133//133 22//22 
f 22//22 133//133 20//20 
f 133//133 130//130 20//20 
f 130//130 129//129 20//20 
f 136//136 135//135 134//134 
f 134//134 135//135 133//133 
f 136//136 137//137 135//135 
f 131//131 24//24 16//16 
f 138//138 24//24 131//131 
f 28//28 134//134 22//22 
f 134//134 28//28 30//30 
f 139//139 134//134 30//30 
f 136//136 134//134 139//139 
f 137//137 136//136 140//140 
f 136//136 141//141 140//140 
f 136//136 139//139 141//141 
f 141//141 142//142 140//140 
f 144//144 143//143 33//33 
f 33//33 143//143 32//32 
f 33//33 24//24 138//138 
f 33//33 138//138 144//144 
f 38//38 145//145 139//139 
f 38//38 139//139 30//30 
f 139//139 146//146 141//141 
f 139//139 145//145 146//146 
f 142//142 141//141 147//147 
f 147//147 141//141 146//146 
f 143//143 40//40 32//32 
f 148//148 40//40 143//143 
f 45//45 149//149 145//145 
f 45//45 145//145 38//38 
f 145//145 150//150 146//146 
f 145//145 149//149 150//150 
f 147//147 146//146 151//151 
f 146//146 152//152 151//151 
f 146//146 150//150 152//152 
f 152//152 153//153 151//151 
f 148//148 47//47 40//40 
f 154//154 47//47 148//148 
f 53//53 155//155 149//149 
f 53//53 149//149 45//45 
f 149//149 156//156 150//150 
f 149//149 155//155 156//156 
f 158//158 152//152 157//157 
f 152//152 156//156 157//157 
f 152//152 150//150 156//156 
f 152//152 158//158 153//153 
f 154//154 55//55 47//47 
f 159//159 55//55 154//154 
f 60//60 160//160 61//61 
f 155//155 53//53 61//61 
f 160//160 155//155 61//61 
f 161//161 155//155 160//160 
f 155//155 162//162 156//156 
f 155//155 161//161 162//162 
f 157//157 156//156 163//163 
f 163//163 156//156 162//162 
f 159//159 63//63 55//55 
f 164//164 63//63 159//159 
f 68//68 165//165 160//160 
f 68//68 160//160 60//60 
f 160//160 166//166 161//161 
f 160//160 165//165 166//166 
f 161//161 167//167 162//162 
f 161//161 166//166 167//167 
f 163//163 162//162 168//168 
f 168//168 162//162 167//167 
f 171//171 170//170 169//169 
f 164//164 171//171 169//169 
f 70//70 164//164 169//169 
f 63//63 164//164 70//70 
f 75//75 172//172 165//165 
f 75//75 165//165 68//68 
f 165//165 173//173 166//166 
f 165//165 172//172 173//173 
f 166//166 174//174 167//167 
f 166//166 173//173 174//174 
f 168//168 167//167 175//175 
f 175//175 167//167 174//174 
f 169//169 170//170 176//176 
f 176//176 170//170 177//177 
f 176//176 77//77 70//70 
f 176//176 70//70 169//169 
f 81//81 178//178 82//82 
f 172//172 75//75 82//82 
f 178//178 172//172 82//82 
f 179//179 172//172 178//178 
f 172//172 180//180 173//173 
f 172//172 179//179 180//180 
f 173//173 181//181 174//174 
f 173//173 180//180 181//181 
f 175//175 174//174 182//182 
f 182//182 174//174 181//181 
f 176//176 177//177 183//183 
f 183//183 177//177 184//184 
f 183//183 84//84 77//77 
f 183//183 77//77 176//176 
f 87//87 185//185 88//88 
f 178//178 81//81 88//88 
f 185//185 178//178 88//88 
f 186//186 178//178 185//185 
f 178//178 187//187 179//179 
f 178//178 186//186 187//187 
f 179//179 188//188 180//180 
f 179//179 187//187 188//188 
f 190//190 181//181 189//189 
f 181//181 188//188 189//189 
f 181//181 180//180 188//188 
f 181//181 190//190 182//182 
f 183//183 184//184 191//191 
f 191//191 184//184 192//192 
f 191//191 90//90 84//84 
f 191//191 84//84 183//183 
f 93//93 193//193 185//185 
f 93//93 185//185 87//87 
f 185//185 194//194 186//186 
f 185//185 193//193 194//194 
f 186//186 195//195 187//187 
f 186//186 194//194 195//195 
f 187//187 196//196 188//188 
f 187//187 195//195 196//196 
f 189//189 188//188 197//197 
f 197//197 188//188 196//196 
f 200//200 199//199 198//198 
f 200//200 198//198 192//192 
f 198//198 191//191 192//192 
f 198//198 201//201 191//191 
f 201//201 95//95 90//90 
f 201//201 90//90 191//191 
f 97//97 202//202 98//98 
f 193//193 93//93 98//98 
f 202//202 193//193 98//98 
f 203//203 193//193 202//202 
f 193//193 204//204 194//194 
f 193//193 203//203 204//204 
f 194//194 205//205 195//195 
f 194//194 204//204 205//205 
f 207//207 196//196 206//206 
f 196//196 205//205 206//206 
f 196//196 195//195 205//205 
f 196//196 207//207 197//197 
f 198//198 199//199 208//208 
f 208//208 199//199 209//209 
f 208//208 100//100 101//101 
f 201//201 208//208 101//101 
f 198//198 208//208 201//201 
f 201//201 101//101 95//95 
f 104//104 210//210 202//202 
f 104//104 202//202 97//97 
f 202//202 211//211 203//203 
f 202//202 210//210 211//211 
f 203//203 212//212 204//204 
f 203//203 211//211 212//212 
f 214//214 205//205 213//213 
f 205//205 212//212 213//213 
f 205//205 204//204 212//212 
f 205//205 214//214 206//206 
f 208//208 209//209 215//215 
f 215//215 209//209 216//216 
f 215//215 106//106 100//100 
f 215//215 100//100 208//208 
f 108//108 217//217 109//109 
f 210//210 104//104 109//109 
f 217//217 210//210 109//109 
f 218//218 210//210 217//217 
f 210//210 219//219 211//211 
f 210//210 218//218 219//219 
f 211//211 220//220 212//212 
f 211//211 219//219 220//220 
f 213//213 212//212 221//221 
f 221//221 212//212 220//220 
f 224//224 223//223 222//222 
f 224//224 222//222 216//216 
f 216//216 222//222 215//215 
f 222//222 111//111 215//215 
f 111//111 112//112 215//215 
f 215//215 112//112 106//106 
f 114//114 225//225 115//115 
f 217//217 108//108 115//115 
f 225//225 217//217 115//115 
f 226//226 217//217 225//225 
f 217//217 227//227 218//218 
f 217//217 226//226 227//227 
f 218//218 228//228 219//219 
f 218//218 227//227 228//228 
f 219//219 229//229 220//220 
f 219//219 228//228 229//229 
f 221//221 220//220 230//230 
f 230//230 220//220 229//229 
f 222//222 223//223 231//231 
f 231//231 223//223 232//232 
f 231//231 117//117 111//111 
f 231//231 111//111 222//222 
f 119//119 233//233 225//225 
f 119//119 225//225 114//114 
f 225//225 234//234 226//226 
f 225//225 233//233 234//234 
f 226//226 235//235 227//227 
f 226//226 234//234 235//235 
f 227//227 236//236 228//228 
f 227//227 235//235 236//236 
f 238//238 229//229 237//237 
f 229//229 236//236 237//237 
f 229//229 228//228 236//236 
f 229//229 238//238 230//230 
f 231//231 232//232 239//239 
f 239//239 232//232 240//240 
f 241//241 120//120 117//117 
f 231//231 241//241 117//117 
f 239//239 241//241 231//231 
f 242//242 121//121 120//120 
f 242//242 120//120 241//241 
f 233//233 119//119 121//121 
f 242//242 233//233 121//121 
f 243//243 233//233 242//242 
f 233//233 244//244 234//234 
f 233//233 243//243 244//244 
f 234//234 245//245 235//235 
f 234//234 244//244 245//245 
f 235//235 246//246 236//236 
f 235//235 245//245 246//246 
f 237//237 236//236 247//247 
f 247//247 236//236 246//246 
f 239//239 240//240 248//248 
f 248//248 240//240 249//249 
f 239//239 250//250 241//241 
f 239//239 248//248 250//250 
f 241//241 251//251 242//242 
f 241//241 250//250 251//251 
f 242//242 252//252 243//243 
f 242//242 251//251 252//252 
f 243//243 253//253 244//244 
f 243//243 252//252 253//253 
f 244//244 254//254 245//245 
f 244//244 253//253 254//254 
f 256//256 246//246 255//255 
f 246//246 254//254 255//255 
f 246//246 245//245 254//254 
f 246//246 256//256 247//247 
f 259//259 258//258 257//257 
f 259//259 257//257 249//249 
f 257//257 248//248 249//249 
f 257//257 260//260 248//248 
f 248//248 261//261 250//250 
f 248//248 260//260 261//261 
f 250//250 262//262 251//251 
f 250//250 261//261 262//262 
f 251//251 263//263 252//252 
f 251//251 262//262 263//263 
f 252//252 264//264 253//253 
f 252//252 263//263 264//264 
f 266//266 254//254 265//265 
f 254//254 264//264 265//265 
f 254//254 253//253 264//264 
f 254//254 266//266 255//255 
f 257//257 258//258 267//267 
f 267//267 258//258 268//268 
f 257//257 269//269 260//260 
f 257//257 267//267 269//269 
f 260//260 270//270 261//261 
f 260//260 269//269 270//270 
f 261//261 271//271 262//262 
f 261//261 270//270 271//271 
f 262//262 272//272 263//263 
f 262//262 271//271 272//272 
f 263//263 273//273 264//264 
f 263//263 272//272 273//273 
f 265//265 264//264 274//274 
f 274//274 264//264 273//273 
f 267//267 268//268 275//275 
f 275//275 268//268 276//276 
f 267//267 277//277 269//269 
f 267//267 275//275 277//277 
f 269//269 278//278 270//270 
f 269//269 277//277 278//278 
f 270//270 279//279 271//271 
f 270//270 278//278 279//279 
f 271//271 280//280 272//272 
f 271//271 279//279 280//280 
f 282//282 273//273 281//281 
f 273//273 280//280 281//281 
f 273//273 272//272 280//280 
f 273//273 282//282 274//274 
f 285//285 284//284 283//283 
f 285//285 283//283 276//276 
f 283//283 275//275 276//276 
f 283//283 286//286 275//275 
f 275//275 287//287 277//277 
f 275//275 286//286 287//287 
f 277//277 288//288 278//278 
f 277//277 287//287 288//288 
f 278//278 289//289 279//279 
f 278//278 288//288 289//289 
f 291//291 280//280 290//290 
f 280//280 289//289 290//290 
f 280//280 279//279 289//289 
f 280//280 291//291 281//281 
f 283//283 284//284 292//292 
f 292//292 284//284 293//293 
f 283//283 294//294 286//286 
f 283//283 292//292 294//294 
f 286//286 295//295 287//287 
f 286//286 294//294 295//295 
f 287//287 296//296 288//288 
f 287//287 295//295 296//296 
f 298//298 289//289 297//297 
f 289//289 296//296 297//297 
f 289//289 288//288 296//296 
f 289//289 298//298 290//290 
f 292//292 293//293 299//299 
f 299//299 293//293 300//300 
f 292//292 301//301 294//294 
f 292//292 299//299 301//301 
f 294//294 302//302 295//295 
f 294//294 301//301 302//302 
f 304//304 296//296 303//303 
f 296//296 302//302 303//303 
f 296//296 295//295 302//302 
f 296//296 304//304 297//297 
f 300//300 305//305 299//299 
f 299//299 305//305 301//301 
f 301//301 305//305 306//306 
f 301//301 306//306 302//302 
f 302//302 306//306 307//307 
f 302//302 307//307 303//303 
f 310//310 309//309 308//308 
f 123//123 124//124 308//308 
f 124//124 310//310 308//308 
f 124//124 311//311 310//310 
f 313//313 312//312 125//125 
f 312//312 124//124 125//125 
f 312//312 311//311 124//124 
f 313//313 314//314 312//312 
f 308//308 309//309 127//127 
f 309//309 126//126 127//127 
f 309//309 315//315 126//126 
f 308//308 127//127 123//123 
f 128//128 313//313 125//125 
f 317//317 316//316 130//130 
f 130//130 316//316 128//128 
f 316//316 314//314 128//128 
f 314//314 313//313 128//128 
f 317//317 318//318 316//316 
f 319//319 131//131 132//132 
f 320//320 319//319 132//132 
f 126//126 320//320 132//132 
f 315//315 320//320 126//126 
f 133//133 317//317 130//130 
f 321//321 318//318 317//317 
f 133//133 321//321 317//317 
f 135//135 321//321 133//133 
f 135//135 137//137 321//321 
f 321//321 137//137 322//322 
f 324//324 323//323 319//319 
f 323//323 131//131 319//319 
f 323//323 138//138 131//131 
f 324//324 319//319 320//320 
f 325//325 322//322 137//137 
f 325//325 137//137 140//140 
f 327//327 326//326 142//142 
f 326//326 140//140 142//142 
f 326//326 325//325 140//140 
f 327//327 328//328 326//326 
f 329//329 143//143 144//144 
f 330//330 329//329 144//144 
f 138//138 330//330 144//144 
f 323//323 330//330 138//138 
f 147//147 331//331 327//327 
f 147//147 327//327 142//142 
f 328//328 327//327 332//332 
f 332//332 327//327 331//331 
f 334//334 333//333 329//329 
f 333//333 143//143 329//329 
f 333//333 148//148 143//143 
f 334//334 329//329 330//330 
f 151//151 331//331 147//147 
f 151//151 153//153 331//331 
f 153//153 332//332 331//331 
f 153//153 335//335 332//332 
f 333//333 154//154 148//148 
f 336//336 154//154 333//333 
f 157//157 337//337 158//158 
f 337//337 338//338 158//158 
f 338//338 153//153 158//158 
f 338//338 335//335 153//153 
f 336//336 159//159 154//154 
f 339//339 159//159 336//336 
f 163//163 340//340 337//337 
f 163//163 337//337 157//157 
f 338//338 337//337 341//341 
f 341//341 337//337 340//340 
f 339//339 164//164 159//159 
f 342//342 164//164 339//339 
f 168//168 343//343 340//340 
f 168//168 340//340 163//163 
f 341//341 340//340 344//344 
f 344//344 340//340 343//343 
f 346//346 345//345 171//171 
f 171//171 345//345 170//170 
f 171//171 164//164 342//342 
f 171//171 342//342 346//346 
f 175//175 347//347 343//343 
f 175//175 343//343 168//168 
f 344//344 343//343 348//348 
f 348//348 343//343 347//347 
f 345//345 177//177 170//170 
f 349//349 177//177 345//345 
f 182//182 350//350 347//347 
f 182//182 347//347 175//175 
f 348//348 347//347 351//351 
f 351//351 347//347 350//350 
f 354//354 353//353 352//352 
f 349//349 354//354 352//352 
f 184//184 349//349 352//352 
f 177//177 349//349 184//184 
f 189//189 355//355 190//190 
f 355//355 356//356 190//190 
f 190//190 356//356 182//182 
f 356//356 357//357 182//182 
f 357//357 350//350 182//182 
f 350//350 357//357 351//351 
f 352//352 353//353 358//358 
f 358//358 353//353 359//359 
f 358//358 192//192 184//184 
f 358//358 184//184 352//352 
f 197//197 360//360 355//355 
f 197//197 355//355 189//189 
f 356//356 355//355 361//361 
f 361//361 355//355 360//360 
f 358//358 359//359 200//200 
f 359//359 199//199 200//200 
f 359//359 362//362 199//199 
f 358//358 200//200 192//192 
f 206//206 363//363 207//207 
f 360//360 197//197 207//207 
f 363//363 360//360 207//207 
f 364//364 360//360 363//363 
f 361//361 360//360 365//365 
f 365//365 360//360 364//364 
f 368//368 367//367 366//366 
f 362//362 368//368 366//366 
f 209//209 362//362 366//366 
f 199//199 362//362 209//209 
f 213//213 369//369 214//214 
f 363//363 206//206 214//214 
f 369//369 363//363 214//214 
f 370//370 363//363 369//369 
f 372//372 364//364 371//371 
f 364//364 370//370 371//371 
f 364//364 363//363 370//370 
f 364//364 372//372 365//365 
f 366//366 367//367 373//373 
f 373//373 367//367 374//374 
f 373//373 216//216 209//209 
f 373//373 209//209 366//366 
f 221//221 375//375 369//369 
f 221//221 369//369 213//213 
f 369//369 376//376 370//370 
f 369//369 375//375 376//376 
f 371//371 370//370 377//377 
f 377//377 370//370 376//376 
f 373//373 374//374 224//224 
f 374//374 223//223 224//224 
f 374//374 378//378 223//223 
f 373//373 224//224 216//216 
f 230//230 379//379 375//375 
f 230//230 375//375 221//221 
f 375//375 380//380 376//376 
f 375//375 379//379 380//380 
f 377//377 376//376 381//381 
f 381//381 376//376 380//380 
f 384//384 383//383 382//382 
f 378//378 384//384 382//382 
f 232//232 378//378 382//382 
f 223//223 378//378 232//232 
f 237//237 385//385 238//238 
f 379//379 230//230 238//238 
f 385//385 379//379 238//238 
f 386//386 379//379 385//385 
f 379//379 387//387 380//380 
f 379//379 386//386 387//387 
f 381//381 380//380 388//388 
f 388//388 380//380 387//387 
f 382//382 383//383 389//389 
f 389//389 383//383 390//390 
f 389//389 240//240 232//232 
f 389//389 232//232 382//382 
f 247//247 391//391 385//385 
f 247//247 385//385 237//237 
f 385//385 392//392 386//386 
f 385//385 391//391 392//392 
f 386//386 393//393 387//387 
f 386//386 392//392 393//393 
f 388//388 387//387 394//394 
f 394//394 387//387 393//393 
f 389//389 390//390 395//395 
f 395//395 390//390 396//396 
f 395//395 249//249 240//240 
f 395//395 240//240 389//389 
f 255//255 397//397 256//256 
f 391//391 247//247 256//256 
f 397//397 391//391 256//256 
f 398//398 391//391 397//397 
f 391//391 399//399 392//392 
f 391//391 398//398 399//399 
f 401//401 393//393 400//400 
f 393//393 399//399 400//400 
f 393//393 392//392 399//399 
f 393//393 401//401 394//394 
f 404//404 403//403 402//402 
f 404//404 402//402 396//396 
f 396//396 402//402 395//395 
f 402//402 258//258 395//395 
f 258//258 259//259 395//395 
f 395//395 259//259 249//249 
f 265//265 405//405 266//266 
f 397//397 255//255 266//266 
f 405//405 397//397 266//266 
f 406//406 397//397 405//405 
f 397//397 407//407 398//398 
f 397//397 406//406 407//407 
f 398//398 408//408 399//399 
f 398//398 407//407 408//408 
f 400//400 399//399 409//409 
f 409//409 399//399 408//408 
f 402//402 403//403 410//410 
f 410//410 403//403 411//411 
f 410//410 268//268 258//258 
f 410//410 258//258 402//402 
f 274//274 412//412 405//405 
f 274//274 405//405 265//265 
f 405//405 413//413 406//406 
f 405//405 412//412 413//413 
f 406//406 414//414 407//407 
f 406//406 413//413 414//414 
f 407//407 415//415 408//408 
f 407//407 414//414 415//415 
f 409//409 408//408 416//416 
f 416//416 408//408 415//415 
f 410//410 411//411 417//417 
f 417//417 411//411 418//418 
f 417//417 276//276 268//268 
f 417//417 268//268 410//410 
f 281//281 419//419 282//282 
f 412//412 274//274 282//282 
f 419//419 412//412 282//282 
f 420//420 412//412 419//419 
f 412//412 421//421 413//413 
f 412//412 420//420 421//421 
f 413//413 422//422 414//414 
f 413//413 421//421 422//422 
f 424//424 415//415 423//423 
f 415//415 422//422 423//423 
f 415//415 414//414 422//422 
f 415//415 424//424 416//416 
f 427//427 426//426 425//425 
f 427//427 425//425 418//418 
f 418//418 425//425 417//417 
f 425//425 284//284 417//417 
f 284//284 285//285 417//417 
f 417//417 285//285 276//276 
f 290//290 428//428 291//291 
f 419//419 281//281 291//291 
f 428//428 419//419 291//291 
f 429//429 419//419 428//428 
f 419//419 430//430 420//420 
f 419//419 429//429 430//430 
f 420//420 431//431 421//421 
f 420//420 430//430 431//431 
f 433//433 422//422 432//432 
f 422//422 431//431 432//432 
f 422//422 421//421 431//431 
f 422//422 433//433 423//423 
f 425//425 426//426 434//434 
f 434//434 426//426 435//435 
f 434//434 293//293 284//284 
f 434//434 284//284 425//425 
f 297//297 436//436 298//298 
f 428//428 290//290 298//298 
f 436//436 428//428 298//298 
f 437//437 428//428 436//436 
f 428//428 438//438 429//429 
f 428//428 437//437 438//438 
f 429//429 439//439 430//430 
f 429//429 438//438 439//439 
f 441//441 431//431 440//440 
f 431//431 439//439 440//440 
f 431//431 430//430 439//439 
f 431//431 441//441 432//432 
f 434//434 435//435 442//442 
f 442//442 435//435 443//443 
f 442//442 300//300 293//293 
f 442//442 293//293 434//434 
f 303//303 444//444 304//304 
f 436//436 297//297 304//304 
f 444//444 436//436 304//304 
f 445//445 436//436 444//444 
f 436//436 446//446 437//437 
f 436//436 445//445 446//446 
f 437//437 447//447 438//438 
f 437//437 446//446 447//447 
f 449//449 439//439 448//448 
f 439//439 447//447 448//448 
f 439//439 438//438 447//447 
f 439//439 449//449 440//440 
f 442//442 443//443 450//450 
f 450//450 443//443 451//451 
f 452//452 305//305 300//300 
f 442//442 452//452 300//300 
f 450//450 452//452 442//442 
f 453//453 306//306 305//305 
f 453//453 305//305 452//452 
f 454//454 307//307 306//306 
f 454//454 306//306 453//453 
f 444//444 303//303 307//307 
f 454//454 444//444 307//307 
f 455//455 444//444 454//454 
f 444//444 456//456 445//445 
f 444//444 455//455 456//456 
f 445//445 457//457 446//446 
f 445//445 456//456 457//457 
f 459//459 447//447 458//458 
f 447//447 457//457 458//458 
f 447//447 446//446 457//457 
f 447//447 459//459 448//448 
f 450//450 451//451 460//460 
f 460//460 451//451 461//461 
f 450//450 462//462 452//452 
f 450//450 460//460 462//462 
f 452//452 463//463 453//453 
f 452//452 462//462 463//463 
f 453//453 464//464 454//454 
f 453//453 463//463 464//464 
f 454//454 465//465 455//455 
f 454//454 464//464 465//465 
f 455//455 466//466 456//456 
f 455//455 465//465 466//466 
f 468//468 457//457 467//467 
f 457//457 466//466 467//467 
f 457//457 456//456 466//466 
f 457//457 468//468 458//458 
f 461//461 469//469 460//460 
f 460//460 469//469 462//462 
f 462//462 469//469 470//470 
f 462//462 470//470 463//463 
f 463//463 470//470 471//471 
f 463//463 471//471 464//464 
f 464//464 471//471 472//472 
f 464//464 472//472 465//465 
f 465//465 472//472 473//473 
f 465//465 473//473 466//466 
f 466//466 473//473 474//474 
f 466//466 474//474 467//467 
f 476//476 475//475 310//310 
f 310//310 475//475 309//309 
f 477//477 310//310 311//311 
f 477//477 476//476 310//310 
f 478//478 311//311 312//312 
f 478//478 477//477 311//311 
f 312//312 314//314 478//478 
f 478//478 314//314 479//479 
f 475//475 315//315 309//309 
f 480//480 315//315 475//475 
f 481//481 479//479 314//314 
f 481//481 314//314 316//316 
f 483//483 482//482 318//318 
f 482//482 316//316 318//318 
f 482//482 481//481 316//316 
f 483//483 484//484 482//482 
f 480//480 320//320 315//315 
f 485//485 320//320 480//480 
f 321//321 483//483 318//318 
f 487//487 486//486 322//322 
f 322//322 486//486 321//321 
f 486//486 484//484 321//321 
f 484//484 483//483 321//321 
f 487//487 488//488 486//486 
f 490//490 489//489 324//324 
f 324//324 489//489 323//323 
f 324//324 320//320 485//485 
f 324//324 485//485 490//490 
f 325//325 487//487 322//322 
f 491//491 488//488 487//487 
f 325//325 491//491 487//487 
f 326//326 491//491 325//325 
f 326//326 328//328 491//491 
f 491//491 328//328 492//492 
f 489//489 330//330 323//323 
f 493//493 330//330 489//489 
f 332//332 495//495 494//494 
f 492//492 332//332 494//494 
f 328//328 332//332 492//492 
f 495//495 496//496 494//494 
f 497//497 333//333 334//334 
f 498//498 497//497 334//334 
f 330//330 498//498 334//334 
f 493//493 498//498 330//330 
f 335//335 499//499 495//495 
f 335//335 495//495 332//332 
f 496//496 495//495 500//500 
f 500//500 495//495 499//499 
f 502//502 501//501 497//497 
f 501//501 333//333 497//497 
f 501//501 336//336 333//333 
f 502//502 497//497 498//498 
f 338//338 503//503 499//499 
f 338//338 499//499 335//335 
f 500//500 499//499 504//504 
f 504//504 499//499 503//503 
f 501//501 339//339 336//336 
f 505//505 339//339 501//501 
f 341//341 506//506 503//503 
f 341//341 503//503 338//338 
f 504//504 503//503 507//507 
f 507//507 503//503 506//506 
f 505//505 342//342 339//339 
f 508//508 342//342 505//505 
f 344//344 509//509 506//506 
f 344//344 506//506 341//341 
f 507//507 506//506 510//510 
f 510//510 506//506 509//509 
f 512//512 511//511 346//346 
f 346//346 511//511 345//345 
f 346//346 342//342 508//508 
f 346//346 508//508 512//512 
f 348//348 513//513 509//509 
f 348//348 509//509 344//344 
f 510//510 509//509 514//514 
f 514//514 509//509 513//513 
f 517//517 516//516 515//515 
f 511//511 517//517 515//515 
f 349//349 511//511 515//515 
f 345//345 511//511 349//349 
f 519//519 518//518 513//513 
f 348//348 519//519 513//513 
f 351//351 519//519 348//348 
f 513//513 518//518 514//514 
f 515//515 516//516 354//354 
f 516//516 353//353 354//354 
f 516//516 520//520 353//353 
f 515//515 354//354 349//349 
f 356//356 521//521 357//357 
f 521//521 522//522 357//357 
f 522//522 351//351 357//357 
f 522//522 519//519 351//351 
f 520//520 359//359 353//353 
f 523//523 359//359 520//520 
f 361//361 524//524 521//521 
f 361//361 521//521 356//356 
f 522//522 521//521 525//525 
f 525//525 521//521 524//524 
f 528//528 527//527 526//526 
f 523//523 528//528 526//526 
f 362//362 523//523 526//526 
f 359//359 523//523 362//362 
f 530//530 529//529 524//524 
f 361//361 530//530 524//524 
f 365//365 530//530 361//361 
f 524//524 529//529 525//525 
f 526//526 527//527 368//368 
f 527//527 367//367 368//368 
f 527//527 531//531 367//367 
f 526//526 368//368 362//362 
f 371//371 532//532 372//372 
f 532//532 533//533 372//372 
f 533//533 365//365 372//372 
f 533//533 530//530 365//365 
f 531//531 374//374 367//367 
f 534//534 374//374 531//531 
f 377//377 535//535 532//532 
f 377//377 532//532 371//371 
f 533//533 532//532 536//536 
f 536//536 532//532 535//535 
f 539//539 538//538 537//537 
f 534//534 539//539 537//537 
f 378//378 534//534 537//537 
f 374//374 534//534 378//378 
f 381//381 540//540 535//535 
f 381//381 535//535 377//377 
f 536//536 535//535 541//541 
f 541//541 535//535 540//540 
f 537//537 538//538 384//384 
f 538//538 383//383 384//384 
f 538//538 542//542 383//383 
f 537//537 384//384 378//378 
f 388//388 543//543 540//540 
f 388//388 540//540 381//381 
f 541//541 540//540 544//544 
f 544//544 540//540 543//543 
f 542//542 390//390 383//383 
f 545//545 390//390 542//542 
f 394//394 546//546 543//543 
f 394//394 543//543 388//388 
f 544//544 543//543 547//547 
f 547//547 543//543 546//546 
f 550//550 549//549 548//548 
f 545//545 550//550 548//548 
f 396//396 545//545 548//548 
f 390//390 545//545 396//396 
f 400//400 551//551 401//401 
f 551//551 552//552 401//401 
f 401//401 552//552 394//394 
f 552//552 553//553 394//394 
f 553//553 546//546 394//394 
f 546//546 553//553 547//547 
f 548//548 549//549 404//404 
f 549//549 403//403 404//404 
f 549//549 554//554 403//403 
f 548//548 404//404 396//396 
f 409//409 555//555 551//551 
f 409//409 551//551 400//400 
f 552//552 551//551 556//556 
f 556//556 551//551 555//555 
f 559//559 558//558 557//557 
f 554//554 559//559 557//557 
f 411//411 554//554 557//557 
f 403//403 554//554 411//411 
f 416//416 560//560 555//555 
f 416//416 555//555 409//409 
f 556//556 555//555 561//561 
f 561//561 555//555 560//560 
f 557//557 558//558 562//562 
f 562//562 558//558 563//563 
f 562//562 418//418 411//411 
f 562//562 411//411 557//557 
f 423//423 564//564 424//424 
f 560//560 416//416 424//424 
f 564//564 560//560 424//424 
f 565//565 560//560 564//564 
f 561//561 560//560 566//566 
f 566//566 560//560 565//565 
f 562//562 563//563 427//427 
f 563//563 426//426 427//427 
f 563//563 567//567 426//426 
f 562//562 427//427 418//418 
f 432//432 568//568 433//433 
f 564//564 423//423 433//433 
f 568//568 564//564 433//433 
f 569//569 564//564 568//568 
f 571//571 565//565 570//570 
f 565//565 569//569 570//570 
f 565//565 564//564 569//569 
f 565//565 571//571 566//566 
f 567//567 435//435 426//426 
f 572//572 435//435 567//567 
f 440//440 573//573 441//441 
f 568//568 432//432 441//441 
f 573//573 568//568 441//441 
f 574//574 568//568 573//573 
f 568//568 575//575 569//569 
f 568//568 574//574 575//575 
f 570//570 569//569 576//576 
f 576//576 569//569 575//575 
f 572//572 443//443 435//435 
f 577//577 443//443 572//572 
f 448//448 578//578 449//449 
f 573//573 440//440 449//449 
f 578//578 573//573 449//449 
f 579//579 573//573 578//578 
f 573//573 580//580 574//574 
f 573//573 579//579 580//580 
f 574//574 581//581 575//575 
f 574//574 580//580 581//581 
f 576//576 575//575 582//582 
f 582//582 575//575 581//581 
f 585//585 584//584 583//583 
f 577//577 585//585 583//583 
f 451//451 577//577 583//583 
f 443//443 577//577 451//451 
f 458//458 586//586 459//459 
f 578//578 448//448 459//459 
f 586//586 578//578 459//459 
f 587//587 578//578 586//586 
f 578//578 588//588 579//579 
f 578//578 587//587 588//588 
f 579//579 589//589 580//580 
f 579//579 588//588 589//589 
f 591//591 581//581 590//590 
f 581//581 589//589 590//590 
f 581//581 580//580 589//589 
f 581//581 591//591 582//582 
f 583//583 584//584 592//592 
f 592//592 584//584 593//593 
f 592//592 461//461 451//451 
f 592//592 451//451 583//583 
f 467//467 594//594 468//468 
f 586//586 458//458 468//468 
f 594//594 586//586 468//468 
f 595//595 586//586 594//594 
f 586//586 596//596 587//587 
f 586//586 595//595 596//596 
f 598//598 588//588 597//597 
f 588//588 596//596 597//597 
f 588//588 587//587 596//596 
f 588//588 598//598 589//589 
f 589//589 598//598 599//599 
f 589//589 599//599 590//590 
f 602//602 601//601 600//600 
f 602//602 600//600 593//593 
f 600//600 592//592 593//593 
f 600//600 603//603 592//592 
f 604//604 469//469 461//461 
f 592//592 604//604 461//461 
f 603//603 604//604 592//592 
f 605//605 470//470 469//469 
f 605//605 469//469 604//604 
f 606//606 471//471 470//470 
f 606//606 470//470 605//605 
f 607//607 472//472 471//471 
f 607//607 471//471 606//606 
f 608//608 473//473 472//472 
f 608//608 472//472 607//607 
f 609//609 474//474 473//473 
f 609//609 473//473 608//608 
f 594//594 467//467 474//474 
f 609//609 594//594 474//474 
f 610//610 594//594 609//609 
f 612//612 595//595 611//611 
f 595//595 610//610 611//611 
f 595//595 594//594 610//610 
f 595//595 612//612 596//596 
f 596//596 612//612 613//613 
f 596//596 613//613 597//597 
f 601//601 614//614 600//600 
f 616//616 615//615 614//614 
f 615//615 600//600 614//614 
f 615//615 603//603 600//600 
f 603//603 617//617 604//604 
f 603//603 615//615 617//617 
f 604//604 618//618 605//605 
f 604//604 617//617 618//618 
f 605//605 619//619 606//606 
f 605//605 618//618 619//619 
f 606//606 620//620 607//607 
f 606//606 619//619 620//620 
f 607//607 621//621 608//608 
f 607//607 620//620 621//621 
f 623//623 609//609 622//622 
f 609//609 621//621 622//622 
f 609//609 608//608 621//621 
f 609//609 623//623 610//610 
f 610//610 623//623 624//624 
f 610//610 624//624 611//611 
f 616//616 625//625 615//615 
f 615//615 625//625 617//617 
f 617//617 625//625 626//626 
f 617//617 626//626 618//618 
f 618//618 626//626 627//627 
f 618//618 627//627 619//619 
f 619//619 627//627 628//628 
f 619//619 628//628 620//620 
f 620//620 628//628 629//629 
f 620//620 629//629 621//621 
f 621//621 629//629 630//630 
f 621//621 630//630 622//622 
f 632//632 631//631 476//476 
f 476//476 631//631 475//475 
f 633//633 476//476 477//477 
f 633//633 632//632 476//476 
f 634//634 477//477 478//478 
f 634//634 633//633 477//477 
f 636//636 635//635 479//479 
f 635//635 478//478 479//479 
f 635//635 634//634 478//478 
f 636//636 637//637 635//635 
f 631//631 480//480 475//475 
f 638//638 480//480 631//631 
f 481//481 636//636 479//479 
f 639//639 637//637 636//636 
f 481//481 639//639 636//636 
f 482//482 639//639 481//481 
f 482//482 484//484 639//639 
f 639//639 484//484 640//640 
f 638//638 485//485 480//480 
f 641//641 485//485 638//638 
f 642//642 640//640 484//484 
f 642//642 484//484 486//486 
f 644//644 643//643 488//488 
f 643//643 486//486 488//488 
f 643//643 642//642 486//486 
f 644//644 645//645 643//643 
f 646//646 489//489 490//490 
f 647//647 646//646 490//490 
f 485//485 647//647 490//490 
f 641//641 647//647 485//485 
f 491//491 644//644 488//488 
f 649//649 648//648 492//492 
f 492//492 648//648 491//491 
f 648//648 645//645 491//491 
f 645//645 644//644 491//491 
f 649//649 650//650 648//648 
f 652//652 651//651 646//646 
f 651//651 489//489 646//646 
f 651//651 493//493 489//489 
f 652//652 646//646 647//647 
f 494//494 649//649 492//492 
f 494//494 496//496 649//649 
f 496//496 650//650 649//649 
f 496//496 653//653 650//650 
f 651//651 498//498 493//493 
f 654//654 498//498 651//651 
f 500//500 653//653 496//496 
f 500//500 655//655 653//653 
f 656//656 501//501 502//502 
f 657//657 656//656 502//502 
f 498//498 657//657 502//502 
f 654//654 657//657 498//498 
f 504//504 655//655 500//500 
f 504//504 658//658 655//655 
f 660//660 659//659 656//656 
f 659//659 501//501 656//656 
f 659//659 505//505 501//501 
f 660//660 656//656 657//657 
f 507//507 658//658 504//504 
f 507//507 661//661 658//658 
f 664//664 663//663 662//662 
f 659//659 664//664 662//662 
f 508//508 659//659 662//662 
f 505//505 659//659 508//508 
f 510//510 661//661 507//507 
f 510//510 665//665 661//661 
f 668//668 667//667 666//666 
f 668//668 666//666 663//663 
f 663//663 666//666 662//662 
f 666//666 511//511 662//662 
f 511//511 512//512 662//662 
f 662//662 512//512 508//508 
f 514//514 665//665 510//510 
f 514//514 669//669 665//665 
f 666//666 667//667 517//517 
f 667//667 516//516 517//517 
f 667//667 670//670 516//516 
f 666//666 517//517 511//511 
f 519//519 671//671 518//518 
f 671//671 672//672 518//518 
f 672//672 514//514 518//518 
f 672//672 669//669 514//514 
f 675//675 674//674 673//673 
f 670//670 675//675 673//673 
f 520//520 670//670 673//673 
f 516//516 670//670 520//520 
f 522//522 676//676 671//671 
f 522//522 671//671 519//519 
f 672//672 671//671 677//677 
f 677//677 671//671 676//676 
f 673//673 674//674 678//678 
f 678//678 674//674 679//679 
f 678//678 523//523 520//520 
f 678//678 520//520 673//673 
f 525//525 680//680 676//676 
f 525//525 676//676 522//522 
f 677//677 676//676 681//681 
f 681//681 676//676 680//680 
f 678//678 679//679 528//528 
f 679//679 527//527 528//528 
f 679//679 682//682 527//527 
f 678//678 528//528 523//523 
f 530//530 683//683 529//529 
f 683//683 684//684 529//529 
f 529//529 684//684 525//525 
f 684//684 685//685 525//525 
f 685//685 680//680 525//525 
f 680//680 685//685 681//681 
f 682//682 531//531 527//527 
f 686//686 531//531 682//682 
f 533//533 687//687 683//683 
f 533//533 683//683 530//530 
f 684//684 683//683 688//688 
f 688//688 683//683 687//687 
f 691//691 690//690 689//689 
f 686//686 691//691 689//689 
f 534//534 686//686 689//689 
f 531//531 686//686 534//534 
f 536//536 692//692 687//687 
f 536//536 687//687 533//533 
f 688//688 687//687 693//693 
f 693//693 687//687 692//692 
f 689//689 690//690 539//539 
f 690//690 538//538 539//539 
f 690//690 694//694 538//538 
f 689//689 539//539 534//534 
f 541//541 695//695 692//692 
f 541//541 692//692 536//536 
f 693//693 692//692 696//696 
f 696//696 692//692 695//695 
f 699//699 698//698 697//697 
f 694//694 699//699 697//697 
f 542//542 694//694 697//697 
f 538//538 694//694 542//542 
f 701//701 700//700 695//695 
f 541//541 701//701 695//695 
f 544//544 701//701 541//541 
f 695//695 700//700 696//696 
f 697//697 698//698 702//702 
f 702//702 698//698 703//703 
f 702//702 545//545 542//542 
f 702//702 542//542 697//697 
f 547//547 701//701 544//544 
f 547//547 704//704 701//701 
f 707//707 706//706 705//705 
f 707//707 705//705 703//703 
f 703//703 705//705 702//702 
f 705//705 549//549 702//702 
f 549//549 550//550 702//702 
f 702//702 550//550 545//545 
f 552//552 708//708 553//553 
f 708//708 709//709 553//553 
f 709//709 547//547 553//553 
f 709//709 704//704 547//547 
f 705//705 706//706 710//710 
f 710//710 706//706 711//711 
f 710//710 554//554 549//549 
f 710//710 549//549 705//705 
f 556//556 712//712 708//708 
f 556//556 708//708 552//552 
f 709//709 708//708 713//713 
f 713//713 708//708 712//712 
f 710//710 711//711 559//559 
f 711//711 558//558 559//559 
f 711//711 714//714 558//558 
f 710//710 559//559 554//554 
f 561//561 715//715 712//712 
f 561//561 712//712 556//556 
f 713//713 712//712 716//716 
f 716//716 712//712 715//715 
f 714//714 563//563 558//558 
f 717//717 563//563 714//714 
f 566//566 718//718 715//715 
f 566//566 715//715 561//561 
f 716//716 715//715 719//719 
f 719//719 715//715 718//718 
f 722//722 721//721 720//720 
f 717//717 722//722 720//720 
f 567//567 717//717 720//720 
f 563//563 717//717 567//567 
f 570//570 723//723 571//571 
f 723//723 724//724 571//571 
f 571//571 724//724 566//566 
f 724//724 725//725 566//566 
f 725//725 718//718 566//566 
f 718//718 725//725 719//719 
f 720//720 721//721 726//726 
f 726//726 721//721 727//727 
f 726//726 572//572 567//567 
f 726//726 567//567 720//720 
f 576//576 728//728 723//723 
f 576//576 723//723 570//570 
f 724//724 723//723 729//729 
f 729//729 723//723 728//728 
f 726//726 727//727 730//730 
f 730//730 727//727 731//731 
f 730//730 577//577 572//572 
f 730//730 572//572 726//726 
f 582//582 732//732 728//728 
f 582//582 728//728 576//576 
f 729//729 728//728 733//733 
f 733//733 728//728 732//732 
f 730//730 731//731 585//585 
f 731//731 584//584 585//585 
f 731//731 734//734 584//584 
f 730//730 585//585 577//577 
f 590//590 735//735 591//591 
f 735//735 736//736 591//591 
f 591//591 736//736 582//582 
f 736//736 737//737 582//582 
f 737//737 732//732 582//582 
f 732//732 737//737 733//733 
f 740//740 739//739 738//738 
f 734//734 740//740 738//738 
f 593//593 734//734 738//738 
f 584//584 734//734 593//593 
f 597//597 741//741 598//598 
f 742//742 599//599 598//598 
f 742//742 598//598 741//741 
f 735//735 590//590 599//599 
f 742//742 735//735 599//599 
f 743//743 735//735 742//742 
f 736//736 735//735 744//744 
f 744//744 735//735 743//743 
f 747//747 746//746 745//745 
f 747//747 745//745 739//739 
f 739//739 745//745 738//738 
f 745//745 601//601 738//738 
f 601//601 602//602 738//738 
f 738//738 602//602 593//593 
f 611//611 748//748 612//612 
f 749//749 613//613 612//612 
f 749//749 612//612 748//748 
f 741//741 597//597 613//613 
f 749//749 741//741 613//613 
f 750//750 741//741 749//749 
f 752//752 742//742 751//751 
f 742//742 750//750 751//751 
f 742//742 741//741 750//750 
f 742//742 752//752 743//743 
f 743//743 752//752 753//753 
f 743//743 753//753 744//744 
f 756//756 755//755 754//754 
f 756//756 754//754 746//746 
f 754//754 745//745 746//746 
f 754//754 757//757 745//745 
f 758//758 614//614 601//601 
f 745//745 758//758 601//601 
f 757//757 758//758 745//745 
f 758//758 616//616 614//614 
f 622//622 759//759 623//623 
f 760//760 624//624 623//623 
f 760//760 623//623 759//759 
f 748//748 611//611 624//624 
f 760//760 748//748 624//624 
f 761//761 748//748 760//760 
f 763//763 749//749 762//762 
f 749//749 761//761 762//762 
f 749//749 748//748 761//761 
f 749//749 763//763 750//750 
f 750//750 763//763 764//764 
f 750//750 764//764 751//751 
f 754//754 755//755 765//765 
f 765//765 755//755 766//766 
f 754//754 767//767 757//757 
f 754//754 765//765 767//767 
f 757//757 768//768 758//758 
f 757//757 767//767 768//768 
f 769//769 625//625 616//616 
f 758//758 769//769 616//616 
f 768//768 769//769 758//758 
f 770//770 626//626 625//625 
f 770//770 625//625 769//769 
f 771//771 627//627 626//626 
f 771//771 626//626 770//770 
f 772//772 628//628 627//627 
f 772//772 627//627 771//771 
f 773//773 629//629 628//628 
f 773//773 628//628 772//772 
f 774//774 630//630 629//629 
f 774//774 629//629 773//773 
f 759//759 622//622 630//630 
f 774//774 759//759 630//630 
f 775//775 759//759 774//774 
f 759//759 776//776 760//760 
f 759//759 775//775 776//776 
f 778//778 761//761 777//777 
f 761//761 776//776 777//777 
f 761//761 760//760 776//776 
f 761//761 778//778 762//762 
f 766//766 779//779 765//765 
f 765//765 779//779 767//767 
f 767//767 779//779 780//780 
f 767//767 780//780 768//768 
f 768//768 780//780 781//781 
f 768//768 781//781 769//769 
f 769//769 781//781 782//782 
f 769//769 782//782 770//770 
f 770//770 782//782 783//783 
f 770//770 783//783 771//771 
f 771//771 783//783 784//784 
f 771//771 784//784 772//772 
f 772//772 784//784 785//785 
f 772//772 785//785 773//773 
f 773//773 785//785 786//786 
f 773//773 786//786 774//774 
f 774//774 786//786 787//787 
f 774//774 787//787 775//775 
f 775//775 787//787 788//788 
f 775//775 788//788 776//776 
f 776//776 788//788 789//789 
f 776//776 789//789 777//777 
f 791//791 790//790 632//632 
f 632//632 790//790 631//631 
f 792//792 632//632 633//633 
f 792//792 791//791 632//632 
f 793//793 633//633 634//634 
f 793//793 792//792 633//633 
f 794//794 634//634 635//635 
f 794//794 793//793 634//634 
f 635//635 637//637 794//794 
f 794//794 637//637 795//795 
f 790//790 638//638 631//631 
f 796//796 638//638 790//790 
f 797//797 795//795 637//637 
f 797//797 637//637 639//639 
f 799//799 798//798 640//640 
f 798//798 639//639 640//640 
f 798//798 797//797 639//639 
f 799//799 800//800 798//798 
f 796//796 641//641 638//638 
f 801//801 641//641 796//796 
f 642//642 799//799 640//640 
f 802//802 800//800 799//799 
f 642//642 802//802 799//799 
f 643//643 802//802 642//642 
f 643//643 645//645 802//802 
f 802//802 645//645 803//803 
f 801//801 647//647 641//641 
f 804//804 647//647 801//801 
f 805//805 803//803 645//645 
f 805//805 645//645 648//648 
f 648//648 650//650 805//805 
f 805//805 650//650 806//806 
f 807//807 651//651 652//652 
f 808//808 807//807 652//652 
f 647//647 808//808 652//652 
f 804//804 808//808 647//647 
f 653//653 806//806 650//650 
f 653//653 809//809 806//806 
f 811//811 810//810 807//807 
f 810//810 651//651 807//807 
f 810//810 654//654 651//651 
f 811//811 807//807 808//808 
f 655//655 813//813 812//812 
f 809//809 655//655 812//812 
f 653//653 655//655 809//809 
f 813//813 814//814 812//812 
f 810//810 657//657 654//654 
f 815//815 657//657 810//810 
f 658//658 816//816 813//813 
f 658//658 813//813 655//655 
f 814//814 813//813 817//817 
f 817//817 813//813 816//816 
f 819//819 818//818 660//660 
f 660//660 818//818 659//659 
f 660//660 657//657 815//815 
f 660//660 815//815 819//819 
f 661//661 820//820 816//816 
f 661//661 816//816 658//658 
f 817//817 816//816 821//821 
f 821//821 816//816 820//820 
f 824//824 823//823 822//822 
f 663//663 664//664 822//822 
f 664//664 824//824 822//822 
f 664//664 825//825 824//824 
f 664//664 659//659 818//818 
f 664//664 818//818 825//825 
f 665//665 826//826 820//820 
f 665//665 820//820 661//661 
f 821//821 820//820 827//827 
f 827//827 820//820 826//826 
f 822//822 823//823 668//668 
f 823//823 667//667 668//668 
f 823//823 828//828 667//667 
f 822//822 668//668 663//663 
f 669//669 829//829 826//826 
f 669//669 826//826 665//665 
f 827//827 826//826 830//830 
f 830//830 826//826 829//829 
f 833//833 832//832 831//831 
f 828//828 833//833 831//831 
f 670//670 828//828 831//831 
f 667//667 828//828 670//670 
f 672//672 834//834 829//829 
f 672//672 829//829 669//669 
f 830//830 829//829 835//835 
f 835//835 829//829 834//834 
f 831//831 832//832 675//675 
f 832//832 674//674 675//675 
f 832//832 836//836 674//674 
f 831//831 675//675 670//670 
f 677//677 837//837 834//834 
f 677//677 834//834 672//672 
f 835//835 834//834 838//838 
f 838//838 834//834 837//837 
f 836//836 679//679 674//674 
f 839//839 679//679 836//836 
f 841//841 840//840 837//837 
f 677//677 841//841 837//837 
f 681//681 841//841 677//677 
f 837//837 840//840 838//838 
f 839//839 682//682 679//679 
f 842//842 682//682 839//839 
f 684//684 843//843 685//685 
f 843//843 844//844 685//685 
f 844//844 681//681 685//685 
f 844//844 841//841 681//681 
f 847//847 846//846 845//845 
f 842//842 847//847 845//845 
f 686//686 842//842 845//845 
f 682//682 842//842 686//686 
f 688//688 848//848 843//843 
f 688//688 843//843 684//684 
f 844//844 843//843 849//849 
f 849//849 843//843 848//848 
f 845//845 846//846 691//691 
f 846//846 690//690 691//691 
f 846//846 850//850 690//690 
f 845//845 691//691 686//686 
f 852//852 851//851 848//848 
f 688//688 852//852 848//848 
f 693//693 852//852 688//688 
f 848//848 851//851 849//849 
f 855//855 854//854 853//853 
f 850//850 855//855 853//853 
f 694//694 850//850 853//853 
f 690//690 850//850 694//694 
f 696//696 852//852 693//693 
f 696//696 856//856 852//852 
f 859//859 858//858 857//857 
f 859//859 857//857 854//854 
f 854//854 857//857 853//853 
f 857//857 698//698 853//853 
f 698//698 699//699 853//853 
f 853//853 699//699 694//694 
f 701//701 860//860 700//700 
f 860//860 861//861 700//700 
f 861//861 696//696 700//700 
f 861//861 856//856 696//696 
f 864//864 863//863 862//862 
f 864//864 862//862 858//858 
f 862//862 857//857 858//858 
f 862//862 865//865 857//857 
f 865//865 703//703 698//698 
f 865//865 698//698 857//857 
f 704//704 866//866 860//860 
f 704//704 860//860 701//701 
f 861//861 860//860 867//867 
f 867//867 860//860 866//866 
f 862//862 863//863 868//868 
f 868//868 863//863 869//869 
f 868//868 706//706 707//707 
f 865//865 868//868 707//707 
f 862//862 868//868 865//865 
f 865//865 707//707 703//703 
f 709//709 870//870 866//866 
f 709//709 866//866 704//704 
f 867//867 866//866 871//871 
f 871//871 866//866 870//870 
f 868//868 869//869 872//872 
f 872//872 869//869 873//873 
f 872//872 711//711 706//706 
f 872//872 706//706 868//868 
f 713//713 874//874 870//870 
f 713//713 870//870 709//709 
f 871//871 870//870 875//875 
f 875//875 870//870 874//874 
f 872//872 873//873 876//876 
f 876//876 873//873 877//877 
f 876//876 714//714 711//711 
f 876//876 711//711 872//872 
f 879//879 878//878 874//874 
f 713//713 879//879 874//874 
f 716//716 879//879 713//713 
f 874//874 878//878 875//875 
f 876//876 877//877 880//880 
f 880//880 877//877 881//881 
f 880//880 717//717 714//714 
f 880//880 714//714 876//876 
f 719//719 879//879 716//716 
f 719//719 882//882 879//879 
f 880//880 881//881 722//722 
f 881//881 721//721 722//722 
f 881//881 883//883 721//721 
f 880//880 722//722 717//717 
f 724//724 884//884 725//725 
f 884//884 885//885 725//725 
f 885//885 719//719 725//725 
f 885//885 882//882 719//719 
f 883//883 727//727 721//721 
f 886//886 727//727 883//883 
f 729//729 887//887 884//884 
f 729//729 884//884 724//724 
f 885//885 884//884 888//888 
f 888//888 884//884 887//887 
f 886//886 731//731 727//727 
f 889//889 731//731 886//886 
f 891//891 890//890 887//887 
f 729//729 891//891 887//887 
f 733//733 891//891 729//729 
f 887//887 890//890 888//888 
f 894//894 893//893 892//892 
f 889//889 894//894 892//892 
f 734//734 889//889 892//892 
f 731//731 889//889 734//734 
f 736//736 895//895 737//737 
f 895//895 896//896 737//737 
f 896//896 733//733 737//737 
f 896//896 891//891 733//733 
f 892//892 893//893 740//740 
f 893//893 739//739 740//740 
f 893//893 897//897 739//739 
f 892//892 740//740 734//734 
f 744//744 898//898 895//895 
f 744//744 895//895 736//736 
f 896//896 895//895 899//899 
f 899//899 895//895 898//898 
f 901//901 900//900 747//747 
f 747//747 900//900 746//746 
f 747//747 739//739 897//897 
f 747//747 897//897 901//901 
f 751//751 902//902 752//752 
f 903//903 753//753 752//752 
f 903//903 752//752 902//902 
f 903//903 904//904 753//753 
f 753//753 904//904 744//744 
f 904//904 905//905 744//744 
f 905//905 898//898 744//744 
f 898//898 905//905 899//899 
f 907//907 906//906 756//756 
f 756//756 906//906 755//755 
f 756//756 746//746 900//900 
f 756//756 900//900 907//907 
f 762//762 908//908 763//763 
f 909//909 764//764 763//763 
f 909//909 763//763 908//908 
f 902//902 751//751 764//764 
f 909//909 902//902 764//764 
f 910//910 902//902 909//909 
f 912//912 903//903 911//911 
f 903//903 910//910 911//911 
f 903//903 902//902 910//910 
f 903//903 912//912 904//904 
f 915//915 914//914 913//913 
f 906//906 915//915 913//913 
f 766//766 906//906 913//913 
f 755//755 906//906 766//766 
f 777//777 916//916 778//778 
f 908//908 762//762 778//778 
f 916//916 908//908 778//778 
f 917//917 908//908 916//916 
f 919//919 909//909 918//918 
f 909//909 917//917 918//918 
f 909//909 908//908 917//917 
f 909//909 919//919 910//910 
f 910//910 919//919 920//920 
f 910//910 920//920 911//911 
f 913//913 914//914 921//921 
f 921//921 914//914 922//922 
f 923//923 779//779 766//766 
f 913//913 923//923 766//766 
f 921//921 923//923 913//913 
f 924//924 780//780 779//779 
f 924//924 779//779 923//923 
f 925//925 781//781 780//780 
f 925//925 780//780 924//924 
f 926//926 782//782 781//781 
f 926//926 781//781 925//925 
f 927//927 783//783 782//782 
f 927//927 782//782 926//926 
f 928//928 784//784 783//783 
f 928//928 783//783 927//927 
f 929//929 785//785 784//784 
f 929//929 784//784 928//928 
f 930//930 786//786 785//785 
f 930//930 785//785 929//929 
f 931//931 787//787 786//786 
f 931//931 786//786 930//930 
f 932//932 788//788 787//787 
f 932//932 787//787 931//931 
f 933//933 789//789 788//788 
f 933//933 788//788 932//932 
f 933//933 934//934 789//789 
f 789//789 934//934 777//777 
f 934//934 935//935 777//777 
f 935//935 916//916 777//777 
f 916//916 935//935 917//917 
f 917//917 935//935 936//936 
f 917//917 936//936 918//918 
f 922//922 937//937 921//921 
f 939//939 938//938 937//937 
f 938//938 921//921 937//937 
f 938//938 923//923 921//921 
f 923//923 940//940 924//924 
f 923//923 938//938 940//940 
f 924//924 941//941 925//925 
f 924//924 940//940 941//941 
f 925//925 942//942 926//926 
f 925//925 941//941 942//942 
f 926//926 943//943 927//927 
f 926//926 942//942 943//943 
f 927//927 944//944 928//928 
f 927//927 943//943 944//944 
f 928//928 945//945 929//929 
f 928//928 944//944 945//945 
f 929//929 946//946 930//930 
f 929//929 945//945 946//946 
f 930//930 947//947 931//931 
f 930//930 946//946 947//947 
f 931//931 948//948 932//932 
f 931//931 947//947 948//948 
f 950//950 933//933 949//949 
f 933//933 948//948 949//949 
f 933//933 932//932 948//948 
f 933//933 950//950 934//934 
f 939//939 951//951 938//938 
f 938//938 951//951 940//940 
f 940//940 951//951 952//952 
f 940//940 952//952 941//941 
f 941//941 952//952 953//953 
f 941//941 953//953 942//942 
f 942//942 953//953 954//954 
f 942//942 954//954 943//943 
f 943//943 954//954 955//955 
f 943//943 955//955 944//944 
f 944//944 955//955 956//956 
f 944//944 956//956 945//945 
f 945//945 956//956 957//957 
f 945//945 957//957 946//946 
f 946//946 957//957 958//958 
f 946//946 958//958 947//947 
f 947//947 958//958 959//959 
f 947//947 959//959 948//948 
f 948//948 959//959 960//960 
f 948//948 960//960 949//949 
f 961//961 790//790 791//791 
f 961//961 791//791 962//962 
f 791//791 963//963 962//962 
f 791//791 792//792 963//963 
f 964//964 792//792 793//793 
f 964//964 963//963 792//792 
f 965//965 793//793 794//794 
f 965//965 964//964 793//793 
f 967//967 966//966 795//795 
f 966//966 794//794 795//795 
f 966//966 965//965 794//794 
f 967//967 968//968 966//966 
f 969//969 796//796 961//961 
f 961//961 796//796 790//790 
f 961//961 962//962 970//970 
f 961//961 970//970 969//969 
f 797//797 967//967 795//795 
f 971//971 968//968 967//967 
f 797//797 971//971 967//967 
f 798//798 971//971 797//797 
f 973//973 972//972 800//800 
f 972//972 798//798 800//800 
f 972//972 971//971 798//798 
f 973//973 974//974 972//972 
f 975//975 801//801 969//969 
f 969//969 801//801 796//796 
f 969//969 970//970 976//976 
f 969//969 976//976 975//975 
f 802//802 973//973 800//800 
f 978//978 977//977 803//803 
f 803//803 977//977 802//802 
f 977//977 974//974 802//802 
f 974//974 973//973 802//802 
f 978//978 979//979 977//977 
f 980//980 804//804 975//975 
f 975//975 804//804 801//801 
f 975//975 976//976 981//981 
f 975//975 981//981 980//980 
f 805//805 978//978 803//803 
f 805//805 806//806 978//978 
f 806//806 979//979 978//978 
f 806//806 982//982 979//979 
f 984//984 983//983 980//980 
f 983//983 804//804 980//980 
f 983//983 808//808 804//804 
f 984//984 980//980 981//981 
f 809//809 986//986 985//985 
f 982//982 809//809 985//985 
f 806//806 809//809 982//982 
f 986//986 987//987 985//985 
f 989//989 988//988 811//811 
f 811//811 988//988 810//810 
f 811//811 808//808 983//983 
f 811//811 983//983 989//989 
f 812//812 986//986 809//809 
f 812//812 814//814 986//986 
f 814//814 987//987 986//986 
f 814//814 990//990 987//987 
f 993//993 992//992 991//991 
f 988//988 993//993 991//991 
f 815//815 988//988 991//991 
f 810//810 988//988 815//815 
f 817//817 990//990 814//814 
f 817//817 994//994 990//990 
f 997//997 996//996 995//995 
f 997//997 995//995 992//992 
f 992//992 995//995 991//991 
f 995//995 818//818 991//991 
f 818//818 819//819 991//991 
f 991//991 819//819 815//815 
f 821//821 994//994 817//817 
f 821//821 998//998 994//994 
f 1000//1000 999//999 824//824 
f 824//824 999//999 823//823 
f 825//825 995//995 996//996 
f 1000//1000 825//825 996//996 
f 824//824 825//825 1000//1000 
f 995//995 825//825 818//818 
f 827//827 998//998 821//821 
f 827//827 1001//1001 998//998 
f 999//999 828//828 823//823 
f 1002//1002 828//828 999//999 
f 830//830 1001//1001 827//827 
f 830//830 1003//1003 1001//1001 
f 1005//1005 1004//1004 833//833 
f 833//833 1004//1004 832//832 
f 833//833 828//828 1002//1002 
f 833//833 1002//1002 1005//1005 
f 835//835 1003//1003 830//830 
f 835//835 1006//1006 1003//1003 
f 1004//1004 836//836 832//832 
f 1007//1007 836//836 1004//1004 
f 838//838 1006//1006 835//835 
f 838//838 1008//1008 1006//1006 
f 1007//1007 839//839 836//836 
f 1009//1009 839//839 1007//1007 
f 1011//1011 1010//1010 840//840 
f 1011//1011 840//840 841//841 
f 838//838 840//840 1008//1008 
f 1008//1008 840//840 1010//1010 
f 1009//1009 842//842 839//839 
f 1012//1012 842//842 1009//1009 
f 844//844 1011//1011 841//841 
f 844//844 1013//1013 1011//1011 
f 1015//1015 1014//1014 847//847 
f 847//847 1014//1014 846//846 
f 847//847 842//842 1012//1012 
f 847//847 1012//1012 1015//1015 
f 849//849 1013//1013 844//844 
f 849//849 1016//1016 1013//1013 
f 1019//1019 1018//1018 1017//1017 
f 1014//1014 1019//1019 1017//1017 
f 850//850 1014//1014 1017//1017 
f 846//846 1014//1014 850//850 
f 852//852 1020//1020 851//851 
f 1020//1020 1021//1021 851//851 
f 1021//1021 849//849 851//851 
f 1021//1021 1016//1016 849//849 
f 1024//1024 1023//1023 1022//1022 
f 1024//1024 1022//1022 1018//1018 
f 1018//1018 1022//1022 1017//1017 
f 1022//1022 854//854 1017//1017 
f 854//854 855//855 1017//1017 
f 1017//1017 855//855 850//850 
f 856//856 1025//1025 1020//1020 
f 856//856 1020//1020 852//852 
f 1021//1021 1020//1020 1026//1026 
f 1026//1026 1020//1020 1025//1025 
f 1029//1029 1028//1028 1027//1027 
f 1029//1029 1027//1027 1023//1023 
f 1023//1023 1027//1027 1022//1022 
f 1027//1027 858//858 1022//1022 
f 858//858 859//859 1022//1022 
f 1022//1022 859//859 854//854 
f 861//861 1030//1030 1025//1025 
f 861//861 1025//1025 856//856 
f 1026//1026 1025//1025 1031//1031 
f 1031//1031 1025//1025 1030//1030 
f 1034//1034 1033//1033 1032//1032 
f 1034//1034 1032//1032 1028//1028 
f 1028//1028 1032//1032 1027//1027 
f 1032//1032 863//863 1027//1027 
f 863//863 864//864 1027//1027 
f 1027//1027 864//864 858//858 
f 867//867 1035//1035 1030//1030 
f 867//867 1030//1030 861//861 
f 1031//1031 1030//1030 1036//1036 
f 1036//1036 1030//1030 1035//1035 
f 1032//1032 1033//1033 1037//1037 
f 1037//1037 1033//1033 1038//1038 
f 1037//1037 869//869 863//863 
f 1037//1037 863//863 1032//1032 
f 1040//1040 1039//1039 1035//1035 
f 867//867 1040//1040 1035//1035 
f 871//871 1040//1040 867//867 
f 1035//1035 1039//1039 1036//1036 
f 1037//1037 1038//1038 1041//1041 
f 1041//1041 1038//1038 1042//1042 
f 1041//1041 873//873 869//869 
f 1041//1041 869//869 1037//1037 
f 875//875 1040//1040 871//871 
f 875//875 1043//1043 1040//1040 
f 1041//1041 1042//1042 1044//1044 
f 1044//1044 1042//1042 1045//1045 
f 1044//1044 877//877 873//873 
f 1044//1044 873//873 1041//1041 
f 879//879 1046//1046 878//878 
f 1046//1046 1047//1047 878//878 
f 1047//1047 875//875 878//878 
f 1047//1047 1043//1043 875//875 
f 1044//1044 1045//1045 1048//1048 
f 1048//1048 1045//1045 1049//1049 
f 1048//1048 881//881 877//877 
f 1048//1048 877//877 1044//1044 
f 882//882 1050//1050 1046//1046 
f 882//882 1046//1046 879//879 
f 1047//1047 1046//1046 1051//1051 
f 1051//1051 1046//1046 1050//1050 
f 1048//1048 1049//1049 1052//1052 
f 1052//1052 1049//1049 1053//1053 
f 1052//1052 883//883 881//881 
f 1052//1052 881//881 1048//1048 
f 885//885 1054//1054 1050//1050 
f 885//885 1050//1050 882//882 
f 1051//1051 1050//1050 1055//1055 
f 1055//1055 1050//1050 1054//1054 
f 1052//1052 1053//1053 1056//1056 
f 1056//1056 1053//1053 1057//1057 
f 1056//1056 886//886 883//883 
f 1056//1056 883//883 1052//1052 
f 1059//1059 1058//1058 1054//1054 
f 885//885 1059//1059 1054//1054 
f 888//888 1059//1059 885//885 
f 1054//1054 1058//1058 1055//1055 
f 1056//1056 1057//1057 1060//1060 
f 1060//1060 1057//1057 1061//1061 
f 1060//1060 889//889 886//886 
f 1060//1060 886//886 1056//1056 
f 891//891 1062//1062 890//890 
f 1062//1062 1063//1063 890//890 
f 1063//1063 888//888 890//890 
f 1063//1063 1059//1059 888//888 
f 1060//1060 1061//1061 894//894 
f 1061//1061 893//893 894//894 
f 1061//1061 1064//1064 893//893 
f 1060//1060 894//894 889//889 
f 896//896 1065//1065 1062//1062 
f 896//896 1062//1062 891//891 
f 1063//1063 1062//1062 1066//1066 
f 1066//1066 1062//1062 1065//1065 
f 1064//1064 897//897 893//893 
f 1067//1067 897//897 1064//1064 
f 899//899 1068//1068 1065//1065 
f 899//899 1065//1065 896//896 
f 1066//1066 1065//1065 1069//1069 
f 1069//1069 1065//1065 1068//1068 
f 1070//1070 900//900 901//901 
f 1071//1071 1070//1070 901//901 
f 897//897 1071//1071 901//901 
f 1067//1067 1071//1071 897//897 
f 904//904 1072//1072 905//905 
f 1072//1072 1073//1073 905//905 
f 905//905 1073//1073 899//899 
f 1073//1073 1074//1074 899//899 
f 1074//1074 1068//1068 899//899 
f 1068//1068 1074//1074 1069//1069 
f 1075//1075 906//906 907//907 
f 1076//1076 1075//1075 907//907 
f 1076//1076 907//907 900//900 
f 1077//1077 1076//1076 900//900 
f 1070//1070 1077//1077 900//900 
f 1077//1077 1070//1070 1071//1071 
f 911//911 1078//1078 912//912 
f 1078//1078 1079//1079 912//912 
f 912//912 1079//1079 904//904 
f 1079//1079 1080//1080 904//904 
f 1080//1080 1072//1072 904//904 
f 1072//1072 1080//1080 1073//1073 
f 1081//1081 914//914 915//915 
f 1082//1082 1081//1081 915//915 
f 1082//1082 915//915 906//906 
f 1083//1083 1082//1082 906//906 
f 1075//1075 1083//1083 906//906 
f 1083//1083 1075//1075 1076//1076 
f 918//918 1084//1084 919//919 
f 1085//1085 920//920 919//919 
f 1085//1085 919//919 1084//1084 
f 1085//1085 1086//1086 920//920 
f 920//920 1086//1086 911//911 
f 1086//1086 1087//1087 911//911 
f 1087//1087 1078//1078 911//911 
f 1078//1078 1087//1087 1079//1079 
f 1089//1089 1088//1088 1081//1081 
f 1088//1088 914//914 1081//1081 
f 1088//1088 922//922 914//914 
f 1089//1089 1081//1081 1082//1082 
f 934//934 1090//1090 935//935 
f 1091//1091 936//936 935//935 
f 1091//1091 935//935 1090//1090 
f 1091//1091 1092//1092 936//936 
f 936//936 1092//1092 918//918 
f 1092//1092 1093//1093 918//918 
f 1093//1093 1084//1084 918//918 
f 1084//1084 1093//1093 1085//1085 
f 1085//1085 1093//1093 1094//1094 
f 1085//1085 1094//1094 1086//1086 
f 937//937 922//922 1095//1095 
f 922//922 1096//1096 1095//1095 
f 922//922 1088//1088 1096//1096 
f 1095//1095 939//939 937//937 
f 949//949 1097//1097 950//950 
f 1090//1090 934//934 950//950 
f 1097//1097 1090//1090 950//950 
f 1098//1098 1090//1090 1097//1097 
f 1100//1100 1091//1091 1099//1099 
f 1091//1091 1098//1098 1099//1099 
f 1091//1091 1090//1090 1098//1098 
f 1091//1091 1100//1100 1092//1092 
f 1095//1095 1096//1096 1101//1101 
f 1101//1101 1096//1096 1102//1102 
f 1103//1103 951//951 939//939 
f 1095//1095 1103//1103 939//939 
f 1101//1101 1103//1103 1095//1095 
f 1104//1104 952//952 951//951 
f 1104//1104 951//951 1103//1103 
f 1105//1105 953//953 952//952 
f 1105//1105 952//952 1104//1104 
f 1106//1106 954//954 953//953 
f 1106//1106 953//953 1105//1105 
f 1107//1107 955//955 954//954 
f 1107//1107 954//954 1106//1106 
f 1108//1108 956//956 955//955 
f 1108//1108 955//955 1107//1107 
f 1109//1109 957//957 956//956 
f 1109//1109 956//956 1108//1108 
f 1110//1110 958//958 957//957 
f 1110//1110 957//957 1109//1109 
f 1111//1111 959//959 958//958 
f 1111//1111 958//958 1110//1110 
f 1112//1112 960//960 959//959 
f 1112//1112 959//959 1111//1111 
f 1112//1112 1113//1113 960//960 
f 960//960 1113//1113 949//949 
f 1113//1113 1114//1114 949//949 
f 1114//1114 1097//1097 949//949 
f 1097//1097 1114//1114 1098//1098 
f 1098//1098 1114//1114 1115//1115 
f 1098//1098 1115//1115 1099//1099 
f 1102//1102 1116//1116 1101//1101 
f 1101//1101 1116//1116 1103//1103 
f 1103//1103 1116//1116 1117//1117 
f 1119//1119 1118//1118 1117//1117 
f 1118//1118 1103//1103 1117//1117 
f 1118//1118 1104//1104 1103//1103 
f 1104//1104 1120//1120 1105//1105 
f 1104//1104 1118//1118 1120//1120 
f 1122//1122 1106//1106 1121//1121 
f 1106//1106 1120//1120 1121//1121 
f 1106//1106 1105//1105 1120//1120 
f 1106//1106 1122//1122 1107//1107 
f 1107//1107 1122//1122 1123//1123 
f 1107//1107 1123//1123 1108//1108 
f 1108//1108 1123//1123 1124//1124 
f 1108//1108 1124//1124 1109//1109 
f 1109//1109 1124//1124 1125//1125 
f 1109//1109 1125//1125 1110//1110 
f 1110//1110 1125//1125 1126//1126 
f 1110//1110 1126//1126 1111//1111 
f 1111//1111 1126//1126 1127//1127 
f 1111//1111 1127//1127 1112//1112 
f 1112//1112 1127//1127 1128//1128 
f 1112//1112 1128//1128 1113//1113 
f 1119//1119 1129//1129 1118//1118 
f 1118//1118 1129//1129 1120//1120 
f 1120//1120 1129//1129 1130//1130 
f 1120//1120 1130//1130 1121//1121 
f 1131//1131 962//962 963//963 
f 964//964 1132//1132 963//963 
f 963//963 1132//1132 1131//1131 
f 1132//1132 964//964 1133//1133 
f 964//964 1134//1134 1133//1133 
f 964//964 965//965 1134//1134 
f 1135//1135 965//965 966//966 
f 1135//1135 1134//1134 965//965 
f 1137//1137 1136//1136 968//968 
f 1136//1136 966//966 968//968 
f 1136//1136 1135//1135 966//966 
f 1137//1137 1138//1138 1136//1136 
f 1139//1139 970//970 1131//1131 
f 1131//1131 970//970 962//962 
f 1132//1132 1141//1141 1140//1140 
f 1139//1139 1132//1132 1140//1140 
f 1131//1131 1132//1132 1139//1139 
f 1141//1141 1132//1132 1133//1133 
f 971//971 1137//1137 968//968 
f 1142//1142 1138//1138 1137//1137 
f 971//971 1142//1142 1137//1137 
f 972//972 1142//1142 971//971 
f 972//972 974//974 1142//1142 
f 1142//1142 974//974 1143//1143 
f 1145//1145 1144//1144 1139//1139 
f 1144//1144 970//970 1139//1139 
f 1144//1144 976//976 970//970 
f 1145//1145 1139//1139 1140//1140 
f 1146//1146 1143//1143 974//974 
f 1146//1146 974//974 977//977 
f 977//977 979//979 1146//1146 
f 1146//1146 979//979 1147//1147 
f 1150//1150 1149//1149 1148//1148 
f 1144//1144 1150//1150 1148//1148 
f 981//981 1144//1144 1148//1148 
f 976//976 1144//1144 981//981 
f 982//982 1152//1152 1151//1151 
f 1147//1147 982//982 1151//1151 
f 979//979 982//982 1147//1147 
f 1152//1152 1153//1153 1151//1151 
f 1156//1156 1155//1155 1154//1154 
f 1156//1156 1154//1154 1149//1149 
f 1149//1149 1154//1154 1148//1148 
f 1154//1154 983//983 1148//1148 
f 983//983 984//984 1148//1148 
f 1148//1148 984//984 981//981 
f 985//985 1152//1152 982//982 
f 985//985 987//987 1152//1152 
f 987//987 1153//1153 1152//1152 
f 987//987 1157//1157 1153//1153 
f 1160//1160 1159//1159 1158//1158 
f 1160//1160 1158//1158 1155//1155 
f 1155//1155 1158//1158 1154//1154 
f 1158//1158 988//988 1154//1154 
f 988//988 989//989 1154//1154 
f 1154//1154 989//989 983//983 
f 990//990 1157//1157 987//987 
f 990//990 1161//1161 1157//1157 
f 1158//1158 1159//1159 993//993 
f 1159//1159 992//992 993//993 
f 1159//1159 1162//1162 992//992 
f 1158//1158 993//993 988//988 
f 994//994 1161//1161 990//990 
f 994//994 1163//1163 1161//1161 
f 1165//1165 1164//1164 997//997 
f 997//997 1164//1164 996//996 
f 997//997 992//992 1162//1162 
f 997//997 1162//1162 1165//1165 
f 998//998 1163//1163 994//994 
f 998//998 1166//1166 1163//1163 
f 1168//1168 1167//1167 1000//1000 
f 1000//1000 1167//1167 999//999 
f 1000//1000 996//996 1164//1164 
f 1000//1000 1164//1164 1168//1168 
f 1001//1001 1166//1166 998//998 
f 1001//1001 1169//1169 1166//1166 
f 1167//1167 1002//1002 999//999 
f 1170//1170 1002//1002 1167//1167 
f 1003//1003 1169//1169 1001//1001 
f 1003//1003 1171//1171 1169//1169 
f 1173//1173 1172//1172 1005//1005 
f 1005//1005 1172//1172 1004//1004 
f 1005//1005 1002//1002 1170//1170 
f 1005//1005 1170//1170 1173//1173 
f 1006//1006 1171//1171 1003//1003 
f 1006//1006 1174//1174 1171//1171 
f 1172//1172 1007//1007 1004//1004 
f 1175//1175 1007//1007 1172//1172 
f 1008//1008 1174//1174 1006//1006 
f 1008//1008 1176//1176 1174//1174 
f 1175//1175 1009//1009 1007//1007 
f 1177//1177 1009//1009 1175//1175 
f 1011//1011 1178//1178 1010//1010 
f 1178//1178 1179//1179 1010//1010 
f 1179//1179 1008//1008 1010//1010 
f 1179//1179 1176//1176 1008//1008 
f 1177//1177 1012//1012 1009//1009 
f 1180//1180 1012//1012 1177//1177 
f 1182//1182 1181//1181 1178//1178 
f 1011//1011 1182//1182 1178//1178 
f 1013//1013 1182//1182 1011//1011 
f 1178//1178 1181//1181 1179//1179 
f 1184//1184 1183//1183 1015//1015 
f 1015//1015 1183//1183 1014//1014 
f 1015//1015 1012//1012 1180//1180 
f 1015//1015 1180//1180 1184//1184 
f 1016//1016 1182//1182 1013//1013 
f 1016//1016 1185//1185 1182//1182 
f 1188//1188 1187//1187 1186//1186 
f 1190//1190 1189//1189 1186//1186 
f 1186//1186 1189//1189 1188//1188 
f 1018//1018 1019//1019 1190//1190 
f 1019//1019 1189//1189 1190//1190 
f 1019//1019 1191//1191 1189//1189 
f 1019//1019 1014//1014 1183//1183 
f 1019//1019 1183//1183 1191//1191 
f 1021//1021 1185//1185 1016//1016 
f 1021//1021 1192//1192 1185//1185 
f 1195//1195 1194//1194 1193//1193 
f 1197//1197 1196//1196 1193//1193 
f 1193//1193 1196//1196 1195//1195 
f 1199//1199 1198//1198 1197//1197 
f 1197//1197 1198//1198 1196//1196 
f 1198//1198 1199//1199 1187//1187 
f 1199//1199 1186//1186 1187//1187 
f 1199//1199 1200//1200 1186//1186 
f 1200//1200 1023//1023 1024//1024 
f 1190//1190 1200//1200 1024//1024 
f 1186//1186 1200//1200 1190//1190 
f 1190//1190 1024//1024 1018//1018 
f 1026//1026 1192//1192 1021//1021 
f 1026//1026 1201//1201 1192//1192 
f 1193//1193 1194//1194 1202//1202 
f 1202//1202 1194//1194 1203//1203 
f 1193//1193 1204//1204 1197//1197 
f 1193//1193 1202//1202 1204//1204 
f 1197//1197 1205//1205 1199//1199 
f 1197//1197 1204//1204 1205//1205 
f 1205//1205 1028//1028 1029//1029 
f 1200//1200 1205//1205 1029//1029 
f 1199//1199 1205//1205 1200//1200 
f 1200//1200 1029//1029 1023//1023 
f 1031//1031 1201//1201 1026//1026 
f 1031//1031 1206//1206 1201//1201 
f 1202//1202 1203//1203 1207//1207 
f 1207//1207 1203//1203 1208//1208 
f 1202//1202 1209//1209 1204//1204 
f 1202//1202 1207//1207 1209//1209 
f 1209//1209 1033//1033 1034//1034 
f 1205//1205 1209//1209 1034//1034 
f 1204//1204 1209//1209 1205//1205 
f 1205//1205 1034//1034 1028//1028 
f 1036//1036 1206//1206 1031//1031 
f 1036//1036 1210//1210 1206//1206 
f 1213//1213 1212//1212 1211//1211 
f 1213//1213 1211//1211 1208//1208 
f 1211//1211 1207//1207 1208//1208 
f 1211//1211 1214//1214 1207//1207 
f 1207//1207 1215//1215 1209//1209 
f 1207//1207 1214//1214 1215//1215 
f 1215//1215 1038//1038 1033//1033 
f 1215//1215 1033//1033 1209//1209 
f 1040//1040 1216//1216 1039//1039 
f 1216//1216 1217//1217 1039//1039 
f 1217//1217 1036//1036 1039//1039 
f 1217//1217 1210//1210 1036//1036 
f 1220//1220 1219//1219 1218//1218 
f 1220//1220 1218//1218 1212//1212 
f 1218//1218 1211//1211 1212//1212 
f 1218//1218 1221//1221 1211//1211 
f 1211//1211 1222//1222 1214//1214 
f 1211//1211 1221//1221 1222//1222 
f 1214//1214 1223//1223 1215//1215 
f 1214//1214 1222//1222 1223//1223 
f 1223//1223 1042//1042 1038//1038 
f 1223//1223 1038//1038 1215//1215 
f 1225//1225 1224//1224 1216//1216 
f 1040//1040 1225//1225 1216//1216 
f 1043//1043 1225//1225 1040//1040 
f 1216//1216 1224//1224 1217//1217 
f 1218//1218 1219//1219 1226//1226 
f 1226//1226 1219//1219 1227//1227 
f 1218//1218 1228//1228 1221//1221 
f 1218//1218 1226//1226 1228//1228 
f 1221//1221 1229//1229 1222//1222 
f 1221//1221 1228//1228 1229//1229 
f 1222//1222 1230//1230 1223//1223 
f 1222//1222 1229//1229 1230//1230 
f 1230//1230 1045//1045 1042//1042 
f 1230//1230 1042//1042 1223//1223 
f 1047//1047 1225//1225 1043//1043 
f 1047//1047 1231//1231 1225//1225 
f 1226//1226 1227//1227 1232//1232 
f 1232//1232 1227//1227 1233//1233 
f 1226//1226 1234//1234 1228//1228 
f 1226//1226 1232//1232 1234//1234 
f 1228//1228 1235//1235 1229//1229 
f 1228//1228 1234//1234 1235//1235 
f 1229//1229 1236//1236 1230//1230 
f 1229//1229 1235//1235 1236//1236 
f 1236//1236 1049//1049 1045//1045 
f 1236//1236 1045//1045 1230//1230 
f 1051//1051 1231//1231 1047//1047 
f 1051//1051 1237//1237 1231//1231 
f 1233//1233 1238//1238 1232//1232 
f 1240//1240 1239//1239 1238//1238 
f 1239//1239 1232//1232 1238//1238 
f 1239//1239 1234//1234 1232//1232 
f 1234//1234 1241//1241 1235//1235 
f 1234//1234 1239//1239 1241//1241 
f 1235//1235 1242//1242 1236//1236 
f 1235//1235 1241//1241 1242//1242 
f 1242//1242 1053//1053 1049//1049 
f 1242//1242 1049//1049 1236//1236 
f 1055//1055 1237//1237 1051//1051 
f 1055//1055 1243//1243 1237//1237 
f 1240//1240 1244//1244 1239//1239 
f 1246//1246 1245//1245 1244//1244 
f 1245//1245 1239//1239 1244//1244 
f 1245//1245 1241//1241 1239//1239 
f 1241//1241 1247//1247 1242//1242 
f 1241//1241 1245//1245 1247//1247 
f 1247//1247 1057//1057 1053//1053 
f 1247//1247 1053//1053 1242//1242 
f 1059//1059 1248//1248 1058//1058 
f 1248//1248 1249//1249 1058//1058 
f 1249//1249 1055//1055 1058//1058 
f 1249//1249 1243//1243 1055//1055 
f 1246//1246 1250//1250 1245//1245 
f 1252//1252 1251//1251 1250//1250 
f 1251//1251 1245//1245 1250//1250 
f 1251//1251 1247//1247 1245//1245 
f 1251//1251 1061//1061 1057//1057 
f 1251//1251 1057//1057 1247//1247 
f 1063//1063 1253//1253 1248//1248 
f 1063//1063 1248//1248 1059//1059 
f 1249//1249 1248//1248 1254//1254 
f 1254//1254 1248//1248 1253//1253 
f 1251//1251 1252//1252 1255//1255 
f 1255//1255 1252//1252 1256//1256 
f 1255//1255 1064//1064 1061//1061 
f 1255//1255 1061//1061 1251//1251 
f 1258//1258 1257//1257 1253//1253 
f 1063//1063 1258//1258 1253//1253 
f 1066//1066 1258//1258 1063//1063 
f 1253//1253 1257//1257 1254//1254 
f 1255//1255 1256//1256 1259//1259 
f 1259//1259 1256//1256 1260//1260 
f 1259//1259 1067//1067 1064//1064 
f 1259//1259 1064//1064 1255//1255 
f 1069//1069 1258//1258 1066//1066 
f 1069//1069 1261//1261 1258//1258 
f 1259//1259 1260//1260 1262//1262 
f 1262//1262 1260//1260 1263//1263 
f 1262//1262 1071//1071 1067//1067 
f 1262//1262 1067//1067 1259//1259 
f 1073//1073 1264//1264 1074//1074 
f 1264//1264 1265//1265 1074//1074 
f 1265//1265 1069//1069 1074//1074 
f 1265//1265 1261//1261 1069//1069 
f 1262//1262 1263//1263 1077//1077 
f 1263//1263 1076//1076 1077//1077 
f 1263//1263 1266//1266 1076//1076 
f 1262//1262 1077//1077 1071//1071 
f 1079//1079 1267//1267 1080//1080 
f 1267//1267 1268//1268 1080//1080 
f 1080//1080 1268//1268 1073//1073 
f 1268//1268 1269//1269 1073//1073 
f 1269//1269 1264//1264 1073//1073 
f 1264//1264 1269//1269 1265//1265 
f 1271//1271 1270//1270 1083//1083 
f 1083//1083 1270//1270 1082//1082 
f 1083//1083 1076//1076 1266//1266 
f 1083//1083 1266//1266 1271//1271 
f 1086//1086 1272//1272 1087//1087 
f 1267//1267 1079//1079 1087//1087 
f 1272//1272 1267//1267 1087//1087 
f 1273//1273 1267//1267 1272//1272 
f 1268//1268 1267//1267 1274//1274 
f 1274//1274 1267//1267 1273//1273 
f 1276//1276 1275//1275 1089//1089 
f 1089//1089 1275//1275 1088//1088 
f 1089//1089 1082//1082 1270//1270 
f 1089//1089 1270//1270 1276//1276 
f 1092//1092 1277//1277 1093//1093 
f 1278//1278 1094//1094 1093//1093 
f 1278//1278 1093//1093 1277//1277 
f 1278//1278 1279//1279 1094//1094 
f 1094//1094 1279//1279 1086//1086 
f 1279//1279 1280//1280 1086//1086 
f 1280//1280 1272//1272 1086//1086 
f 1272//1272 1280//1280 1273//1273 
f 1273//1273 1280//1280 1281//1281 
f 1273//1273 1281//1281 1274//1274 
f 1275//1275 1096//1096 1088//1088 
f 1282//1282 1096//1096 1275//1275 
f 1099//1099 1283//1283 1100//1100 
f 1277//1277 1092//1092 1100//1100 
f 1283//1283 1277//1277 1100//1100 
f 1284//1284 1277//1277 1283//1283 
f 1286//1286 1278//1278 1285//1285 
f 1278//1278 1284//1284 1285//1285 
f 1278//1278 1277//1277 1284//1284 
f 1278//1278 1286//1286 1279//1279 
f 1289//1289 1288//1288 1287//1287 
f 1282//1282 1289//1289 1287//1287 
f 1102//1102 1282//1282 1287//1287 
f 1096//1096 1282//1282 1102//1102 
f 1113//1113 1290//1290 1114//1114 
f 1291//1291 1115//1115 1114//1114 
f 1291//1291 1114//1114 1290//1290 
f 1291//1291 1292//1292 1115//1115 
f 1115//1115 1292//1292 1099//1099 
f 1292//1292 1293//1293 1099//1099 
f 1293//1293 1283//1283 1099//1099 
f 1283//1283 1293//1293 1284//1284 
f 1284//1284 1293//1293 1294//1294 
f 1284//1284 1294//1294 1285//1285 
f 1288//1288 1295//1295 1287//1287 
f 1295//1295 1297//1297 1296//1296 
f 1295//1295 1296//1296 1116//1116 
f 1287//1287 1295//1295 1116//1116 
f 1102//1102 1287//1287 1116//1116 
f 1298//1298 1117//1117 1116//1116 
f 1298//1298 1116//1116 1296//1296 
f 1298//1298 1119//1119 1117//1117 
f 1121//1121 1299//1299 1122//1122 
f 1300//1300 1123//1123 1122//1122 
f 1300//1300 1122//1122 1299//1299 
f 1301//1301 1124//1124 1123//1123 
f 1301//1301 1123//1123 1300//1300 
f 1302//1302 1125//1125 1124//1124 
f 1302//1302 1124//1124 1301//1301 
f 1303//1303 1126//1126 1125//1125 
f 1303//1303 1125//1125 1302//1302 
f 1304//1304 1127//1127 1126//1126 
f 1304//1304 1126//1126 1303//1303 
f 1305//1305 1128//1128 1127//1127 
f 1305//1305 1127//1127 1304//1304 
f 1305//1305 1306//1306 1128//1128 
f 1128//1128 1306//1306 1113//1113 
f 1306//1306 1307//1307 1113//1113 
f 1307//1307 1290//1290 1113//1113 
f 1290//1290 1307//1307 1291//1291 
f 1291//1291 1307//1307 1308//1308 
f 1291//1291 1308//1308 1292//1292 
f 1297//1297 1309//1309 1296//1296 
f 1296//1296 1309//1309 1298//1298 
f 1298//1298 1309//1309 1310//1310 
f 1310//1310 1312//1312 1311//1311 
f 1310//1310 1311//1311 1129//1129 
f 1298//1298 1310//1310 1129//1129 
f 1119//1119 1298//1298 1129//1129 
f 1313//1313 1130//1130 1129//1129 
f 1313//1313 1129//1129 1311//1311 
f 1299//1299 1121//1121 1130//1130 
f 1313//1313 1299//1299 1130//1130 
f 1314//1314 1299//1299 1313//1313 
f 1299//1299 1315//1315 1300//1300 
f 1299//1299 1314//1314 1315//1315 
f 1300//1300 1316//1316 1301//1301 
f 1300//1300 1315//1315 1316//1316 
f 1318//1318 1302//1302 1317//1317 
f 1302//1302 1316//1316 1317//1317 
f 1302//1302 1301//1301 1316//1316 
f 1302//1302 1318//1318 1303//1303 
f 1303//1303 1318//1318 1319//1319 
f 1303//1303 1319//1319 1304//1304 
f 1304//1304 1319//1319 1320//1320 
f 1304//1304 1320//1320 1305//1305 
f 1305//1305 1320//1320 1321//1321 
f 1305//1305 1321//1321 1306//1306 
f 1312//1312 1322//1322 1311//1311 
f 1311//1311 1322//1322 1313//1313 
f 1313//1313 1322//1322 1323//1323 
f 1313//1313 1323//1323 1314//1314 
f 1314//1314 1323//1323 1324//1324 
f 1314//1314 1324//1324 1315//1315 
f 1315//1315 1324//1324 1325//1325 
f 1315//1315 1325//1325 1316//1316 
f 1316//1316 1325//1325 1326//1326 
f 1316//1316 1326//1326 1317//1317 
f 1328//1328 1327//1327 1134//1134 
f 1134//1134 1327//1327 1133//1133 
f 1329//1329 1134//1134 1135//1135 
f 1329//1329 1328//1328 1134//1134 
f 1330//1330 1135//1135 1136//1136 
f 1330//1330 1329//1329 1135//1135 
f 1136//1136 1138//1138 1330//1330 
f 1330//1330 1138//1138 1331//1331 
f 1334//1334 1333//1333 1332//1332 
f 1140//1140 1141//1141 1332//1332 
f 1141//1141 1334//1334 1332//1332 
f 1141//1141 1335//1335 1334//1334 
f 1141//1141 1133//1133 1327//1327 
f 1141//1141 1327//1327 1335//1335 
f 1336//1336 1331//1331 1138//1138 
f 1336//1336 1138//1138 1142//1142 
f 1338//1338 1337//1337 1143//1143 
f 1337//1337 1142//1142 1143//1143 
f 1337//1337 1336//1336 1142//1142 
f 1338//1338 1339//1339 1337//1337 
f 1332//1332 1333//1333 1145//1145 
f 1333//1333 1144//1144 1145//1145 
f 1333//1333 1340//1340 1144//1144 
f 1332//1332 1145//1145 1140//1140 
f 1146//1146 1338//1338 1143//1143 
f 1342//1342 1341//1341 1147//1147 
f 1147//1147 1341//1341 1146//1146 
f 1341//1341 1339//1339 1146//1146 
f 1339//1339 1338//1338 1146//1146 
f 1342//1342 1343//1343 1341//1341 
f 1345//1345 1344//1344 1150//1150 
f 1150//1150 1344//1344 1149//1149 
f 1150//1150 1144//1144 1340//1340 
f 1150//1150 1340//1340 1345//1345 
f 1151//1151 1342//1342 1147//1147 
f 1151//1151 1153//1153 1342//1342 
f 1153//1153 1343//1343 1342//1342 
f 1153//1153 1346//1346 1343//1343 
f 1347//1347 1155//1155 1156//1156 
f 1348//1348 1347//1347 1156//1156 
f 1149//1149 1348//1348 1156//1156 
f 1344//1344 1348//1348 1149//1149 
f 1157//1157 1346//1346 1153//1153 
f 1157//1157 1349//1349 1346//1346 
f 1350//1350 1159//1159 1160//1160 
f 1351//1351 1350//1350 1160//1160 
f 1351//1351 1160//1160 1155//1155 
f 1352//1352 1351//1351 1155//1155 
f 1347//1347 1352//1352 1155//1155 
f 1352//1352 1347//1347 1348//1348 
f 1161//1161 1354//1354 1353//1353 
f 1349//1349 1161//1161 1353//1353 
f 1157//1157 1161//1161 1349//1349 
f 1354//1354 1355//1355 1353//1353 
f 1357//1357 1356//1356 1350//1350 
f 1356//1356 1159//1159 1350//1350 
f 1356//1356 1162//1162 1159//1159 
f 1357//1357 1350//1350 1351//1351 
f 1359//1359 1358//1358 1354//1354 
f 1161//1161 1359//1359 1354//1354 
f 1163//1163 1359//1359 1161//1161 
f 1354//1354 1358//1358 1355//1355 
f 1361//1361 1360//1360 1165//1165 
f 1165//1165 1360//1360 1164//1164 
f 1165//1165 1162//1162 1356//1356 
f 1165//1165 1356//1356 1361//1361 
f 1166//1166 1359//1359 1163//1163 
f 1166//1166 1362//1362 1359//1359 
f 1364//1364 1363//1363 1168//1168 
f 1168//1168 1363//1363 1167//1167 
f 1168//1168 1164//1164 1360//1360 
f 1168//1168 1360//1360 1364//1364 
f 1169//1169 1362//1362 1166//1166 
f 1169//1169 1365//1365 1362//1362 
f 1363//1363 1170//1170 1167//1167 
f 1366//1366 1170//1170 1363//1363 
f 1171//1171 1365//1365 1169//1169 
f 1171//1171 1367//1367 1365//1365 
f 1368//1368 1172//1172 1173//1173 
f 1369//1369 1368//1368 1173//1173 
f 1170//1170 1369//1369 1173//1173 
f 1366//1366 1369//1369 1170//1170 
f 1174//1174 1367//1367 1171//1171 
f 1174//1174 1370//1370 1367//1367 
f 1372//1372 1371//1371 1368//1368 
f 1371//1371 1172//1172 1368//1368 
f 1371//1371 1175//1175 1172//1172 
f 1372//1372 1368//1368 1369//1369 
f 1176//1176 1370//1370 1174//1174 
f 1176//1176 1373//1373 1370//1370 
f 1371//1371 1177//1177 1175//1175 
f 1374//1374 1177//1177 1371//1371 
f 1179//1179 1373//1373 1176//1176 
f 1179//1179 1375//1375 1373//1373 
f 1378//1378 1377//1377 1376//1376 
f 1374//1374 1378//1378 1376//1376 
f 1180//1180 1374//1374 1376//1376 
f 1177//1177 1374//1374 1180//1180 
f 1182//1182 1379//1379 1181//1181 
f 1379//1379 1380//1380 1181//1181 
f 1380//1380 1179//1179 1181//1181 
f 1380//1380 1375//1375 1179//1179 
f 1383//1383 1382//1382 1381//1381 
f 1383//1383 1381//1381 1377//1377 
f 1377//1377 1381//1381 1376//1376 
f 1381//1381 1183//1183 1376//1376 
f 1183//1183 1184//1184 1376//1376 
f 1376//1376 1184//1184 1180//1180 
f 1385//1385 1384//1384 1379//1379 
f 1182//1182 1385//1385 1379//1379 
f 1185//1185 1385//1385 1182//1182 
f 1379//1379 1384//1384 1380//1380 
f 1388//1388 1387//1387 1386//1386 
f 1390//1390 1389//1389 1386//1386 
f 1386//1386 1389//1389 1388//1388 
f 1392//1392 1391//1391 1390//1390 
f 1390//1390 1391//1391 1389//1389 
f 1394//1394 1393//1393 1392//1392 
f 1392//1392 1393//1393 1391//1391 
f 1396//1396 1395//1395 1394//1394 
f 1394//1394 1395//1395 1393//1393 
f 1398//1398 1397//1397 1396//1396 
f 1396//1396 1397//1397 1395//1395 
f 1187//1187 1188//1188 1398//1398 
f 1188//1188 1397//1397 1398//1398 
f 1188//1188 1399//1399 1397//1397 
f 1400//1400 1188//1188 1189//1189 
f 1400//1400 1399//1399 1188//1188 
f 1191//1191 1381//1381 1382//1382 
f 1400//1400 1191//1191 1382//1382 
f 1189//1189 1191//1191 1400//1400 
f 1381//1381 1191//1191 1183//1183 
f 1192//1192 1385//1385 1185//1185 
f 1192//1192 1401//1401 1385//1385 
f 1404//1404 1403//1403 1402//1402 
f 1404//1404 1402//1402 1387//1387 
f 1402//1402 1386//1386 1387//1387 
f 1402//1402 1405//1405 1386//1386 
f 1386//1386 1406//1406 1390//1390 
f 1386//1386 1405//1405 1406//1406 
f 1390//1390 1407//1407 1392//1392 
f 1390//1390 1406//1406 1407//1407 
f 1407//1407 1194//1194 1195//1195 
f 1394//1394 1407//1407 1195//1195 
f 1392//1392 1407//1407 1394//1394 
f 1394//1394 1195//1195 1196//1196 
f 1394//1394 1196//1196 1396//1396 
f 1396//1396 1196//1196 1198//1198 
f 1396//1396 1198//1198 1398//1398 
f 1398//1398 1198//1198 1187//1187 
f 1201//1201 1401//1401 1192//1192 
f 1201//1201 1408//1408 1401//1401 
f 1402//1402 1403//1403 1409//1409 
f 1409//1409 1403//1403 1410//1410 
f 1402//1402 1411//1411 1405//1405 
f 1402//1402 1409//1409 1411//1411 
f 1405//1405 1412//1412 1406//1406 
f 1405//1405 1411//1411 1412//1412 
f 1406//1406 1413//1413 1407//1407 
f 1406//1406 1412//1412 1413//1413 
f 1413//1413 1203//1203 1194//1194 
f 1413//1413 1194//1194 1407//1407 
f 1206//1206 1408//1408 1201//1201 
f 1206//1206 1414//1414 1408//1408 
f 1417//1417 1416//1416 1415//1415 
f 1417//1417 1415//1415 1410//1410 
f 1415//1415 1409//1409 1410//1410 
f 1415//1415 1418//1418 1409//1409 
f 1409//1409 1419//1419 1411//1411 
f 1409//1409 1418//1418 1419//1419 
f 1411//1411 1420//1420 1412//1412 
f 1411//1411 1419//1419 1420//1420 
f 1412//1412 1421//1421 1413//1413 
f 1412//1412 1420//1420 1421//1421 
f 1421//1421 1208//1208 1203//1203 
f 1421//1421 1203//1203 1413//1413 
f 1210//1210 1414//1414 1206//1206 
f 1210//1210 1422//1422 1414//1414 
f 1415//1415 1416//1416 1423//1423 
f 1423//1423 1416//1416 1424//1424 
f 1415//1415 1425//1425 1418//1418 
f 1415//1415 1423//1423 1425//1425 
f 1418//1418 1426//1426 1419//1419 
f 1418//1418 1425//1425 1426//1426 
f 1419//1419 1427//1427 1420//1420 
f 1419//1419 1426//1426 1427//1427 
f 1427//1427 1212//1212 1213//1213 
f 1421//1421 1427//1427 1213//1213 
f 1420//1420 1427//1427 1421//1421 
f 1421//1421 1213//1213 1208//1208 
f 1217//1217 1422//1422 1210//1210 
f 1217//1217 1428//1428 1422//1422 
f 1431//1431 1430//1430 1429//1429 
f 1431//1431 1429//1429 1424//1424 
f 1429//1429 1423//1423 1424//1424 
f 1429//1429 1432//1432 1423//1423 
f 1423//1423 1433//1433 1425//1425 
f 1423//1423 1432//1432 1433//1433 
f 1425//1425 1434//1434 1426//1426 
f 1425//1425 1433//1433 1434//1434 
f 1434//1434 1219//1219 1220//1220 
f 1427//1427 1434//1434 1220//1220 
f 1426//1426 1434//1434 1427//1427 
f 1427//1427 1220//1220 1212//1212 
f 1225//1225 1435//1435 1224//1224 
f 1435//1435 1436//1436 1224//1224 
f 1436//1436 1217//1217 1224//1224 
f 1436//1436 1428//1428 1217//1217 
f 1429//1429 1430//1430 1437//1437 
f 1437//1437 1430//1430 1438//1438 
f 1429//1429 1439//1439 1432//1432 
f 1429//1429 1437//1437 1439//1439 
f 1432//1432 1440//1440 1433//1433 
f 1432//1432 1439//1439 1440//1440 
f 1433//1433 1441//1441 1434//1434 
f 1433//1433 1440//1440 1441//1441 
f 1441//1441 1227//1227 1219//1219 
f 1441//1441 1219//1219 1434//1434 
f 1443//1443 1442//1442 1435//1435 
f 1225//1225 1443//1443 1435//1435 
f 1231//1231 1443//1443 1225//1225 
f 1435//1435 1442//1442 1436//1436 
f 1438//1438 1444//1444 1437//1437 
f 1446//1446 1445//1445 1444//1444 
f 1445//1445 1437//1437 1444//1444 
f 1445//1445 1439//1439 1437//1437 
f 1439//1439 1447//1447 1440//1440 
f 1439//1439 1445//1445 1447//1447 
f 1440//1440 1448//1448 1441//1441 
f 1440//1440 1447//1447 1448//1448 
f 1448//1448 1233//1233 1227//1227 
f 1448//1448 1227//1227 1441//1441 
f 1237//1237 1443//1443 1231//1231 
f 1237//1237 1449//1449 1443//1443 
f 1446//1446 1450//1450 1445//1445 
f 1452//1452 1451//1451 1450//1450 
f 1451//1451 1445//1445 1450//1450 
f 1451//1451 1447//1447 1445//1445 
f 1447//1447 1453//1453 1448//1448 
f 1447//1447 1451//1451 1453//1453 
f 1454//1454 1238//1238 1233//1233 
f 1448//1448 1454//1454 1233//1233 
f 1453//1453 1454//1454 1448//1448 
f 1454//1454 1240//1240 1238//1238 
f 1243//1243 1449//1449 1237//1237 
f 1243//1243 1455//1455 1449//1449 
f 1452//1452 1456//1456 1451//1451 
f 1458//1458 1457//1457 1456//1456 
f 1457//1457 1451//1451 1456//1456 
f 1457//1457 1453//1453 1451//1451 
f 1453//1453 1459//1459 1454//1454 
f 1453//1453 1457//1457 1459//1459 
f 1460//1460 1244//1244 1240//1240 
f 1454//1454 1460//1460 1240//1240 
f 1459//1459 1460//1460 1454//1454 
f 1460//1460 1246//1246 1244//1244 
f 1249//1249 1455//1455 1243//1243 
f 1249//1249 1461//1461 1455//1455 
f 1458//1458 1462//1462 1457//1457 
f 1464//1464 1463//1463 1462//1462 
f 1463//1463 1457//1457 1462//1462 
f 1463//1463 1459//1459 1457//1457 
f 1459//1459 1465//1465 1460//1460 
f 1459//1459 1463//1463 1465//1465 
f 1466//1466 1250//1250 1246//1246 
f 1460//1460 1466//1466 1246//1246 
f 1465//1465 1466//1466 1460//1460 
f 1466//1466 1252//1252 1250//1250 
f 1254//1254 1461//1461 1249//1249 
f 1254//1254 1467//1467 1461//1461 
f 1464//1464 1468//1468 1463//1463 
f 1470//1470 1469//1469 1468//1468 
f 1469//1469 1463//1463 1468//1468 
f 1469//1469 1465//1465 1463//1463 
f 1465//1465 1471//1471 1466//1466 
f 1465//1465 1469//1469 1471//1471 
f 1471//1471 1256//1256 1252//1252 
f 1471//1471 1252//1252 1466//1466 
f 1258//1258 1472//1472 1257//1257 
f 1472//1472 1473//1473 1257//1257 
f 1473//1473 1254//1254 1257//1257 
f 1473//1473 1467//1467 1254//1254 
f 1470//1470 1474//1474 1469//1469 
f 1476//1476 1475//1475 1474//1474 
f 1475//1475 1469//1469 1474//1474 
f 1475//1475 1471//1471 1469//1469 
f 1475//1475 1260//1260 1256//1256 
f 1475//1475 1256//1256 1471//1471 
f 1478//1478 1477//1477 1472//1472 
f 1258//1258 1478//1478 1472//1472 
f 1261//1261 1478//1478 1258//1258 
f 1472//1472 1477//1477 1473//1473 
f 1475//1475 1476//1476 1479//1479 
f 1479//1479 1476//1476 1480//1480 
f 1479//1479 1263//1263 1260//1260 
f 1479//1479 1260//1260 1475//1475 
f 1265//1265 1478//1478 1261//1261 
f 1265//1265 1481//1481 1478//1478 
f 1480//1480 1482//1482 1479//1479 
f 1263//1263 1479//1479 1482//1482 
f 1483//1483 1263//1263 1482//1482 
f 1266//1266 1263//1263 1483//1483 
f 1268//1268 1484//1484 1269//1269 
f 1484//1484 1485//1485 1269//1269 
f 1485//1485 1265//1265 1269//1269 
f 1485//1485 1481//1481 1265//1265 
f 1486//1486 1270//1270 1271//1271 
f 1487//1487 1486//1486 1271//1271 
f 1266//1266 1487//1487 1271//1271 
f 1483//1483 1487//1487 1266//1266 
f 1489//1489 1488//1488 1484//1484 
f 1268//1268 1489//1489 1484//1484 
f 1274//1274 1489//1489 1268//1268 
f 1484//1484 1488//1488 1485//1485 
f 1490//1490 1275//1275 1276//1276 
f 1491//1491 1490//1490 1276//1276 
f 1491//1491 1276//1276 1270//1270 
f 1492//1492 1491//1491 1270//1270 
f 1486//1486 1492//1492 1270//1270 
f 1492//1492 1486//1486 1487//1487 
f 1279//1279 1493//1493 1280//1280 
f 1280//1280 1493//1493 1494//1494 
f 1495//1495 1280//1280 1494//1494 
f 1281//1281 1280//1280 1495//1495 
f 1274//1274 1281//1281 1489//1489 
f 1489//1489 1281//1281 1495//1495 
f 1497//1497 1496//1496 1490//1490 
f 1496//1496 1275//1275 1490//1490 
f 1496//1496 1282//1282 1275//1275 
f 1497//1497 1490//1490 1491//1491 
f 1285//1285 1498//1498 1286//1286 
f 1498//1498 1499//1499 1286//1286 
f 1286//1286 1499//1499 1279//1279 
f 1499//1499 1500//1500 1279//1279 
f 1500//1500 1493//1493 1279//1279 
f 1493//1493 1500//1500 1494//1494 
f 1502//1502 1501//1501 1289//1289 
f 1289//1289 1501//1501 1288//1288 
f 1289//1289 1282//1282 1496//1496 
f 1289//1289 1496//1496 1502//1502 
f 1292//1292 1503//1503 1293//1293 
f 1504//1504 1294//1294 1293//1293 
f 1504//1504 1293//1293 1503//1503 
f 1504//1504 1505//1505 1294//1294 
f 1294//1294 1505//1505 1285//1285 
f 1505//1505 1506//1506 1285//1285 
f 1506//1506 1498//1498 1285//1285 
f 1498//1498 1506//1506 1499//1499 
f 1295//1295 1288//1288 1507//1507 
f 1288//1288 1508//1508 1507//1507 
f 1288//1288 1501//1501 1508//1508 
f 1507//1507 1297//1297 1295//1295 
f 1306//1306 1509//1509 1307//1307 
f 1510//1510 1308//1308 1307//1307 
f 1510//1510 1307//1307 1509//1509 
f 1510//1510 1511//1511 1308//1308 
f 1308//1308 1511//1511 1292//1292 
f 1511//1511 1512//1512 1292//1292 
f 1512//1512 1503//1503 1292//1292 
f 1503//1503 1512//1512 1504//1504 
f 1504//1504 1512//1512 1513//1513 
f 1504//1504 1513//1513 1505//1505 
f 1507//1507 1508//1508 1514//1514 
f 1514//1514 1508//1508 1515//1515 
f 1516//1516 1309//1309 1297//1297 
f 1507//1507 1516//1516 1297//1297 
f 1514//1514 1516//1516 1507//1507 
f 1517//1517 1310//1310 1309//1309 
f 1517//1517 1309//1309 1516//1516 
f 1517//1517 1312//1312 1310//1310 
f 1317//1317 1518//1518 1318//1318 
f 1519//1519 1319//1319 1318//1318 
f 1519//1519 1318//1318 1518//1518 
f 1520//1520 1320//1320 1319//1319 
f 1520//1520 1319//1319 1519//1519 
f 1521//1521 1321//1321 1320//1320 
f 1521//1521 1320//1320 1520//1520 
f 1521//1521 1522//1522 1321//1321 
f 1321//1321 1522//1522 1306//1306 
f 1522//1522 1523//1523 1306//1306 
f 1523//1523 1509//1509 1306//1306 
f 1509//1509 1523//1523 1510//1510 
f 1510//1510 1523//1523 1524//1524 
f 1510//1510 1524//1524 1511//1511 
f 1515//1515 1525//1525 1514//1514 
f 1514//1514 1525//1525 1516//1516 
f 1516//1516 1525//1525 1526//1526 
f 1528//1528 1527//1527 1526//1526 
f 1527//1527 1516//1516 1526//1526 
f 1527//1527 1517//1517 1516//1516 
f 1529//1529 1322//1322 1312//1312 
f 1517//1517 1529//1529 1312//1312 
f 1527//1527 1529//1529 1517//1517 
f 1530//1530 1323//1323 1322//1322 
f 1530//1530 1322//1322 1529//1529 
f 1531//1531 1324//1324 1323//1323 
f 1531//1531 1323//1323 1530//1530 
f 1532//1532 1325//1325 1324//1324 
f 1532//1532 1324//1324 1531//1531 
f 1533//1533 1326//1326 1325//1325 
f 1533//1533 1325//1325 1532//1532 
f 1533//1533 1534//1534 1326//1326 
f 1326//1326 1534//1534 1317//1317 
f 1534//1534 1535//1535 1317//1317 
f 1535//1535 1518//1518 1317//1317 
f 1518//1518 1535//1535 1519//1519 
f 1519//1519 1535//1535 1536//1536 
f 1519//1519 1536//1536 1520//1520 
f 1520//1520 1536//1536 1537//1537 
f 1520//1520 1537//1537 1521//1521 
f 1521//1521 1537//1537 1538//1538 
f 1521//1521 1538//1538 1522//1522 
f 1528//1528 1539//1539 1527//1527 
f 1527//1527 1539//1539 1529//1529 
f 1529//1529 1539//1539 1540//1540 
f 1529//1529 1540//1540 1530//1530 
f 1530//1530 1540//1540 1541//1541 
f 1530//1530 1541//1541 1531//1531 
f 1531//1531 1541//1541 1542//1542 
f 1531//1531 1542//1542 1532//1532 
f 1532//1532 1542//1542 1543//1543 
f 1532//1532 1543//1543 1533//1533 
f 1533//1533 1543//1543 1544//1544 
f 1533//1533 1544//1544 1534//1534 
f 1547//1547 1546//1546 1545//1545 
f 1545//1545 1548//1548 1547//1547 
f 1551//1551 1550//1550 1549//1549 
f 1327//1327 1328//1328 1549//1549 
f 1328//1328 1551//1551 1549//1549 
f 1328//1328 1552//1552 1551//1551 
f 1329//1329 1545//1545 1546//1546 
f 1552//1552 1329//1329 1546//1546 
f 1328//1328 1329//1329 1552//1552 
f 1553//1553 1548//1548 1545//1545 
f 1329//1329 1553//1553 1545//1545 
f 1330//1330 1553//1553 1329//1329 
f 1555//1555 1554//1554 1331//1331 
f 1554//1554 1330//1330 1331//1331 
f 1554//1554 1553//1553 1330//1330 
f 1555//1555 1556//1556 1554//1554 
f 1558//1558 1557//1557 1334//1334 
f 1334//1334 1557//1557 1333//1333 
f 1335//1335 1549//1549 1550//1550 
f 1558//1558 1335//1335 1550//1550 
f 1334//1334 1335//1335 1558//1558 
f 1549//1549 1335//1335 1327//1327 
f 1336//1336 1555//1555 1331//1331 
f 1559//1559 1556//1556 1555//1555 
f 1336//1336 1559//1559 1555//1555 
f 1337//1337 1559//1559 1336//1336 
f 1337//1337 1339//1339 1559//1559 
f 1559//1559 1339//1339 1560//1560 
f 1563//1563 1562//1562 1561//1561 
f 1557//1557 1563//1563 1561//1561 
f 1340//1340 1557//1557 1561//1561 
f 1333//1333 1557//1557 1340//1340 
f 1564//1564 1560//1560 1339//1339 
f 1564//1564 1339//1339 1341//1341 
f 1341//1341 1343//1343 1564//1564 
f 1564//1564 1343//1343 1565//1565 
f 1561//1561 1562//1562 1345//1345 
f 1562//1562 1344//1344 1345//1345 
f 1562//1562 1566//1566 1344//1344 
f 1561//1561 1345//1345 1340//1340 
f 1346//1346 1565//1565 1343//1343 
f 1346//1346 1567//1567 1565//1565 
f 1566//1566 1348//1348 1344//1344 
f 1568//1568 1348//1348 1566//1566 
f 1349//1349 1570//1570 1569//1569 
f 1567//1567 1349//1349 1569//1569 
f 1346//1346 1349//1349 1567//1567 
f 1570//1570 1571//1571 1569//1569 
f 1573//1573 1572//1572 1352//1352 
f 1352//1352 1572//1572 1351//1351 
f 1352//1352 1348//1348 1568//1568 
f 1352//1352 1568//1568 1573//1573 
f 1353//1353 1570//1570 1349//1349 
f 1353//1353 1355//1355 1570//1570 
f 1355//1355 1571//1571 1570//1570 
f 1355//1355 1574//1574 1571//1571 
f 1576//1576 1575//1575 1357//1357 
f 1357//1357 1575//1575 1356//1356 
f 1357//1357 1351//1351 1572//1572 
f 1357//1357 1572//1572 1576//1576 
f 1359//1359 1577//1577 1358//1358 
f 1577//1577 1578//1578 1358//1358 
f 1578//1578 1355//1355 1358//1358 
f 1578//1578 1574//1574 1355//1355 
f 1580//1580 1579//1579 1361//1361 
f 1361//1361 1579//1579 1360//1360 
f 1361//1361 1356//1356 1575//1575 
f 1361//1361 1575//1575 1580//1580 
f 1582//1582 1581//1581 1577//1577 
f 1359//1359 1582//1582 1577//1577 
f 1362//1362 1582//1582 1359//1359 
f 1577//1577 1581//1581 1578//1578 
f 1584//1584 1583//1583 1364//1364 
f 1364//1364 1583//1583 1363//1363 
f 1364//1364 1360//1360 1579//1579 
f 1364//1364 1579//1579 1584//1584 
f 1365//1365 1582//1582 1362//1362 
f 1365//1365 1585//1585 1582//1582 
f 1583//1583 1366//1366 1363//1363 
f 1586//1586 1366//1366 1583//1583 
f 1367//1367 1585//1585 1365//1365 
f 1367//1367 1587//1587 1585//1585 
f 1586//1586 1369//1369 1366//1366 
f 1588//1588 1369//1369 1586//1586 
f 1370//1370 1587//1587 1367//1367 
f 1370//1370 1589//1589 1587//1587 
f 1591//1591 1590//1590 1372//1372 
f 1372//1372 1590//1590 1371//1371 
f 1372//1372 1369//1369 1588//1588 
f 1372//1372 1588//1588 1591//1591 
f 1373//1373 1589//1589 1370//1370 
f 1373//1373 1592//1592 1589//1589 
f 1590//1590 1374//1374 1371//1371 
f 1593//1593 1374//1374 1590//1590 
f 1375//1375 1592//1592 1373//1373 
f 1375//1375 1594//1594 1592//1592 
f 1596//1596 1595//1595 1378//1378 
f 1378//1378 1595//1595 1377//1377 
f 1378//1378 1374//1374 1593//1593 
f 1378//1378 1593//1593 1596//1596 
f 1380//1380 1594//1594 1375//1375 
f 1380//1380 1597//1597 1594//1594 
f 1600//1600 1599//1599 1598//1598 
f 1602//1602 1601//1601 1598//1598 
f 1598//1598 1601//1601 1600//1600 
f 1604//1604 1603//1603 1602//1602 
f 1602//1602 1603//1603 1601//1601 
f 1606//1606 1605//1605 1604//1604 
f 1604//1604 1605//1605 1603//1603 
f 1608//1608 1607//1607 1606//1606 
f 1606//1606 1607//1607 1605//1605 
f 1610//1610 1609//1609 1608//1608 
f 1608//1608 1609//1609 1607//1607 
f 1610//1610 1611//1611 1609//1609 
f 1613//1613 1612//1612 1383//1383 
f 1383//1383 1612//1612 1382//1382 
f 1383//1383 1377//1377 1595//1595 
f 1383//1383 1595//1595 1613//1613 
f 1385//1385 1614//1614 1384//1384 
f 1614//1614 1615//1615 1384//1384 
f 1615//1615 1380//1380 1384//1384 
f 1615//1615 1597//1597 1380//1380 
f 1618//1618 1617//1617 1616//1616 
f 1620//1620 1619//1619 1616//1616 
f 1616//1616 1619//1619 1618//1618 
f 1622//1622 1621//1621 1620//1620 
f 1620//1620 1621//1621 1619//1619 
f 1621//1621 1622//1622 1599//1599 
f 1622//1622 1598//1598 1599//1599 
f 1622//1622 1623//1623 1598//1598 
f 1623//1623 1387//1387 1388//1388 
f 1602//1602 1623//1623 1388//1388 
f 1598//1598 1623//1623 1602//1602 
f 1602//1602 1388//1388 1389//1389 
f 1602//1602 1389//1389 1604//1604 
f 1604//1604 1389//1389 1391//1391 
f 1604//1604 1391//1391 1606//1606 
f 1606//1606 1391//1391 1393//1393 
f 1606//1606 1393//1393 1608//1608 
f 1608//1608 1393//1393 1395//1395 
f 1608//1608 1395//1395 1610//1610 
f 1624//1624 1611//1611 1610//1610 
f 1395//1395 1624//1624 1610//1610 
f 1397//1397 1624//1624 1395//1395 
f 1625//1625 1397//1397 1399//1399 
f 1625//1625 1624//1624 1397//1397 
f 1626//1626 1399//1399 1400//1400 
f 1626//1626 1625//1625 1399//1399 
f 1400//1400 1382//1382 1612//1612 
f 1400//1400 1612//1612 1626//1626 
f 1401//1401 1627//1627 1614//1614 
f 1401//1401 1614//1614 1385//1385 
f 1615//1615 1614//1614 1628//1628 
f 1628//1628 1614//1614 1627//1627 
f 1616//1616 1617//1617 1629//1629 
f 1629//1629 1617//1617 1630//1630 
f 1616//1616 1631//1631 1620//1620 
f 1616//1616 1629//1629 1631//1631 
f 1620//1620 1632//1632 1622//1622 
f 1620//1620 1631//1631 1632//1632 
f 1632//1632 1403//1403 1404//1404 
f 1623//1623 1632//1632 1404//1404 
f 1622//1622 1632//1632 1623//1623 
f 1623//1623 1404//1404 1387//1387 
f 1634//1634 1633//1633 1627//1627 
f 1401//1401 1634//1634 1627//1627 
f 1408//1408 1634//1634 1401//1401 
f 1627//1627 1633//1633 1628//1628 
f 1637//1637 1636//1636 1635//1635 
f 1637//1637 1635//1635 1630//1630 
f 1635//1635 1629//1629 1630//1630 
f 1635//1635 1638//1638 1629//1629 
f 1629//1629 1639//1639 1631//1631 
f 1629//1629 1638//1638 1639//1639 
f 1631//1631 1640//1640 1632//1632 
f 1631//1631 1639//1639 1640//1640 
f 1640//1640 1410//1410 1403//1403 
f 1640//1640 1403//1403 1632//1632 
f 1414//1414 1634//1634 1408//1408 
f 1414//1414 1641//1641 1634//1634 
f 1644//1644 1643//1643 1642//1642 
f 1644//1644 1642//1642 1636//1636 
f 1642//1642 1635//1635 1636//1636 
f 1642//1642 1645//1645 1635//1635 
f 1635//1635 1646//1646 1638//1638 
f 1635//1635 1645//1645 1646//1646 
f 1638//1638 1647//1647 1639//1639 
f 1638//1638 1646//1646 1647//1647 
f 1647//1647 1416//1416 1417//1417 
f 1640//1640 1647//1647 1417//1417 
f 1639//1639 1647//1647 1640//1640 
f 1640//1640 1417//1417 1410//1410 
f 1422//1422 1641//1641 1414//1414 
f 1422//1422 1648//1648 1641//1641 
f 1642//1642 1643//1643 1649//1649 
f 1649//1649 1643//1643 1650//1650 
f 1642//1642 1651//1651 1645//1645 
f 1642//1642 1649//1649 1651//1651 
f 1645//1645 1652//1652 1646//1646 
f 1645//1645 1651//1651 1652//1652 
f 1646//1646 1653//1653 1647//1647 
f 1646//1646 1652//1652 1653//1653 
f 1653//1653 1424//1424 1416//1416 
f 1653//1653 1416//1416 1647//1647 
f 1428//1428 1648//1648 1422//1422 
f 1428//1428 1654//1654 1648//1648 
f 1657//1657 1656//1656 1655//1655 
f 1657//1657 1655//1655 1650//1650 
f 1655//1655 1649//1649 1650//1650 
f 1655//1655 1658//1658 1649//1649 
f 1649//1649 1659//1659 1651//1651 
f 1649//1649 1658//1658 1659//1659 
f 1651//1651 1660//1660 1652//1652 
f 1651//1651 1659//1659 1660//1660 
f 1660//1660 1430//1430 1431//1431 
f 1653//1653 1660//1660 1431//1431 
f 1652//1652 1660//1660 1653//1653 
f 1653//1653 1431//1431 1424//1424 
f 1436//1436 1654//1654 1428//1428 
f 1436//1436 1661//1661 1654//1654 
f 1655//1655 1656//1656 1662//1662 
f 1662//1662 1656//1656 1663//1663 
f 1655//1655 1664//1664 1658//1658 
f 1655//1655 1662//1662 1664//1664 
f 1658//1658 1665//1665 1659//1659 
f 1658//1658 1664//1664 1665//1665 
f 1659//1659 1666//1666 1660//1660 
f 1659//1659 1665//1665 1666//1666 
f 1666//1666 1438//1438 1430//1430 
f 1666//1666 1430//1430 1660//1660 
f 1443//1443 1667//1667 1442//1442 
f 1667//1667 1668//1668 1442//1442 
f 1668//1668 1436//1436 1442//1442 
f 1668//1668 1661//1661 1436//1436 
f 1663//1663 1669//1669 1662//1662 
f 1671//1671 1670//1670 1669//1669 
f 1670//1670 1662//1662 1669//1669 
f 1670//1670 1664//1664 1662//1662 
f 1664//1664 1672//1672 1665//1665 
f 1664//1664 1670//1670 1672//1672 
f 1665//1665 1673//1673 1666//1666 
f 1665//1665 1672//1672 1673//1673 
f 1674//1674 1444//1444 1438//1438 
f 1666//1666 1674//1674 1438//1438 
f 1673//1673 1674//1674 1666//1666 
f 1674//1674 1446//1446 1444//1444 
f 1676//1676 1675//1675 1667//1667 
f 1443//1443 1676//1676 1667//1667 
f 1449//1449 1676//1676 1443//1443 
f 1667//1667 1675//1675 1668//1668 
f 1671//1671 1677//1677 1670//1670 
f 1679//1679 1678//1678 1677//1677 
f 1678//1678 1670//1670 1677//1677 
f 1678//1678 1672//1672 1670//1670 
f 1672//1672 1680//1680 1673//1673 
f 1672//1672 1678//1678 1680//1680 
f 1673//1673 1681//1681 1674//1674 
f 1673//1673 1680//1680 1681//1681 
f 1682//1682 1450//1450 1446//1446 
f 1674//1674 1682//1682 1446//1446 
f 1681//1681 1682//1682 1674//1674 
f 1682//1682 1452//1452 1450//1450 
f 1455//1455 1676//1676 1449//1449 
f 1455//1455 1683//1683 1676//1676 
f 1679//1679 1684//1684 1678//1678 
f 1686//1686 1685//1685 1684//1684 
f 1685//1685 1678//1678 1684//1684 
f 1685//1685 1680//1680 1678//1678 
f 1680//1680 1687//1687 1681//1681 
f 1680//1680 1685//1685 1687//1687 
f 1681//1681 1688//1688 1682//1682 
f 1681//1681 1687//1687 1688//1688 
f 1689//1689 1456//1456 1452//1452 
f 1682//1682 1689//1689 1452//1452 
f 1688//1688 1689//1689 1682//1682 
f 1689//1689 1458//1458 1456//1456 
f 1461//1461 1683//1683 1455//1455 
f 1461//1461 1690//1690 1683//1683 
f 1686//1686 1691//1691 1685//1685 
f 1693//1693 1692//1692 1691//1691 
f 1692//1692 1685//1685 1691//1691 
f 1692//1692 1687//1687 1685//1685 
f 1687//1687 1694//1694 1688//1688 
f 1687//1687 1692//1692 1694//1694 
f 1688//1688 1695//1695 1689//1689 
f 1688//1688 1694//1694 1695//1695 
f 1696//1696 1462//1462 1458//1458 
f 1689//1689 1696//1696 1458//1458 
f 1695//1695 1696//1696 1689//1689 
f 1696//1696 1464//1464 1462//1462 
f 1467//1467 1690//1690 1461//1461 
f 1467//1467 1697//1697 1690//1690 
f 1693//1693 1698//1698 1692//1692 
f 1700//1700 1699//1699 1698//1698 
f 1699//1699 1692//1692 1698//1698 
f 1699//1699 1694//1694 1692//1692 
f 1694//1694 1701//1701 1695//1695 
f 1694//1694 1699//1699 1701//1701 
f 1695//1695 1702//1702 1696//1696 
f 1695//1695 1701//1701 1702//1702 
f 1703//1703 1468//1468 1464//1464 
f 1696//1696 1703//1703 1464//1464 
f 1702//1702 1703//1703 1696//1696 
f 1703//1703 1470//1470 1468//1468 
f 1473//1473 1697//1697 1467//1467 
f 1473//1473 1704//1704 1697//1697 
f 1700//1700 1705//1705 1699//1699 
f 1699//1699 1705//1705 1701//1701 
f 1701//1701 1705//1705 1706//1706 
f 1708//1708 1707//1707 1706//1706 
f 1707//1707 1701//1701 1706//1706 
f 1707//1707 1702//1702 1701//1701 
f 1702//1702 1709//1709 1703//1703 
f 1702//1702 1707//1707 1709//1709 
f 1710//1710 1474//1474 1470//1470 
f 1703//1703 1710//1710 1470//1470 
f 1709//1709 1710//1710 1703//1703 
f 1710//1710 1476//1476 1474//1474 
f 1478//1478 1711//1711 1477//1477 
f 1711//1711 1712//1712 1477//1477 
f 1712//1712 1473//1473 1477//1477 
f 1712//1712 1704//1704 1473//1473 
f 1708//1708 1713//1713 1707//1707 
f 1715//1715 1714//1714 1713//1713 
f 1714//1714 1707//1707 1713//1713 
f 1714//1714 1709//1709 1707//1707 
f 1709//1709 1716//1716 1710//1710 
f 1709//1709 1714//1714 1716//1716 
f 1716//1716 1480//1480 1476//1476 
f 1716//1716 1476//1476 1710//1710 
f 1718//1718 1717//1717 1711//1711 
f 1478//1478 1718//1718 1711//1711 
f 1481//1481 1718//1718 1478//1478 
f 1711//1711 1717//1717 1712//1712 
f 1715//1715 1719//1719 1714//1714 
f 1721//1721 1720//1720 1719//1719 
f 1720//1720 1714//1714 1719//1719 
f 1720//1720 1716//1716 1714//1714 
f 1722//1722 1482//1482 1480//1480 
f 1716//1716 1722//1722 1480//1480 
f 1720//1720 1722//1722 1716//1716 
f 1722//1722 1483//1483 1482//1482 
f 1485//1485 1718//1718 1481//1481 
f 1485//1485 1723//1723 1718//1718 
f 1721//1721 1724//1724 1720//1720 
f 1726//1726 1725//1725 1724//1724 
f 1725//1725 1720//1720 1724//1724 
f 1725//1725 1722//1722 1720//1720 
f 1725//1725 1487//1487 1483//1483 
f 1725//1725 1483//1483 1722//1722 
f 1489//1489 1727//1727 1488//1488 
f 1727//1727 1728//1728 1488//1488 
f 1728//1728 1485//1485 1488//1488 
f 1728//1728 1723//1723 1485//1485 
f 1725//1725 1726//1726 1492//1492 
f 1726//1726 1491//1491 1492//1492 
f 1726//1726 1729//1729 1491//1491 
f 1725//1725 1492//1492 1487//1487 
f 1494//1494 1730//1730 1495//1495 
f 1730//1730 1731//1731 1495//1495 
f 1495//1495 1731//1731 1489//1489 
f 1731//1731 1732//1732 1489//1489 
f 1732//1732 1727//1727 1489//1489 
f 1727//1727 1732//1732 1728//1728 
f 1733//1733 1496//1496 1497//1497 
f 1734//1734 1733//1733 1497//1497 
f 1491//1491 1734//1734 1497//1497 
f 1729//1729 1734//1734 1491//1491 
f 1499//1499 1735//1735 1500//1500 
f 1735//1735 1736//1736 1500//1500 
f 1500//1500 1736//1736 1494//1494 
f 1736//1736 1737//1737 1494//1494 
f 1737//1737 1730//1730 1494//1494 
f 1730//1730 1737//1737 1731//1731 
f 1739//1739 1738//1738 1502//1502 
f 1502//1502 1738//1738 1501//1501 
f 1502//1502 1496//1496 1733//1733 
f 1740//1740 1502//1502 1733//1733 
f 1739//1739 1502//1502 1740//1740 
f 1740//1740 1733//1733 1734//1734 
f 1505//1505 1741//1741 1506//1506 
f 1741//1741 1742//1742 1506//1506 
f 1506//1506 1742//1742 1499//1499 
f 1742//1742 1743//1743 1499//1499 
f 1743//1743 1735//1735 1499//1499 
f 1735//1735 1743//1743 1736//1736 
f 1746//1746 1745//1745 1744//1744 
f 1738//1738 1746//1746 1744//1744 
f 1508//1508 1738//1738 1744//1744 
f 1501//1501 1738//1738 1508//1508 
f 1511//1511 1747//1747 1512//1512 
f 1748//1748 1513//1513 1512//1512 
f 1748//1748 1512//1512 1747//1747 
f 1748//1748 1749//1749 1513//1513 
f 1513//1513 1749//1749 1505//1505 
f 1749//1749 1750//1750 1505//1505 
f 1750//1750 1741//1741 1505//1505 
f 1741//1741 1750//1750 1742//1742 
f 1744//1744 1745//1745 1751//1751 
f 1751//1751 1745//1745 1752//1752 
f 1751//1751 1515//1515 1508//1508 
f 1751//1751 1508//1508 1744//1744 
f 1522//1522 1753//1753 1523//1523 
f 1754//1754 1524//1524 1523//1523 
f 1754//1754 1523//1523 1753//1753 
f 1754//1754 1755//1755 1524//1524 
f 1524//1524 1755//1755 1511//1511 
f 1755//1755 1756//1756 1511//1511 
f 1756//1756 1747//1747 1511//1511 
f 1747//1747 1756//1756 1748//1748 
f 1748//1748 1756//1756 1757//1757 
f 1748//1748 1757//1757 1749//1749 
f 1752//1752 1758//1758 1751//1751 
f 1758//1758 1760//1760 1759//1759 
f 1758//1758 1759//1759 1525//1525 
f 1751//1751 1758//1758 1525//1525 
f 1515//1515 1751//1751 1525//1525 
f 1761//1761 1526//1526 1525//1525 
f 1761//1761 1525//1525 1759//1759 
f 1761//1761 1528//1528 1526//1526 
f 1534//1534 1762//1762 1535//1535 
f 1763//1763 1536//1536 1535//1535 
f 1763//1763 1535//1535 1762//1762 
f 1764//1764 1537//1537 1536//1536 
f 1764//1764 1536//1536 1763//1763 
f 1537//1537 1764//1764 1765//1765 
f 1766//1766 1537//1537 1765//1765 
f 1538//1538 1537//1537 1766//1766 
f 1522//1522 1538//1538 1753//1753 
f 1538//1538 1767//1767 1753//1753 
f 1538//1538 1766//1766 1767//1767 
f 1753//1753 1767//1767 1754//1754 
f 1754//1754 1767//1767 1768//1768 
f 1754//1754 1768//1768 1755//1755 
f 1760//1760 1769//1769 1759//1759 
f 1759//1759 1769//1769 1761//1761 
f 1761//1761 1769//1769 1770//1770 
f 1770//1770 1772//1772 1771//1771 
f 1770//1770 1771//1771 1539//1539 
f 1761//1761 1770//1770 1539//1539 
f 1528//1528 1761//1761 1539//1539 
f 1773//1773 1540//1540 1539//1539 
f 1773//1773 1539//1539 1771//1771 
f 1774//1774 1541//1541 1540//1540 
f 1774//1774 1540//1540 1773//1773 
f 1775//1775 1542//1542 1541//1541 
f 1775//1775 1541//1541 1774//1774 
f 1776//1776 1543//1543 1542//1542 
f 1776//1776 1542//1542 1775//1775 
f 1777//1777 1544//1544 1543//1543 
f 1777//1777 1543//1543 1776//1776 
f 1777//1777 1778//1778 1544//1544 
f 1544//1544 1778//1778 1534//1534 
f 1778//1778 1779//1779 1534//1534 
f 1779//1779 1762//1762 1534//1534 
f 1762//1762 1779//1779 1763//1763 
f 1763//1763 1779//1779 1780//1780 
f 1763//1763 1780//1780 1764//1764 
f 1764//1764 1780//1780 1781//1781 
f 1764//1764 1781//1781 1765//1765 
f 1772//1772 1782//1782 1771//1771 
f 1771//1771 1782//1782 1773//1773 
f 1773//1773 1782//1782 1783//1783 
f 1773//1773 1783//1783 1774//1774 
f 1774//1774 1783//1783 1784//1784 
f 1774//1774 1784//1784 1775//1775 
f 1775//1775 1784//1784 1785//1785 
f 1775//1775 1785//1785 1776//1776 
f 1776//1776 1785//1785 1786//1786 
f 1776//1776 1786//1786 1777//1777 
f 1777//1777 1786//1786 1787//1787 
f 1777//1777 1787//1787 1778//1778 
f 1790//1790 1789//1789 1788//1788 
f 1546//1546 1547//1547 1788//1788 
f 1547//1547 1790//1790 1788//1788 
f 1547//1547 1791//1791 1790//1790 
f 1793//1793 1792//1792 1548//1548 
f 1792//1792 1547//1547 1548//1548 
f 1792//1792 1791//1791 1547//1547 
f 1793//1793 1794//1794 1792//1792 
f 1796//1796 1795//1795 1551//1551 
f 1551//1551 1795//1795 1550//1550 
f 1552//1552 1788//1788 1789//1789 
f 1796//1796 1552//1552 1789//1789 
f 1551//1551 1552//1552 1796//1796 
f 1788//1788 1552//1552 1546//1546 
f 1553//1553 1793//1793 1548//1548 
f 1797//1797 1794//1794 1793//1793 
f 1553//1553 1797//1797 1793//1793 
f 1554//1554 1797//1797 1553//1553 
f 1554//1554 1556//1556 1797//1797 
f 1797//1797 1556//1556 1798//1798 
f 1800//1800 1799//1799 1558//1558 
f 1558//1558 1799//1799 1557//1557 
f 1558//1558 1550//1550 1795//1795 
f 1558//1558 1795//1795 1800//1800 
f 1801//1801 1798//1798 1556//1556 
f 1801//1801 1556//1556 1559//1559 
f 1559//1559 1560//1560 1801//1801 
f 1801//1801 1560//1560 1802//1802 
f 1803//1803 1562//1562 1563//1563 
f 1804//1804 1803//1803 1563//1563 
f 1557//1557 1804//1804 1563//1563 
f 1799//1799 1804//1804 1557//1557 
f 1805//1805 1802//1802 1560//1560 
f 1805//1805 1560//1560 1564//1564 
f 1564//1564 1565//1565 1805//1805 
f 1805//1805 1565//1565 1806//1806 
f 1808//1808 1807//1807 1803//1803 
f 1807//1807 1562//1562 1803//1803 
f 1807//1807 1566//1566 1562//1562 
f 1808//1808 1803//1803 1804//1804 
f 1567//1567 1806//1806 1565//1565 
f 1567//1567 1809//1809 1806//1806 
f 1807//1807 1568//1568 1566//1566 
f 1810//1810 1568//1568 1807//1807 
f 1811//1811 1809//1809 1567//1567 
f 1811//1811 1567//1567 1569//1569 
f 1569//1569 1571//1571 1811//1811 
f 1811//1811 1571//1571 1812//1812 
f 1813//1813 1572//1572 1573//1573 
f 1814//1814 1813//1813 1573//1573 
f 1568//1568 1814//1814 1573//1573 
f 1810//1810 1814//1814 1568//1568 
f 1574//1574 1812//1812 1571//1571 
f 1574//1574 1815//1815 1812//1812 
f 1817//1817 1816//1816 1576//1576 
f 1576//1576 1816//1816 1575//1575 
f 1576//1576 1572//1572 1813//1813 
f 1818//1818 1576//1576 1813//1813 
f 1817//1817 1576//1576 1818//1818 
f 1818//1818 1813//1813 1814//1814 
f 1578//1578 1815//1815 1574//1574 
f 1578//1578 1819//1819 1815//1815 
f 1821//1821 1820//1820 1580//1580 
f 1580//1580 1820//1820 1579//1579 
f 1580//1580 1575//1575 1816//1816 
f 1580//1580 1816//1816 1821//1821 
f 1582//1582 1822//1822 1581//1581 
f 1822//1822 1823//1823 1581//1581 
f 1823//1823 1578//1578 1581//1581 
f 1823//1823 1819//1819 1578//1578 
f 1824//1824 1583//1583 1584//1584 
f 1825//1825 1824//1824 1584//1584 
f 1579//1579 1825//1825 1584//1584 
f 1820//1820 1825//1825 1579//1579 
f 1827//1827 1826//1826 1822//1822 
f 1582//1582 1827//1827 1822//1822 
f 1585//1585 1827//1827 1582//1582 
f 1822//1822 1826//1826 1823//1823 
f 1829//1829 1828//1828 1824//1824 
f 1828//1828 1583//1583 1824//1824 
f 1828//1828 1586//1586 1583//1583 
f 1829//1829 1824//1824 1825//1825 
f 1587//1587 1827//1827 1585//1585 
f 1587//1587 1830//1830 1827//1827 
f 1828//1828 1588//1588 1586//1586 
f 1831//1831 1588//1588 1828//1828 
f 1589//1589 1830//1830 1587//1587 
f 1589//1589 1832//1832 1830//1830 
f 1833//1833 1590//1590 1591//1591 
f 1834//1834 1833//1833 1591//1591 
f 1588//1588 1834//1834 1591//1591 
f 1831//1831 1834//1834 1588//1588 
f 1592//1592 1832//1832 1589//1589 
f 1592//1592 1835//1835 1832//1832 
f 1837//1837 1836//1836 1833//1833 
f 1836//1836 1590//1590 1833//1833 
f 1836//1836 1593//1593 1590//1590 
f 1837//1837 1833//1833 1834//1834 
f 1594//1594 1835//1835 1592//1592 
f 1594//1594 1838//1838 1835//1835 
f 1841//1841 1840//1840 1839//1839 
f 1843//1843 1842//1842 1839//1839 
f 1839//1839 1842//1842 1841//1841 
f 1845//1845 1844//1844 1843//1843 
f 1843//1843 1844//1844 1842//1842 
f 1845//1845 1846//1846 1844//1844 
f 1847//1847 1595//1595 1596//1596 
f 1848//1848 1847//1847 1596//1596 
f 1593//1593 1848//1848 1596//1596 
f 1836//1836 1848//1848 1593//1593 
f 1597//1597 1838//1838 1594//1594 
f 1597//1597 1849//1849 1838//1838 
f 1839//1839 1840//1840 1850//1850 
f 1850//1850 1840//1840 1851//1851 
f 1839//1839 1852//1852 1843//1843 
f 1839//1839 1850//1850 1852//1852 
f 1843//1843 1853//1853 1845//1845 
f 1843//1843 1852//1852 1853//1853 
f 1846//1846 1845//1845 1854//1854 
f 1845//1845 1855//1855 1854//1854 
f 1845//1845 1853//1853 1855//1855 
f 1857//1857 1856//1856 1855//1855 
f 1855//1855 1856//1856 1854//1854 
f 1859//1859 1858//1858 1857//1857 
f 1857//1857 1858//1858 1856//1856 
f 1861//1861 1860//1860 1859//1859 
f 1859//1859 1860//1860 1858//1858 
f 1599//1599 1600//1600 1861//1861 
f 1600//1600 1860//1860 1861//1861 
f 1600//1600 1862//1862 1860//1860 
f 1863//1863 1600//1600 1601//1601 
f 1863//1863 1862//1862 1600//1600 
f 1864//1864 1601//1601 1603//1603 
f 1864//1864 1863//1863 1601//1601 
f 1865//1865 1603//1603 1605//1605 
f 1865//1865 1864//1864 1603//1603 
f 1866//1866 1605//1605 1607//1607 
f 1866//1866 1865//1865 1605//1605 
f 1867//1867 1607//1607 1609//1609 
f 1867//1867 1866//1866 1607//1607 
f 1869//1869 1868//1868 1611//1611 
f 1868//1868 1609//1609 1611//1611 
f 1868//1868 1867//1867 1609//1609 
f 1871//1871 1870//1870 1869//1869 
f 1869//1869 1870//1870 1868//1868 
f 1873//1873 1872//1872 1871//1871 
f 1871//1871 1872//1872 1870//1870 
f 1612//1612 1613//1613 1873//1873 
f 1613//1613 1872//1872 1873//1873 
f 1613//1613 1874//1874 1872//1872 
f 1613//1613 1595//1595 1847//1847 
f 1875//1875 1613//1613 1847//1847 
f 1874//1874 1613//1613 1875//1875 
f 1875//1875 1847//1847 1848//1848 
f 1615//1615 1849//1849 1597//1597 
f 1615//1615 1876//1876 1849//1849 
f 1850//1850 1851//1851 1877//1877 
f 1877//1877 1851//1851 1878//1878 
f 1850//1850 1879//1879 1852//1852 
f 1850//1850 1877//1877 1879//1879 
f 1852//1852 1880//1880 1853//1853 
f 1852//1852 1879//1879 1880//1880 
f 1853//1853 1881//1881 1855//1855 
f 1853//1853 1880//1880 1881//1881 
f 1881//1881 1617//1617 1618//1618 
f 1857//1857 1881//1881 1618//1618 
f 1855//1855 1881//1881 1857//1857 
f 1857//1857 1618//1618 1619//1619 
f 1857//1857 1619//1619 1859//1859 
f 1859//1859 1619//1619 1621//1621 
f 1859//1859 1621//1621 1861//1861 
f 1861//1861 1621//1621 1599//1599 
f 1624//1624 1869//1869 1611//1611 
f 1869//1869 1624//1624 1625//1625 
f 1869//1869 1625//1625 1871//1871 
f 1871//1871 1625//1625 1626//1626 
f 1871//1871 1626//1626 1873//1873 
f 1873//1873 1626//1626 1612//1612 
f 1628//1628 1876//1876 1615//1615 
f 1628//1628 1882//1882 1876//1876 
f 1877//1877 1878//1878 1883//1883 
f 1883//1883 1878//1878 1884//1884 
f 1877//1877 1885//1885 1879//1879 
f 1877//1877 1883//1883 1885//1885 
f 1879//1879 1886//1886 1880//1880 
f 1879//1879 1885//1885 1886//1886 
f 1880//1880 1887//1887 1881//1881 
f 1880//1880 1886//1886 1887//1887 
f 1887//1887 1630//1630 1617//1617 
f 1887//1887 1617//1617 1881//1881 
f 1634//1634 1888//1888 1633//1633 
f 1888//1888 1889//1889 1633//1633 
f 1889//1889 1628//1628 1633//1633 
f 1889//1889 1882//1882 1628//1628 
f 1883//1883 1884//1884 1890//1890 
f 1890//1890 1884//1884 1891//1891 
f 1883//1883 1892//1892 1885//1885 
f 1883//1883 1890//1890 1892//1892 
f 1885//1885 1893//1893 1886//1886 
f 1885//1885 1892//1892 1893//1893 
f 1893//1893 1636//1636 1637//1637 
f 1887//1887 1893//1893 1637//1637 
f 1886//1886 1893//1893 1887//1887 
f 1887//1887 1637//1637 1630//1630 
f 1641//1641 1894//1894 1888//1888 
f 1641//1641 1888//1888 1634//1634 
f 1889//1889 1888//1888 1895//1895 
f 1895//1895 1888//1888 1894//1894 
f 1890//1890 1891//1891 1896//1896 
f 1896//1896 1891//1891 1897//1897 
f 1890//1890 1898//1898 1892//1892 
f 1890//1890 1896//1896 1898//1898 
f 1898//1898 1643//1643 1644//1644 
f 1893//1893 1898//1898 1644//1644 
f 1892//1892 1898//1898 1893//1893 
f 1893//1893 1644//1644 1636//1636 
f 1900//1900 1899//1899 1894//1894 
f 1641//1641 1900//1900 1894//1894 
f 1648//1648 1900//1900 1641//1641 
f 1894//1894 1899//1899 1895//1895 
f 1896//1896 1897//1897 1901//1901 
f 1901//1901 1897//1897 1902//1902 
f 1896//1896 1903//1903 1898//1898 
f 1896//1896 1901//1901 1903//1903 
f 1903//1903 1650//1650 1643//1643 
f 1903//1903 1643//1643 1898//1898 
f 1654//1654 1900//1900 1648//1648 
f 1654//1654 1904//1904 1900//1900 
f 1907//1907 1906//1906 1905//1905 
f 1907//1907 1905//1905 1902//1902 
f 1905//1905 1901//1901 1902//1902 
f 1905//1905 1908//1908 1901//1901 
f 1908//1908 1656//1656 1657//1657 
f 1903//1903 1908//1908 1657//1657 
f 1901//1901 1908//1908 1903//1903 
f 1903//1903 1657//1657 1650//1650 
f 1661//1661 1904//1904 1654//1654 
f 1661//1661 1909//1909 1904//1904 
f 1905//1905 1906//1906 1910//1910 
f 1910//1910 1906//1906 1911//1911 
f 1905//1905 1912//1912 1908//1908 
f 1905//1905 1910//1910 1912//1912 
f 1912//1912 1663//1663 1656//1656 
f 1912//1912 1656//1656 1908//1908 
f 1668//1668 1909//1909 1661//1661 
f 1668//1668 1913//1913 1909//1909 
f 1911//1911 1914//1914 1910//1910 
f 1916//1916 1915//1915 1914//1914 
f 1915//1915 1910//1910 1914//1914 
f 1915//1915 1912//1912 1910//1910 
f 1917//1917 1669//1669 1663//1663 
f 1912//1912 1917//1917 1663//1663 
f 1915//1915 1917//1917 1912//1912 
f 1917//1917 1671//1671 1669//1669 
f 1676//1676 1918//1918 1675//1675 
f 1918//1918 1919//1919 1675//1675 
f 1919//1919 1668//1668 1675//1675 
f 1919//1919 1913//1913 1668//1668 
f 1915//1915 1916//1916 1920//1920 
f 1920//1920 1916//1916 1921//1921 
f 1915//1915 1922//1922 1917//1917 
f 1915//1915 1920//1920 1922//1922 
f 1923//1923 1677//1677 1671//1671 
f 1917//1917 1923//1923 1671//1671 
f 1922//1922 1923//1923 1917//1917 
f 1923//1923 1679//1679 1677//1677 
f 1925//1925 1924//1924 1918//1918 
f 1676//1676 1925//1925 1918//1918 
f 1683//1683 1925//1925 1676//1676 
f 1918//1918 1924//1924 1919//1919 
f 1921//1921 1926//1926 1920//1920 
f 1928//1928 1927//1927 1926//1926 
f 1927//1927 1920//1920 1926//1926 
f 1927//1927 1922//1922 1920//1920 
f 1922//1922 1929//1929 1923//1923 
f 1922//1922 1927//1927 1929//1929 
f 1930//1930 1684//1684 1679//1679 
f 1923//1923 1930//1930 1679//1679 
f 1929//1929 1930//1930 1923//1923 
f 1930//1930 1686//1686 1684//1684 
f 1690//1690 1925//1925 1683//1683 
f 1690//1690 1931//1931 1925//1925 
f 1928//1928 1932//1932 1927//1927 
f 1934//1934 1933//1933 1932//1932 
f 1933//1933 1927//1927 1932//1932 
f 1933//1933 1929//1929 1927//1927 
f 1929//1929 1935//1935 1930//1930 
f 1929//1929 1933//1933 1935//1935 
f 1936//1936 1691//1691 1686//1686 
f 1930//1930 1936//1936 1686//1686 
f 1935//1935 1936//1936 1930//1930 
f 1936//1936 1693//1693 1691//1691 
f 1697//1697 1931//1931 1690//1690 
f 1697//1697 1937//1937 1931//1931 
f 1934//1934 1938//1938 1933//1933 
f 1940//1940 1939//1939 1938//1938 
f 1939//1939 1933//1933 1938//1938 
f 1939//1939 1935//1935 1933//1933 
f 1935//1935 1941//1941 1936//1936 
f 1935//1935 1939//1939 1941//1941 
f 1942//1942 1698//1698 1693//1693 
f 1936//1936 1942//1942 1693//1693 
f 1941//1941 1942//1942 1936//1936 
f 1942//1942 1700//1700 1698//1698 
f 1704//1704 1937//1937 1697//1697 
f 1704//1704 1943//1943 1937//1937 
f 1940//1940 1944//1944 1939//1939 
f 1946//1946 1945//1945 1944//1944 
f 1945//1945 1939//1939 1944//1944 
f 1945//1945 1941//1941 1939//1939 
f 1941//1941 1947//1947 1942//1942 
f 1941//1941 1945//1945 1947//1947 
f 1948//1948 1705//1705 1700//1700 
f 1942//1942 1948//1948 1700//1700 
f 1947//1947 1948//1948 1942//1942 
f 1949//1949 1706//1706 1705//1705 
f 1949//1949 1705//1705 1948//1948 
f 1949//1949 1708//1708 1706//1706 
f 1712//1712 1943//1943 1704//1704 
f 1712//1712 1950//1950 1943//1943 
f 1946//1946 1951//1951 1945//1945 
f 1945//1945 1951//1951 1947//1947 
f 1947//1947 1951//1951 1952//1952 
f 1954//1954 1953//1953 1952//1952 
f 1953//1953 1947//1947 1952//1952 
f 1953//1953 1948//1948 1947//1947 
f 1948//1948 1955//1955 1949//1949 
f 1948//1948 1953//1953 1955//1955 
f 1956//1956 1713//1713 1708//1708 
f 1949//1949 1956//1956 1708//1708 
f 1955//1955 1956//1956 1949//1949 
f 1956//1956 1715//1715 1713//1713 
f 1718//1718 1957//1957 1717//1717 
f 1957//1957 1958//1958 1717//1717 
f 1958//1958 1712//1712 1717//1717 
f 1958//1958 1950//1950 1712//1712 
f 1954//1954 1959//1959 1953//1953 
f 1953//1953 1959//1959 1955//1955 
f 1955//1955 1959//1959 1960//1960 
f 1955//1955 1960//1960 1956//1956 
f 1956//1956 1960//1960 1961//1961 
f 1961//1961 1963//1963 1962//1962 
f 1961//1961 1962//1962 1719//1719 
f 1956//1956 1961//1961 1719//1719 
f 1715//1715 1956//1956 1719//1719 
f 1962//1962 1721//1721 1719//1719 
f 1965//1965 1964//1964 1957//1957 
f 1718//1718 1965//1965 1957//1957 
f 1723//1723 1965//1965 1718//1718 
f 1957//1957 1964//1964 1958//1958 
f 1963//1963 1966//1966 1962//1962 
f 1966//1966 1968//1968 1967//1967 
f 1966//1966 1967//1967 1724//1724 
f 1962//1962 1966//1966 1724//1724 
f 1721//1721 1962//1962 1724//1724 
f 1967//1967 1726//1726 1724//1724 
f 1728//1728 1965//1965 1723//1723 
f 1728//1728 1969//1969 1965//1965 
f 1968//1968 1970//1970 1967//1967 
f 1726//1726 1967//1967 1970//1970 
f 1971//1971 1726//1726 1970//1970 
f 1729//1729 1726//1726 1971//1971 
f 1731//1731 1972//1972 1732//1732 
f 1972//1972 1973//1973 1732//1732 
f 1973//1973 1728//1728 1732//1732 
f 1973//1973 1969//1969 1728//1728 
f 1971//1971 1734//1734 1729//1729 
f 1974//1974 1734//1734 1971//1971 
f 1736//1736 1975//1975 1737//1737 
f 1975//1975 1976//1976 1737//1737 
f 1737//1737 1976//1976 1731//1731 
f 1976//1976 1977//1977 1731//1731 
f 1977//1977 1972//1972 1731//1731 
f 1972//1972 1977//1977 1973//1973 
f 1978//1978 1738//1738 1739//1739 
f 1978//1978 1739//1739 1979//1979 
f 1739//1739 1980//1980 1979//1979 
f 1739//1739 1740//1740 1980//1980 
f 1740//1740 1734//1734 1974//1974 
f 1740//1740 1974//1974 1980//1980 
f 1742//1742 1981//1981 1743//1743 
f 1981//1981 1982//1982 1743//1743 
f 1743//1743 1982//1982 1736//1736 
f 1982//1982 1983//1983 1736//1736 
f 1983//1983 1975//1975 1736//1736 
f 1975//1975 1983//1983 1976//1976 
f 1984//1984 1745//1745 1746//1746 
f 1985//1985 1984//1984 1746//1746 
f 1985//1985 1746//1746 1738//1738 
f 1986//1986 1985//1985 1738//1738 
f 1978//1978 1986//1986 1738//1738 
f 1986//1986 1978//1978 1979//1979 
f 1749//1749 1987//1987 1750//1750 
f 1987//1987 1988//1988 1750//1750 
f 1750//1750 1988//1988 1742//1742 
f 1988//1988 1989//1989 1742//1742 
f 1989//1989 1981//1981 1742//1742 
f 1981//1981 1989//1989 1982//1982 
f 1991//1991 1990//1990 1984//1984 
f 1990//1990 1745//1745 1984//1984 
f 1990//1990 1752//1752 1745//1745 
f 1991//1991 1984//1984 1985//1985 
f 1755//1755 1992//1992 1756//1756 
f 1756//1756 1992//1992 1993//1993 
f 1994//1994 1756//1756 1993//1993 
f 1757//1757 1756//1756 1994//1994 
f 1749//1749 1757//1757 1987//1987 
f 1757//1757 1995//1995 1987//1987 
f 1757//1757 1994//1994 1995//1995 
f 1987//1987 1995//1995 1988//1988 
f 1758//1758 1752//1752 1996//1996 
f 1752//1752 1997//1997 1996//1996 
f 1752//1752 1990//1990 1997//1997 
f 1996//1996 1760//1760 1758//1758 
f 1765//1765 1998//1998 1766//1766 
f 1999//1999 1767//1767 1766//1766 
f 1999//1999 1766//1766 1998//1998 
f 1767//1767 1999//1999 2000//2000 
f 2001//2001 1767//1767 2000//2000 
f 1768//1768 1767//1767 2001//2001 
f 1755//1755 1768//1768 1992//1992 
f 1768//1768 2002//2002 1992//1992 
f 1768//1768 2001//2001 2002//2002 
f 1992//1992 2002//2002 1993//1993 
f 1996//1996 1997//1997 2003//2003 
f 2003//2003 1997//1997 2004//2004 
f 2005//2005 1769//1769 1760//1760 
f 1996//1996 2005//2005 1760//1760 
f 2003//2003 2005//2005 1996//1996 
f 2006//2006 1770//1770 1769//1769 
f 2006//2006 1769//1769 2005//2005 
f 2006//2006 1772//1772 1770//1770 
f 1778//1778 2007//2007 1779//1779 
f 2008//2008 1780//1780 1779//1779 
f 2008//2008 1779//1779 2007//2007 
f 2009//2009 1781//1781 1780//1780 
f 2009//2009 1780//1780 2008//2008 
f 2009//2009 2010//2010 1781//1781 
f 1781//1781 2010//2010 1765//1765 
f 2010//2010 2011//2011 1765//1765 
f 2011//2011 1998//1998 1765//1765 
f 1998//1998 2011//2011 1999//1999 
f 1999//1999 2011//2011 2012//2012 
f 1999//1999 2012//2012 2000//2000 
f 2004//2004 2013//2013 2003//2003 
f 2003//2003 2013//2013 2005//2005 
f 2005//2005 2013//2013 2014//2014 
f 2005//2005 2014//2014 2006//2006 
f 2006//2006 2014//2014 2015//2015 
f 2015//2015 2017//2017 2016//2016 
f 2015//2015 2016//2016 1782//1782 
f 2006//2006 2015//2015 1782//1782 
f 1772//1772 2006//2006 1782//1782 
f 2018//2018 1783//1783 1782//1782 
f 2018//2018 1782//1782 2016//2016 
f 2019//2019 1784//1784 1783//1783 
f 2019//2019 1783//1783 2018//2018 
f 2020//2020 1785//1785 1784//1784 
f 2020//2020 1784//1784 2019//2019 
f 1785//1785 2020//2020 2021//2021 
f 2022//2022 1785//1785 2021//2021 
f 1786//1786 1785//1785 2022//2022 
f 1786//1786 2023//2023 1787//1787 
f 2022//2022 2023//2023 1786//1786 
f 1778//1778 1787//1787 2007//2007 
f 1787//1787 2024//2024 2007//2007 
f 1787//1787 2023//2023 2024//2024 
f 2007//2007 2024//2024 2008//2008 
f 2008//2008 2024//2024 2025//2025 
f 2008//2008 2025//2025 2009//2009 
f 2009//2009 2025//2025 2026//2026 
f 2009//2009 2026//2026 2010//2010 
f 2017//2017 2027//2027 2016//2016 
f 2016//2016 2027//2027 2018//2018 
f 2018//2018 2027//2027 2028//2028 
f 2018//2018 2028//2028 2019//2019 
f 2019//2019 2028//2028 2029//2029 
f 2019//2019 2029//2029 2020//2020 
f 2020//2020 2029//2029 2030//2030 
f 2020//2020 2030//2030 2021//2021 
f 2032//2032 2031//2031 1790//1790 
f 1790//1790 2031//2031 1789//1789 
f 2033//2033 1790//1790 1791//1791 
f 2033//2033 2032//2032 1790//1790 
f 2034//2034 1791//1791 1792//1792 
f 2034//2034 2033//2033 1791//1791 
f 1792//1792 1794//1794 2034//2034 
f 2034//2034 1794//1794 2035//2035 
f 2037//2037 2036//2036 1796//1796 
f 1796//1796 2036//2036 1795//1795 
f 1796//1796 1789//1789 2031//2031 
f 1796//1796 2031//2031 2037//2037 
f 2038//2038 2035//2035 1794//1794 
f 2038//2038 1794//1794 1797//1797 
f 1797//1797 1798//1798 2038//2038 
f 2038//2038 1798//1798 2039//2039 
f 2041//2041 2040//2040 1800//1800 
f 1800//1800 2040//2040 1799//1799 
f 1800//1800 1795//1795 2036//2036 
f 1800//1800 2036//2036 2041//2041 
f 2042//2042 2039//2039 1798//1798 
f 2042//2042 1798//1798 1801//1801 
f 1801//1801 1802//1802 2042//2042 
f 2042//2042 1802//1802 2043//2043 
f 2040//2040 1804//1804 1799//1799 
f 2044//2044 1804//1804 2040//2040 
f 1802//1802 1805//1805 2045//2045 
f 2046//2046 1802//1802 2045//2045 
f 2043//2043 1802//1802 2046//2046 
f 1806//1806 2045//2045 1805//1805 
f 2047//2047 1807//1807 1808//1808 
f 2048//2048 2047//2047 1808//1808 
f 1804//1804 2048//2048 1808//1808 
f 2044//2044 2048//2048 1804//1804 
f 2049//2049 2046//2046 2045//2045 
f 2045//2045 1806//1806 2049//2049 
f 1806//1806 2050//2050 2049//2049 
f 1806//1806 1809//1809 2050//2050 
f 2051//2051 1810//1810 2047//2047 
f 2047//2047 1810//1810 1807//1807 
f 2047//2047 2048//2048 2052//2052 
f 2047//2047 2052//2052 2051//2051 
f 1809//1809 1811//1811 2053//2053 
f 2054//2054 1809//1809 2053//2053 
f 2050//2050 1809//1809 2054//2054 
f 1812//1812 2053//2053 1811//1811 
f 2056//2056 2055//2055 2051//2051 
f 2055//2055 1810//1810 2051//2051 
f 2055//2055 1814//1814 1810//1810 
f 2056//2056 2051//2051 2052//2052 
f 2054//2054 2053//2053 2057//2057 
f 2054//2054 2057//2057 2058//2058 
f 1815//1815 2057//2057 1812//1812 
f 1812//1812 2057//2057 2053//2053 
f 2060//2060 2059//2059 1817//1817 
f 1817//1817 2059//2059 1816//1816 
f 2061//2061 1817//1817 1818//1818 
f 2061//2061 2060//2060 1817//1817 
f 1818//1818 1814//1814 2055//2055 
f 1818//1818 2055//2055 2061//2061 
f 2058//2058 2057//2057 2062//2062 
f 2058//2058 2062//2062 2063//2063 
f 1819//1819 2062//2062 1815//1815 
f 1815//1815 2062//2062 2057//2057 
f 2065//2065 2064//2064 1821//1821 
f 1821//1821 2064//2064 1820//1820 
f 1821//1821 1816//1816 2059//2059 
f 1821//1821 2059//2059 2065//2065 
f 2063//2063 2062//2062 2066//2066 
f 2063//2063 2066//2066 2067//2067 
f 1823//1823 2066//2066 1819//1819 
f 1819//1819 2066//2066 2062//2062 
f 2064//2064 1825//1825 1820//1820 
f 2068//2068 1825//1825 2064//2064 
f 2067//2067 2066//2066 1826//1826 
f 1827//1827 2067//2067 1826//1826 
f 2069//2069 2067//2067 1827//1827 
f 1826//1826 2066//2066 1823//1823 
f 2070//2070 1828//1828 1829//1829 
f 2071//2071 2070//2070 1829//1829 
f 1825//1825 2071//2071 1829//1829 
f 2068//2068 2071//2071 1825//1825 
f 1830//1830 2069//2069 1827//1827 
f 1830//1830 2072//2072 2069//2069 
f 2074//2074 2073//2073 2070//2070 
f 2073//2073 1828//1828 2070//2070 
f 2073//2073 1831//1831 1828//1828 
f 2074//2074 2070//2070 2071//2071 
f 1832//1832 2072//2072 1830//1830 
f 1832//1832 2075//2075 2072//2072 
f 2073//2073 1834//1834 1831//1831 
f 2076//2076 1834//1834 2073//2073 
f 2079//2079 2078//2078 2077//2077 
f 2078//2078 2075//2075 2077//2077 
f 2075//2075 1835//1835 2077//2077 
f 2075//2075 1832//1832 1835//1835 
f 2082//2082 2081//2081 2080//2080 
f 2084//2084 2083//2083 2080//2080 
f 2080//2080 2083//2083 2082//2082 
f 2084//2084 2085//2085 2083//2083 
f 2087//2087 2086//2086 1837//1837 
f 1837//1837 2086//2086 1836//1836 
f 1837//1837 1834//1834 2076//2076 
f 1837//1837 2076//2076 2087//2087 
f 2088//2088 2079//2079 2077//2077 
f 2077//2077 1835//1835 2088//2088 
f 1835//1835 2089//2089 2088//2088 
f 1835//1835 1838//1838 2089//2089 
f 2091//2091 2090//2090 1841//1841 
f 1841//1841 2090//2090 1840//1840 
f 1842//1842 2080//2080 2081//2081 
f 2091//2091 1842//1842 2081//2081 
f 1841//1841 1842//1842 2091//2091 
f 2080//2080 1842//1842 1844//1844 
f 2080//2080 1844//1844 2084//2084 
f 2093//2093 2092//2092 1846//1846 
f 1846//1846 2092//2092 1844//1844 
f 2092//2092 2085//2085 1844//1844 
f 2085//2085 2084//2084 1844//1844 
f 2095//2095 2094//2094 2093//2093 
f 2093//2093 2094//2094 2092//2092 
f 2097//2097 2096//2096 2095//2095 
f 2095//2095 2096//2096 2094//2094 
f 2099//2099 2098//2098 2097//2097 
f 2097//2097 2098//2098 2096//2096 
f 2101//2101 2100//2100 2099//2099 
f 2099//2099 2100//2100 2098//2098 
f 2103//2103 2102//2102 2101//2101 
f 2101//2101 2102//2102 2100//2100 
f 2105//2105 2104//2104 2103//2103 
f 2103//2103 2104//2104 2102//2102 
f 2107//2107 2106//2106 2105//2105 
f 2105//2105 2106//2106 2104//2104 
f 2107//2107 2108//2108 2106//2106 
f 2086//2086 1848//1848 1836//1836 
f 2109//2109 1848//1848 2086//2086 
f 1849//1849 2089//2089 1838//1838 
f 1849//1849 2110//2110 2089//2089 
f 2090//2090 1851//1851 1840//1840 
f 2111//2111 1851//1851 2090//2090 
f 1854//1854 2093//2093 1846//1846 
f 2093//2093 1854//1854 1856//1856 
f 2093//2093 1856//1856 2095//2095 
f 2095//2095 1856//1856 1858//1858 
f 2095//2095 1858//1858 2097//2097 
f 2097//2097 1858//1858 1860//1860 
f 2097//2097 1860//1860 2099//2099 
f 2099//2099 1860//1860 1862//1862 
f 2099//2099 1862//1862 2101//2101 
f 2101//2101 1862//1862 1863//1863 
f 2101//2101 1863//1863 2103//2103 
f 2103//2103 1863//1863 1864//1864 
f 2103//2103 1864//1864 2105//2105 
f 2105//2105 1864//1864 1865//1865 
f 2105//2105 1865//1865 2107//2107 
f 2112//2112 2108//2108 2107//2107 
f 1865//1865 2112//2112 2107//2107 
f 1866//1866 2112//2112 1865//1865 
f 2113//2113 1866//1866 1867//1867 
f 2113//2113 2112//2112 1866//1866 
f 2114//2114 1867//1867 1868//1868 
f 2114//2114 2113//2113 1867//1867 
f 2115//2115 1868//1868 1870//1870 
f 2115//2115 2114//2114 1868//1868 
f 2116//2116 1870//1870 1872//1872 
f 2116//2116 2115//2115 1870//1870 
f 2117//2117 1872//1872 1874//1874 
f 2117//2117 2116//2116 1872//1872 
f 2118//2118 1874//1874 1875//1875 
f 2118//2118 2117//2117 1874//1874 
f 1875//1875 1848//1848 2109//2109 
f 1875//1875 2109//2109 2118//2118 
f 1876//1876 2110//2110 1849//1849 
f 1876//1876 2119//2119 2110//2110 
f 2122//2122 2121//2121 2120//2120 
f 2111//2111 2122//2122 2120//2120 
f 1878//1878 2111//2111 2120//2120 
f 1851//1851 2111//2111 1878//1878 
f 1882//1882 2119//2119 1876//1876 
f 1882//1882 2123//2123 2119//2119 
f 2120//2120 2121//2121 2124//2124 
f 2124//2124 2121//2121 2125//2125 
f 2124//2124 1884//1884 1878//1878 
f 2124//2124 1878//1878 2120//2120 
f 1889//1889 2123//2123 1882//1882 
f 1889//1889 2126//2126 2123//2123 
f 2124//2124 2125//2125 2127//2127 
f 2127//2127 2125//2125 2128//2128 
f 2127//2127 1891//1891 1884//1884 
f 2127//2127 1884//1884 2124//2124 
f 1895//1895 2126//2126 1889//1889 
f 1895//1895 2129//2129 2126//2126 
f 2127//2127 2128//2128 2130//2130 
f 2130//2130 2128//2128 2131//2131 
f 2130//2130 1897//1897 1891//1891 
f 2130//2130 1891//1891 2127//2127 
f 2133//2133 2132//2132 1899//1899 
f 2133//2133 1899//1899 1900//1900 
f 1895//1895 1899//1899 2129//2129 
f 2129//2129 1899//1899 2132//2132 
f 2130//2130 2131//2131 2134//2134 
f 2134//2134 2131//2131 2135//2135 
f 2134//2134 1902//1902 1897//1897 
f 2134//2134 1897//1897 2130//2130 
f 1904//1904 2133//2133 1900//1900 
f 1904//1904 2136//2136 2133//2133 
f 2134//2134 2135//2135 1907//1907 
f 2135//2135 1906//1906 1907//1907 
f 2135//2135 2137//2137 1906//1906 
f 2134//2134 1907//1907 1902//1902 
f 1909//1909 2136//2136 1904//1904 
f 1909//1909 2138//2138 2136//2136 
f 2137//2137 1911//1911 1906//1906 
f 2139//2139 1911//1911 2137//2137 
f 1913//1913 2138//2138 1909//1909 
f 1913//1913 2140//2140 2138//2138 
f 1914//1914 1911//1911 2141//2141 
f 1911//1911 2142//2142 2141//2141 
f 1911//1911 2139//2139 2142//2142 
f 2141//2141 1916//1916 1914//1914 
f 1919//1919 2140//2140 1913//1913 
f 1919//1919 2143//2143 2140//2140 
f 2146//2146 2145//2145 2144//2144 
f 2146//2146 2144//2144 2142//2142 
f 2144//2144 2141//2141 2142//2142 
f 2144//2144 2147//2147 2141//2141 
f 2147//2147 1921//1921 1916//1916 
f 2147//2147 1916//1916 2141//2141 
f 1925//1925 2148//2148 1924//1924 
f 2148//2148 2149//2149 1924//1924 
f 2149//2149 1919//1919 1924//1924 
f 2149//2149 2143//2143 1919//1919 
f 2144//2144 2145//2145 2150//2150 
f 2150//2150 2145//2145 2151//2151 
f 2144//2144 2152//2152 2147//2147 
f 2144//2144 2150//2150 2152//2152 
f 2153//2153 1926//1926 1921//1921 
f 2147//2147 2153//2153 1921//1921 
f 2152//2152 2153//2153 2147//2147 
f 2153//2153 1928//1928 1926//1926 
f 2155//2155 2154//2154 2148//2148 
f 1925//1925 2155//2155 2148//2148 
f 1931//1931 2155//2155 1925//1925 
f 2148//2148 2154//2154 2149//2149 
f 2151//2151 2156//2156 2150//2150 
f 2158//2158 2157//2157 2156//2156 
f 2157//2157 2150//2150 2156//2156 
f 2157//2157 2152//2152 2150//2150 
f 2152//2152 2159//2159 2153//2153 
f 2152//2152 2157//2157 2159//2159 
f 2160//2160 1932//1932 1928//1928 
f 2153//2153 2160//2160 1928//1928 
f 2159//2159 2160//2160 2153//2153 
f 2160//2160 1934//1934 1932//1932 
f 1937//1937 2155//2155 1931//1931 
f 1937//1937 2161//2161 2155//2155 
f 2157//2157 2158//2158 2162//2162 
f 2162//2162 2158//2158 2163//2163 
f 2157//2157 2164//2164 2159//2159 
f 2157//2157 2162//2162 2164//2164 
f 2159//2159 2165//2165 2160//2160 
f 2159//2159 2164//2164 2165//2165 
f 2166//2166 1938//1938 1934//1934 
f 2160//2160 2166//2166 1934//1934 
f 2165//2165 2166//2166 2160//2160 
f 2166//2166 1940//1940 1938//1938 
f 1943//1943 2161//2161 1937//1937 
f 1943//1943 2167//2167 2161//2161 
f 2163//2163 2168//2168 2162//2162 
f 2170//2170 2169//2169 2168//2168 
f 2169//2169 2162//2162 2168//2168 
f 2169//2169 2164//2164 2162//2162 
f 2164//2164 2171//2171 2165//2165 
f 2164//2164 2169//2169 2171//2171 
f 2165//2165 2172//2172 2166//2166 
f 2165//2165 2171//2171 2172//2172 
f 2173//2173 1944//1944 1940//1940 
f 2166//2166 2173//2173 1940//1940 
f 2172//2172 2173//2173 2166//2166 
f 2173//2173 1946//1946 1944//1944 
f 1950//1950 2167//2167 1943//1943 
f 1950//1950 2174//2174 2167//2167 
f 2170//2170 2175//2175 2169//2169 
f 2169//2169 2175//2175 2171//2171 
f 2171//2171 2175//2175 2176//2176 
f 2171//2171 2176//2176 2172//2172 
f 2172//2172 2176//2176 2177//2177 
f 2179//2179 2178//2178 2177//2177 
f 2178//2178 2172//2172 2177//2177 
f 2178//2178 2173//2173 2172//2172 
f 2180//2180 1951//1951 1946//1946 
f 2173//2173 2180//2180 1946//1946 
f 2178//2178 2180//2180 2173//2173 
f 2181//2181 1952//1952 1951//1951 
f 2181//2181 1951//1951 2180//2180 
f 2181//2181 1954//1954 1952//1952 
f 1958//1958 2174//2174 1950//1950 
f 1958//1958 2182//2182 2174//2174 
f 2179//2179 2183//2183 2178//2178 
f 2178//2178 2183//2183 2180//2180 
f 2180//2180 2183//2183 2184//2184 
f 2180//2180 2184//2184 2181//2181 
f 2181//2181 2184//2184 2185//2185 
f 2181//2181 2185//2185 1954//1954 
f 2185//2185 1959//1959 1954//1954 
f 2185//2185 2186//2186 1959//1959 
f 2186//2186 2188//2188 2187//2187 
f 1960//1960 2186//2186 2187//2187 
f 1959//1959 2186//2186 1960//1960 
f 2189//2189 1961//1961 1960//1960 
f 2189//2189 1960//1960 2187//2187 
f 2189//2189 1963//1963 1961//1961 
f 2191//2191 2190//2190 1964//1964 
f 2191//2191 1964//1964 1965//1965 
f 1958//1958 1964//1964 2182//2182 
f 2182//2182 1964//1964 2190//2190 
f 2188//2188 2192//2192 2187//2187 
f 2187//2187 2192//2192 2189//2189 
f 2189//2189 2192//2192 2193//2193 
f 2189//2189 2193//2193 1963//1963 
f 2193//2193 1966//1966 1963//1963 
f 2193//2193 2194//2194 1966//1966 
f 1968//1968 1966//1966 2194//2194 
f 1968//1968 2194//2194 2195//2195 
f 1969//1969 2191//2191 1965//1965 
f 1969//1969 2196//2196 2191//2191 
f 2195//2195 2197//2197 1968//1968 
f 1968//1968 2197//2197 1970//1970 
f 1971//1971 1970//1970 2197//2197 
f 1971//1971 2197//2197 2198//2198 
f 1973//1973 2196//2196 1969//1969 
f 1973//1973 2199//2199 2196//2196 
f 2198//2198 1974//1974 1971//1971 
f 2200//2200 1974//1974 2198//2198 
f 2202//2202 2201//2201 1977//1977 
f 2202//2202 1977//1977 1976//1976 
f 1973//1973 1977//1977 2199//2199 
f 2199//2199 1977//1977 2201//2201 
f 2204//2204 2203//2203 1980//1980 
f 1980//1980 2203//2203 1979//1979 
f 1980//1980 1974//1974 2200//2200 
f 1980//1980 2200//2200 2204//2204 
f 2206//2206 2205//2205 1983//1983 
f 2206//2206 1983//1983 1982//1982 
f 1976//1976 1983//1983 2202//2202 
f 2202//2202 1983//1983 2205//2205 
f 2208//2208 2207//2207 1986//1986 
f 1986//1986 2207//2207 1985//1985 
f 1986//1986 1979//1979 2203//2203 
f 1986//1986 2203//2203 2208//2208 
f 2210//2210 2209//2209 1989//1989 
f 2210//2210 1989//1989 1988//1988 
f 1982//1982 1989//1989 2206//2206 
f 2206//2206 1989//1989 2209//2209 
f 2212//2212 2211//2211 1991//1991 
f 1991//1991 2211//2211 1990//1990 
f 1991//1991 1985//1985 2207//2207 
f 1991//1991 2207//2207 2212//2212 
f 1993//1993 2213//2213 1994//1994 
f 1994//1994 2213//2213 2214//2214 
f 2215//2215 1994//1994 2214//2214 
f 1995//1995 1994//1994 2215//2215 
f 1988//1988 1995//1995 2210//2210 
f 2210//2210 1995//1995 2215//2215 
f 2211//2211 1997//1997 1990//1990 
f 2216//2216 1997//1997 2211//2211 
f 2000//2000 2217//2217 2001//2001 
f 2001//2001 2217//2217 2218//2218 
f 2219//2219 2001//2001 2218//2218 
f 2002//2002 2001//2001 2219//2219 
f 1993//1993 2002//2002 2213//2213 
f 2002//2002 2220//2220 2213//2213 
f 2002//2002 2219//2219 2220//2220 
f 2213//2213 2220//2220 2214//2214 
f 2216//2216 2004//2004 1997//1997 
f 2221//2221 2004//2004 2216//2216 
f 2010//2010 2222//2222 2011//2011 
f 2011//2011 2222//2222 2223//2223 
f 2224//2224 2011//2011 2223//2223 
f 2012//2012 2011//2011 2224//2224 
f 2000//2000 2012//2012 2217//2217 
f 2012//2012 2225//2225 2217//2217 
f 2012//2012 2224//2224 2225//2225 
f 2217//2217 2225//2225 2218//2218 
f 2013//2013 2004//2004 2226//2226 
f 2004//2004 2227//2227 2226//2226 
f 2004//2004 2221//2221 2227//2227 
f 2228//2228 2014//2014 2013//2013 
f 2228//2228 2013//2013 2226//2226 
f 2229//2229 2015//2015 2014//2014 
f 2229//2229 2014//2014 2228//2228 
f 2229//2229 2017//2017 2015//2015 
f 2021//2021 2230//2230 2022//2022 
f 2231//2231 2023//2023 2022//2022 
f 2231//2231 2022//2022 2230//2230 
f 2232//2232 2024//2024 2023//2023 
f 2232//2232 2023//2023 2231//2231 
f 2233//2233 2025//2025 2024//2024 
f 2233//2233 2024//2024 2232//2232 
f 2025//2025 2233//2233 2234//2234 
f 2235//2235 2025//2025 2234//2234 
f 2026//2026 2025//2025 2235//2235 
f 2010//2010 2026//2026 2222//2222 
f 2026//2026 2236//2236 2222//2222 
f 2026//2026 2235//2235 2236//2236 
f 2222//2222 2236//2236 2223//2223 
f 2227//2227 2237//2237 2226//2226 
f 2226//2226 2237//2237 2228//2228 
f 2228//2228 2237//2237 2238//2238 
f 2228//2228 2238//2238 2229//2229 
f 2229//2229 2238//2238 2239//2239 
f 2229//2229 2239//2239 2017//2017 
f 2239//2239 2027//2027 2017//2017 
f 2239//2239 2240//2240 2027//2027 
f 2027//2027 2241//2241 2028//2028 
f 2240//2240 2241//2241 2027//2027 
f 2028//2028 2242//2242 2029//2029 
f 2241//2241 2242//2242 2028//2028 
f 2029//2029 2243//2243 2030//2030 
f 2242//2242 2243//2243 2029//2029 
f 2021//2021 2030//2030 2230//2230 
f 2030//2030 2244//2244 2230//2230 
f 2030//2030 2243//2243 2244//2244 
f 2230//2230 2244//2244 2231//2231 
f 2231//2231 2244//2244 2245//2245 
f 2231//2231 2245//2245 2232//2232 
f 2232//2232 2245//2245 2246//2246 
f 2232//2232 2246//2246 2233//2233 
f 2233//2233 2246//2246 2247//2247 
f 2233//2233 2247//2247 2234//2234 
f 2249//2249 2248//2248 2032//2032 
f 2032//2032 2248//2248 2031//2031 
f 2250//2250 2032//2032 2033//2033 
f 2250//2250 2249//2249 2032//2032 
f 2251//2251 2033//2033 2034//2034 
f 2251//2251 2250//2250 2033//2033 
f 2034//2034 2035//2035 2251//2251 
f 2251//2251 2035//2035 2252//2252 
f 2254//2254 2253//2253 2037//2037 
f 2037//2037 2253//2253 2036//2036 
f 2037//2037 2031//2031 2248//2248 
f 2037//2037 2248//2248 2254//2254 
f 2255//2255 2252//2252 2035//2035 
f 2255//2255 2035//2035 2038//2038 
f 2038//2038 2039//2039 2255//2255 
f 2255//2255 2039//2039 2256//2256 
f 2257//2257 2040//2040 2041//2041 
f 2258//2258 2257//2257 2041//2041 
f 2036//2036 2258//2258 2041//2041 
f 2253//2253 2258//2258 2036//2036 
f 2039//2039 2042//2042 2259//2259 
f 2260//2260 2039//2039 2259//2259 
f 2256//2256 2039//2039 2260//2260 
f 2043//2043 2259//2259 2042//2042 
f 2262//2262 2261//2261 2257//2257 
f 2261//2261 2040//2040 2257//2257 
f 2261//2261 2044//2044 2040//2040 
f 2262//2262 2257//2257 2258//2258 
f 2263//2263 2260//2260 2259//2259 
f 2259//2259 2043//2043 2263//2263 
f 2043//2043 2264//2264 2263//2263 
f 2043//2043 2046//2046 2264//2264 
f 2261//2261 2048//2048 2044//2044 
f 2265//2265 2048//2048 2261//2261 
f 2046//2046 2049//2049 2266//2266 
f 2267//2267 2046//2046 2266//2266 
f 2264//2264 2046//2046 2267//2267 
f 2050//2050 2266//2266 2049//2049 
f 2265//2265 2052//2052 2048//2048 
f 2268//2268 2052//2052 2265//2265 
f 2267//2267 2266//2266 2269//2269 
f 2267//2267 2269//2269 2270//2270 
f 2054//2054 2269//2269 2050//2050 
f 2050//2050 2269//2269 2266//2266 
f 2271//2271 2055//2055 2056//2056 
f 2272//2272 2271//2271 2056//2056 
f 2052//2052 2272//2272 2056//2056 
f 2268//2268 2272//2272 2052//2052 
f 2273//2273 2270//2270 2269//2269 
f 2269//2269 2054//2054 2273//2273 
f 2054//2054 2274//2274 2273//2273 
f 2054//2054 2058//2058 2274//2274 
f 2275//2275 2059//2059 2060//2060 
f 2275//2275 2060//2060 2276//2276 
f 2060//2060 2277//2277 2276//2276 
f 2060//2060 2061//2061 2277//2277 
f 2061//2061 2055//2055 2271//2271 
f 2278//2278 2061//2061 2271//2271 
f 2277//2277 2061//2061 2278//2278 
f 2278//2278 2271//2271 2272//2272 
f 2063//2063 2274//2274 2058//2058 
f 2063//2063 2279//2279 2274//2274 
f 2281//2281 2280//2280 2065//2065 
f 2065//2065 2280//2280 2064//2064 
f 2065//2065 2059//2059 2275//2275 
f 2282//2282 2065//2065 2275//2275 
f 2281//2281 2065//2065 2282//2282 
f 2282//2282 2275//2275 2276//2276 
f 2067//2067 2279//2279 2063//2063 
f 2067//2067 2283//2283 2279//2279 
f 2280//2280 2068//2068 2064//2064 
f 2284//2284 2068//2068 2280//2280 
f 2069//2069 2283//2283 2067//2067 
f 2069//2069 2285//2285 2283//2283 
f 2284//2284 2071//2071 2068//2068 
f 2286//2286 2071//2071 2284//2284 
f 2072//2072 2285//2285 2069//2069 
f 2072//2072 2287//2287 2285//2285 
f 2289//2289 2288//2288 2074//2074 
f 2074//2074 2288//2288 2073//2073 
f 2074//2074 2071//2071 2286//2286 
f 2074//2074 2286//2286 2289//2289 
f 2292//2292 2291//2291 2290//2290 
f 2291//2291 2287//2287 2290//2290 
f 2287//2287 2075//2075 2290//2290 
f 2287//2287 2072//2072 2075//2075 
f 2288//2288 2076//2076 2073//2073 
f 2293//2293 2076//2076 2288//2288 
f 2292//2292 2290//2290 2078//2078 
f 2079//2079 2292//2292 2078//2078 
f 2294//2294 2292//2292 2079//2079 
f 2078//2078 2290//2290 2075//2075 
f 2297//2297 2296//2296 2295//2295 
f 2081//2081 2082//2082 2295//2295 
f 2082//2082 2297//2297 2295//2295 
f 2082//2082 2298//2298 2297//2297 
f 2299//2299 2082//2082 2083//2083 
f 2299//2299 2298//2298 2082//2082 
f 2301//2301 2300//2300 2085//2085 
f 2300//2300 2083//2083 2085//2085 
f 2300//2300 2299//2299 2083//2083 
f 2301//2301 2302//2302 2300//2300 
f 2303//2303 2086//2086 2087//2087 
f 2304//2304 2303//2303 2087//2087 
f 2076//2076 2304//2304 2087//2087 
f 2293//2293 2304//2304 2076//2076 
f 2305//2305 2294//2294 2079//2079 
f 2305//2305 2079//2079 2088//2088 
f 2088//2088 2089//2089 2305//2305 
f 2305//2305 2089//2089 2306//2306 
f 2295//2295 2296//2296 2091//2091 
f 2296//2296 2090//2090 2091//2091 
f 2296//2296 2307//2307 2090//2090 
f 2295//2295 2091//2091 2081//2081 
f 2092//2092 2301//2301 2085//2085 
f 2308//2308 2302//2302 2301//2301 
f 2092//2092 2308//2308 2301//2301 
f 2094//2094 2308//2308 2092//2092 
f 2309//2309 2094//2094 2096//2096 
f 2309//2309 2308//2308 2094//2094 
f 2310//2310 2096//2096 2098//2098 
f 2310//2310 2309//2309 2096//2096 
f 2311//2311 2098//2098 2100//2100 
f 2311//2311 2310//2310 2098//2098 
f 2312//2312 2100//2100 2102//2102 
f 2312//2312 2311//2311 2100//2100 
f 2313//2313 2102//2102 2104//2104 
f 2313//2313 2312//2312 2102//2102 
f 2314//2314 2104//2104 2106//2106 
f 2314//2314 2313//2313 2104//2104 
f 2316//2316 2315//2315 2108//2108 
f 2315//2315 2106//2106 2108//2108 
f 2315//2315 2314//2314 2106//2106 
f 2316//2316 2317//2317 2315//2315 
f 2319//2319 2318//2318 2303//2303 
f 2318//2318 2086//2086 2303//2303 
f 2318//2318 2109//2109 2086//2086 
f 2319//2319 2303//2303 2304//2304 
f 2110//2110 2306//2306 2089//2089 
f 2110//2110 2320//2320 2306//2306 
f 2307//2307 2111//2111 2090//2090 
f 2321//2321 2111//2111 2307//2307 
f 2112//2112 2316//2316 2108//2108 
f 2322//2322 2317//2317 2316//2316 
f 2112//2112 2322//2322 2316//2316 
f 2113//2113 2322//2322 2112//2112 
f 2323//2323 2113//2113 2114//2114 
f 2323//2323 2322//2322 2113//2113 
f 2324//2324 2114//2114 2115//2115 
f 2324//2324 2323//2323 2114//2114 
f 2325//2325 2115//2115 2116//2116 
f 2325//2325 2324//2324 2115//2115 
f 2326//2326 2116//2116 2117//2117 
f 2326//2326 2325//2325 2116//2116 
f 2327//2327 2117//2117 2118//2118 
f 2327//2327 2326//2326 2117//2117 
f 2118//2118 2109//2109 2318//2318 
f 2118//2118 2318//2318 2327//2327 
f 2119//2119 2320//2320 2110//2110 
f 2119//2119 2328//2328 2320//2320 
f 2329//2329 2121//2121 2122//2122 
f 2330//2330 2329//2329 2122//2122 
f 2111//2111 2330//2330 2122//2122 
f 2321//2321 2330//2330 2111//2111 
f 2123//2123 2328//2328 2119//2119 
f 2123//2123 2331//2331 2328//2328 
f 2333//2333 2332//2332 2329//2329 
f 2332//2332 2121//2121 2329//2329 
f 2332//2332 2125//2125 2121//2121 
f 2333//2333 2329//2329 2330//2330 
f 2126//2126 2331//2331 2123//2123 
f 2126//2126 2334//2334 2331//2331 
f 2332//2332 2128//2128 2125//2125 
f 2335//2335 2128//2128 2332//2332 
f 2129//2129 2334//2334 2126//2126 
f 2129//2129 2336//2336 2334//2334 
f 2335//2335 2131//2131 2128//2128 
f 2337//2337 2131//2131 2335//2335 
f 2133//2133 2338//2338 2132//2132 
f 2338//2338 2339//2339 2132//2132 
f 2339//2339 2129//2129 2132//2132 
f 2339//2339 2336//2336 2129//2129 
f 2337//2337 2135//2135 2131//2131 
f 2340//2340 2135//2135 2337//2337 
f 2342//2342 2341//2341 2338//2338 
f 2133//2133 2342//2342 2338//2338 
f 2136//2136 2342//2342 2133//2133 
f 2338//2338 2341//2341 2339//2339 
f 2340//2340 2137//2137 2135//2135 
f 2343//2343 2137//2137 2340//2340 
f 2138//2138 2342//2342 2136//2136 
f 2138//2138 2344//2344 2342//2342 
f 2347//2347 2346//2346 2345//2345 
f 2343//2343 2347//2347 2345//2345 
f 2139//2139 2343//2343 2345//2345 
f 2137//2137 2343//2343 2139//2139 
f 2140//2140 2344//2344 2138//2138 
f 2140//2140 2348//2348 2344//2344 
f 2345//2345 2346//2346 2349//2349 
f 2349//2349 2346//2346 2350//2350 
f 2349//2349 2142//2142 2139//2139 
f 2349//2349 2139//2139 2345//2345 
f 2143//2143 2348//2348 2140//2140 
f 2143//2143 2351//2351 2348//2348 
f 2349//2349 2350//2350 2146//2146 
f 2350//2350 2145//2145 2146//2146 
f 2350//2350 2352//2352 2145//2145 
f 2349//2349 2146//2146 2142//2142 
f 2149//2149 2351//2351 2143//2143 
f 2149//2149 2353//2353 2351//2351 
f 2352//2352 2151//2151 2145//2145 
f 2354//2354 2151//2151 2352//2352 
f 2155//2155 2355//2355 2154//2154 
f 2355//2355 2356//2356 2154//2154 
f 2356//2356 2149//2149 2154//2154 
f 2356//2356 2353//2353 2149//2149 
f 2156//2156 2151//2151 2357//2357 
f 2151//2151 2358//2358 2357//2357 
f 2151//2151 2354//2354 2358//2358 
f 2357//2357 2158//2158 2156//2156 
f 2360//2360 2359//2359 2355//2355 
f 2155//2155 2360//2360 2355//2355 
f 2161//2161 2360//2360 2155//2155 
f 2355//2355 2359//2359 2356//2356 
f 2357//2357 2358//2358 2361//2361 
f 2361//2361 2358//2358 2362//2362 
f 2361//2361 2163//2163 2158//2158 
f 2361//2361 2158//2158 2357//2357 
f 2167//2167 2360//2360 2161//2161 
f 2167//2167 2363//2363 2360//2360 
f 2361//2361 2362//2362 2364//2364 
f 2364//2364 2362//2362 2365//2365 
f 2366//2366 2168//2168 2163//2163 
f 2361//2361 2366//2366 2163//2163 
f 2364//2364 2366//2366 2361//2361 
f 2366//2366 2170//2170 2168//2168 
f 2174//2174 2363//2363 2167//2167 
f 2174//2174 2367//2367 2363//2363 
f 2365//2365 2368//2368 2364//2364 
f 2370//2370 2369//2369 2368//2368 
f 2369//2369 2364//2364 2368//2368 
f 2369//2369 2366//2366 2364//2364 
f 2371//2371 2175//2175 2170//2170 
f 2366//2366 2371//2371 2170//2170 
f 2369//2369 2371//2371 2366//2366 
f 2372//2372 2176//2176 2175//2175 
f 2372//2372 2175//2175 2371//2371 
f 2373//2373 2177//2177 2176//2176 
f 2373//2373 2176//2176 2372//2372 
f 2373//2373 2179//2179 2177//2177 
f 2182//2182 2367//2367 2174//2174 
f 2182//2182 2374//2374 2367//2367 
f 2370//2370 2375//2375 2369//2369 
f 2369//2369 2375//2375 2371//2371 
f 2371//2371 2375//2375 2376//2376 
f 2371//2371 2376//2376 2372//2372 
f 2372//2372 2376//2376 2377//2377 
f 2372//2372 2377//2377 2373//2373 
f 2373//2373 2377//2377 2378//2378 
f 2373//2373 2378//2378 2179//2179 
f 2378//2378 2183//2183 2179//2179 
f 2378//2378 2379//2379 2183//2183 
f 2183//2183 2380//2380 2184//2184 
f 2379//2379 2380//2380 2183//2183 
f 2184//2184 2381//2381 2185//2185 
f 2380//2380 2381//2381 2184//2184 
f 2185//2185 2382//2382 2186//2186 
f 2381//2381 2382//2382 2185//2185 
f 2188//2188 2186//2186 2382//2382 
f 2188//2188 2382//2382 2383//2383 
f 2191//2191 2384//2384 2190//2190 
f 2384//2384 2385//2385 2190//2190 
f 2385//2385 2182//2182 2190//2190 
f 2385//2385 2374//2374 2182//2182 
f 2383//2383 2386//2386 2188//2188 
f 2188//2188 2386//2386 2192//2192 
f 2192//2192 2387//2387 2193//2193 
f 2386//2386 2387//2387 2192//2192 
f 2193//2193 2388//2388 2194//2194 
f 2387//2387 2388//2388 2193//2193 
f 2195//2195 2194//2194 2388//2388 
f 2195//2195 2388//2388 2389//2389 
f 2391//2391 2390//2390 2384//2384 
f 2191//2191 2391//2391 2384//2384 
f 2196//2196 2391//2391 2191//2191 
f 2384//2384 2390//2390 2385//2385 
f 2197//2197 2195//2195 2392//2392 
f 2195//2195 2393//2393 2392//2392 
f 2195//2195 2389//2389 2393//2393 
f 2392//2392 2198//2198 2197//2197 
f 2199//2199 2391//2391 2196//2196 
f 2199//2199 2394//2394 2391//2391 
f 2392//2392 2393//2393 2395//2395 
f 2395//2395 2393//2393 2396//2396 
f 2395//2395 2200//2200 2198//2198 
f 2395//2395 2198//2198 2392//2392 
f 2398//2398 2397//2397 2201//2201 
f 2398//2398 2201//2201 2202//2202 
f 2199//2199 2201//2201 2394//2394 
f 2394//2394 2201//2201 2397//2397 
f 2395//2395 2396//2396 2204//2204 
f 2396//2396 2203//2203 2204//2204 
f 2396//2396 2399//2399 2203//2203 
f 2395//2395 2204//2204 2200//2200 
f 2401//2401 2400//2400 2205//2205 
f 2401//2401 2205//2205 2206//2206 
f 2202//2202 2205//2205 2398//2398 
f 2398//2398 2205//2205 2400//2400 
f 2403//2403 2402//2402 2208//2208 
f 2208//2208 2402//2402 2207//2207 
f 2208//2208 2203//2203 2399//2399 
f 2208//2208 2399//2399 2403//2403 
f 2405//2405 2404//2404 2209//2209 
f 2405//2405 2209//2209 2210//2210 
f 2206//2206 2209//2209 2401//2401 
f 2401//2401 2209//2209 2404//2404 
f 2406//2406 2211//2211 2212//2212 
f 2407//2407 2406//2406 2212//2212 
f 2207//2207 2407//2407 2212//2212 
f 2402//2402 2407//2407 2207//2207 
f 2409//2409 2408//2408 2215//2215 
f 2409//2409 2215//2215 2214//2214 
f 2210//2210 2215//2215 2405//2405 
f 2405//2405 2215//2215 2408//2408 
f 2411//2411 2410//2410 2406//2406 
f 2410//2410 2211//2211 2406//2406 
f 2410//2410 2216//2216 2211//2211 
f 2411//2411 2406//2406 2407//2407 
f 2218//2218 2412//2412 2219//2219 
f 2219//2219 2412//2412 2413//2413 
f 2414//2414 2219//2219 2413//2413 
f 2220//2220 2219//2219 2414//2414 
f 2214//2214 2220//2220 2409//2409 
f 2409//2409 2220//2220 2414//2414 
f 2417//2417 2416//2416 2415//2415 
f 2410//2410 2417//2417 2415//2415 
f 2221//2221 2410//2410 2415//2415 
f 2216//2216 2410//2410 2221//2221 
f 2223//2223 2418//2418 2224//2224 
f 2224//2224 2418//2418 2419//2419 
f 2420//2420 2224//2224 2419//2419 
f 2225//2225 2224//2224 2420//2420 
f 2218//2218 2225//2225 2412//2412 
f 2225//2225 2421//2421 2412//2412 
f 2225//2225 2420//2420 2421//2421 
f 2412//2412 2421//2421 2413//2413 
f 2416//2416 2422//2422 2415//2415 
f 2221//2221 2415//2415 2422//2422 
f 2423//2423 2221//2221 2422//2422 
f 2227//2227 2221//2221 2423//2423 
f 2234//2234 2424//2424 2235//2235 
f 2425//2425 2236//2236 2235//2235 
f 2425//2425 2235//2235 2424//2424 
f 2425//2425 2426//2426 2236//2236 
f 2236//2236 2426//2426 2223//2223 
f 2426//2426 2427//2427 2223//2223 
f 2427//2427 2418//2418 2223//2223 
f 2418//2418 2427//2427 2419//2419 
f 2423//2423 2428//2428 2227//2227 
f 2227//2227 2428//2428 2237//2237 
f 2428//2428 2430//2430 2429//2429 
f 2238//2238 2428//2428 2429//2429 
f 2237//2237 2428//2428 2238//2238 
f 2431//2431 2239//2239 2238//2238 
f 2431//2431 2238//2238 2429//2429 
f 2432//2432 2240//2240 2239//2239 
f 2432//2432 2239//2239 2431//2431 
f 2433//2433 2241//2241 2240//2240 
f 2433//2433 2240//2240 2432//2432 
f 2434//2434 2242//2242 2241//2241 
f 2434//2434 2241//2241 2433//2433 
f 2435//2435 2243//2243 2242//2242 
f 2435//2435 2242//2242 2434//2434 
f 2436//2436 2244//2244 2243//2243 
f 2436//2436 2243//2243 2435//2435 
f 2437//2437 2245//2245 2244//2244 
f 2437//2437 2244//2244 2436//2436 
f 2245//2245 2437//2437 2438//2438 
f 2439//2439 2245//2245 2438//2438 
f 2246//2246 2245//2245 2439//2439 
f 2246//2246 2440//2440 2247//2247 
f 2439//2439 2440//2440 2246//2246 
f 2234//2234 2247//2247 2424//2424 
f 2247//2247 2441//2441 2424//2424 
f 2247//2247 2440//2440 2441//2441 
f 2424//2424 2441//2441 2425//2425 
f 2425//2425 2441//2441 2442//2442 
f 2425//2425 2442//2442 2426//2426 
f 2430//2430 2443//2443 2429//2429 
f 2429//2429 2443//2443 2431//2431 
f 2431//2431 2443//2443 2444//2444 
f 2431//2431 2444//2444 2432//2432 
f 2432//2432 2444//2444 2445//2445 
f 2432//2432 2445//2445 2433//2433 
f 2433//2433 2445//2445 2446//2446 
f 2433//2433 2446//2446 2434//2434 
f 2434//2434 2446//2446 2447//2447 
f 2434//2434 2447//2447 2435//2435 
f 2435//2435 2447//2447 2448//2448 
f 2435//2435 2448//2448 2436//2436 
f 2436//2436 2448//2448 2449//2449 
f 2436//2436 2449//2449 2437//2437 
f 2437//2437 2449//2449 2450//2450 
f 2437//2437 2450//2450 2438//2438 
f 2452//2452 2451//2451 2249//2249 
f 2249//2249 2451//2451 2248//2248 
f 2453//2453 2249//2249 2250//2250 
f 2453//2453 2452//2452 2249//2249 
f 2454//2454 2250//2250 2251//2251 
f 2454//2454 2453//2453 2250//2250 
f 2251//2251 2252//2252 2454//2454 
f 2454//2454 2252//2252 2455//2455 
f 2456//2456 2253//2253 2254//2254 
f 2457//2457 2456//2456 2254//2254 
f 2248//2248 2457//2457 2254//2254 
f 2451//2451 2457//2457 2248//2248 
f 2252//2252 2255//2255 2458//2458 
f 2459//2459 2252//2252 2458//2458 
f 2455//2455 2252//2252 2459//2459 
f 2256//2256 2458//2458 2255//2255 
f 2461//2461 2460//2460 2456//2456 
f 2460//2460 2253//2253 2456//2456 
f 2460//2460 2258//2258 2253//2253 
f 2461//2461 2456//2456 2457//2457 
f 2462//2462 2459//2459 2458//2458 
f 2458//2458 2256//2256 2462//2462 
f 2256//2256 2463//2463 2462//2462 
f 2256//2256 2260//2260 2463//2463 
f 2464//2464 2261//2261 2262//2262 
f 2465//2465 2464//2464 2262//2262 
f 2258//2258 2465//2465 2262//2262 
f 2460//2460 2465//2465 2258//2258 
f 2260//2260 2263//2263 2466//2466 
f 2467//2467 2260//2260 2466//2466 
f 2463//2463 2260//2260 2467//2467 
f 2264//2264 2466//2466 2263//2263 
f 2468//2468 2265//2265 2464//2464 
f 2464//2464 2265//2265 2261//2261 
f 2464//2464 2465//2465 2469//2469 
f 2464//2464 2469//2469 2468//2468 
f 2467//2467 2466//2466 2470//2470 
f 2467//2467 2470//2470 2471//2471 
f 2267//2267 2470//2470 2264//2264 
f 2264//2264 2470//2470 2466//2466 
f 2473//2473 2472//2472 2468//2468 
f 2472//2472 2265//2265 2468//2468 
f 2472//2472 2268//2268 2265//2265 
f 2473//2473 2468//2468 2469//2469 
f 2474//2474 2471//2471 2470//2470 
f 2470//2470 2267//2267 2474//2474 
f 2267//2267 2475//2475 2474//2474 
f 2267//2267 2270//2270 2475//2475 
f 2472//2472 2272//2272 2268//2268 
f 2476//2476 2272//2272 2472//2472 
f 2270//2270 2273//2273 2477//2477 
f 2478//2478 2270//2270 2477//2477 
f 2475//2475 2270//2270 2478//2478 
f 2274//2274 2477//2477 2273//2273 
f 2479//2479 2276//2276 2277//2277 
f 2278//2278 2480//2480 2277//2277 
f 2277//2277 2480//2480 2479//2479 
f 2481//2481 2480//2480 2278//2278 
f 2272//2272 2481//2481 2278//2278 
f 2476//2476 2481//2481 2272//2272 
f 2478//2478 2477//2477 2482//2482 
f 2478//2478 2482//2482 2483//2483 
f 2279//2279 2482//2482 2274//2274 
f 2274//2274 2482//2482 2477//2477 
f 2484//2484 2280//2280 2281//2281 
f 2484//2484 2281//2281 2485//2485 
f 2281//2281 2486//2486 2485//2485 
f 2281//2281 2282//2282 2486//2486 
f 2282//2282 2276//2276 2479//2479 
f 2487//2487 2282//2282 2479//2479 
f 2486//2486 2282//2282 2487//2487 
f 2487//2487 2479//2479 2480//2480 
f 2487//2487 2480//2480 2488//2488 
f 2488//2488 2480//2480 2481//2481 
f 2483//2483 2482//2482 2489//2489 
f 2483//2483 2489//2489 2490//2490 
f 2283//2283 2489//2489 2279//2279 
f 2279//2279 2489//2489 2482//2482 
f 2492//2492 2491//2491 2484//2484 
f 2491//2491 2280//2280 2484//2484 
f 2491//2491 2284//2284 2280//2280 
f 2492//2492 2484//2484 2485//2485 
f 2490//2490 2489//2489 2493//2493 
f 2490//2490 2493//2493 2494//2494 
f 2285//2285 2493//2493 2283//2283 
f 2283//2283 2493//2493 2489//2489 
f 2491//2491 2286//2286 2284//2284 
f 2495//2495 2286//2286 2491//2491 
f 2494//2494 2493//2493 2496//2496 
f 2494//2494 2496//2496 2497//2497 
f 2287//2287 2496//2496 2285//2285 
f 2285//2285 2496//2496 2493//2493 
f 2498//2498 2288//2288 2289//2289 
f 2499//2499 2498//2498 2289//2289 
f 2286//2286 2499//2499 2289//2289 
f 2495//2495 2499//2499 2286//2286 
f 2497//2497 2496//2496 2291//2291 
f 2292//2292 2497//2497 2291//2291 
f 2500//2500 2497//2497 2292//2292 
f 2291//2291 2496//2496 2287//2287 
f 2502//2502 2501//2501 2498//2498 
f 2501//2501 2288//2288 2498//2498 
f 2501//2501 2293//2293 2288//2288 
f 2502//2502 2498//2498 2499//2499 
f 2294//2294 2500//2500 2292//2292 
f 2294//2294 2503//2503 2500//2500 
f 2505//2505 2504//2504 2297//2297 
f 2297//2297 2504//2504 2296//2296 
f 2506//2506 2297//2297 2298//2298 
f 2506//2506 2505//2505 2297//2297 
f 2507//2507 2298//2298 2299//2299 
f 2507//2507 2506//2506 2298//2298 
f 2508//2508 2299//2299 2300//2300 
f 2508//2508 2507//2507 2299//2299 
f 2510//2510 2509//2509 2302//2302 
f 2509//2509 2300//2300 2302//2302 
f 2509//2509 2508//2508 2300//2300 
f 2512//2512 2511//2511 2510//2510 
f 2510//2510 2511//2511 2509//2509 
f 2512//2512 2513//2513 2511//2511 
f 2501//2501 2304//2304 2293//2293 
f 2514//2514 2304//2304 2501//2501 
f 2515//2515 2503//2503 2294//2294 
f 2515//2515 2294//2294 2305//2305 
f 2305//2305 2306//2306 2515//2515 
f 2515//2515 2306//2306 2516//2516 
f 2504//2504 2307//2307 2296//2296 
f 2517//2517 2307//2307 2504//2504 
f 2308//2308 2510//2510 2302//2302 
f 2510//2510 2308//2308 2309//2309 
f 2510//2510 2309//2309 2512//2512 
f 2518//2518 2513//2513 2512//2512 
f 2309//2309 2518//2518 2512//2512 
f 2310//2310 2518//2518 2309//2309 
f 2519//2519 2310//2310 2311//2311 
f 2519//2519 2518//2518 2310//2310 
f 2520//2520 2311//2311 2312//2312 
f 2520//2520 2519//2519 2311//2311 
f 2521//2521 2312//2312 2313//2313 
f 2521//2521 2520//2520 2312//2312 
f 2522//2522 2313//2313 2314//2314 
f 2522//2522 2521//2521 2313//2313 
f 2523//2523 2314//2314 2315//2315 
f 2523//2523 2522//2522 2314//2314 
f 2525//2525 2524//2524 2317//2317 
f 2524//2524 2315//2315 2317//2317 
f 2524//2524 2523//2523 2315//2315 
f 2525//2525 2526//2526 2524//2524 
f 2527//2527 2318//2318 2319//2319 
f 2528//2528 2527//2527 2319//2319 
f 2304//2304 2528//2528 2319//2319 
f 2514//2514 2528//2528 2304//2304 
f 2320//2320 2516//2516 2306//2306 
f 2320//2320 2529//2529 2516//2516 
f 2517//2517 2321//2321 2307//2307 
f 2530//2530 2321//2321 2517//2517 
f 2322//2322 2525//2525 2317//2317 
f 2531//2531 2526//2526 2525//2525 
f 2322//2322 2531//2531 2525//2525 
f 2323//2323 2531//2531 2322//2322 
f 2532//2532 2323//2323 2324//2324 
f 2532//2532 2531//2531 2323//2323 
f 2533//2533 2324//2324 2325//2325 
f 2533//2533 2532//2532 2324//2324 
f 2534//2534 2325//2325 2326//2326 
f 2534//2534 2533//2533 2325//2325 
f 2535//2535 2326//2326 2327//2327 
f 2535//2535 2534//2534 2326//2326 
f 2327//2327 2318//2318 2527//2527 
f 2536//2536 2327//2327 2527//2527 
f 2535//2535 2327//2327 2536//2536 
f 2536//2536 2527//2527 2528//2528 
f 2328//2328 2529//2529 2320//2320 
f 2328//2328 2537//2537 2529//2529 
f 2530//2530 2330//2330 2321//2321 
f 2538//2538 2330//2330 2530//2530 
f 2331//2331 2537//2537 2328//2328 
f 2331//2331 2539//2539 2537//2537 
f 2541//2541 2540//2540 2333//2333 
f 2333//2333 2540//2540 2332//2332 
f 2333//2333 2330//2330 2538//2538 
f 2333//2333 2538//2538 2541//2541 
f 2334//2334 2539//2539 2331//2331 
f 2334//2334 2542//2542 2539//2539 
f 2540//2540 2335//2335 2332//2332 
f 2543//2543 2335//2335 2540//2540 
f 2336//2336 2542//2542 2334//2334 
f 2336//2336 2544//2544 2542//2542 
f 2543//2543 2337//2337 2335//2335 
f 2545//2545 2337//2337 2543//2543 
f 2339//2339 2544//2544 2336//2336 
f 2339//2339 2546//2546 2544//2544 
f 2545//2545 2340//2340 2337//2337 
f 2547//2547 2340//2340 2545//2545 
f 2549//2549 2548//2548 2341//2341 
f 2549//2549 2341//2341 2342//2342 
f 2339//2339 2341//2341 2546//2546 
f 2546//2546 2341//2341 2548//2548 
f 2547//2547 2343//2343 2340//2340 
f 2550//2550 2343//2343 2547//2547 
f 2344//2344 2549//2549 2342//2342 
f 2344//2344 2551//2551 2549//2549 
f 2553//2553 2552//2552 2347//2347 
f 2347//2347 2552//2552 2346//2346 
f 2347//2347 2343//2343 2550//2550 
f 2347//2347 2550//2550 2553//2553 
f 2348//2348 2551//2551 2344//2344 
f 2348//2348 2554//2554 2551//2551 
f 2552//2552 2350//2350 2346//2346 
f 2555//2555 2350//2350 2552//2552 
f 2351//2351 2554//2554 2348//2348 
f 2351//2351 2556//2556 2554//2554 
f 2555//2555 2352//2352 2350//2350 
f 2557//2557 2352//2352 2555//2555 
f 2353//2353 2556//2556 2351//2351 
f 2353//2353 2558//2558 2556//2556 
f 2561//2561 2560//2560 2559//2559 
f 2557//2557 2561//2561 2559//2559 
f 2354//2354 2557//2557 2559//2559 
f 2352//2352 2557//2557 2354//2354 
f 2356//2356 2558//2558 2353//2353 
f 2356//2356 2562//2562 2558//2558 
f 2559//2559 2560//2560 2563//2563 
f 2563//2563 2560//2560 2564//2564 
f 2563//2563 2358//2358 2354//2354 
f 2563//2563 2354//2354 2559//2559 
f 2566//2566 2565//2565 2359//2359 
f 2566//2566 2359//2359 2360//2360 
f 2356//2356 2359//2359 2562//2562 
f 2562//2562 2359//2359 2565//2565 
f 2563//2563 2564//2564 2567//2567 
f 2567//2567 2564//2564 2568//2568 
f 2567//2567 2362//2362 2358//2358 
f 2567//2567 2358//2358 2563//2563 
f 2363//2363 2566//2566 2360//2360 
f 2363//2363 2569//2569 2566//2566 
f 2567//2567 2568//2568 2570//2570 
f 2570//2570 2568//2568 2571//2571 
f 2570//2570 2365//2365 2362//2362 
f 2570//2570 2362//2362 2567//2567 
f 2367//2367 2569//2569 2363//2363 
f 2367//2367 2572//2572 2569//2569 
f 2571//2571 2573//2573 2570//2570 
f 2573//2573 2575//2575 2574//2574 
f 2573//2573 2574//2574 2368//2368 
f 2570//2570 2573//2573 2368//2368 
f 2365//2365 2570//2570 2368//2368 
f 2574//2574 2370//2370 2368//2368 
f 2374//2374 2572//2572 2367//2367 
f 2374//2374 2576//2576 2572//2572 
f 2575//2575 2577//2577 2574//2574 
f 2574//2574 2577//2577 2370//2370 
f 2577//2577 2375//2375 2370//2370 
f 2577//2577 2578//2578 2375//2375 
f 2375//2375 2579//2579 2376//2376 
f 2578//2578 2579//2579 2375//2375 
f 2376//2376 2580//2580 2377//2377 
f 2579//2579 2580//2580 2376//2376 
f 2377//2377 2581//2581 2378//2378 
f 2580//2580 2581//2581 2377//2377 
f 2378//2378 2582//2582 2379//2379 
f 2581//2581 2582//2582 2378//2378 
f 2379//2379 2583//2583 2380//2380 
f 2582//2582 2583//2583 2379//2379 
f 2380//2380 2584//2584 2381//2381 
f 2583//2583 2584//2584 2380//2380 
f 2381//2381 2585//2585 2382//2382 
f 2584//2584 2585//2585 2381//2381 
f 2587//2587 2586//2586 2383//2383 
f 2382//2382 2587//2587 2383//2383 
f 2585//2585 2587//2587 2382//2382 
f 2588//2588 2586//2586 2587//2587 
f 2385//2385 2576//2576 2374//2374 
f 2385//2385 2589//2589 2576//2576 
f 2586//2586 2386//2386 2383//2383 
f 2588//2588 2590//2590 2586//2586 
f 2590//2590 2386//2386 2586//2586 
f 2590//2590 2387//2387 2386//2386 
f 2387//2387 2591//2591 2388//2388 
f 2590//2590 2591//2591 2387//2387 
f 2389//2389 2388//2388 2591//2591 
f 2389//2389 2591//2591 2592//2592 
f 2594//2594 2593//2593 2390//2390 
f 2594//2594 2390//2390 2391//2391 
f 2385//2385 2390//2390 2589//2589 
f 2589//2589 2390//2390 2593//2593 
f 2592//2592 2393//2393 2389//2389 
f 2595//2595 2393//2393 2592//2592 
f 2394//2394 2594//2594 2391//2391 
f 2394//2394 2596//2596 2594//2594 
f 2595//2595 2396//2396 2393//2393 
f 2597//2597 2396//2396 2595//2595 
f 2599//2599 2598//2598 2397//2397 
f 2599//2599 2397//2397 2398//2398 
f 2394//2394 2397//2397 2596//2596 
f 2596//2596 2397//2397 2598//2598 
f 2597//2597 2399//2399 2396//2396 
f 2600//2600 2399//2399 2597//2597 
f 2602//2602 2601//2601 2400//2400 
f 2602//2602 2400//2400 2401//2401 
f 2398//2398 2400//2400 2599//2599 
f 2599//2599 2400//2400 2601//2601 
f 2604//2604 2603//2603 2403//2403 
f 2403//2403 2603//2603 2402//2402 
f 2403//2403 2399//2399 2600//2600 
f 2403//2403 2600//2600 2604//2604 
f 2606//2606 2605//2605 2404//2404 
f 2606//2606 2404//2404 2405//2405 
f 2401//2401 2404//2404 2602//2602 
f 2602//2602 2404//2404 2605//2605 
f 2603//2603 2407//2407 2402//2402 
f 2607//2607 2407//2407 2603//2603 
f 2609//2609 2608//2608 2408//2408 
f 2609//2609 2408//2408 2409//2409 
f 2405//2405 2408//2408 2606//2606 
f 2606//2606 2408//2408 2608//2608 
f 2611//2611 2610//2610 2411//2411 
f 2411//2411 2610//2610 2410//2410 
f 2411//2411 2407//2407 2607//2607 
f 2411//2411 2607//2607 2611//2611 
f 2613//2613 2612//2612 2414//2414 
f 2613//2613 2414//2414 2413//2413 
f 2409//2409 2414//2414 2609//2609 
f 2609//2609 2414//2414 2612//2612 
f 2614//2614 2416//2416 2417//2417 
f 2615//2615 2614//2614 2417//2417 
f 2410//2410 2615//2615 2417//2417 
f 2610//2610 2615//2615 2410//2410 
f 2419//2419 2616//2616 2420//2420 
f 2420//2420 2616//2616 2617//2617 
f 2618//2618 2420//2420 2617//2617 
f 2421//2421 2420//2420 2618//2618 
f 2413//2413 2421//2421 2613//2613 
f 2613//2613 2421//2421 2618//2618 
f 2422//2422 2416//2416 2614//2614 
f 2621//2621 2620//2620 2619//2619 
f 2423//2423 2619//2619 2620//2620 
f 2423//2423 2615//2615 2619//2619 
f 2423//2423 2422//2422 2614//2614 
f 2615//2615 2423//2423 2614//2614 
f 2623//2623 2622//2622 2427//2427 
f 2623//2623 2427//2427 2426//2426 
f 2419//2419 2427//2427 2616//2616 
f 2427//2427 2624//2624 2616//2616 
f 2427//2427 2622//2622 2624//2624 
f 2616//2616 2624//2624 2617//2617 
f 2621//2621 2625//2625 2620//2620 
f 2625//2625 2627//2627 2626//2626 
f 2625//2625 2626//2626 2428//2428 
f 2620//2620 2625//2625 2428//2428 
f 2423//2423 2620//2620 2428//2428 
f 2626//2626 2430//2430 2428//2428 
f 2438//2438 2628//2628 2439//2439 
f 2629//2629 2440//2440 2439//2439 
f 2629//2629 2439//2439 2628//2628 
f 2630//2630 2441//2441 2440//2440 
f 2630//2630 2440//2440 2629//2629 
f 2441//2441 2630//2630 2631//2631 
f 2632//2632 2441//2441 2631//2631 
f 2442//2442 2441//2441 2632//2632 
f 2426//2426 2442//2442 2623//2623 
f 2623//2623 2442//2442 2632//2632 
f 2627//2627 2633//2633 2626//2626 
f 2633//2633 2635//2635 2634//2634 
f 2633//2633 2634//2634 2443//2443 
f 2626//2626 2633//2633 2443//2443 
f 2430//2430 2626//2626 2443//2443 
f 2636//2636 2444//2444 2443//2443 
f 2636//2636 2443//2443 2634//2634 
f 2637//2637 2445//2445 2444//2444 
f 2637//2637 2444//2444 2636//2636 
f 2638//2638 2446//2446 2445//2445 
f 2638//2638 2445//2445 2637//2637 
f 2639//2639 2447//2447 2446//2446 
f 2639//2639 2446//2446 2638//2638 
f 2447//2447 2639//2639 2640//2640 
f 2641//2641 2447//2447 2640//2640 
f 2448//2448 2447//2447 2641//2641 
f 2448//2448 2642//2642 2449//2449 
f 2641//2641 2642//2642 2448//2448 
f 2449//2449 2643//2643 2450//2450 
f 2642//2642 2643//2643 2449//2449 
f 2438//2438 2450//2450 2628//2628 
f 2450//2450 2644//2644 2628//2628 
f 2450//2450 2643//2643 2644//2644 
f 2628//2628 2644//2644 2629//2629 
f 2629//2629 2644//2644 2645//2645 
f 2629//2629 2645//2645 2630//2630 
f 2630//2630 2645//2645 2646//2646 
f 2630//2630 2646//2646 2631//2631 
f 2635//2635 2647//2647 2634//2634 
f 2634//2634 2647//2647 2636//2636 
f 2636//2636 2647//2647 2648//2648 
f 2636//2636 2648//2648 2637//2637 
f 2637//2637 2648//2648 2649//2649 
f 2637//2637 2649//2649 2638//2638 
f 2638//2638 2649//2649 2650//2650 
f 2638//2638 2650//2650 2639//2639 
f 2639//2639 2650//2650 2651//2651 
f 2639//2639 2651//2651 2640//2640 
f 2652//2652 2451//2451 2452//2452 
f 2652//2652 2452//2452 2653//2653 
f 2452//2452 2654//2654 2653//2653 
f 2452//2452 2453//2453 2654//2654 
f 2656//2656 2654//2654 2655//2655 
f 2654//2654 2454//2454 2655//2655 
f 2654//2654 2453//2453 2454//2454 
f 2455//2455 2655//2655 2454//2454 
f 2658//2658 2657//2657 2652//2652 
f 2657//2657 2451//2451 2652//2652 
f 2657//2657 2457//2457 2451//2451 
f 2658//2658 2652//2652 2653//2653 
f 2659//2659 2656//2656 2655//2655 
f 2655//2655 2455//2455 2659//2659 
f 2455//2455 2660//2660 2659//2659 
f 2455//2455 2459//2459 2660//2660 
f 2661//2661 2460//2460 2461//2461 
f 2662//2662 2661//2661 2461//2461 
f 2457//2457 2662//2662 2461//2461 
f 2657//2657 2662//2662 2457//2457 
f 2459//2459 2462//2462 2663//2663 
f 2664//2664 2459//2459 2663//2663 
f 2660//2660 2459//2459 2664//2664 
f 2463//2463 2663//2663 2462//2462 
f 2666//2666 2665//2665 2661//2661 
f 2665//2665 2460//2460 2661//2661 
f 2665//2665 2465//2465 2460//2460 
f 2666//2666 2661//2661 2662//2662 
f 2664//2664 2663//2663 2667//2667 
f 2664//2664 2667//2667 2668//2668 
f 2467//2467 2667//2667 2463//2463 
f 2463//2463 2667//2667 2663//2663 
f 2665//2665 2469//2469 2465//2465 
f 2669//2669 2469//2469 2665//2665 
f 2670//2670 2668//2668 2667//2667 
f 2667//2667 2467//2467 2670//2670 
f 2467//2467 2671//2671 2670//2670 
f 2467//2467 2471//2471 2671//2671 
f 2672//2672 2472//2472 2473//2473 
f 2673//2673 2672//2672 2473//2473 
f 2469//2469 2673//2673 2473//2473 
f 2669//2669 2673//2673 2469//2469 
f 2471//2471 2474//2474 2674//2674 
f 2675//2675 2471//2471 2674//2674 
f 2671//2671 2471//2471 2675//2675 
f 2475//2475 2674//2674 2474//2474 
f 2676//2676 2476//2476 2672//2672 
f 2672//2672 2476//2476 2472//2472 
f 2672//2672 2673//2673 2677//2677 
f 2672//2672 2677//2677 2676//2676 
f 2675//2675 2674//2674 2678//2678 
f 2675//2675 2678//2678 2679//2679 
f 2478//2478 2678//2678 2475//2475 
f 2475//2475 2678//2678 2674//2674 
f 2681//2681 2680//2680 2676//2676 
f 2680//2680 2476//2476 2676//2676 
f 2680//2680 2481//2481 2476//2476 
f 2681//2681 2676//2676 2677//2677 
f 2679//2679 2678//2678 2682//2682 
f 2679//2679 2682//2682 2683//2683 
f 2483//2483 2682//2682 2478//2478 
f 2478//2478 2682//2682 2678//2678 
f 2684//2684 2485//2485 2486//2486 
f 2684//2684 2486//2486 2685//2685 
f 2486//2486 2686//2686 2685//2685 
f 2486//2486 2487//2487 2686//2686 
f 2687//2687 2487//2487 2488//2488 
f 2687//2687 2686//2686 2487//2487 
f 2488//2488 2481//2481 2680//2680 
f 2488//2488 2680//2680 2687//2687 
f 2683//2683 2682//2682 2688//2688 
f 2683//2683 2688//2688 2689//2689 
f 2490//2490 2688//2688 2483//2483 
f 2483//2483 2688//2688 2682//2682 
f 2690//2690 2491//2491 2492//2492 
f 2691//2691 2690//2690 2492//2492 
f 2691//2691 2492//2492 2485//2485 
f 2692//2692 2691//2691 2485//2485 
f 2684//2684 2692//2692 2485//2485 
f 2692//2692 2684//2684 2685//2685 
f 2689//2689 2688//2688 2693//2693 
f 2689//2689 2693//2693 2694//2694 
f 2494//2494 2693//2693 2490//2490 
f 2490//2490 2693//2693 2688//2688 
f 2695//2695 2495//2495 2690//2690 
f 2690//2690 2495//2495 2491//2491 
f 2690//2690 2691//2691 2696//2696 
f 2690//2690 2696//2696 2695//2695 
f 2694//2694 2693//2693 2697//2697 
f 2694//2694 2697//2697 2698//2698 
f 2497//2497 2697//2697 2494//2494 
f 2494//2494 2697//2697 2693//2693 
f 2700//2700 2699//2699 2695//2695 
f 2699//2699 2495//2495 2695//2695 
f 2699//2699 2499//2499 2495//2495 
f 2700//2700 2695//2695 2696//2696 
f 2698//2698 2697//2697 2701//2701 
f 2698//2698 2701//2701 2702//2702 
f 2500//2500 2701//2701 2497//2497 
f 2497//2497 2701//2701 2697//2697 
f 2705//2705 2704//2704 2703//2703 
f 2703//2703 2706//2706 2705//2705 
f 2707//2707 2501//2501 2502//2502 
f 2708//2708 2707//2707 2502//2502 
f 2499//2499 2708//2708 2502//2502 
f 2699//2699 2708//2708 2499//2499 
f 2709//2709 2702//2702 2701//2701 
f 2701//2701 2500//2500 2709//2709 
f 2500//2500 2710//2710 2709//2709 
f 2500//2500 2503//2503 2710//2710 
f 2711//2711 2504//2504 2505//2505 
f 2711//2711 2505//2505 2712//2712 
f 2505//2505 2713//2713 2712//2712 
f 2505//2505 2506//2506 2713//2713 
f 2507//2507 2703//2703 2704//2704 
f 2713//2713 2507//2507 2704//2704 
f 2506//2506 2507//2507 2713//2713 
f 2714//2714 2706//2706 2703//2703 
f 2507//2507 2714//2714 2703//2703 
f 2508//2508 2714//2714 2507//2507 
f 2715//2715 2508//2508 2509//2509 
f 2715//2715 2714//2714 2508//2508 
f 2716//2716 2509//2509 2511//2511 
f 2716//2716 2715//2715 2509//2509 
f 2718//2718 2717//2717 2513//2513 
f 2717//2717 2511//2511 2513//2513 
f 2717//2717 2716//2716 2511//2511 
f 2718//2718 2719//2719 2717//2717 
f 2720//2720 2514//2514 2707//2707 
f 2707//2707 2514//2514 2501//2501 
f 2707//2707 2708//2708 2721//2721 
f 2707//2707 2721//2721 2720//2720 
f 2503//2503 2515//2515 2722//2722 
f 2723//2723 2503//2503 2722//2722 
f 2710//2710 2503//2503 2723//2723 
f 2516//2516 2722//2722 2515//2515 
f 2725//2725 2724//2724 2711//2711 
f 2724//2724 2504//2504 2711//2711 
f 2724//2724 2517//2517 2504//2504 
f 2725//2725 2711//2711 2712//2712 
f 2518//2518 2718//2718 2513//2513 
f 2726//2726 2719//2719 2718//2718 
f 2518//2518 2726//2726 2718//2718 
f 2519//2519 2726//2726 2518//2518 
f 2727//2727 2519//2519 2520//2520 
f 2727//2727 2726//2726 2519//2519 
f 2728//2728 2520//2520 2521//2521 
f 2728//2728 2727//2727 2520//2520 
f 2729//2729 2521//2521 2522//2522 
f 2729//2729 2728//2728 2521//2521 
f 2730//2730 2522//2522 2523//2523 
f 2730//2730 2729//2729 2522//2522 
f 2731//2731 2523//2523 2524//2524 
f 2731//2731 2730//2730 2523//2523 
f 2733//2733 2732//2732 2526//2526 
f 2732//2732 2524//2524 2526//2526 
f 2732//2732 2731//2731 2524//2524 
f 2733//2733 2734//2734 2732//2732 
f 2736//2736 2735//2735 2720//2720 
f 2735//2735 2514//2514 2720//2720 
f 2735//2735 2528//2528 2514//2514 
f 2736//2736 2720//2720 2721//2721 
f 2723//2723 2722//2722 2737//2737 
f 2723//2723 2737//2737 2738//2738 
f 2529//2529 2737//2737 2516//2516 
f 2516//2516 2737//2737 2722//2722 
f 2724//2724 2530//2530 2517//2517 
f 2739//2739 2530//2530 2724//2724 
f 2531//2531 2733//2733 2526//2526 
f 2740//2740 2734//2734 2733//2733 
f 2531//2531 2740//2740 2733//2733 
f 2532//2532 2740//2740 2531//2531 
f 2741//2741 2532//2532 2533//2533 
f 2741//2741 2740//2740 2532//2532 
f 2742//2742 2533//2533 2534//2534 
f 2742//2742 2741//2741 2533//2533 
f 2743//2743 2534//2534 2535//2535 
f 2743//2743 2742//2742 2534//2534 
f 2744//2744 2535//2535 2536//2536 
f 2744//2744 2743//2743 2535//2535 
f 2536//2536 2528//2528 2735//2735 
f 2536//2536 2735//2735 2744//2744 
f 2738//2738 2737//2737 2745//2745 
f 2738//2738 2745//2745 2746//2746 
f 2537//2537 2745//2745 2529//2529 
f 2529//2529 2745//2745 2737//2737 
f 2739//2739 2538//2538 2530//2530 
f 2747//2747 2538//2538 2739//2739 
f 2746//2746 2745//2745 2748//2748 
f 2746//2746 2748//2748 2749//2749 
f 2539//2539 2748//2748 2537//2537 
f 2537//2537 2748//2748 2745//2745 
f 2750//2750 2540//2540 2541//2541 
f 2751//2751 2750//2750 2541//2541 
f 2538//2538 2751//2751 2541//2541 
f 2747//2747 2751//2751 2538//2538 
f 2749//2749 2748//2748 2752//2752 
f 2749//2749 2752//2752 2753//2753 
f 2542//2542 2752//2752 2539//2539 
f 2539//2539 2752//2752 2748//2748 
f 2755//2755 2754//2754 2750//2750 
f 2754//2754 2540//2540 2750//2750 
f 2754//2754 2543//2543 2540//2540 
f 2755//2755 2750//2750 2751//2751 
f 2753//2753 2752//2752 2756//2756 
f 2753//2753 2756//2756 2757//2757 
f 2544//2544 2756//2756 2542//2542 
f 2542//2542 2756//2756 2752//2752 
f 2754//2754 2545//2545 2543//2543 
f 2758//2758 2545//2545 2754//2754 
f 2757//2757 2756//2756 2759//2759 
f 2757//2757 2759//2759 2760//2760 
f 2546//2546 2759//2759 2544//2544 
f 2544//2544 2759//2759 2756//2756 
f 2758//2758 2547//2547 2545//2545 
f 2761//2761 2547//2547 2758//2758 
f 2760//2760 2759//2759 2548//2548 
f 2549//2549 2760//2760 2548//2548 
f 2762//2762 2760//2760 2549//2549 
f 2548//2548 2759//2759 2546//2546 
f 2761//2761 2550//2550 2547//2547 
f 2763//2763 2550//2550 2761//2761 
f 2551//2551 2762//2762 2549//2549 
f 2551//2551 2764//2764 2762//2762 
f 2766//2766 2765//2765 2553//2553 
f 2553//2553 2765//2765 2552//2552 
f 2553//2553 2550//2550 2763//2763 
f 2553//2553 2763//2763 2766//2766 
f 2554//2554 2764//2764 2551//2551 
f 2554//2554 2767//2767 2764//2764 
f 2765//2765 2555//2555 2552//2552 
f 2768//2768 2555//2555 2765//2765 
f 2556//2556 2767//2767 2554//2554 
f 2556//2556 2769//2769 2767//2767 
f 2768//2768 2557//2557 2555//2555 
f 2770//2770 2557//2557 2768//2768 
f 2558//2558 2769//2769 2556//2556 
f 2558//2558 2771//2771 2769//2769 
f 2772//2772 2560//2560 2561//2561 
f 2773//2773 2772//2772 2561//2561 
f 2557//2557 2773//2773 2561//2561 
f 2770//2770 2773//2773 2557//2557 
f 2562//2562 2771//2771 2558//2558 
f 2562//2562 2774//2774 2771//2771 
f 2776//2776 2775//2775 2772//2772 
f 2775//2775 2560//2560 2772//2772 
f 2775//2775 2564//2564 2560//2560 
f 2776//2776 2772//2772 2773//2773 
f 2778//2778 2777//2777 2565//2565 
f 2778//2778 2565//2565 2566//2566 
f 2562//2562 2565//2565 2774//2774 
f 2774//2774 2565//2565 2777//2777 
f 2775//2775 2568//2568 2564//2564 
f 2779//2779 2568//2568 2775//2775 
f 2569//2569 2778//2778 2566//2566 
f 2569//2569 2780//2780 2778//2778 
f 2779//2779 2571//2571 2568//2568 
f 2781//2781 2571//2571 2779//2779 
f 2572//2572 2780//2780 2569//2569 
f 2572//2572 2782//2782 2780//2780 
f 2781//2781 2783//2783 2571//2571 
f 2571//2571 2783//2783 2573//2573 
f 2575//2575 2573//2573 2783//2783 
f 2575//2575 2783//2783 2784//2784 
f 2576//2576 2782//2782 2572//2572 
f 2576//2576 2785//2785 2782//2782 
f 2784//2784 2786//2786 2575//2575 
f 2575//2575 2786//2786 2577//2577 
f 2577//2577 2787//2787 2578//2578 
f 2786//2786 2787//2787 2577//2577 
f 2578//2578 2788//2788 2579//2579 
f 2787//2787 2788//2788 2578//2578 
f 2579//2579 2789//2789 2580//2580 
f 2788//2788 2789//2789 2579//2579 
f 2580//2580 2790//2790 2581//2581 
f 2789//2789 2790//2790 2580//2580 
f 2581//2581 2791//2791 2582//2582 
f 2790//2790 2791//2791 2581//2581 
f 2582//2582 2792//2792 2583//2583 
f 2791//2791 2792//2792 2582//2582 
f 2583//2583 2793//2793 2584//2584 
f 2792//2792 2793//2793 2583//2583 
f 2584//2584 2794//2794 2585//2585 
f 2793//2793 2794//2794 2584//2584 
f 2585//2585 2795//2795 2587//2587 
f 2794//2794 2795//2795 2585//2585 
f 2588//2588 2587//2587 2795//2795 
f 2588//2588 2795//2795 2796//2796 
f 2799//2799 2798//2798 2797//2797 
f 2798//2798 2785//2785 2797//2797 
f 2785//2785 2589//2589 2797//2797 
f 2785//2785 2576//2576 2589//2589 
f 2796//2796 2800//2800 2588//2588 
f 2588//2588 2800//2800 2590//2590 
f 2590//2590 2801//2801 2591//2591 
f 2800//2800 2801//2801 2590//2590 
f 2592//2592 2591//2591 2801//2801 
f 2592//2592 2801//2801 2802//2802 
f 2799//2799 2797//2797 2593//2593 
f 2594//2594 2799//2799 2593//2593 
f 2803//2803 2799//2799 2594//2594 
f 2593//2593 2797//2797 2589//2589 
f 2802//2802 2595//2595 2592//2592 
f 2804//2804 2595//2595 2802//2802 
f 2807//2807 2806//2806 2805//2805 
f 2806//2806 2803//2803 2805//2805 
f 2803//2803 2596//2596 2805//2805 
f 2803//2803 2594//2594 2596//2596 
f 2804//2804 2597//2597 2595//2595 
f 2808//2808 2597//2597 2804//2804 
f 2811//2811 2810//2810 2809//2809 
f 2809//2809 2810//2810 2807//2807 
f 2809//2809 2807//2807 2805//2805 
f 2599//2599 2809//2809 2805//2805 
f 2598//2598 2599//2599 2805//2805 
f 2598//2598 2805//2805 2596//2596 
f 2808//2808 2600//2600 2597//2597 
f 2812//2812 2600//2600 2808//2808 
f 2811//2811 2809//2809 2601//2601 
f 2602//2602 2811//2811 2601//2601 
f 2813//2813 2811//2811 2602//2602 
f 2601//2601 2809//2809 2599//2599 
f 2815//2815 2814//2814 2604//2604 
f 2604//2604 2814//2814 2603//2603 
f 2604//2604 2600//2600 2812//2812 
f 2604//2604 2812//2812 2815//2815 
f 2817//2817 2816//2816 2605//2605 
f 2817//2817 2605//2605 2606//2606 
f 2602//2602 2605//2605 2813//2813 
f 2813//2813 2605//2605 2816//2816 
f 2814//2814 2607//2607 2603//2603 
f 2818//2818 2607//2607 2814//2814 
f 2820//2820 2819//2819 2608//2608 
f 2820//2820 2608//2608 2609//2609 
f 2606//2606 2608//2608 2817//2817 
f 2817//2817 2608//2608 2819//2819 
f 2822//2822 2821//2821 2611//2611 
f 2611//2611 2821//2821 2610//2610 
f 2611//2611 2607//2607 2818//2818 
f 2611//2611 2818//2818 2822//2822 
f 2824//2824 2823//2823 2612//2612 
f 2824//2824 2612//2612 2613//2613 
f 2609//2609 2612//2612 2820//2820 
f 2820//2820 2612//2612 2823//2823 
f 2821//2821 2615//2615 2610//2610 
f 2825//2825 2615//2615 2821//2821 
f 2827//2827 2826//2826 2618//2618 
f 2827//2827 2618//2618 2617//2617 
f 2613//2613 2618//2618 2824//2824 
f 2824//2824 2618//2618 2826//2826 
f 2829//2829 2828//2828 2619//2619 
f 2619//2619 2828//2828 2621//2621 
f 2619//2619 2615//2615 2825//2825 
f 2619//2619 2825//2825 2829//2829 
f 2623//2623 2830//2830 2622//2622 
f 2622//2622 2830//2830 2831//2831 
f 2832//2832 2622//2622 2831//2831 
f 2624//2624 2622//2622 2832//2832 
f 2617//2617 2624//2624 2827//2827 
f 2827//2827 2624//2624 2832//2832 
f 2625//2625 2621//2621 2833//2833 
f 2621//2621 2834//2834 2833//2833 
f 2621//2621 2828//2828 2834//2834 
f 2833//2833 2627//2627 2625//2625 
f 2836//2836 2835//2835 2632//2632 
f 2836//2836 2632//2632 2631//2631 
f 2623//2623 2632//2632 2830//2830 
f 2632//2632 2837//2837 2830//2830 
f 2632//2632 2835//2835 2837//2837 
f 2830//2830 2837//2837 2831//2831 
f 2834//2834 2838//2838 2833//2833 
f 2838//2838 2840//2840 2839//2839 
f 2838//2838 2839//2839 2633//2633 
f 2833//2833 2838//2838 2633//2633 
f 2627//2627 2833//2833 2633//2633 
f 2839//2839 2635//2635 2633//2633 
f 2640//2640 2841//2841 2641//2641 
f 2842//2842 2642//2642 2641//2641 
f 2842//2842 2641//2641 2841//2841 
f 2843//2843 2643//2643 2642//2642 
f 2843//2843 2642//2642 2842//2842 
f 2844//2844 2644//2644 2643//2643 
f 2844//2844 2643//2643 2843//2843 
f 2644//2644 2844//2844 2845//2845 
f 2846//2846 2644//2644 2845//2845 
f 2645//2645 2644//2644 2846//2846 
f 2645//2645 2847//2847 2646//2646 
f 2846//2846 2847//2847 2645//2645 
f 2631//2631 2646//2646 2836//2836 
f 2836//2836 2646//2646 2847//2847 
f 2840//2840 2848//2848 2839//2839 
f 2839//2839 2848//2848 2635//2635 
f 2848//2848 2647//2647 2635//2635 
f 2848//2848 2849//2849 2647//2647 
f 2647//2647 2850//2850 2648//2648 
f 2849//2849 2850//2850 2647//2647 
f 2648//2648 2851//2851 2649//2649 
f 2850//2850 2851//2851 2648//2648 
f 2649//2649 2852//2852 2650//2650 
f 2851//2851 2852//2852 2649//2649 
f 2650//2650 2853//2853 2651//2651 
f 2852//2852 2853//2853 2650//2650 
f 2640//2640 2651//2651 2841//2841 
f 2651//2651 2854//2854 2841//2841 
f 2651//2651 2853//2853 2854//2854 
f 2841//2841 2854//2854 2842//2842 
f 2842//2842 2854//2854 2855//2855 
f 2842//2842 2855//2855 2843//2843 
f 2843//2843 2855//2855 2856//2856 
f 2843//2843 2856//2856 2844//2844 
f 2844//2844 2856//2856 2857//2857 
f 2844//2844 2857//2857 2845//2845 
f 2858//2858 2653//2653 2654//2654 
f 2656//2656 2858//2858 2654//2654 
f 2859//2859 2657//2657 2658//2658 
f 2653//2653 2858//2858 2658//2658 
f 2858//2858 2859//2859 2658//2658 
f 2858//2858 2860//2860 2859//2859 
f 2659//2659 2861//2861 2656//2656 
f 2861//2861 2858//2858 2656//2656 
f 2861//2861 2860//2860 2858//2858 
f 2660//2660 2861//2861 2659//2659 
f 2862//2862 2662//2662 2859//2859 
f 2859//2859 2662//2662 2657//2657 
f 2860//2860 2864//2864 2863//2863 
f 2862//2862 2860//2860 2863//2863 
f 2859//2859 2860//2860 2862//2862 
f 2866//2866 2865//2865 2864//2864 
f 2860//2860 2866//2866 2864//2864 
f 2861//2861 2866//2866 2860//2860 
f 2664//2664 2866//2866 2660//2660 
f 2660//2660 2866//2866 2861//2861 
f 2867//2867 2665//2665 2666//2666 
f 2868//2868 2867//2867 2666//2666 
f 2868//2868 2666//2666 2662//2662 
f 2869//2869 2868//2868 2662//2662 
f 2862//2862 2869//2869 2662//2662 
f 2869//2869 2862//2862 2863//2863 
f 2865//2865 2866//2866 2870//2870 
f 2865//2865 2870//2870 2871//2871 
f 2668//2668 2870//2870 2664//2664 
f 2664//2664 2870//2870 2866//2866 
f 2872//2872 2669//2669 2867//2867 
f 2867//2867 2669//2669 2665//2665 
f 2867//2867 2868//2868 2873//2873 
f 2867//2867 2873//2873 2872//2872 
f 2874//2874 2871//2871 2870//2870 
f 2876//2876 2874//2874 2875//2875 
f 2875//2875 2874//2874 2670//2670 
f 2874//2874 2870//2870 2670//2670 
f 2870//2870 2668//2668 2670//2670 
f 2671//2671 2875//2875 2670//2670 
f 2878//2878 2877//2877 2872//2872 
f 2877//2877 2669//2669 2872//2872 
f 2877//2877 2673//2673 2669//2669 
f 2878//2878 2872//2872 2873//2873 
f 2876//2876 2875//2875 2879//2879 
f 2876//2876 2879//2879 2880//2880 
f 2675//2675 2879//2879 2671//2671 
f 2671//2671 2879//2879 2875//2875 
f 2877//2877 2677//2677 2673//2673 
f 2881//2881 2677//2677 2877//2877 
f 2880//2880 2879//2879 2882//2882 
f 2880//2880 2882//2882 2883//2883 
f 2679//2679 2882//2882 2675//2675 
f 2675//2675 2882//2882 2879//2879 
f 2884//2884 2680//2680 2681//2681 
f 2885//2885 2884//2884 2681//2681 
f 2677//2677 2885//2885 2681//2681 
f 2881//2881 2885//2885 2677//2677 
f 2883//2883 2882//2882 2886//2886 
f 2883//2883 2886//2886 2887//2887 
f 2683//2683 2886//2886 2679//2679 
f 2679//2679 2886//2886 2882//2882 
f 2888//2888 2685//2685 2686//2686 
f 2687//2687 2889//2889 2686//2686 
f 2686//2686 2889//2889 2888//2888 
f 2890//2890 2889//2889 2687//2687 
f 2890//2890 2687//2687 2680//2680 
f 2891//2891 2890//2890 2680//2680 
f 2884//2884 2891//2891 2680//2680 
f 2891//2891 2884//2884 2885//2885 
f 2887//2887 2886//2886 2892//2892 
f 2887//2887 2892//2892 2893//2893 
f 2689//2689 2892//2892 2683//2683 
f 2683//2683 2892//2892 2886//2886 
f 2894//2894 2691//2691 2692//2692 
f 2685//2685 2888//2888 2692//2692 
f 2888//2888 2894//2894 2692//2692 
f 2888//2888 2895//2895 2894//2894 
f 2889//2889 2897//2897 2896//2896 
f 2895//2895 2889//2889 2896//2896 
f 2888//2888 2889//2889 2895//2895 
f 2897//2897 2889//2889 2890//2890 
f 2893//2893 2892//2892 2898//2898 
f 2893//2893 2898//2898 2899//2899 
f 2694//2694 2898//2898 2689//2689 
f 2689//2689 2898//2898 2892//2892 
f 2900//2900 2696//2696 2894//2894 
f 2894//2894 2696//2696 2691//2691 
f 2895//2895 2902//2902 2901//2901 
f 2900//2900 2895//2895 2901//2901 
f 2894//2894 2895//2895 2900//2900 
f 2902//2902 2895//2895 2896//2896 
f 2903//2903 2899//2899 2898//2898 
f 2898//2898 2694//2694 2903//2903 
f 2694//2694 2904//2904 2903//2903 
f 2694//2694 2698//2698 2904//2904 
f 2905//2905 2699//2699 2700//2700 
f 2906//2906 2905//2905 2700//2700 
f 2906//2906 2700//2700 2696//2696 
f 2907//2907 2906//2906 2696//2696 
f 2900//2900 2907//2907 2696//2696 
f 2907//2907 2900//2900 2901//2901 
f 2702//2702 2904//2904 2698//2698 
f 2702//2702 2908//2908 2904//2904 
f 2910//2910 2909//2909 2705//2705 
f 2705//2705 2909//2909 2704//2704 
f 2912//2912 2911//2911 2706//2706 
f 2911//2911 2705//2705 2706//2706 
f 2911//2911 2910//2910 2705//2705 
f 2912//2912 2913//2913 2911//2911 
f 2914//2914 2708//2708 2905//2905 
f 2905//2905 2708//2708 2699//2699 
f 2905//2905 2906//2906 2915//2915 
f 2905//2905 2915//2915 2914//2914 
f 2702//2702 2709//2709 2916//2916 
f 2917//2917 2702//2702 2916//2916 
f 2908//2908 2702//2702 2917//2917 
f 2710//2710 2916//2916 2709//2709 
f 2919//2919 2918//2918 2713//2713 
f 2713//2713 2918//2918 2712//2712 
f 2713//2713 2704//2704 2909//2909 
f 2713//2713 2909//2909 2919//2919 
f 2714//2714 2912//2912 2706//2706 
f 2920//2920 2913//2913 2912//2912 
f 2714//2714 2920//2920 2912//2912 
f 2715//2715 2920//2920 2714//2714 
f 2921//2921 2715//2715 2716//2716 
f 2921//2921 2920//2920 2715//2715 
f 2922//2922 2716//2716 2717//2717 
f 2922//2922 2921//2921 2716//2716 
f 2924//2924 2923//2923 2719//2719 
f 2923//2923 2717//2717 2719//2719 
f 2923//2923 2922//2922 2717//2717 
f 2924//2924 2925//2925 2923//2923 
f 2927//2927 2926//2926 2914//2914 
f 2926//2926 2708//2708 2914//2914 
f 2926//2926 2721//2721 2708//2708 
f 2927//2927 2914//2914 2915//2915 
f 2917//2917 2916//2916 2928//2928 
f 2917//2917 2928//2928 2929//2929 
f 2723//2723 2928//2928 2710//2710 
f 2710//2710 2928//2928 2916//2916 
f 2931//2931 2930//2930 2725//2725 
f 2725//2725 2930//2930 2724//2724 
f 2725//2725 2712//2712 2918//2918 
f 2725//2725 2918//2918 2931//2931 
f 2726//2726 2924//2924 2719//2719 
f 2932//2932 2925//2925 2924//2924 
f 2726//2726 2932//2932 2924//2924 
f 2727//2727 2932//2932 2726//2726 
f 2933//2933 2727//2727 2728//2728 
f 2933//2933 2932//2932 2727//2727 
f 2934//2934 2728//2728 2729//2729 
f 2934//2934 2933//2933 2728//2728 
f 2935//2935 2729//2729 2730//2730 
f 2935//2935 2934//2934 2729//2729 
f 2936//2936 2730//2730 2731//2731 
f 2936//2936 2935//2935 2730//2730 
f 2937//2937 2731//2731 2732//2732 
f 2937//2937 2936//2936 2731//2731 
f 2939//2939 2938//2938 2734//2734 
f 2938//2938 2732//2732 2734//2734 
f 2938//2938 2937//2937 2732//2732 
f 2939//2939 2940//2940 2938//2938 
f 2941//2941 2735//2735 2736//2736 
f 2942//2942 2941//2941 2736//2736 
f 2721//2721 2942//2942 2736//2736 
f 2926//2926 2942//2942 2721//2721 
f 2929//2929 2928//2928 2943//2943 
f 2929//2929 2943//2943 2944//2944 
f 2738//2738 2943//2943 2723//2723 
f 2723//2723 2943//2943 2928//2928 
f 2930//2930 2739//2739 2724//2724 
f 2945//2945 2739//2739 2930//2930 
f 2740//2740 2939//2939 2734//2734 
f 2946//2946 2940//2940 2939//2939 
f 2740//2740 2946//2946 2939//2939 
f 2741//2741 2946//2946 2740//2740 
f 2947//2947 2741//2741 2742//2742 
f 2947//2947 2946//2946 2741//2741 
f 2948//2948 2742//2742 2743//2743 
f 2948//2948 2947//2947 2742//2742 
f 2949//2949 2743//2743 2744//2744 
f 2949//2949 2948//2948 2743//2743 
f 2744//2744 2735//2735 2941//2941 
f 2950//2950 2744//2744 2941//2941 
f 2949//2949 2744//2744 2950//2950 
f 2950//2950 2941//2941 2942//2942 
f 2944//2944 2943//2943 2951//2951 
f 2944//2944 2951//2951 2952//2952 
f 2746//2746 2951//2951 2738//2738 
f 2738//2738 2951//2951 2943//2943 
f 2945//2945 2747//2747 2739//2739 
f 2953//2953 2747//2747 2945//2945 
f 2954//2954 2952//2952 2951//2951 
f 2951//2951 2746//2746 2954//2954 
f 2746//2746 2955//2955 2954//2954 
f 2746//2746 2749//2749 2955//2955 
f 2953//2953 2751//2751 2747//2747 
f 2956//2956 2751//2751 2953//2953 
f 2753//2753 2955//2955 2749//2749 
f 2753//2753 2957//2957 2955//2955 
f 2958//2958 2754//2754 2755//2755 
f 2959//2959 2958//2958 2755//2755 
f 2751//2751 2959//2959 2755//2755 
f 2956//2956 2959//2959 2751//2751 
f 2757//2757 2957//2957 2753//2753 
f 2757//2757 2960//2960 2957//2957 
f 2962//2962 2961//2961 2958//2958 
f 2961//2961 2754//2754 2958//2958 
f 2961//2961 2758//2758 2754//2754 
f 2962//2962 2958//2958 2959//2959 
f 2760//2760 2960//2960 2757//2757 
f 2760//2760 2963//2963 2960//2960 
f 2961//2961 2761//2761 2758//2758 
f 2964//2964 2761//2761 2961//2961 
f 2762//2762 2963//2963 2760//2760 
f 2762//2762 2965//2965 2963//2963 
f 2964//2964 2763//2763 2761//2761 
f 2966//2966 2763//2763 2964//2964 
f 2764//2764 2965//2965 2762//2762 
f 2764//2764 2967//2967 2965//2965 
f 2968//2968 2765//2765 2766//2766 
f 2969//2969 2968//2968 2766//2766 
f 2763//2763 2969//2969 2766//2766 
f 2966//2966 2969//2969 2763//2763 
f 2767//2767 2967//2967 2764//2764 
f 2767//2767 2970//2970 2967//2967 
f 2972//2972 2971//2971 2968//2968 
f 2971//2971 2765//2765 2968//2968 
f 2971//2971 2768//2768 2765//2765 
f 2972//2972 2968//2968 2969//2969 
f 2769//2769 2970//2970 2767//2767 
f 2769//2769 2973//2973 2970//2970 
f 2971//2971 2770//2770 2768//2768 
f 2974//2974 2770//2770 2971//2971 
f 2771//2771 2973//2973 2769//2769 
f 2771//2771 2975//2975 2973//2973 
f 2974//2974 2773//2773 2770//2770 
f 2976//2976 2773//2773 2974//2974 
f 2774//2774 2975//2975 2771//2771 
f 2774//2774 2977//2977 2975//2975 
f 2978//2978 2775//2775 2776//2776 
f 2979//2979 2978//2978 2776//2776 
f 2773//2773 2979//2979 2776//2776 
f 2976//2976 2979//2979 2773//2773 
f 2981//2981 2980//2980 2777//2777 
f 2981//2981 2777//2777 2778//2778 
f 2774//2774 2777//2777 2977//2977 
f 2977//2977 2777//2777 2980//2980 
f 2983//2983 2982//2982 2978//2978 
f 2982//2982 2775//2775 2978//2978 
f 2982//2982 2779//2779 2775//2775 
f 2983//2983 2978//2978 2979//2979 
f 2780//2780 2981//2981 2778//2778 
f 2780//2780 2984//2984 2981//2981 
f 2982//2982 2781//2781 2779//2779 
f 2985//2985 2781//2781 2982//2982 
f 2782//2782 2984//2984 2780//2780 
f 2782//2782 2986//2986 2984//2984 
f 2985//2985 2987//2987 2781//2781 
f 2781//2781 2987//2987 2783//2783 
f 2784//2784 2783//2783 2987//2987 
f 2784//2784 2987//2987 2988//2988 
f 2991//2991 2990//2990 2989//2989 
f 2990//2990 2986//2986 2989//2989 
f 2986//2986 2785//2785 2989//2989 
f 2986//2986 2782//2782 2785//2785 
f 2988//2988 2992//2992 2784//2784 
f 2784//2784 2992//2992 2786//2786 
f 2786//2786 2993//2993 2787//2787 
f 2992//2992 2993//2993 2786//2786 
f 2787//2787 2994//2994 2788//2788 
f 2993//2993 2994//2994 2787//2787 
f 2788//2788 2995//2995 2789//2789 
f 2994//2994 2995//2995 2788//2788 
f 2789//2789 2996//2996 2790//2790 
f 2995//2995 2996//2996 2789//2789 
f 2790//2790 2997//2997 2791//2791 
f 2996//2996 2997//2997 2790//2790 
f 2791//2791 2998//2998 2792//2792 
f 2997//2997 2998//2998 2791//2791 
f 2792//2792 2999//2999 2793//2793 
f 2998//2998 2999//2999 2792//2792 
f 2793//2793 3000//3000 2794//2794 
f 2999//2999 3000//3000 2793//2793 
f 2794//2794 3001//3001 2795//2795 
f 3000//3000 3001//3001 2794//2794 
f 2796//2796 2795//2795 3001//3001 
f 2796//2796 3001//3001 3002//3002 
f 2991//2991 2989//2989 2798//2798 
f 2799//2799 2991//2991 2798//2798 
f 3003//3003 2991//2991 2799//2799 
f 2798//2798 2989//2989 2785//2785 
f 3002//3002 3004//3004 2796//2796 
f 2796//2796 3004//3004 2800//2800 
f 2800//2800 3005//3005 2801//2801 
f 3004//3004 3005//3005 2800//2800 
f 2802//2802 2801//2801 3005//3005 
f 2802//2802 3005//3005 3006//3006 
f 3009//3009 3008//3008 3007//3007 
f 3008//3008 3003//3003 3007//3007 
f 3003//3003 2803//2803 3007//3007 
f 3003//3003 2799//2799 2803//2803 
f 3006//3006 2804//2804 2802//2802 
f 3010//3010 2804//2804 3006//3006 
f 3009//3009 3007//3007 2806//2806 
f 2807//2807 3009//3009 2806//2806 
f 3011//3011 3009//3009 2807//2807 
f 2806//2806 3007//3007 2803//2803 
f 3010//3010 2808//2808 2804//2804 
f 3012//3012 2808//2808 3010//3010 
f 3014//3014 3013//3013 2810//2810 
f 3014//3014 2810//2810 2811//2811 
f 2807//2807 2810//2810 3011//3011 
f 3011//3011 2810//2810 3013//3013 
f 3012//3012 2812//2812 2808//2808 
f 3015//3015 2812//2812 3012//3012 
f 3018//3018 3017//3017 3016//3016 
f 3017//3017 3014//3014 3016//3016 
f 3014//3014 2813//2813 3016//3016 
f 3014//3014 2811//2811 2813//2813 
f 3020//3020 3019//3019 2815//2815 
f 2815//2815 3019//3019 2814//2814 
f 2815//2815 2812//2812 3015//3015 
f 2815//2815 3015//3015 3020//3020 
f 3018//3018 3016//3016 2816//2816 
f 2817//2817 3018//3018 2816//2816 
f 3021//3021 3018//3018 2817//2817 
f 2816//2816 3016//3016 2813//2813 
f 3019//3019 2818//2818 2814//2814 
f 3022//3022 2818//2818 3019//3019 
f 3024//3024 3023//3023 2819//2819 
f 3024//3024 2819//2819 2820//2820 
f 2817//2817 2819//2819 3021//3021 
f 3021//3021 2819//2819 3023//3023 
f 3026//3026 3025//3025 2822//2822 
f 2822//2822 3025//3025 2821//2821 
f 2822//2822 2818//2818 3022//3022 
f 2822//2822 3022//3022 3026//3026 
f 3029//3029 3028//3028 3027//3027 
f 2823//2823 2824//2824 3027//3027 
f 3028//3028 2823//2823 3027//3027 
f 3030//3030 2823//2823 3028//3028 
f 2820//2820 2823//2823 3024//3024 
f 3024//3024 2823//2823 3030//3030 
f 3025//3025 2825//2825 2821//2821 
f 3031//3031 2825//2825 3025//3025 
f 3034//3034 3033//3033 3032//3032 
f 3032//3032 3033//3033 3029//3029 
f 3032//3032 3029//3029 3027//3027 
f 2827//2827 3032//3032 3027//3027 
f 2826//2826 2827//2827 3027//3027 
f 2826//2826 3027//3027 2824//2824 
f 3035//3035 2828//2828 2829//2829 
f 3036//3036 3035//3035 2829//2829 
f 2825//2825 3036//3036 2829//2829 
f 3031//3031 3036//3036 2825//2825 
f 3039//3039 3038//3038 3037//3037 
f 3037//3037 3038//3038 3034//3034 
f 3037//3037 3034//3034 3032//3032 
f 2831//2831 3037//3037 3032//3032 
f 2832//2832 2831//2831 3032//3032 
f 2832//2832 3032//3032 2827//2827 
f 3041//3041 3040//3040 3035//3035 
f 3040//3040 2828//2828 3035//3035 
f 3040//3040 2834//2834 2828//2828 
f 3041//3041 3035//3035 3036//3036 
f 3043//3043 3042//3042 2835//2835 
f 3043//3043 2835//2835 2836//2836 
f 3037//3037 2837//2837 3039//3039 
f 2837//2837 3042//3042 3039//3039 
f 2837//2837 2835//2835 3042//3042 
f 2837//2837 3037//3037 2831//2831 
f 3040//3040 3044//3044 2834//2834 
f 2834//2834 3044//3044 2838//2838 
f 2840//2840 2838//2838 3044//3044 
f 2840//2840 3044//3044 3045//3045 
f 3047//3047 3046//3046 2846//2846 
f 3047//3047 2846//2846 2845//2845 
f 2846//2846 3048//3048 2847//2847 
f 3046//3046 3048//3048 2846//2846 
f 2836//2836 2847//2847 3043//3043 
f 3043//3043 2847//2847 3048//3048 
f 3045//3045 3049//3049 2840//2840 
f 2840//2840 3049//3049 2848//2848 
f 2848//2848 3050//3050 2849//2849 
f 3049//3049 3050//3050 2848//2848 
f 3050//3050 3052//3052 3051//3051 
f 2850//2850 3050//3050 3051//3051 
f 2849//2849 3050//3050 2850//2850 
f 3053//3053 2851//2851 2850//2850 
f 3053//3053 2850//2850 3051//3051 
f 3054//3054 2852//2852 2851//2851 
f 3054//3054 2851//2851 3053//3053 
f 3055//3055 2853//2853 2852//2852 
f 3055//3055 2852//2852 3054//3054 
f 2853//2853 3055//3055 3056//3056 
f 3057//3057 2853//2853 3056//3056 
f 2854//2854 2853//2853 3057//3057 
f 2854//2854 3058//3058 2855//2855 
f 3057//3057 3058//3058 2854//2854 
f 2855//2855 3059//3059 2856//2856 
f 3058//3058 3059//3059 2855//2855 
f 2856//2856 3060//3060 2857//2857 
f 3059//3059 3060//3060 2856//2856 
f 2845//2845 2857//2857 3047//3047 
f 3047//3047 2857//2857 3060//3060 
f 3052//3052 3061//3061 3051//3051 
f 3051//3051 3061//3061 3053//3053 
f 3053//3053 3061//3061 3062//3062 
f 3053//3053 3062//3062 3054//3054 
f 3054//3054 3062//3062 3063//3063 
f 3054//3054 3063//3063 3055//3055 
f 3055//3055 3063//3063 3064//3064 
f 3055//3055 3064//3064 3056//3056 
f 3065//3065 2863//2863 2864//2864 
f 2865//2865 3065//3065 2864//2864 
f 3066//3066 2868//2868 2869//2869 
f 2863//2863 3065//3065 2869//2869 
f 3065//3065 3066//3066 2869//2869 
f 3065//3065 3067//3067 3066//3066 
f 2871//2871 3067//3067 2865//2865 
f 2865//2865 3067//3067 3065//3065 
f 3068//3068 2873//2873 3066//3066 
f 3066//3066 2873//2873 2868//2868 
f 3069//3069 3066//3066 3067//3067 
f 3068//3068 3066//3066 3069//3069 
f 2874//2874 3070//3070 2871//2871 
f 3070//3070 3067//3067 2871//2871 
f 3070//3070 3069//3069 3067//3067 
f 2876//2876 3070//3070 2874//2874 
f 3071//3071 2877//2877 2878//2878 
f 3072//3072 3071//3071 2878//2878 
f 3072//3072 2878//2878 2873//2873 
f 3073//3073 3072//3072 2873//2873 
f 3068//3068 3073//3073 2873//2873 
f 3073//3073 3068//3068 3069//3069 
f 3073//3073 3069//3069 3074//3074 
f 3076//3076 3075//3075 3074//3074 
f 3069//3069 3076//3076 3074//3074 
f 3070//3070 3076//3076 3069//3069 
f 2880//2880 3076//3076 2876//2876 
f 2876//2876 3076//3076 3070//3070 
f 3077//3077 2881//2881 3071//3071 
f 3071//3071 2881//2881 2877//2877 
f 3071//3071 3072//3072 3078//3078 
f 3071//3071 3078//3078 3077//3077 
f 3075//3075 3076//3076 3079//3079 
f 3075//3075 3079//3079 3080//3080 
f 2883//2883 3079//3079 2880//2880 
f 2880//2880 3079//3079 3076//3076 
f 3082//3082 3081//3081 3077//3077 
f 3081//3081 2881//2881 3077//3077 
f 3081//3081 2885//2885 2881//2881 
f 3082//3082 3077//3077 3078//3078 
f 3080//3080 3079//3079 3083//3083 
f 3080//3080 3083//3083 3084//3084 
f 2887//2887 3083//3083 2883//2883 
f 2883//2883 3083//3083 3079//3079 
f 3085//3085 2890//2890 2891//2891 
f 3086//3086 3085//3085 2891//2891 
f 2885//2885 3086//3086 2891//2891 
f 3081//3081 3086//3086 2885//2885 
f 3087//3087 3084//3084 3083//3083 
f 3083//3083 2887//2887 3087//3087 
f 2887//2887 3088//3088 3087//3087 
f 2887//2887 2893//2893 3088//3088 
f 3089//3089 2896//2896 2897//2897 
f 3090//3090 3089//3089 2897//2897 
f 3090//3090 2897//2897 2890//2890 
f 3091//3091 3090//3090 2890//2890 
f 3085//3085 3091//3091 2890//2890 
f 3091//3091 3085//3085 3086//3086 
f 2899//2899 3088//3088 2893//2893 
f 2899//2899 3092//3092 3088//3088 
f 3093//3093 2901//2901 2902//2902 
f 3094//3094 3093//3093 2902//2902 
f 3094//3094 2902//2902 2896//2896 
f 3095//3095 3094//3094 2896//2896 
f 3089//3089 3095//3095 2896//2896 
f 3095//3095 3089//3089 3090//3090 
f 3098//3098 3097//3097 3096//3096 
f 3099//3099 3096//3096 2903//2903 
f 3096//3096 3092//3092 2903//2903 
f 3092//3092 2899//2899 2903//2903 
f 3092//3092 3096//3096 3097//3097 
f 2904//2904 3099//3099 2903//2903 
f 3100//3100 2906//2906 2907//2907 
f 3101//3101 3100//3100 2907//2907 
f 3101//3101 2907//2907 2901//2901 
f 3102//3102 3101//3101 2901//2901 
f 3093//3093 3102//3102 2901//2901 
f 3102//3102 3093//3093 3094//3094 
f 3103//3103 3098//3098 3096//3096 
f 3105//3105 3104//3104 3103//3103 
f 3096//3096 3105//3105 3103//3103 
f 3099//3099 3105//3105 3096//3096 
f 2908//2908 3105//3105 2904//2904 
f 2904//2904 3105//3105 3099//3099 
f 3107//3107 3106//3106 2910//2910 
f 2910//2910 3106//3106 2909//2909 
f 3108//3108 2910//2910 2911//2911 
f 3108//3108 3107//3107 2910//2910 
f 2911//2911 2913//2913 3108//3108 
f 3108//3108 2913//2913 3109//3109 
f 3110//3110 2915//2915 3100//3100 
f 3100//3100 2915//2915 2906//2906 
f 3100//3100 3101//3101 3111//3111 
f 3100//3100 3111//3111 3110//3110 
f 3104//3104 3105//3105 3112//3112 
f 3104//3104 3112//3112 3113//3113 
f 2917//2917 3112//3112 2908//2908 
f 2908//2908 3112//3112 3105//3105 
f 3116//3116 3115//3115 3114//3114 
f 2918//2918 2919//2919 3114//3114 
f 2919//2919 3116//3116 3114//3114 
f 2919//2919 3117//3117 3116//3116 
f 2919//2919 2909//2909 3106//3106 
f 2919//2919 3106//3106 3117//3117 
f 3118//3118 3109//3109 2913//2913 
f 3118//3118 2913//2913 2920//2920 
f 3119//3119 2920//2920 2921//2921 
f 3119//3119 3118//3118 2920//2920 
f 3120//3120 2921//2921 2922//2922 
f 3120//3120 3119//3119 2921//2921 
f 3121//3121 2922//2922 2923//2923 
f 3121//3121 3120//3120 2922//2922 
f 3123//3123 3122//3122 2925//2925 
f 3122//3122 2923//2923 2925//2925 
f 3122//3122 3121//3121 2923//2923 
f 3123//3123 3124//3124 3122//3122 
f 3125//3125 2926//2926 2927//2927 
f 3126//3126 3125//3125 2927//2927 
f 3126//3126 2927//2927 2915//2915 
f 3127//3127 3126//3126 2915//2915 
f 3110//3110 3127//3127 2915//2915 
f 3127//3127 3110//3110 3111//3111 
f 3113//3113 3112//3112 3128//3128 
f 3113//3113 3128//3128 3129//3129 
f 2929//2929 3128//3128 2917//2917 
f 2917//2917 3128//3128 3112//3112 
f 3132//3132 3131//3131 3130//3130 
f 3130//3130 3133//3133 3132//3132 
f 3136//3136 3135//3135 3134//3134 
f 3138//3138 3137//3137 3134//3134 
f 3134//3134 3137//3137 3136//3136 
f 3137//3137 3138//3138 3115//3115 
f 3115//3115 3138//3138 3114//3114 
f 3138//3138 2930//2930 3114//3114 
f 2930//2930 2931//2931 3114//3114 
f 3114//3114 2931//2931 2918//2918 
f 2932//2932 3123//3123 2925//2925 
f 3139//3139 3124//3124 3123//3123 
f 2932//2932 3139//3139 3123//3123 
f 2933//2933 3139//3139 2932//2932 
f 3140//3140 2933//2933 2934//2934 
f 3140//3140 3139//3139 2933//2933 
f 3141//3141 2934//2934 2935//2935 
f 3141//3141 3140//3140 2934//2934 
f 3142//3142 2935//2935 2936//2936 
f 3142//3142 3141//3141 2935//2935 
f 3143//3143 2936//2936 2937//2937 
f 3143//3143 3142//3142 2936//2936 
f 3144//3144 2937//2937 2938//2938 
f 3144//3144 3143//3143 2937//2937 
f 2938//2938 2940//2940 3144//3144 
f 3144//3144 2940//2940 3145//3145 
f 3146//3146 2942//2942 3125//3125 
f 3125//3125 2942//2942 2926//2926 
f 3125//3125 3126//3126 3147//3147 
f 3125//3125 3147//3147 3146//3146 
f 3129//3129 3128//3128 3148//3148 
f 3129//3129 3148//3148 3149//3149 
f 2944//2944 3148//3148 2929//2929 
f 2929//2929 3148//3148 3128//3128 
f 3131//3131 3150//3150 3130//3130 
f 3130//3130 3150//3150 3133//3133 
f 3134//3134 3135//3135 3151//3151 
f 3151//3151 3135//3135 3152//3152 
f 3134//3134 3153//3153 3138//3138 
f 3134//3134 3151//3151 3153//3153 
f 3153//3153 2945//2945 2930//2930 
f 3153//3153 2930//2930 3138//3138 
f 3154//3154 3145//3145 2940//2940 
f 3154//3154 2940//2940 2946//2946 
f 3155//3155 2946//2946 2947//2947 
f 3155//3155 3154//3154 2946//2946 
f 3156//3156 2947//2947 2948//2948 
f 3156//3156 3155//3155 2947//2947 
f 3157//3157 2948//2948 2949//2949 
f 3157//3157 3156//3156 2948//2948 
f 3158//3158 2949//2949 2950//2950 
f 3158//3158 3157//3157 2949//2949 
f 2950//2950 2942//2942 3146//3146 
f 3159//3159 2950//2950 3146//3146 
f 3158//3158 2950//2950 3159//3159 
f 3159//3159 3146//3146 3147//3147 
f 3160//3160 3149//3149 3148//3148 
f 3148//3148 2944//2944 3160//3160 
f 2944//2944 3161//3161 3160//3160 
f 2944//2944 2952//2952 3161//3161 
f 3152//3152 3162//3162 3151//3151 
f 3164//3164 3163//3163 3162//3162 
f 3163//3163 3151//3151 3162//3162 
f 3163//3163 3153//3153 3151//3151 
f 3163//3163 2953//2953 2945//2945 
f 3163//3163 2945//2945 3153//3153 
f 2952//2952 2954//2954 3165//3165 
f 3166//3166 2952//2952 3165//3165 
f 3161//3161 2952//2952 3166//3166 
f 2955//2955 3165//3165 2954//2954 
f 3164//3164 3167//3167 3163//3163 
f 2953//2953 3163//3163 3167//3167 
f 3168//3168 2953//2953 3167//3167 
f 2956//2956 2953//2953 3168//3168 
f 3166//3166 3165//3165 3169//3169 
f 3166//3166 3169//3169 3170//3170 
f 2957//2957 3169//3169 2955//2955 
f 2955//2955 3169//3169 3165//3165 
f 3168//3168 2959//2959 2956//2956 
f 3171//3171 2959//2959 3168//3168 
f 3170//3170 3169//3169 3172//3172 
f 3170//3170 3172//3172 3173//3173 
f 2960//2960 3172//3172 2957//2957 
f 2957//2957 3172//3172 3169//3169 
f 3174//3174 2961//2961 2962//2962 
f 3175//3175 3174//3174 2962//2962 
f 2959//2959 3175//3175 2962//2962 
f 3171//3171 3175//3175 2959//2959 
f 3173//3173 3172//3172 3176//3176 
f 3173//3173 3176//3176 3177//3177 
f 2963//2963 3176//3176 2960//2960 
f 2960//2960 3176//3176 3172//3172 
f 3179//3179 3178//3178 3174//3174 
f 3178//3178 2961//2961 3174//3174 
f 3178//3178 2964//2964 2961//2961 
f 3179//3179 3174//3174 3175//3175 
f 3177//3177 3176//3176 3180//3180 
f 3177//3177 3180//3180 3181//3181 
f 2965//2965 3180//3180 2963//2963 
f 2963//2963 3180//3180 3176//3176 
f 3178//3178 2966//2966 2964//2964 
f 3182//3182 2966//2966 3178//3178 
f 3181//3181 3180//3180 3183//3183 
f 3181//3181 3183//3183 3184//3184 
f 2967//2967 3183//3183 2965//2965 
f 2965//2965 3183//3183 3180//3180 
f 3182//3182 2969//2969 2966//2966 
f 3185//3185 2969//2969 3182//3182 
f 3184//3184 3183//3183 3186//3186 
f 3184//3184 3186//3186 3187//3187 
f 2970//2970 3186//3186 2967//2967 
f 2967//2967 3186//3186 3183//3183 
f 3188//3188 2971//2971 2972//2972 
f 3189//3189 3188//3188 2972//2972 
f 2969//2969 3189//3189 2972//2972 
f 3185//3185 3189//3189 2969//2969 
f 3187//3187 3186//3186 3190//3190 
f 3187//3187 3190//3190 3191//3191 
f 2973//2973 3190//3190 2970//2970 
f 2970//2970 3190//3190 3186//3186 
f 3193//3193 3192//3192 3188//3188 
f 3192//3192 2971//2971 3188//3188 
f 3192//3192 2974//2974 2971//2971 
f 3193//3193 3188//3188 3189//3189 
f 3191//3191 3190//3190 3194//3194 
f 3191//3191 3194//3194 3195//3195 
f 2975//2975 3194//3194 2973//2973 
f 2973//2973 3194//3194 3190//3190 
f 3192//3192 2976//2976 2974//2974 
f 3196//3196 2976//2976 3192//3192 
f 3195//3195 3194//3194 3197//3197 
f 3195//3195 3197//3197 3198//3198 
f 2977//2977 3197//3197 2975//2975 
f 2975//2975 3197//3197 3194//3194 
f 3196//3196 2979//2979 2976//2976 
f 3199//3199 2979//2979 3196//3196 
f 3198//3198 3197//3197 2980//2980 
f 2981//2981 3198//3198 2980//2980 
f 3200//3200 3198//3198 2981//2981 
f 2980//2980 3197//3197 2977//2977 
f 3202//3202 3201//3201 2983//2983 
f 2983//2983 3201//3201 2982//2982 
f 2983//2983 2979//2979 3199//3199 
f 2983//2983 3199//3199 3202//3202 
f 3205//3205 3204//3204 3203//3203 
f 3204//3204 3200//3200 3203//3203 
f 3200//3200 2984//2984 3203//3203 
f 3200//3200 2981//2981 2984//2984 
f 3201//3201 2985//2985 2982//2982 
f 3206//3206 2985//2985 3201//3201 
f 3205//3205 3203//3203 3207//3207 
f 3205//3205 3207//3207 3208//3208 
f 2986//2986 3207//3207 2984//2984 
f 2984//2984 3207//3207 3203//3203 
f 3206//3206 3209//3209 2985//2985 
f 2985//2985 3209//3209 2987//2987 
f 2988//2988 2987//2987 3209//3209 
f 2988//2988 3209//3209 3210//3210 
f 3208//3208 3207//3207 2990//2990 
f 2991//2991 3208//3208 2990//2990 
f 3211//3211 3208//3208 2991//2991 
f 2990//2990 3207//3207 2986//2986 
f 3210//3210 3212//3212 2988//2988 
f 2988//2988 3212//3212 2992//2992 
f 2992//2992 3213//3213 2993//2993 
f 3212//3212 3213//3213 2992//2992 
f 2993//2993 3214//3214 2994//2994 
f 3213//3213 3214//3214 2993//2993 
f 2994//2994 3215//3215 2995//2995 
f 3214//3214 3215//3215 2994//2994 
f 2995//2995 3216//3216 2996//2996 
f 3215//3215 3216//3216 2995//2995 
f 2996//2996 3217//3217 2997//2997 
f 3216//3216 3217//3217 2996//2996 
f 2997//2997 3218//3218 2998//2998 
f 3217//3217 3218//3218 2997//2997 
f 2998//2998 3219//3219 2999//2999 
f 3218//3218 3219//3219 2998//2998 
f 2999//2999 3220//3220 3000//3000 
f 3219//3219 3220//3220 2999//2999 
f 3000//3000 3221//3221 3001//3001 
f 3220//3220 3221//3221 3000//3000 
f 3223//3223 3222//3222 3002//3002 
f 3001//3001 3223//3223 3002//3002 
f 3221//3221 3223//3223 3001//3001 
f 3224//3224 3222//3222 3223//3223 
f 3227//3227 3226//3226 3225//3225 
f 3226//3226 3211//3211 3225//3225 
f 3211//3211 3003//3003 3225//3225 
f 3211//3211 2991//2991 3003//3003 
f 3222//3222 3004//3004 3002//3002 
f 3224//3224 3228//3228 3222//3222 
f 3228//3228 3004//3004 3222//3222 
f 3228//3228 3005//3005 3004//3004 
f 3230//3230 3229//3229 3006//3006 
f 3005//3005 3230//3230 3006//3006 
f 3228//3228 3230//3230 3005//3005 
f 3231//3231 3229//3229 3230//3230 
f 3227//3227 3225//3225 3008//3008 
f 3009//3009 3227//3227 3008//3008 
f 3232//3232 3227//3227 3009//3009 
f 3008//3008 3225//3225 3003//3003 
f 3233//3233 3010//3010 3229//3229 
f 3229//3229 3010//3010 3006//3006 
f 3229//3229 3231//3231 3234//3234 
f 3229//3229 3234//3234 3233//3233 
f 3237//3237 3236//3236 3235//3235 
f 3236//3236 3232//3232 3235//3235 
f 3232//3232 3011//3011 3235//3235 
f 3232//3232 3009//3009 3011//3011 
f 3238//3238 3012//3012 3233//3233 
f 3233//3233 3012//3012 3010//3010 
f 3233//3233 3234//3234 3239//3239 
f 3233//3233 3239//3239 3238//3238 
f 3242//3242 3241//3241 3240//3240 
f 3240//3240 3241//3241 3237//3237 
f 3240//3240 3237//3237 3235//3235 
f 3014//3014 3240//3240 3235//3235 
f 3013//3013 3014//3014 3235//3235 
f 3013//3013 3235//3235 3011//3011 
f 3244//3244 3243//3243 3238//3238 
f 3243//3243 3012//3012 3238//3238 
f 3243//3243 3015//3015 3012//3012 
f 3244//3244 3238//3238 3239//3239 
f 3242//3242 3240//3240 3017//3017 
f 3018//3018 3242//3242 3017//3017 
f 3245//3245 3242//3242 3018//3018 
f 3017//3017 3240//3240 3014//3014 
f 3246//3246 3019//3019 3020//3020 
f 3247//3247 3246//3246 3020//3020 
f 3015//3015 3247//3247 3020//3020 
f 3243//3243 3247//3247 3015//3015 
f 3250//3250 3249//3249 3248//3248 
f 3249//3249 3245//3245 3248//3248 
f 3245//3245 3021//3021 3248//3248 
f 3245//3245 3018//3018 3021//3021 
f 3252//3252 3251//3251 3246//3246 
f 3251//3251 3019//3019 3246//3246 
f 3251//3251 3022//3022 3019//3019 
f 3252//3252 3246//3246 3247//3247 
f 3255//3255 3254//3254 3253//3253 
f 3253//3253 3254//3254 3250//3250 
f 3253//3253 3250//3250 3248//3248 
f 3024//3024 3253//3253 3248//3248 
f 3023//3023 3024//3024 3248//3248 
f 3023//3023 3248//3248 3021//3021 
f 3256//3256 3025//3025 3026//3026 
f 3257//3257 3256//3256 3026//3026 
f 3022//3022 3257//3257 3026//3026 
f 3251//3251 3257//3257 3022//3022 
f 3259//3259 3258//3258 3028//3028 
f 3259//3259 3028//3028 3029//3029 
f 3253//3253 3030//3030 3255//3255 
f 3030//3030 3258//3258 3255//3255 
f 3030//3030 3028//3028 3258//3258 
f 3030//3030 3253//3253 3024//3024 
f 3261//3261 3260//3260 3256//3256 
f 3260//3260 3025//3025 3256//3256 
f 3260//3260 3031//3031 3025//3025 
f 3261//3261 3256//3256 3257//3257 
f 3263//3263 3262//3262 3033//3033 
f 3263//3263 3033//3033 3034//3034 
f 3029//3029 3033//3033 3259//3259 
f 3259//3259 3033//3033 3262//3262 
f 3260//3260 3036//3036 3031//3031 
f 3264//3264 3036//3036 3260//3260 
f 3266//3266 3265//3265 3038//3038 
f 3266//3266 3038//3038 3039//3039 
f 3034//3034 3038//3038 3263//3263 
f 3263//3263 3038//3038 3265//3265 
f 3268//3268 3267//3267 3041//3041 
f 3041//3041 3267//3267 3040//3040 
f 3041//3041 3036//3036 3264//3264 
f 3041//3041 3264//3264 3268//3268 
f 3271//3271 3270//3270 3269//3269 
f 3042//3042 3043//3043 3269//3269 
f 3270//3270 3042//3042 3269//3269 
f 3272//3272 3042//3042 3270//3270 
f 3039//3039 3042//3042 3266//3266 
f 3266//3266 3042//3042 3272//3272 
f 3044//3044 3040//3040 3273//3273 
f 3040//3040 3274//3274 3273//3273 
f 3040//3040 3267//3267 3274//3274 
f 3273//3273 3045//3045 3044//3044 
f 3276//3276 3275//3275 3046//3046 
f 3276//3276 3046//3046 3047//3047 
f 3269//3269 3048//3048 3271//3271 
f 3048//3048 3275//3275 3271//3271 
f 3048//3048 3046//3046 3275//3275 
f 3048//3048 3269//3269 3043//3043 
f 3274//3274 3277//3277 3273//3273 
f 3277//3277 3279//3279 3278//3278 
f 3277//3277 3278//3278 3049//3049 
f 3273//3273 3277//3277 3049//3049 
f 3045//3045 3273//3273 3049//3049 
f 3280//3280 3050//3050 3049//3049 
f 3280//3280 3049//3049 3278//3278 
f 3280//3280 3052//3052 3050//3050 
f 3056//3056 3281//3281 3057//3057 
f 3057//3057 3281//3281 3282//3282 
f 3283//3283 3057//3057 3282//3282 
f 3058//3058 3057//3057 3283//3283 
f 3058//3058 3284//3284 3059//3059 
f 3283//3283 3284//3284 3058//3058 
f 3059//3059 3285//3285 3060//3060 
f 3284//3284 3285//3285 3059//3059 
f 3047//3047 3060//3060 3276//3276 
f 3276//3276 3060//3060 3285//3285 
f 3279//3279 3286//3286 3278//3278 
f 3278//3278 3286//3286 3280//3280 
f 3280//3280 3286//3286 3287//3287 
f 3280//3280 3287//3287 3052//3052 
f 3287//3287 3061//3061 3052//3052 
f 3287//3287 3288//3288 3061//3061 
f 3061//3061 3289//3289 3062//3062 
f 3288//3288 3289//3289 3061//3061 
f 3062//3062 3290//3290 3063//3063 
f 3289//3289 3290//3290 3062//3062 
f 3063//3063 3291//3291 3064//3064 
f 3290//3290 3291//3291 3063//3063 
f 3056//3056 3064//3064 3281//3281 
f 3064//3064 3292//3292 3281//3281 
f 3064//3064 3291//3291 3292//3292 
f 3281//3281 3292//3292 3282//3282 
f 3293//3293 3072//3072 3073//3073 
f 3074//3074 3294//3294 3073//3073 
f 3073//3073 3294//3294 3293//3293 
f 3075//3075 3294//3294 3074//3074 
f 3295//3295 3078//3078 3293//3293 
f 3293//3293 3078//3078 3072//3072 
f 3296//3296 3293//3293 3294//3294 
f 3295//3295 3293//3293 3296//3296 
f 3080//3080 3296//3296 3075//3075 
f 3075//3075 3296//3296 3294//3294 
f 3297//3297 3081//3081 3082//3082 
f 3078//3078 3295//3295 3082//3082 
f 3295//3295 3297//3297 3082//3082 
f 3295//3295 3298//3298 3297//3297 
f 3299//3299 3295//3295 3296//3296 
f 3298//3298 3295//3295 3299//3299 
f 3084//3084 3299//3299 3080//3080 
f 3080//3080 3299//3299 3296//3296 
f 3300//3300 3086//3086 3297//3297 
f 3297//3297 3086//3086 3081//3081 
f 3298//3298 3302//3302 3301//3301 
f 3300//3300 3298//3298 3301//3301 
f 3297//3297 3298//3298 3300//3300 
f 3304//3304 3303//3303 3302//3302 
f 3298//3298 3304//3304 3302//3302 
f 3299//3299 3304//3304 3298//3298 
f 3087//3087 3305//3305 3084//3084 
f 3305//3305 3299//3299 3084//3084 
f 3305//3305 3304//3304 3299//3299 
f 3088//3088 3305//3305 3087//3087 
f 3306//3306 3090//3090 3091//3091 
f 3307//3307 3306//3306 3091//3091 
f 3307//3307 3091//3091 3086//3086 
f 3308//3308 3307//3307 3086//3086 
f 3300//3300 3308//3308 3086//3086 
f 3308//3308 3300//3300 3301//3301 
f 3303//3303 3304//3304 3309//3309 
f 3303//3303 3309//3309 3310//3310 
f 3311//3311 3304//3304 3305//3305 
f 3309//3309 3304//3304 3311//3311 
f 3092//3092 3311//3311 3088//3088 
f 3088//3088 3311//3311 3305//3305 
f 3312//3312 3094//3094 3095//3095 
f 3313//3313 3312//3312 3095//3095 
f 3313//3313 3095//3095 3090//3090 
f 3314//3314 3313//3313 3090//3090 
f 3306//3306 3314//3314 3090//3090 
f 3314//3314 3306//3306 3307//3307 
f 3310//3310 3309//3309 3315//3315 
f 3310//3310 3315//3315 3316//3316 
f 3098//3098 3315//3315 3097//3097 
f 3315//3315 3311//3311 3097//3097 
f 3315//3315 3309//3309 3311//3311 
f 3097//3097 3311//3311 3092//3092 
f 3317//3317 3101//3101 3102//3102 
f 3318//3318 3317//3317 3102//3102 
f 3318//3318 3102//3102 3094//3094 
f 3319//3319 3318//3318 3094//3094 
f 3312//3312 3319//3319 3094//3094 
f 3319//3319 3312//3312 3313//3313 
f 3320//3320 3316//3316 3315//3315 
f 3322//3322 3320//3320 3321//3321 
f 3321//3321 3320//3320 3103//3103 
f 3320//3320 3315//3315 3103//3103 
f 3315//3315 3098//3098 3103//3103 
f 3104//3104 3321//3321 3103//3103 
f 3324//3324 3323//3323 3107//3107 
f 3107//3107 3323//3323 3106//3106 
f 3325//3325 3107//3107 3108//3108 
f 3325//3325 3324//3324 3107//3107 
f 3327//3327 3326//3326 3109//3109 
f 3326//3326 3108//3108 3109//3109 
f 3326//3326 3325//3325 3108//3108 
f 3327//3327 3328//3328 3326//3326 
f 3329//3329 3111//3111 3317//3317 
f 3317//3317 3111//3111 3101//3101 
f 3317//3317 3318//3318 3330//3330 
f 3317//3317 3330//3330 3329//3329 
f 3322//3322 3321//3321 3331//3331 
f 3322//3322 3331//3331 3332//3332 
f 3113//3113 3331//3331 3104//3104 
f 3104//3104 3331//3331 3321//3321 
f 3335//3335 3334//3334 3333//3333 
f 3337//3337 3336//3336 3333//3333 
f 3333//3333 3336//3336 3335//3335 
f 3339//3339 3338//3338 3337//3337 
f 3337//3337 3338//3338 3336//3336 
f 3339//3339 3340//3340 3338//3338 
f 3342//3342 3341//3341 3116//3116 
f 3116//3116 3341//3341 3115//3115 
f 3343//3343 3116//3116 3117//3117 
f 3343//3343 3342//3342 3116//3116 
f 3117//3117 3106//3106 3323//3323 
f 3117//3117 3323//3323 3343//3343 
f 3118//3118 3327//3327 3109//3109 
f 3344//3344 3328//3328 3327//3327 
f 3118//3118 3344//3344 3327//3327 
f 3119//3119 3344//3344 3118//3118 
f 3345//3345 3119//3119 3120//3120 
f 3345//3345 3344//3344 3119//3119 
f 3346//3346 3120//3120 3121//3121 
f 3346//3346 3345//3345 3120//3120 
f 3347//3347 3121//3121 3122//3122 
f 3347//3347 3346//3346 3121//3121 
f 3349//3349 3348//3348 3124//3124 
f 3348//3348 3122//3122 3124//3124 
f 3348//3348 3347//3347 3122//3122 
f 3349//3349 3350//3350 3348//3348 
f 3351//3351 3126//3126 3127//3127 
f 3352//3352 3351//3351 3127//3127 
f 3352//3352 3127//3127 3111//3111 
f 3353//3353 3352//3352 3111//3111 
f 3329//3329 3353//3353 3111//3111 
f 3353//3353 3329//3329 3330//3330 
f 3332//3332 3331//3331 3354//3354 
f 3332//3332 3354//3354 3355//3355 
f 3129//3129 3354//3354 3113//3113 
f 3113//3113 3354//3354 3331//3331 
f 3333//3333 3334//3334 3356//3356 
f 3356//3356 3334//3334 3357//3357 
f 3356//3356 3131//3131 3132//3132 
f 3337//3337 3356//3356 3132//3132 
f 3333//3333 3356//3356 3337//3337 
f 3337//3337 3132//3132 3133//3133 
f 3358//3358 3337//3337 3133//3133 
f 3339//3339 3337//3337 3358//3358 
f 3340//3340 3339//3339 3359//3359 
f 3339//3339 3360//3360 3359//3359 
f 3339//3339 3358//3358 3360//3360 
f 3135//3135 3136//3136 3360//3360 
f 3136//3136 3359//3359 3360//3360 
f 3136//3136 3361//3361 3359//3359 
f 3362//3362 3136//3136 3137//3137 
f 3362//3362 3361//3361 3136//3136 
f 3137//3137 3115//3115 3341//3341 
f 3137//3137 3341//3341 3362//3362 
f 3139//3139 3349//3349 3124//3124 
f 3363//3363 3350//3350 3349//3349 
f 3139//3139 3363//3363 3349//3349 
f 3140//3140 3363//3363 3139//3139 
f 3364//3364 3140//3140 3141//3141 
f 3364//3364 3363//3363 3140//3140 
f 3365//3365 3141//3141 3142//3142 
f 3365//3365 3364//3364 3141//3141 
f 3366//3366 3142//3142 3143//3143 
f 3366//3366 3365//3365 3142//3142 
f 3367//3367 3143//3143 3144//3144 
f 3367//3367 3366//3366 3143//3143 
f 3144//3144 3145//3145 3367//3367 
f 3367//3367 3145//3145 3368//3368 
f 3369//3369 3147//3147 3351//3351 
f 3351//3351 3147//3147 3126//3126 
f 3351//3351 3352//3352 3370//3370 
f 3351//3351 3370//3370 3369//3369 
f 3371//3371 3355//3355 3354//3354 
f 3354//3354 3129//3129 3371//3371 
f 3129//3129 3372//3372 3371//3371 
f 3129//3129 3149//3149 3372//3372 
f 3356//3356 3357//3357 3373//3373 
f 3373//3373 3357//3357 3374//3374 
f 3375//3375 3150//3150 3131//3131 
f 3356//3356 3375//3375 3131//3131 
f 3373//3373 3375//3375 3356//3356 
f 3358//3358 3133//3133 3150//3150 
f 3375//3375 3358//3358 3150//3150 
f 3376//3376 3358//3358 3375//3375 
f 3358//3358 3377//3377 3360//3360 
f 3358//3358 3376//3376 3377//3377 
f 3377//3377 3152//3152 3135//3135 
f 3377//3377 3135//3135 3360//3360 
f 3378//3378 3368//3368 3145//3145 
f 3378//3378 3145//3145 3154//3154 
f 3379//3379 3154//3154 3155//3155 
f 3379//3379 3378//3378 3154//3154 
f 3380//3380 3155//3155 3156//3156 
f 3380//3380 3379//3379 3155//3155 
f 3381//3381 3156//3156 3157//3157 
f 3381//3381 3380//3380 3156//3156 
f 3383//3383 3381//3381 3382//3382 
f 3381//3381 3158//3158 3382//3382 
f 3381//3381 3157//3157 3158//3158 
f 3382//3382 3158//3158 3384//3384 
f 3158//3158 3385//3385 3384//3384 
f 3158//3158 3159//3159 3385//3385 
f 3159//3159 3147//3147 3369//3369 
f 3386//3386 3159//3159 3369//3369 
f 3385//3385 3159//3159 3386//3386 
f 3386//3386 3369//3369 3370//3370 
f 3149//3149 3160//3160 3387//3387 
f 3388//3388 3149//3149 3387//3387 
f 3372//3372 3149//3149 3388//3388 
f 3161//3161 3387//3387 3160//3160 
f 3374//3374 3389//3389 3373//3373 
f 3373//3373 3389//3389 3375//3375 
f 3375//3375 3389//3389 3390//3390 
f 3375//3375 3390//3390 3376//3376 
f 3376//3376 3390//3390 3391//3391 
f 3376//3376 3391//3391 3377//3377 
f 3377//3377 3391//3391 3392//3392 
f 3392//3392 3394//3394 3393//3393 
f 3392//3392 3393//3393 3162//3162 
f 3377//3377 3392//3392 3162//3162 
f 3152//3152 3377//3377 3162//3162 
f 3393//3393 3164//3164 3162//3162 
f 3395//3395 3383//3383 3382//3382 
f 3395//3395 3382//3382 3384//3384 
f 3388//3388 3387//3387 3396//3396 
f 3388//3388 3396//3396 3397//3397 
f 3166//3166 3396//3396 3161//3161 
f 3161//3161 3396//3396 3387//3387 
f 3394//3394 3398//3398 3393//3393 
f 3393//3393 3398//3398 3164//3164 
f 3398//3398 3167//3167 3164//3164 
f 3398//3398 3399//3399 3167//3167 
f 3168//3168 3167//3167 3399//3399 
f 3168//3168 3399//3399 3400//3400 
f 3397//3397 3396//3396 3401//3401 
f 3397//3397 3401//3401 3402//3402 
f 3170//3170 3401//3401 3166//3166 
f 3166//3166 3401//3401 3396//3396 
f 3400//3400 3171//3171 3168//3168 
f 3403//3403 3171//3171 3400//3400 
f 3402//3402 3401//3401 3404//3404 
f 3402//3402 3404//3404 3405//3405 
f 3173//3173 3404//3404 3170//3170 
f 3170//3170 3404//3404 3401//3401 
f 3403//3403 3175//3175 3171//3171 
f 3406//3406 3175//3175 3403//3403 
f 3405//3405 3404//3404 3407//3407 
f 3405//3405 3407//3407 3408//3408 
f 3177//3177 3407//3407 3173//3173 
f 3173//3173 3407//3407 3404//3404 
f 3409//3409 3178//3178 3179//3179 
f 3410//3410 3409//3409 3179//3179 
f 3175//3175 3410//3410 3179//3179 
f 3406//3406 3410//3410 3175//3175 
f 3408//3408 3407//3407 3411//3411 
f 3408//3408 3411//3411 3412//3412 
f 3181//3181 3411//3411 3177//3177 
f 3177//3177 3411//3411 3407//3407 
f 3414//3414 3413//3413 3409//3409 
f 3413//3413 3178//3178 3409//3409 
f 3413//3413 3182//3182 3178//3178 
f 3414//3414 3409//3409 3410//3410 
f 3412//3412 3411//3411 3415//3415 
f 3412//3412 3415//3415 3416//3416 
f 3184//3184 3415//3415 3181//3181 
f 3181//3181 3415//3415 3411//3411 
f 3413//3413 3185//3185 3182//3182 
f 3417//3417 3185//3185 3413//3413 
f 3416//3416 3415//3415 3418//3418 
f 3416//3416 3418//3418 3419//3419 
f 3187//3187 3418//3418 3184//3184 
f 3184//3184 3418//3418 3415//3415 
f 3417//3417 3189//3189 3185//3185 
f 3420//3420 3189//3189 3417//3417 
f 3419//3419 3418//3418 3421//3421 
f 3419//3419 3421//3421 3422//3422 
f 3191//3191 3421//3421 3187//3187 
f 3187//3187 3421//3421 3418//3418 
f 3424//3424 3423//3423 3193//3193 
f 3193//3193 3423//3423 3192//3192 
f 3193//3193 3189//3189 3420//3420 
f 3193//3193 3420//3420 3424//3424 
f 3422//3422 3421//3421 3425//3425 
f 3422//3422 3425//3425 3426//3426 
f 3195//3195 3425//3425 3191//3191 
f 3191//3191 3425//3425 3421//3421 
f 3423//3423 3196//3196 3192//3192 
f 3427//3427 3196//3196 3423//3423 
f 3426//3426 3425//3425 3428//3428 
f 3426//3426 3428//3428 3429//3429 
f 3198//3198 3428//3428 3195//3195 
f 3195//3195 3428//3428 3425//3425 
f 3427//3427 3199//3199 3196//3196 
f 3430//3430 3199//3199 3427//3427 
f 3429//3429 3428//3428 3431//3431 
f 3429//3429 3431//3431 3432//3432 
f 3200//3200 3431//3431 3198//3198 
f 3198//3198 3431//3431 3428//3428 
f 3433//3433 3201//3201 3202//3202 
f 3434//3434 3433//3433 3202//3202 
f 3199//3199 3434//3434 3202//3202 
f 3430//3430 3434//3434 3199//3199 
f 3432//3432 3431//3431 3204//3204 
f 3205//3205 3432//3432 3204//3204 
f 3435//3435 3432//3432 3205//3205 
f 3204//3204 3431//3431 3200//3200 
f 3436//3436 3206//3206 3433//3433 
f 3433//3433 3206//3206 3201//3201 
f 3433//3433 3434//3434 3437//3437 
f 3433//3433 3437//3437 3436//3436 
f 3440//3440 3439//3439 3438//3438 
f 3439//3439 3435//3435 3438//3438 
f 3435//3435 3208//3208 3438//3438 
f 3435//3435 3205//3205 3208//3208 
f 3436//3436 3209//3209 3206//3206 
f 3442//3442 3441//3441 3210//3210 
f 3442//3442 3210//3210 3209//3209 
f 3437//3437 3442//3442 3209//3209 
f 3436//3436 3437//3437 3209//3209 
f 3443//3443 3441//3441 3442//3442 
f 3440//3440 3438//3438 3444//3444 
f 3440//3440 3444//3444 3445//3445 
f 3211//3211 3444//3444 3208//3208 
f 3208//3208 3444//3444 3438//3438 
f 3441//3441 3212//3212 3210//3210 
f 3443//3443 3446//3446 3441//3441 
f 3446//3446 3212//3212 3441//3441 
f 3446//3446 3213//3213 3212//3212 
f 3213//3213 3447//3447 3214//3214 
f 3446//3446 3447//3447 3213//3213 
f 3214//3214 3448//3448 3215//3215 
f 3447//3447 3448//3448 3214//3214 
f 3215//3215 3449//3449 3216//3216 
f 3448//3448 3449//3449 3215//3215 
f 3216//3216 3450//3450 3217//3217 
f 3449//3449 3450//3450 3216//3216 
f 3217//3217 3451//3451 3218//3218 
f 3450//3450 3451//3451 3217//3217 
f 3218//3218 3452//3452 3219//3219 
f 3451//3451 3452//3452 3218//3218 
f 3219//3219 3453//3453 3220//3220 
f 3452//3452 3453//3453 3219//3219 
f 3220//3220 3454//3454 3221//3221 
f 3453//3453 3454//3454 3220//3220 
f 3221//3221 3455//3455 3223//3223 
f 3454//3454 3455//3455 3221//3221 
f 3457//3457 3456//3456 3224//3224 
f 3223//3223 3457//3457 3224//3224 
f 3455//3455 3457//3457 3223//3223 
f 3459//3459 3458//3458 3456//3456 
f 3459//3459 3456//3456 3457//3457 
f 3460//3460 3458//3458 3459//3459 
f 3445//3445 3444//3444 3226//3226 
f 3227//3227 3445//3445 3226//3226 
f 3461//3461 3445//3445 3227//3227 
f 3226//3226 3444//3444 3211//3211 
f 3456//3456 3228//3228 3224//3224 
f 3228//3228 3456//3456 3230//3230 
f 3230//3230 3456//3456 3458//3458 
f 3231//3231 3230//3230 3458//3458 
f 3460//3460 3231//3231 3458//3458 
f 3462//3462 3231//3231 3460//3460 
f 3465//3465 3464//3464 3463//3463 
f 3464//3464 3461//3461 3463//3463 
f 3461//3461 3232//3232 3463//3463 
f 3461//3461 3227//3227 3232//3232 
f 3462//3462 3234//3234 3231//3231 
f 3466//3466 3234//3234 3462//3462 
f 3469//3469 3468//3468 3467//3467 
f 3467//3467 3468//3468 3465//3465 
f 3467//3467 3465//3465 3463//3463 
f 3237//3237 3467//3467 3463//3463 
f 3236//3236 3237//3237 3463//3463 
f 3236//3236 3463//3463 3232//3232 
f 3466//3466 3239//3239 3234//3234 
f 3470//3470 3239//3239 3466//3466 
f 3469//3469 3467//3467 3241//3241 
f 3242//3242 3469//3469 3241//3241 
f 3471//3471 3469//3469 3242//3242 
f 3241//3241 3467//3467 3237//3237 
f 3473//3473 3472//3472 3244//3244 
f 3244//3244 3472//3472 3243//3243 
f 3244//3244 3239//3239 3470//3470 
f 3244//3244 3470//3470 3473//3473 
f 3476//3476 3475//3475 3474//3474 
f 3475//3475 3471//3471 3474//3474 
f 3471//3471 3245//3245 3474//3474 
f 3471//3471 3242//3242 3245//3245 
f 3472//3472 3247//3247 3243//3243 
f 3477//3477 3247//3247 3472//3472 
f 3480//3480 3479//3479 3478//3478 
f 3478//3478 3479//3479 3476//3476 
f 3478//3478 3476//3476 3474//3474 
f 3250//3250 3478//3478 3474//3474 
f 3249//3249 3250//3250 3474//3474 
f 3249//3249 3474//3474 3245//3245 
f 3481//3481 3251//3251 3252//3252 
f 3482//3482 3481//3481 3252//3252 
f 3247//3247 3482//3482 3252//3252 
f 3477//3477 3482//3482 3247//3247 
f 3485//3485 3484//3484 3483//3483 
f 3483//3483 3484//3484 3480//3480 
f 3483//3483 3480//3480 3478//3478 
f 3255//3255 3483//3483 3478//3478 
f 3254//3254 3255//3255 3478//3478 
f 3254//3254 3478//3478 3250//3250 
f 3487//3487 3486//3486 3481//3481 
f 3486//3486 3251//3251 3481//3481 
f 3486//3486 3257//3257 3251//3251 
f 3487//3487 3481//3481 3482//3482 
f 3490//3490 3489//3489 3488//3488 
f 3488//3488 3489//3489 3485//3485 
f 3488//3488 3485//3485 3483//3483 
f 3259//3259 3488//3488 3483//3483 
f 3258//3258 3259//3259 3483//3483 
f 3258//3258 3483//3483 3255//3255 
f 3492//3492 3491//3491 3261//3261 
f 3261//3261 3491//3491 3260//3260 
f 3261//3261 3257//3257 3486//3486 
f 3261//3261 3486//3486 3492//3492 
f 3495//3495 3494//3494 3493//3493 
f 3493//3493 3494//3494 3490//3490 
f 3493//3493 3490//3490 3488//3488 
f 3263//3263 3493//3493 3488//3488 
f 3262//3262 3263//3263 3488//3488 
f 3262//3262 3488//3488 3259//3259 
f 3491//3491 3264//3264 3260//3260 
f 3496//3496 3264//3264 3491//3491 
f 3499//3499 3498//3498 3497//3497 
f 3497//3497 3498//3498 3495//3495 
f 3497//3497 3495//3495 3493//3493 
f 3266//3266 3497//3497 3493//3493 
f 3265//3265 3266//3266 3493//3493 
f 3265//3265 3493//3493 3263//3263 
f 3501//3501 3500//3500 3268//3268 
f 3268//3268 3500//3500 3267//3267 
f 3268//3268 3264//3264 3496//3496 
f 3268//3268 3496//3496 3501//3501 
f 3503//3503 3502//3502 3270//3270 
f 3503//3503 3270//3270 3271//3271 
f 3497//3497 3272//3272 3499//3499 
f 3272//3272 3502//3502 3499//3499 
f 3272//3272 3270//3270 3502//3502 
f 3272//3272 3497//3497 3266//3266 
f 3500//3500 3274//3274 3267//3267 
f 3504//3504 3274//3274 3500//3500 
f 3507//3507 3506//3506 3505//3505 
f 3275//3275 3276//3276 3505//3505 
f 3506//3506 3275//3275 3505//3505 
f 3508//3508 3275//3275 3506//3506 
f 3271//3271 3275//3275 3503//3503 
f 3503//3503 3275//3275 3508//3508 
f 3504//3504 3509//3509 3274//3274 
f 3274//3274 3509//3509 3277//3277 
f 3279//3279 3277//3277 3509//3509 
f 3279//3279 3509//3509 3510//3510 
f 3513//3513 3512//3512 3511//3511 
f 3283//3283 3282//3282 3511//3511 
f 3512//3512 3283//3283 3511//3511 
f 3514//3514 3283//3283 3512//3512 
f 3283//3283 3515//3515 3284//3284 
f 3514//3514 3515//3515 3283//3283 
f 3505//3505 3285//3285 3507//3507 
f 3285//3285 3515//3515 3507//3507 
f 3285//3285 3284//3284 3515//3515 
f 3285//3285 3505//3505 3276//3276 
f 3510//3510 3516//3516 3279//3279 
f 3279//3279 3516//3516 3286//3286 
f 3286//3286 3517//3517 3287//3287 
f 3516//3516 3517//3517 3286//3286 
f 3287//3287 3518//3518 3288//3288 
f 3517//3517 3518//3518 3287//3287 
f 3288//3288 3519//3519 3289//3289 
f 3518//3518 3519//3519 3288//3288 
f 3289//3289 3520//3520 3290//3290 
f 3519//3519 3520//3520 3289//3289 
f 3290//3290 3521//3521 3291//3291 
f 3520//3520 3521//3521 3290//3290 
f 3511//3511 3292//3292 3513//3513 
f 3292//3292 3521//3521 3513//3513 
f 3292//3292 3291//3291 3521//3521 
f 3292//3292 3511//3511 3282//3282 
f 3522//3522 3301//3301 3302//3302 
f 3303//3303 3522//3522 3302//3302 
f 3523//3523 3307//3307 3308//3308 
f 3301//3301 3522//3522 3308//3308 
f 3522//3522 3523//3523 3308//3308 
f 3522//3522 3524//3524 3523//3523 
f 3310//3310 3524//3524 3303//3303 
f 3303//3303 3524//3524 3522//3522 
f 3525//3525 3313//3313 3314//3314 
f 3307//3307 3523//3523 3314//3314 
f 3523//3523 3525//3525 3314//3314 
f 3523//3523 3526//3526 3525//3525 
f 3527//3527 3523//3523 3524//3524 
f 3526//3526 3523//3523 3527//3527 
f 3316//3316 3527//3527 3310//3310 
f 3310//3310 3527//3527 3524//3524 
f 3528//3528 3318//3318 3319//3319 
f 3313//3313 3525//3525 3319//3319 
f 3525//3525 3528//3528 3319//3319 
f 3525//3525 3529//3529 3528//3528 
f 3526//3526 3531//3531 3530//3530 
f 3529//3529 3526//3526 3530//3530 
f 3525//3525 3526//3526 3529//3529 
f 3533//3533 3532//3532 3531//3531 
f 3526//3526 3533//3533 3531//3531 
f 3527//3527 3533//3533 3526//3526 
f 3320//3320 3534//3534 3316//3316 
f 3534//3534 3527//3527 3316//3316 
f 3534//3534 3533//3533 3527//3527 
f 3322//3322 3534//3534 3320//3320 
f 3536//3536 3535//3535 3324//3324 
f 3324//3324 3535//3535 3323//3323 
f 3537//3537 3324//3324 3325//3325 
f 3537//3537 3536//3536 3324//3324 
f 3538//3538 3325//3325 3326//3326 
f 3538//3538 3537//3537 3325//3325 
f 3326//3326 3328//3328 3538//3538 
f 3538//3538 3328//3328 3539//3539 
f 3540//3540 3330//3330 3528//3528 
f 3528//3528 3330//3330 3318//3318 
f 3529//3529 3542//3542 3541//3541 
f 3540//3540 3529//3529 3541//3541 
f 3528//3528 3529//3529 3540//3540 
f 3542//3542 3529//3529 3530//3530 
f 3543//3543 3532//3532 3533//3533 
f 3545//3545 3544//3544 3543//3543 
f 3533//3533 3545//3545 3543//3543 
f 3534//3534 3545//3545 3533//3533 
f 3332//3332 3545//3545 3322//3322 
f 3322//3322 3545//3545 3534//3534 
f 3547//3547 3546//3546 3335//3335 
f 3335//3335 3546//3546 3334//3334 
f 3548//3548 3335//3335 3336//3336 
f 3548//3548 3547//3547 3335//3335 
f 3549//3549 3336//3336 3338//3338 
f 3549//3549 3548//3548 3336//3336 
f 3338//3338 3340//3340 3549//3549 
f 3549//3549 3340//3340 3550//3550 
f 3551//3551 3341//3341 3342//3342 
f 3343//3343 3552//3552 3342//3342 
f 3342//3342 3552//3552 3551//3551 
f 3553//3553 3552//3552 3343//3343 
f 3323//3323 3553//3553 3343//3343 
f 3535//3535 3553//3553 3323//3323 
f 3554//3554 3539//3539 3328//3328 
f 3554//3554 3328//3328 3344//3344 
f 3555//3555 3344//3344 3345//3345 
f 3555//3555 3554//3554 3344//3344 
f 3556//3556 3345//3345 3346//3346 
f 3556//3556 3555//3555 3345//3345 
f 3557//3557 3346//3346 3347//3347 
f 3557//3557 3556//3556 3346//3346 
f 3558//3558 3347//3347 3348//3348 
f 3558//3558 3557//3557 3347//3347 
f 3348//3348 3350//3350 3558//3558 
f 3558//3558 3350//3350 3559//3559 
f 3560//3560 3352//3352 3353//3353 
f 3561//3561 3560//3560 3353//3353 
f 3561//3561 3353//3353 3330//3330 
f 3562//3562 3561//3561 3330//3330 
f 3540//3540 3562//3562 3330//3330 
f 3562//3562 3540//3540 3541//3541 
f 3563//3563 3544//3544 3545//3545 
f 3545//3545 3332//3332 3563//3563 
f 3332//3332 3564//3564 3563//3563 
f 3332//3332 3355//3355 3564//3564 
f 3546//3546 3357//3357 3334//3334 
f 3565//3565 3357//3357 3546//3546 
f 3566//3566 3550//3550 3340//3340 
f 3566//3566 3340//3340 3359//3359 
f 3568//3568 3566//3566 3567//3567 
f 3566//3566 3361//3361 3567//3567 
f 3566//3566 3359//3359 3361//3361 
f 3567//3567 3361//3361 3569//3569 
f 3361//3361 3570//3570 3569//3569 
f 3361//3361 3362//3362 3570//3570 
f 3362//3362 3341//3341 3551//3551 
f 3571//3571 3362//3362 3551//3551 
f 3570//3570 3362//3362 3571//3571 
f 3571//3571 3551//3551 3552//3552 
f 3571//3571 3552//3552 3572//3572 
f 3572//3572 3552//3552 3553//3553 
f 3573//3573 3559//3559 3350//3350 
f 3573//3573 3350//3350 3363//3363 
f 3574//3574 3363//3363 3364//3364 
f 3574//3574 3573//3573 3363//3363 
f 3575//3575 3364//3364 3365//3365 
f 3575//3575 3574//3574 3364//3364 
f 3576//3576 3365//3365 3366//3366 
f 3576//3576 3575//3575 3365//3365 
f 3578//3578 3576//3576 3577//3577 
f 3576//3576 3367//3367 3577//3577 
f 3576//3576 3366//3366 3367//3367 
f 3368//3368 3577//3577 3367//3367 
f 3579//3579 3370//3370 3560//3560 
f 3560//3560 3370//3370 3352//3352 
f 3560//3560 3561//3561 3580//3580 
f 3560//3560 3580//3580 3579//3579 
f 3355//3355 3371//3371 3581//3581 
f 3582//3582 3355//3355 3581//3581 
f 3564//3564 3355//3355 3582//3582 
f 3372//3372 3581//3581 3371//3371 
f 3565//3565 3374//3374 3357//3357 
f 3583//3583 3374//3374 3565//3565 
f 3584//3584 3568//3568 3567//3567 
f 3584//3584 3567//3567 3569//3569 
f 3585//3585 3578//3578 3577//3577 
f 3585//3585 3577//3577 3368//3368 
f 3378//3378 3585//3585 3368//3368 
f 3586//3586 3585//3585 3378//3378 
f 3588//3588 3586//3586 3587//3587 
f 3586//3586 3379//3379 3587//3587 
f 3586//3586 3378//3378 3379//3379 
f 3380//3380 3589//3589 3379//3379 
f 3379//3379 3589//3589 3587//3587 
f 3381//3381 3590//3590 3380//3380 
f 3380//3380 3590//3590 3589//3589 
f 3383//3383 3590//3590 3381//3381 
f 3591//3591 3384//3384 3385//3385 
f 3386//3386 3592//3592 3385//3385 
f 3385//3385 3592//3592 3591//3591 
f 3593//3593 3592//3592 3386//3386 
f 3593//3593 3386//3386 3370//3370 
f 3594//3594 3593//3593 3370//3370 
f 3579//3579 3594//3594 3370//3370 
f 3594//3594 3579//3579 3580//3580 
f 3582//3582 3581//3581 3595//3595 
f 3582//3582 3595//3595 3596//3596 
f 3388//3388 3595//3595 3372//3372 
f 3372//3372 3595//3595 3581//3581 
f 3583//3583 3597//3597 3374//3374 
f 3374//3374 3597//3597 3389//3389 
f 3597//3597 3599//3599 3598//3598 
f 3390//3390 3597//3597 3598//3598 
f 3389//3389 3597//3597 3390//3390 
f 3600//3600 3391//3391 3390//3390 
f 3600//3600 3390//3390 3598//3598 
f 3391//3391 3600//3600 3601//3601 
f 3602//3602 3391//3391 3601//3601 
f 3392//3392 3391//3391 3602//3602 
f 3604//3604 3603//3603 3394//3394 
f 3392//3392 3604//3604 3394//3394 
f 3602//3602 3604//3604 3392//3392 
f 3606//3606 3605//3605 3603//3603 
f 3606//3606 3603//3603 3604//3604 
f 3607//3607 3605//3605 3606//3606 
f 3608//3608 3588//3588 3587//3587 
f 3608//3608 3587//3587 3589//3589 
f 3608//3608 3589//3589 3609//3609 
f 3609//3609 3589//3589 3590//3590 
f 3609//3609 3590//3590 3610//3610 
f 3610//3610 3590//3590 3383//3383 
f 3395//3395 3610//3610 3383//3383 
f 3611//3611 3610//3610 3395//3395 
f 3395//3395 3384//3384 3591//3591 
f 3612//3612 3395//3395 3591//3591 
f 3611//3611 3395//3395 3612//3612 
f 3612//3612 3591//3591 3592//3592 
f 3612//3612 3592//3592 3613//3613 
f 3613//3613 3592//3592 3593//3593 
f 3596//3596 3595//3595 3614//3614 
f 3596//3596 3614//3614 3615//3615 
f 3397//3397 3614//3614 3388//3388 
f 3388//3388 3614//3614 3595//3595 
f 3599//3599 3616//3616 3598//3598 
f 3598//3598 3616//3616 3600//3600 
f 3600//3600 3616//3616 3617//3617 
f 3600//3600 3617//3617 3601//3601 
f 3603//3603 3398//3398 3394//3394 
f 3398//3398 3603//3603 3399//3399 
f 3399//3399 3603//3603 3605//3605 
f 3400//3400 3399//3399 3605//3605 
f 3607//3607 3400//3400 3605//3605 
f 3618//3618 3400//3400 3607//3607 
f 3615//3615 3614//3614 3619//3619 
f 3615//3615 3619//3619 3620//3620 
f 3402//3402 3619//3619 3397//3397 
f 3397//3397 3619//3619 3614//3614 
f 3618//3618 3403//3403 3400//3400 
f 3621//3621 3403//3403 3618//3618 
f 3620//3620 3619//3619 3622//3622 
f 3620//3620 3622//3622 3623//3623 
f 3405//3405 3622//3622 3402//3402 
f 3402//3402 3622//3622 3619//3619 
f 3621//3621 3406//3406 3403//3403 
f 3624//3624 3406//3406 3621//3621 
f 3623//3623 3622//3622 3625//3625 
f 3623//3623 3625//3625 3626//3626 
f 3408//3408 3625//3625 3405//3405 
f 3405//3405 3625//3625 3622//3622 
f 3624//3624 3410//3410 3406//3406 
f 3627//3627 3410//3410 3624//3624 
f 3626//3626 3625//3625 3628//3628 
f 3626//3626 3628//3628 3629//3629 
f 3412//3412 3628//3628 3408//3408 
f 3408//3408 3628//3628 3625//3625 
f 3630//3630 3413//3413 3414//3414 
f 3631//3631 3630//3630 3414//3414 
f 3410//3410 3631//3631 3414//3414 
f 3627//3627 3631//3631 3410//3410 
f 3629//3629 3628//3628 3632//3632 
f 3629//3629 3632//3632 3633//3633 
f 3416//3416 3632//3632 3412//3412 
f 3412//3412 3632//3632 3628//3628 
f 3635//3635 3634//3634 3630//3630 
f 3634//3634 3413//3413 3630//3630 
f 3634//3634 3417//3417 3413//3413 
f 3635//3635 3630//3630 3631//3631 
f 3633//3633 3632//3632 3636//3636 
f 3633//3633 3636//3636 3637//3637 
f 3419//3419 3636//3636 3416//3416 
f 3416//3416 3636//3636 3632//3632 
f 3634//3634 3420//3420 3417//3417 
f 3638//3638 3420//3420 3634//3634 
f 3637//3637 3636//3636 3639//3639 
f 3637//3637 3639//3639 3640//3640 
f 3422//3422 3639//3639 3419//3419 
f 3419//3419 3639//3639 3636//3636 
f 3641//3641 3423//3423 3424//3424 
f 3642//3642 3641//3641 3424//3424 
f 3420//3420 3642//3642 3424//3424 
f 3638//3638 3642//3642 3420//3420 
f 3640//3640 3639//3639 3643//3643 
f 3640//3640 3643//3643 3644//3644 
f 3426//3426 3643//3643 3422//3422 
f 3422//3422 3643//3643 3639//3639 
f 3646//3646 3645//3645 3641//3641 
f 3645//3645 3423//3423 3641//3641 
f 3645//3645 3427//3427 3423//3423 
f 3646//3646 3641//3641 3642//3642 
f 3644//3644 3643//3643 3647//3647 
f 3644//3644 3647//3647 3648//3648 
f 3429//3429 3647//3647 3426//3426 
f 3426//3426 3647//3647 3643//3643 
f 3645//3645 3430//3430 3427//3427 
f 3649//3649 3430//3430 3645//3645 
f 3648//3648 3647//3647 3650//3650 
f 3648//3648 3650//3650 3651//3651 
f 3432//3432 3650//3650 3429//3429 
f 3429//3429 3650//3650 3647//3647 
f 3649//3649 3434//3434 3430//3430 
f 3652//3652 3434//3434 3649//3649 
f 3651//3651 3650//3650 3653//3653 
f 3651//3651 3653//3653 3654//3654 
f 3435//3435 3653//3653 3432//3432 
f 3432//3432 3653//3653 3650//3650 
f 3652//3652 3437//3437 3434//3434 
f 3655//3655 3437//3437 3652//3652 
f 3654//3654 3653//3653 3439//3439 
f 3440//3440 3654//3654 3439//3439 
f 3656//3656 3654//3654 3440//3440 
f 3439//3439 3653//3653 3435//3435 
f 3655//3655 3657//3657 3437//3437 
f 3437//3437 3657//3657 3442//3442 
f 3659//3659 3658//3658 3443//3443 
f 3442//3442 3659//3659 3443//3443 
f 3657//3657 3659//3659 3442//3442 
f 3661//3661 3660//3660 3658//3658 
f 3661//3661 3658//3658 3659//3659 
f 3663//3663 3662//3662 3660//3660 
f 3663//3663 3660//3660 3661//3661 
f 3665//3665 3664//3664 3662//3662 
f 3665//3665 3662//3662 3663//3663 
f 3666//3666 3664//3664 3665//3665 
f 3669//3669 3668//3668 3667//3667 
f 3668//3668 3656//3656 3667//3667 
f 3656//3656 3445//3445 3667//3667 
f 3656//3656 3440//3440 3445//3445 
f 3658//3658 3446//3446 3443//3443 
f 3446//3446 3658//3658 3447//3447 
f 3447//3447 3658//3658 3660//3660 
f 3447//3447 3660//3660 3448//3448 
f 3448//3448 3660//3660 3662//3662 
f 3448//3448 3662//3662 3449//3449 
f 3449//3449 3662//3662 3664//3664 
f 3666//3666 3670//3670 3664//3664 
f 3670//3670 3449//3449 3664//3664 
f 3670//3670 3450//3450 3449//3449 
f 3450//3450 3671//3671 3451//3451 
f 3670//3670 3671//3671 3450//3450 
f 3451//3451 3672//3672 3452//3452 
f 3671//3671 3672//3672 3451//3451 
f 3452//3452 3673//3673 3453//3453 
f 3672//3672 3673//3673 3452//3452 
f 3453//3453 3674//3674 3454//3454 
f 3673//3673 3674//3674 3453//3453 
f 3454//3454 3675//3675 3455//3455 
f 3674//3674 3675//3675 3454//3454 
f 3455//3455 3676//3676 3457//3457 
f 3675//3675 3676//3676 3455//3455 
f 3457//3457 3677//3677 3459//3459 
f 3676//3676 3677//3677 3457//3457 
f 3460//3460 3459//3459 3677//3677 
f 3460//3460 3677//3677 3678//3678 
f 3669//3669 3667//3667 3679//3679 
f 3669//3669 3679//3679 3680//3680 
f 3461//3461 3679//3679 3445//3445 
f 3445//3445 3679//3679 3667//3667 
f 3678//3678 3462//3462 3460//3460 
f 3681//3681 3462//3462 3678//3678 
f 3684//3684 3683//3683 3682//3682 
f 3682//3682 3683//3683 3680//3680 
f 3682//3682 3680//3680 3679//3679 
f 3465//3465 3682//3682 3679//3679 
f 3464//3464 3465//3465 3679//3679 
f 3464//3464 3679//3679 3461//3461 
f 3681//3681 3466//3466 3462//3462 
f 3685//3685 3466//3466 3681//3681 
f 3684//3684 3682//3682 3468//3468 
f 3469//3469 3684//3684 3468//3468 
f 3686//3686 3684//3684 3469//3469 
f 3468//3468 3682//3682 3465//3465 
f 3685//3685 3470//3470 3466//3466 
f 3687//3687 3470//3470 3685//3685 
f 3690//3690 3689//3689 3688//3688 
f 3689//3689 3686//3686 3688//3688 
f 3686//3686 3471//3471 3688//3688 
f 3686//3686 3469//3469 3471//3471 
f 3691//3691 3472//3472 3473//3473 
f 3692//3692 3691//3691 3473//3473 
f 3470//3470 3692//3692 3473//3473 
f 3687//3687 3692//3692 3470//3470 
f 3695//3695 3694//3694 3693//3693 
f 3693//3693 3694//3694 3690//3690 
f 3693//3693 3690//3690 3688//3688 
f 3476//3476 3693//3693 3688//3688 
f 3475//3475 3476//3476 3688//3688 
f 3475//3475 3688//3688 3471//3471 
f 3696//3696 3477//3477 3691//3691 
f 3691//3691 3477//3477 3472//3472 
f 3691//3691 3692//3692 3697//3697 
f 3691//3691 3697//3697 3696//3696 
f 3700//3700 3699//3699 3698//3698 
f 3698//3698 3699//3699 3695//3695 
f 3698//3698 3695//3695 3693//3693 
f 3480//3480 3698//3698 3693//3693 
f 3479//3479 3480//3480 3693//3693 
f 3479//3479 3693//3693 3476//3476 
f 3702//3702 3701//3701 3696//3696 
f 3701//3701 3477//3477 3696//3696 
f 3701//3701 3482//3482 3477//3477 
f 3702//3702 3696//3696 3697//3697 
f 3705//3705 3704//3704 3703//3703 
f 3703//3703 3704//3704 3700//3700 
f 3703//3703 3700//3700 3698//3698 
f 3485//3485 3703//3703 3698//3698 
f 3484//3484 3485//3485 3698//3698 
f 3484//3484 3698//3698 3480//3480 
f 3707//3707 3706//3706 3487//3487 
f 3487//3487 3706//3706 3486//3486 
f 3487//3487 3482//3482 3701//3701 
f 3487//3487 3701//3701 3707//3707 
f 3710//3710 3709//3709 3708//3708 
f 3708//3708 3709//3709 3705//3705 
f 3708//3708 3705//3705 3703//3703 
f 3490//3490 3708//3708 3703//3703 
f 3489//3489 3490//3490 3703//3703 
f 3489//3489 3703//3703 3485//3485 
f 3711//3711 3491//3491 3492//3492 
f 3712//3712 3711//3711 3492//3492 
f 3486//3486 3712//3712 3492//3492 
f 3706//3706 3712//3712 3486//3486 
f 3715//3715 3714//3714 3713//3713 
f 3713//3713 3714//3714 3710//3710 
f 3713//3713 3710//3710 3708//3708 
f 3495//3495 3713//3713 3708//3708 
f 3494//3494 3495//3495 3708//3708 
f 3494//3494 3708//3708 3490//3490 
f 3717//3717 3716//3716 3711//3711 
f 3716//3716 3491//3491 3711//3711 
f 3716//3716 3496//3496 3491//3491 
f 3717//3717 3711//3711 3712//3712 
f 3720//3720 3719//3719 3718//3718 
f 3718//3718 3719//3719 3715//3715 
f 3718//3718 3715//3715 3713//3713 
f 3499//3499 3718//3718 3713//3713 
f 3498//3498 3499//3499 3713//3713 
f 3498//3498 3713//3713 3495//3495 
f 3721//3721 3500//3500 3501//3501 
f 3722//3722 3721//3721 3501//3501 
f 3496//3496 3722//3722 3501//3501 
f 3716//3716 3722//3722 3496//3496 
f 3725//3725 3724//3724 3723//3723 
f 3727//3727 3726//3726 3723//3723 
f 3727//3727 3723//3723 3724//3724 
f 3726//3726 3727//3727 3720//3720 
f 3726//3726 3720//3720 3718//3718 
f 3503//3503 3726//3726 3718//3718 
f 3502//3502 3503//3503 3718//3718 
f 3502//3502 3718//3718 3499//3499 
f 3729//3729 3728//3728 3721//3721 
f 3728//3728 3500//3500 3721//3721 
f 3728//3728 3504//3504 3500//3500 
f 3729//3729 3721//3721 3722//3722 
f 3732//3732 3731//3731 3730//3730 
f 3734//3734 3733//3733 3730//3730 
f 3734//3734 3730//3730 3731//3731 
f 3733//3733 3734//3734 3725//3725 
f 3733//3733 3725//3725 3723//3723 
f 3507//3507 3733//3733 3723//3723 
f 3506//3506 3507//3507 3723//3723 
f 3506//3506 3723//3723 3508//3508 
f 3508//3508 3723//3723 3726//3726 
f 3508//3508 3726//3726 3503//3503 
f 3509//3509 3504//3504 3735//3735 
f 3504//3504 3736//3736 3735//3735 
f 3504//3504 3728//3728 3736//3736 
f 3735//3735 3510//3510 3509//3509 
f 3739//3739 3738//3738 3737//3737 
f 3512//3512 3513//3513 3737//3737 
f 3738//3738 3512//3512 3737//3737 
f 3740//3740 3512//3512 3738//3738 
f 3730//3730 3514//3514 3732//3732 
f 3514//3514 3740//3740 3732//3732 
f 3514//3514 3512//3512 3740//3740 
f 3514//3514 3730//3730 3515//3515 
f 3515//3515 3730//3730 3733//3733 
f 3515//3515 3733//3733 3507//3507 
f 3736//3736 3741//3741 3735//3735 
f 3735//3735 3741//3741 3510//3510 
f 3741//3741 3516//3516 3510//3510 
f 3741//3741 3742//3742 3516//3516 
f 3516//3516 3743//3743 3517//3517 
f 3742//3742 3743//3743 3516//3516 
f 3517//3517 3744//3744 3518//3518 
f 3743//3743 3744//3744 3517//3517 
f 3518//3518 3745//3745 3519//3519 
f 3744//3744 3745//3745 3518//3518 
f 3519//3519 3746//3746 3520//3520 
f 3745//3745 3746//3746 3519//3519 
f 3737//3737 3521//3521 3739//3739 
f 3521//3521 3746//3746 3739//3739 
f 3521//3521 3520//3520 3746//3746 
f 3521//3521 3737//3737 3513//3513 
f 3747//3747 3530//3530 3531//3531 
f 3532//3532 3747//3747 3531//3531 
f 3748//3748 3535//3535 3536//3536 
f 3748//3748 3536//3536 3749//3749 
f 3536//3536 3750//3750 3749//3749 
f 3536//3536 3537//3537 3750//3750 
f 3751//3751 3537//3537 3538//3538 
f 3751//3751 3750//3750 3537//3537 
f 3753//3753 3752//3752 3539//3539 
f 3752//3752 3538//3538 3539//3539 
f 3752//3752 3751//3751 3538//3538 
f 3753//3753 3754//3754 3752//3752 
f 3755//3755 3541//3541 3542//3542 
f 3530//3530 3747//3747 3542//3542 
f 3747//3747 3755//3755 3542//3542 
f 3747//3747 3756//3756 3755//3755 
f 3543//3543 3757//3757 3532//3532 
f 3757//3757 3747//3747 3532//3532 
f 3757//3757 3756//3756 3747//3747 
f 3544//3544 3757//3757 3543//3543 
f 3758//3758 3546//3546 3547//3547 
f 3758//3758 3547//3547 3759//3759 
f 3547//3547 3760//3760 3759//3759 
f 3547//3547 3548//3548 3760//3760 
f 3762//3762 3760//3760 3761//3761 
f 3760//3760 3549//3549 3761//3761 
f 3760//3760 3548//3548 3549//3549 
f 3550//3550 3761//3761 3549//3549 
f 3764//3764 3763//3763 3748//3748 
f 3763//3763 3535//3535 3748//3748 
f 3763//3763 3553//3553 3535//3535 
f 3764//3764 3748//3748 3749//3749 
f 3554//3554 3753//3753 3539//3539 
f 3765//3765 3754//3754 3753//3753 
f 3554//3554 3765//3765 3753//3753 
f 3555//3555 3765//3765 3554//3554 
f 3766//3766 3555//3555 3556//3556 
f 3766//3766 3765//3765 3555//3555 
f 3767//3767 3556//3556 3557//3557 
f 3767//3767 3766//3766 3556//3556 
f 3769//3769 3767//3767 3768//3768 
f 3767//3767 3558//3558 3768//3768 
f 3767//3767 3557//3557 3558//3558 
f 3559//3559 3768//3768 3558//3558 
f 3770//3770 3561//3561 3562//3562 
f 3771//3771 3770//3770 3562//3562 
f 3771//3771 3562//3562 3541//3541 
f 3772//3772 3771//3771 3541//3541 
f 3755//3755 3772//3772 3541//3541 
f 3772//3772 3755//3755 3756//3756 
f 3772//3772 3756//3756 3773//3773 
f 3775//3775 3774//3774 3773//3773 
f 3756//3756 3775//3775 3773//3773 
f 3757//3757 3775//3775 3756//3756 
f 3563//3563 3776//3776 3544//3544 
f 3776//3776 3757//3757 3544//3544 
f 3776//3776 3775//3775 3757//3757 
f 3564//3564 3776//3776 3563//3563 
f 3778//3778 3777//3777 3758//3758 
f 3777//3777 3546//3546 3758//3758 
f 3777//3777 3565//3565 3546//3546 
f 3778//3778 3758//3758 3759//3759 
f 3779//3779 3762//3762 3761//3761 
f 3781//3781 3779//3779 3780//3780 
f 3780//3780 3779//3779 3566//3566 
f 3779//3779 3761//3761 3566//3566 
f 3761//3761 3550//3550 3566//3566 
f 3568//3568 3780//3780 3566//3566 
f 3782//3782 3569//3569 3570//3570 
f 3571//3571 3783//3783 3570//3570 
f 3570//3570 3783//3783 3782//3782 
f 3572//3572 3784//3784 3571//3571 
f 3571//3571 3784//3784 3783//3783 
f 3785//3785 3784//3784 3572//3572 
f 3553//3553 3785//3785 3572//3572 
f 3763//3763 3785//3785 3553//3553 
f 3786//3786 3769//3769 3768//3768 
f 3786//3786 3768//3768 3559//3559 
f 3573//3573 3786//3786 3559//3559 
f 3787//3787 3786//3786 3573//3573 
f 3789//3789 3787//3787 3788//3788 
f 3787//3787 3574//3574 3788//3788 
f 3787//3787 3573//3573 3574//3574 
f 3575//3575 3790//3790 3574//3574 
f 3574//3574 3790//3790 3788//3788 
f 3576//3576 3791//3791 3575//3575 
f 3575//3575 3791//3791 3790//3790 
f 3578//3578 3791//3791 3576//3576 
f 3792//3792 3580//3580 3770//3770 
f 3770//3770 3580//3580 3561//3561 
f 3770//3770 3771//3771 3793//3793 
f 3770//3770 3793//3793 3792//3792 
f 3794//3794 3774//3774 3775//3775 
f 3796//3796 3795//3795 3794//3794 
f 3775//3775 3796//3796 3794//3794 
f 3776//3776 3796//3796 3775//3775 
f 3582//3582 3796//3796 3564//3564 
f 3564//3564 3796//3796 3776//3776 
f 3777//3777 3583//3583 3565//3565 
f 3797//3797 3583//3583 3777//3777 
f 3781//3781 3780//3780 3798//3798 
f 3781//3781 3798//3798 3799//3799 
f 3584//3584 3800//3800 3568//3568 
f 3800//3800 3780//3780 3568//3568 
f 3800//3800 3798//3798 3780//3780 
f 3569//3569 3782//3782 3584//3584 
f 3782//3782 3800//3800 3584//3584 
f 3782//3782 3801//3801 3800//3800 
f 3802//3802 3782//3782 3783//3783 
f 3801//3801 3782//3782 3802//3802 
f 3784//3784 3804//3804 3803//3803 
f 3802//3802 3784//3784 3803//3803 
f 3783//3783 3784//3784 3802//3802 
f 3804//3804 3784//3784 3785//3785 
f 3805//3805 3789//3789 3788//3788 
f 3805//3805 3788//3788 3790//3790 
f 3805//3805 3790//3790 3806//3806 
f 3808//3808 3807//3807 3806//3806 
f 3790//3790 3808//3808 3806//3806 
f 3791//3791 3808//3808 3790//3790 
f 3585//3585 3809//3809 3578//3578 
f 3809//3809 3791//3791 3578//3578 
f 3809//3809 3808//3808 3791//3791 
f 3586//3586 3810//3810 3585//3585 
f 3585//3585 3810//3810 3809//3809 
f 3588//3588 3810//3810 3586//3586 
f 3811//3811 3593//3593 3594//3594 
f 3812//3812 3811//3811 3594//3594 
f 3812//3812 3594//3594 3580//3580 
f 3813//3813 3812//3812 3580//3580 
f 3792//3792 3813//3813 3580//3580 
f 3813//3813 3792//3792 3793//3793 
f 3795//3795 3796//3796 3814//3814 
f 3795//3795 3814//3814 3815//3815 
f 3596//3596 3814//3814 3582//3582 
f 3582//3582 3814//3814 3796//3796 
f 3797//3797 3816//3816 3583//3583 
f 3583//3583 3816//3816 3597//3597 
f 3818//3818 3817//3817 3599//3599 
f 3597//3597 3818//3818 3599//3599 
f 3816//3816 3818//3818 3597//3597 
f 3820//3820 3819//3819 3817//3817 
f 3820//3820 3817//3817 3818//3818 
f 3819//3819 3820//3820 3799//3799 
f 3819//3819 3799//3799 3798//3798 
f 3601//3601 3819//3819 3798//3798 
f 3602//3602 3601//3601 3798//3798 
f 3602//3602 3798//3798 3604//3604 
f 3604//3604 3798//3798 3800//3800 
f 3604//3604 3800//3800 3606//3606 
f 3606//3606 3800//3800 3801//3801 
f 3606//3606 3801//3801 3607//3607 
f 3801//3801 3821//3821 3607//3607 
f 3801//3801 3802//3802 3821//3821 
f 3802//3802 3803//3803 3822//3822 
f 3802//3802 3822//3822 3821//3821 
f 3823//3823 3807//3807 3808//3808 
f 3825//3825 3824//3824 3823//3823 
f 3808//3808 3825//3825 3823//3823 
f 3809//3809 3825//3825 3808//3808 
f 3826//3826 3809//3809 3810//3810 
f 3825//3825 3809//3809 3826//3826 
f 3608//3608 3827//3827 3588//3588 
f 3827//3827 3810//3810 3588//3588 
f 3827//3827 3826//3826 3810//3810 
f 3609//3609 3828//3828 3608//3608 
f 3608//3608 3828//3828 3827//3827 
f 3610//3610 3829//3829 3609//3609 
f 3609//3609 3829//3829 3828//3828 
f 3611//3611 3830//3830 3610//3610 
f 3610//3610 3830//3830 3829//3829 
f 3612//3612 3831//3831 3611//3611 
f 3611//3611 3831//3831 3830//3830 
f 3613//3613 3832//3832 3612//3612 
f 3612//3612 3832//3832 3831//3831 
f 3833//3833 3832//3832 3613//3613 
f 3833//3833 3613//3613 3593//3593 
f 3834//3834 3833//3833 3593//3593 
f 3811//3811 3834//3834 3593//3593 
f 3834//3834 3811//3811 3812//3812 
f 3815//3815 3814//3814 3835//3835 
f 3815//3815 3835//3835 3836//3836 
f 3615//3615 3835//3835 3596//3596 
f 3596//3596 3835//3835 3814//3814 
f 3817//3817 3616//3616 3599//3599 
f 3616//3616 3817//3817 3617//3617 
f 3617//3617 3817//3817 3819//3819 
f 3617//3617 3819//3819 3601//3601 
f 3837//3837 3618//3618 3821//3821 
f 3821//3821 3618//3618 3607//3607 
f 3821//3821 3822//3822 3838//3838 
f 3821//3821 3838//3838 3837//3837 
f 3839//3839 3824//3824 3825//3825 
f 3839//3839 3825//3825 3826//3826 
f 3839//3839 3826//3826 3840//3840 
f 3842//3842 3841//3841 3840//3840 
f 3826//3826 3842//3842 3840//3840 
f 3827//3827 3842//3842 3826//3826 
f 3843//3843 3827//3827 3828//3828 
f 3842//3842 3827//3827 3843//3843 
f 3829//3829 3845//3845 3844//3844 
f 3843//3843 3829//3829 3844//3844 
f 3828//3828 3829//3829 3843//3843 
f 3845//3845 3829//3829 3830//3830 
f 3845//3845 3830//3830 3846//3846 
f 3846//3846 3830//3830 3831//3831 
f 3846//3846 3831//3831 3847//3847 
f 3847//3847 3831//3831 3832//3832 
f 3847//3847 3832//3832 3848//3848 
f 3848//3848 3832//3832 3833//3833 
f 3836//3836 3835//3835 3849//3849 
f 3836//3836 3849//3849 3850//3850 
f 3620//3620 3849//3849 3615//3615 
f 3615//3615 3849//3849 3835//3835 
f 3851//3851 3621//3621 3837//3837 
f 3837//3837 3621//3621 3618//3618 
f 3837//3837 3838//3838 3852//3852 
f 3837//3837 3852//3852 3851//3851 
f 3853//3853 3841//3841 3842//3842 
f 3853//3853 3842//3842 3843//3843 
f 3853//3853 3843//3843 3854//3854 
f 3854//3854 3843//3843 3844//3844 
f 3850//3850 3849//3849 3855//3855 
f 3850//3850 3855//3855 3856//3856 
f 3623//3623 3855//3855 3620//3620 
f 3620//3620 3855//3855 3849//3849 
f 3858//3858 3857//3857 3851//3851 
f 3857//3857 3621//3621 3851//3851 
f 3857//3857 3624//3624 3621//3621 
f 3858//3858 3851//3851 3852//3852 
f 3856//3856 3855//3855 3859//3859 
f 3856//3856 3859//3859 3860//3860 
f 3626//3626 3859//3859 3623//3623 
f 3623//3623 3859//3859 3855//3855 
f 3857//3857 3627//3627 3624//3624 
f 3861//3861 3627//3627 3857//3857 
f 3860//3860 3859//3859 3862//3862 
f 3860//3860 3862//3862 3863//3863 
f 3629//3629 3862//3862 3626//3626 
f 3626//3626 3862//3862 3859//3859 
f 3861//3861 3631//3631 3627//3627 
f 3864//3864 3631//3631 3861//3861 
f 3863//3863 3862//3862 3865//3865 
f 3863//3863 3865//3865 3866//3866 
f 3633//3633 3865//3865 3629//3629 
f 3629//3629 3865//3865 3862//3862 
f 3867//3867 3634//3634 3635//3635 
f 3868//3868 3867//3867 3635//3635 
f 3631//3631 3868//3868 3635//3635 
f 3864//3864 3868//3868 3631//3631 
f 3866//3866 3865//3865 3869//3869 
f 3866//3866 3869//3869 3870//3870 
f 3637//3637 3869//3869 3633//3633 
f 3633//3633 3869//3869 3865//3865 
f 3872//3872 3871//3871 3867//3867 
f 3871//3871 3634//3634 3867//3867 
f 3871//3871 3638//3638 3634//3634 
f 3872//3872 3867//3867 3868//3868 
f 3870//3870 3869//3869 3873//3873 
f 3870//3870 3873//3873 3874//3874 
f 3640//3640 3873//3873 3637//3637 
f 3637//3637 3873//3873 3869//3869 
f 3871//3871 3642//3642 3638//3638 
f 3875//3875 3642//3642 3871//3871 
f 3874//3874 3873//3873 3876//3876 
f 3874//3874 3876//3876 3877//3877 
f 3644//3644 3876//3876 3640//3640 
f 3640//3640 3876//3876 3873//3873 
f 3878//3878 3645//3645 3646//3646 
f 3879//3879 3878//3878 3646//3646 
f 3642//3642 3879//3879 3646//3646 
f 3875//3875 3879//3879 3642//3642 
f 3877//3877 3876//3876 3880//3880 
f 3877//3877 3880//3880 3881//3881 
f 3648//3648 3880//3880 3644//3644 
f 3644//3644 3880//3880 3876//3876 
f 3882//3882 3649//3649 3878//3878 
f 3878//3878 3649//3649 3645//3645 
f 3878//3878 3879//3879 3883//3883 
f 3878//3878 3883//3883 3882//3882 
f 3881//3881 3880//3880 3884//3884 
f 3881//3881 3884//3884 3885//3885 
f 3651//3651 3884//3884 3648//3648 
f 3648//3648 3884//3884 3880//3880 
f 3887//3887 3886//3886 3882//3882 
f 3886//3886 3649//3649 3882//3882 
f 3886//3886 3652//3652 3649//3649 
f 3887//3887 3882//3882 3883//3883 
f 3885//3885 3884//3884 3888//3888 
f 3885//3885 3888//3888 3889//3889 
f 3654//3654 3888//3888 3651//3651 
f 3651//3651 3888//3888 3884//3884 
f 3891//3891 3655//3655 3890//3890 
f 3655//3655 3886//3886 3890//3890 
f 3655//3655 3652//3652 3886//3886 
f 3892//3892 3891//3891 3890//3890 
f 3889//3889 3888//3888 3893//3893 
f 3889//3889 3893//3893 3894//3894 
f 3656//3656 3893//3893 3654//3654 
f 3654//3654 3893//3893 3888//3888 
f 3891//3891 3657//3657 3655//3655 
f 3892//3892 3895//3895 3891//3891 
f 3895//3895 3657//3657 3891//3891 
f 3895//3895 3659//3659 3657//3657 
f 3659//3659 3896//3896 3661//3661 
f 3895//3895 3896//3896 3659//3659 
f 3661//3661 3897//3897 3663//3663 
f 3896//3896 3897//3897 3661//3661 
f 3663//3663 3898//3898 3665//3665 
f 3897//3897 3898//3898 3663//3663 
f 3900//3900 3899//3899 3666//3666 
f 3665//3665 3900//3900 3666//3666 
f 3898//3898 3900//3900 3665//3665 
f 3902//3902 3901//3901 3899//3899 
f 3902//3902 3899//3899 3900//3900 
f 3904//3904 3903//3903 3901//3901 
f 3904//3904 3901//3901 3902//3902 
f 3906//3906 3905//3905 3903//3903 
f 3906//3906 3903//3903 3904//3904 
f 3908//3908 3907//3907 3905//3905 
f 3908//3908 3905//3905 3906//3906 
f 3910//3910 3909//3909 3907//3907 
f 3910//3910 3907//3907 3908//3908 
f 3911//3911 3909//3909 3910//3910 
f 3914//3914 3913//3913 3912//3912 
f 3912//3912 3913//3913 3894//3894 
f 3912//3912 3894//3894 3893//3893 
f 3669//3669 3912//3912 3893//3893 
f 3668//3668 3669//3669 3893//3893 
f 3668//3668 3893//3893 3656//3656 
f 3899//3899 3670//3670 3666//3666 
f 3670//3670 3899//3899 3671//3671 
f 3671//3671 3899//3899 3901//3901 
f 3671//3671 3901//3901 3672//3672 
f 3672//3672 3901//3901 3903//3903 
f 3672//3672 3903//3903 3673//3673 
f 3673//3673 3903//3903 3905//3905 
f 3673//3673 3905//3905 3674//3674 
f 3674//3674 3905//3905 3907//3907 
f 3674//3674 3907//3907 3675//3675 
f 3675//3675 3907//3907 3909//3909 
f 3911//3911 3915//3915 3909//3909 
f 3915//3915 3675//3675 3909//3909 
f 3915//3915 3676//3676 3675//3675 
f 3676//3676 3916//3916 3677//3677 
f 3915//3915 3916//3916 3676//3676 
f 3918//3918 3917//3917 3678//3678 
f 3677//3677 3918//3918 3678//3678 
f 3916//3916 3918//3918 3677//3677 
f 3919//3919 3917//3917 3918//3918 
f 3914//3914 3912//3912 3920//3920 
f 3914//3914 3920//3920 3921//3921 
f 3680//3680 3920//3920 3669//3669 
f 3669//3669 3920//3920 3912//3912 
f 3922//3922 3681//3681 3917//3917 
f 3917//3917 3681//3681 3678//3678 
f 3917//3917 3919//3919 3923//3923 
f 3917//3917 3923//3923 3922//3922 
f 3926//3926 3925//3925 3924//3924 
f 3924//3924 3925//3925 3921//3921 
f 3924//3924 3921//3921 3920//3920 
f 3684//3684 3924//3924 3920//3920 
f 3683//3683 3684//3684 3920//3920 
f 3683//3683 3920//3920 3680//3680 
f 3927//3927 3685//3685 3922//3922 
f 3922//3922 3685//3685 3681//3681 
f 3922//3922 3923//3923 3928//3928 
f 3922//3922 3928//3928 3927//3927 
f 3926//3926 3924//3924 3929//3929 
f 3926//3926 3929//3929 3930//3930 
f 3686//3686 3929//3929 3684//3684 
f 3684//3684 3929//3929 3924//3924 
f 3931//3931 3687//3687 3927//3927 
f 3927//3927 3687//3687 3685//3685 
f 3927//3927 3928//3928 3932//3932 
f 3927//3927 3932//3932 3931//3931 
f 3935//3935 3934//3934 3933//3933 
f 3933//3933 3934//3934 3930//3930 
f 3933//3933 3930//3930 3929//3929 
f 3690//3690 3933//3933 3929//3929 
f 3689//3689 3690//3690 3929//3929 
f 3689//3689 3929//3929 3686//3686 
f 3937//3937 3936//3936 3931//3931 
f 3936//3936 3687//3687 3931//3931 
f 3936//3936 3692//3692 3687//3687 
f 3937//3937 3931//3931 3932//3932 
f 3940//3940 3939//3939 3938//3938 
f 3938//3938 3939//3939 3935//3935 
f 3938//3938 3935//3935 3933//3933 
f 3695//3695 3938//3938 3933//3933 
f 3694//3694 3695//3695 3933//3933 
f 3694//3694 3933//3933 3690//3690 
f 3936//3936 3697//3697 3692//3692 
f 3941//3941 3697//3697 3936//3936 
f 3944//3944 3943//3943 3942//3942 
f 3942//3942 3943//3943 3940//3940 
f 3942//3942 3940//3940 3938//3938 
f 3700//3700 3942//3942 3938//3938 
f 3699//3699 3700//3700 3938//3938 
f 3699//3699 3938//3938 3695//3695 
f 3946//3946 3945//3945 3702//3702 
f 3702//3702 3945//3945 3701//3701 
f 3702//3702 3697//3697 3941//3941 
f 3702//3702 3941//3941 3946//3946 
f 3949//3949 3948//3948 3947//3947 
f 3947//3947 3948//3948 3944//3944 
f 3947//3947 3944//3944 3942//3942 
f 3705//3705 3947//3947 3942//3942 
f 3704//3704 3705//3705 3942//3942 
f 3704//3704 3942//3942 3700//3700 
f 3950//3950 3706//3706 3707//3707 
f 3951//3951 3950//3950 3707//3707 
f 3701//3701 3951//3951 3707//3707 
f 3945//3945 3951//3951 3701//3701 
f 3954//3954 3953//3953 3952//3952 
f 3952//3952 3953//3953 3949//3949 
f 3952//3952 3949//3949 3947//3947 
f 3710//3710 3952//3952 3947//3947 
f 3709//3709 3710//3710 3947//3947 
f 3709//3709 3947//3947 3705//3705 
f 3956//3956 3955//3955 3950//3950 
f 3955//3955 3706//3706 3950//3950 
f 3955//3955 3712//3712 3706//3706 
f 3956//3956 3950//3950 3951//3951 
f 3959//3959 3958//3958 3957//3957 
f 3957//3957 3958//3958 3954//3954 
f 3957//3957 3954//3954 3952//3952 
f 3715//3715 3957//3957 3952//3952 
f 3714//3714 3715//3715 3952//3952 
f 3714//3714 3952//3952 3710//3710 
f 3961//3961 3960//3960 3717//3717 
f 3717//3717 3960//3960 3716//3716 
f 3717//3717 3712//3712 3955//3955 
f 3717//3717 3955//3955 3961//3961 
f 3964//3964 3963//3963 3962//3962 
f 3962//3962 3963//3963 3959//3959 
f 3962//3962 3959//3959 3957//3957 
f 3720//3720 3962//3962 3957//3957 
f 3719//3719 3720//3720 3957//3957 
f 3719//3719 3957//3957 3715//3715 
f 3960//3960 3722//3722 3716//3716 
f 3965//3965 3722//3722 3960//3960 
f 3968//3968 3967//3967 3966//3966 
f 3724//3724 3725//3725 3966//3966 
f 3967//3967 3724//3724 3966//3966 
f 3969//3969 3724//3724 3967//3967 
f 3962//3962 3727//3727 3964//3964 
f 3727//3727 3969//3969 3964//3964 
f 3727//3727 3724//3724 3969//3969 
f 3727//3727 3962//3962 3720//3720 
f 3971//3971 3970//3970 3729//3729 
f 3729//3729 3970//3970 3728//3728 
f 3729//3729 3722//3722 3965//3965 
f 3729//3729 3965//3965 3971//3971 
f 3974//3974 3973//3973 3972//3972 
f 3731//3731 3732//3732 3972//3972 
f 3973//3973 3731//3731 3972//3972 
f 3975//3975 3731//3731 3973//3973 
f 3966//3966 3734//3734 3968//3968 
f 3734//3734 3975//3975 3968//3968 
f 3734//3734 3731//3731 3975//3975 
f 3734//3734 3966//3966 3725//3725 
f 3970//3970 3736//3736 3728//3728 
f 3976//3976 3736//3736 3970//3970 
f 3979//3979 3978//3978 3977//3977 
f 3738//3738 3739//3739 3977//3977 
f 3978//3978 3738//3738 3977//3977 
f 3980//3980 3738//3738 3978//3978 
f 3972//3972 3740//3740 3974//3974 
f 3740//3740 3980//3980 3974//3974 
f 3740//3740 3738//3738 3980//3980 
f 3740//3740 3972//3972 3732//3732 
f 3976//3976 3981//3981 3736//3736 
f 3736//3736 3981//3981 3741//3741 
f 3741//3741 3982//3982 3742//3742 
f 3981//3981 3982//3982 3741//3741 
f 3742//3742 3983//3983 3743//3743 
f 3982//3982 3983//3983 3742//3742 
f 3743//3743 3984//3984 3744//3744 
f 3983//3983 3984//3984 3743//3743 
f 3744//3744 3985//3985 3745//3745 
f 3984//3984 3985//3985 3744//3744 
f 3977//3977 3746//3746 3979//3979 
f 3746//3746 3985//3985 3979//3979 
f 3746//3746 3745//3745 3985//3985 
f 3746//3746 3977//3977 3739//3739 
f 3987//3987 3986//3986 3750//3750 
f 3750//3750 3986//3986 3749//3749 
f 3988//3988 3750//3750 3751//3751 
f 3988//3988 3987//3987 3750//3750 
f 3989//3989 3751//3751 3752//3752 
f 3989//3989 3988//3988 3751//3751 
f 3752//3752 3754//3754 3989//3989 
f 3989//3989 3754//3754 3990//3990 
f 3991//3991 3759//3759 3760//3760 
f 3762//3762 3991//3991 3760//3760 
f 3993//3993 3992//3992 3764//3764 
f 3764//3764 3992//3992 3763//3763 
f 3764//3764 3749//3749 3986//3986 
f 3764//3764 3986//3986 3993//3993 
f 3994//3994 3990//3990 3754//3754 
f 3994//3994 3754//3754 3765//3765 
f 3996//3996 3994//3994 3995//3995 
f 3994//3994 3766//3766 3995//3995 
f 3994//3994 3765//3765 3766//3766 
f 3767//3767 3997//3997 3766//3766 
f 3766//3766 3997//3997 3995//3995 
f 3769//3769 3997//3997 3767//3767 
f 3998//3998 3771//3771 3772//3772 
f 3773//3773 3999//3999 3772//3772 
f 3772//3772 3999//3999 3998//3998 
f 3774//3774 3999//3999 3773//3773 
f 4000//4000 3777//3777 3778//3778 
f 3759//3759 3991//3991 3778//3778 
f 3991//3991 4000//4000 3778//3778 
f 3991//3991 4001//4001 4000//4000 
f 3779//3779 4002//4002 3762//3762 
f 4002//4002 3991//3991 3762//3762 
f 4002//4002 4001//4001 3991//3991 
f 3781//3781 4002//4002 3779//3779 
f 3992//3992 3785//3785 3763//3763 
f 4003//4003 3785//3785 3992//3992 
f 4004//4004 3996//3996 3995//3995 
f 4004//4004 3995//3995 3997//3997 
f 4004//4004 3997//3997 4005//4005 
f 4007//4007 4005//4005 4006//4006 
f 4006//4006 4005//4005 3786//3786 
f 4005//4005 3997//3997 3786//3786 
f 3997//3997 3769//3769 3786//3786 
f 3787//3787 4008//4008 3786//3786 
f 3786//3786 4008//4008 4006//4006 
f 3789//3789 4008//4008 3787//3787 
f 4009//4009 3793//3793 3998//3998 
f 3998//3998 3793//3793 3771//3771 
f 4010//4010 3998//3998 3999//3999 
f 4009//4009 3998//3998 4010//4010 
f 3794//3794 4011//4011 3774//3774 
f 4011//4011 3999//3999 3774//3774 
f 4011//4011 4010//4010 3999//3999 
f 3795//3795 4011//4011 3794//3794 
f 4012//4012 3797//3797 4000//4000 
f 4000//4000 3797//3797 3777//3777 
f 4013//4013 4000//4000 4001//4001 
f 4012//4012 4000//4000 4013//4013 
f 4014//4014 4001//4001 4002//4002 
f 4013//4013 4001//4001 4014//4014 
f 3799//3799 4014//4014 3781//3781 
f 3781//3781 4014//4014 4002//4002 
f 4015//4015 3803//3803 3804//3804 
f 4016//4016 4015//4015 3804//3804 
f 3785//3785 4016//4016 3804//3804 
f 4003//4003 4016//4016 3785//3785 
f 4017//4017 4007//4007 4006//4006 
f 4019//4019 4018//4018 4017//4017 
f 4006//4006 4019//4019 4017//4017 
f 4008//4008 4019//4019 4006//4006 
f 3805//3805 4020//4020 3789//3789 
f 4020//4020 4008//4008 3789//3789 
f 4020//4020 4019//4019 4008//4008 
f 3806//3806 4021//4021 3805//3805 
f 3805//3805 4021//4021 4020//4020 
f 3807//3807 4021//4021 3806//3806 
f 4022//4022 3812//3812 3813//3813 
f 3793//3793 4009//4009 3813//3813 
f 4009//4009 4022//4022 3813//3813 
f 4009//4009 4023//4023 4022//4022 
f 4010//4010 4025//4025 4024//4024 
f 4023//4023 4010//4010 4024//4024 
f 4009//4009 4010//4010 4023//4023 
f 4027//4027 4026//4026 4025//4025 
f 4010//4010 4027//4027 4025//4025 
f 4011//4011 4027//4027 4010//4010 
f 3815//3815 4027//4027 3795//3795 
f 3795//3795 4027//4027 4011//4011 
f 4012//4012 3816//3816 3797//3797 
f 3816//3816 4012//4012 3818//3818 
f 3818//3818 4012//4012 4013//4013 
f 3818//3818 4013//4013 3820//3820 
f 3820//3820 4013//4013 4014//4014 
f 3820//3820 4014//4014 3799//3799 
f 4029//4029 4028//4028 4015//4015 
f 4028//4028 3803//3803 4015//4015 
f 4028//4028 3822//3822 3803//3803 
f 4029//4029 4015//4015 4016//4016 
f 4030//4030 4018//4018 4019//4019 
f 4032//4032 4031//4031 4030//4030 
f 4019//4019 4032//4032 4030//4030 
f 4020//4020 4032//4032 4019//4019 
f 4033//4033 4020//4020 4021//4021 
f 4032//4032 4020//4020 4033//4033 
f 3823//3823 4034//4034 3807//3807 
f 4034//4034 4021//4021 3807//3807 
f 4034//4034 4033//4033 4021//4021 
f 3824//3824 4034//4034 3823//3823 
f 4035//4035 3833//3833 3834//3834 
f 3812//3812 4022//4022 3834//3834 
f 4022//4022 4035//4035 3834//3834 
f 4022//4022 4036//4036 4035//4035 
f 4023//4023 4038//4038 4037//4037 
f 4036//4036 4023//4023 4037//4037 
f 4022//4022 4023//4023 4036//4036 
f 4038//4038 4023//4023 4024//4024 
f 4026//4026 4027//4027 4039//4039 
f 4026//4026 4039//4039 4040//4040 
f 3836//3836 4039//4039 3815//3815 
f 3815//3815 4039//4039 4027//4027 
f 4028//4028 3838//3838 3822//3822 
f 4041//4041 3838//3838 4028//4028 
f 4042//4042 4031//4031 4032//4032 
f 4044//4044 4043//4043 4042//4042 
f 4032//4032 4044//4044 4042//4042 
f 4033//4033 4044//4044 4032//4032 
f 4045//4045 4033//4033 4034//4034 
f 4044//4044 4033//4033 4045//4045 
f 3839//3839 4046//4046 3824//3824 
f 4046//4046 4034//4034 3824//3824 
f 4046//4046 4045//4045 4034//4034 
f 3840//3840 4047//4047 3839//3839 
f 3839//3839 4047//4047 4046//4046 
f 3841//3841 4047//4047 3840//3840 
f 4048//4048 3844//3844 3845//3845 
f 3846//3846 4049//4049 3845//3845 
f 3845//3845 4049//4049 4048//4048 
f 3847//3847 4050//4050 3846//3846 
f 3846//3846 4050//4050 4049//4049 
f 3848//3848 4051//4051 3847//3847 
f 3847//3847 4051//4051 4050//4050 
f 3833//3833 4035//4035 3848//3848 
f 4035//4035 4051//4051 3848//3848 
f 4035//4035 4052//4052 4051//4051 
f 4036//4036 4054//4054 4053//4053 
f 4052//4052 4036//4036 4053//4053 
f 4035//4035 4036//4036 4052//4052 
f 4054//4054 4036//4036 4037//4037 
f 4040//4040 4039//4039 4055//4055 
f 4040//4040 4055//4055 4056//4056 
f 3850//3850 4055//4055 3836//3836 
f 3836//3836 4055//4055 4039//4039 
f 4041//4041 3852//3852 3838//3838 
f 4057//4057 3852//3852 4041//4041 
f 4043//4043 4044//4044 4058//4058 
f 4043//4043 4058//4058 4059//4059 
f 4060//4060 4044//4044 4045//4045 
f 4058//4058 4044//4044 4060//4060 
f 4061//4061 4045//4045 4046//4046 
f 4060//4060 4045//4045 4061//4061 
f 4062//4062 4046//4046 4047//4047 
f 4061//4061 4046//4046 4062//4062 
f 3853//3853 4063//4063 3841//3841 
f 4063//4063 4047//4047 3841//3841 
f 4063//4063 4062//4062 4047//4047 
f 3854//3854 4064//4064 3853//3853 
f 3853//3853 4064//4064 4063//4063 
f 4065//4065 4064//4064 3854//3854 
f 4065//4065 3854//3854 3844//3844 
f 4066//4066 4065//4065 3844//3844 
f 4048//4048 4066//4066 3844//3844 
f 4066//4066 4048//4048 4049//4049 
f 4066//4066 4049//4049 4067//4067 
f 4067//4067 4049//4049 4050//4050 
f 4067//4067 4050//4050 4068//4068 
f 4068//4068 4050//4050 4051//4051 
f 4068//4068 4051//4051 4069//4069 
f 4069//4069 4051//4051 4052//4052 
f 4069//4069 4052//4052 4070//4070 
f 4070//4070 4052//4052 4053//4053 
f 4056//4056 4055//4055 4071//4071 
f 4056//4056 4071//4071 4072//4072 
f 3856//3856 4071//4071 3850//3850 
f 3850//3850 4071//4071 4055//4055 
f 4073//4073 3857//3857 3858//3858 
f 4074//4074 4073//4073 3858//3858 
f 3852//3852 4074//4074 3858//3858 
f 4057//4057 4074//4074 3852//3852 
f 4075//4075 4059//4059 4058//4058 
f 4077//4077 4076//4076 4075//4075 
f 4058//4058 4077//4077 4075//4075 
f 4060//4060 4077//4077 4058//4058 
f 4078//4078 4060//4060 4061//4061 
f 4077//4077 4060//4060 4078//4078 
f 4079//4079 4061//4061 4062//4062 
f 4078//4078 4061//4061 4079//4079 
f 4080//4080 4062//4062 4063//4063 
f 4079//4079 4062//4062 4080//4080 
f 4064//4064 4082//4082 4081//4081 
f 4080//4080 4064//4064 4081//4081 
f 4063//4063 4064//4064 4080//4080 
f 4082//4082 4064//4064 4065//4065 
f 4083//4083 4072//4072 4071//4071 
f 4071//4071 3856//3856 4083//4083 
f 3856//3856 4084//4084 4083//4083 
f 3856//3856 3860//3860 4084//4084 
f 4086//4086 4085//4085 4073//4073 
f 4085//4085 3857//3857 4073//4073 
f 4085//4085 3861//3861 3857//3857 
f 4086//4086 4073//4073 4074//4074 
f 4087//4087 4076//4076 4077//4077 
f 4089//4089 4088//4088 4087//4087 
f 4077//4077 4089//4089 4087//4087 
f 4078//4078 4089//4089 4077//4077 
f 4090//4090 4078//4078 4079//4079 
f 4089//4089 4078//4078 4090//4090 
f 4080//4080 4092//4092 4091//4091 
f 4090//4090 4080//4080 4091//4091 
f 4079//4079 4080//4080 4090//4090 
f 4092//4092 4080//4080 4081//4081 
f 3863//3863 4084//4084 3860//3860 
f 3863//3863 4093//4093 4084//4084 
f 4085//4085 3864//3864 3861//3861 
f 4094//4094 3864//3864 4085//4085 
f 4095//4095 4088//4088 4089//4089 
f 4095//4095 4089//4089 4090//4090 
f 4095//4095 4090//4090 4096//4096 
f 4096//4096 4090//4090 4091//4091 
f 3866//3866 4093//4093 3863//3863 
f 3866//3866 4097//4097 4093//4093 
f 4094//4094 3868//3868 3864//3864 
f 4098//4098 3868//3868 4094//4094 
f 3870//3870 4097//4097 3866//3866 
f 3870//3870 4099//4099 4097//4097 
f 4100//4100 3871//3871 3872//3872 
f 4101//4101 4100//4100 3872//3872 
f 3868//3868 4101//4101 3872//3872 
f 4098//4098 4101//4101 3868//3868 
f 4104//4104 4103//4103 4102//4102 
f 4103//4103 4099//4099 4102//4102 
f 4099//4099 3874//3874 4102//4102 
f 4099//4099 3870//3870 3874//3874 
f 4106//4106 4105//4105 4100//4100 
f 4105//4105 3871//3871 4100//4100 
f 4105//4105 3875//3875 3871//3871 
f 4106//4106 4100//4100 4101//4101 
f 4104//4104 4102//4102 4107//4107 
f 4104//4104 4107//4107 4108//4108 
f 3877//3877 4107//4107 3874//3874 
f 3874//3874 4107//4107 4102//4102 
f 4105//4105 3879//3879 3875//3875 
f 4109//4109 3879//3879 4105//4105 
f 4108//4108 4107//4107 4110//4110 
f 4108//4108 4110//4110 4111//4111 
f 3881//3881 4110//4110 3877//3877 
f 3877//3877 4110//4110 4107//4107 
f 4109//4109 3883//3883 3879//3879 
f 4112//4112 3883//3883 4109//4109 
f 4111//4111 4110//4110 4113//4113 
f 4111//4111 4113//4113 4114//4114 
f 3885//3885 4113//4113 3881//3881 
f 3881//3881 4113//4113 4110//4110 
f 4115//4115 3886//3886 3887//3887 
f 4116//4116 4115//4115 3887//3887 
f 3883//3883 4116//4116 3887//3887 
f 4112//4112 4116//4116 3883//3883 
f 4114//4114 4113//4113 4117//4117 
f 4114//4114 4117//4117 4118//4118 
f 3889//3889 4117//4117 3885//3885 
f 3885//3885 4117//4117 4113//4113 
f 4115//4115 3890//3890 3886//3886 
f 3892//3892 3890//3890 4115//4115 
f 4116//4116 3892//3892 4115//4115 
f 4119//4119 3892//3892 4116//4116 
f 4118//4118 4117//4117 4120//4120 
f 4118//4118 4120//4120 4121//4121 
f 3894//3894 4120//4120 3889//3889 
f 3889//3889 4120//4120 4117//4117 
f 4119//4119 4122//4122 3892//3892 
f 3892//3892 4122//4122 3895//3895 
f 3895//3895 4123//4123 3896//3896 
f 4122//4122 4123//4123 3895//3895 
f 3896//3896 4124//4124 3897//3897 
f 4123//4123 4124//4124 3896//3896 
f 3897//3897 4125//4125 3898//3898 
f 4124//4124 4125//4125 3897//3897 
f 3898//3898 4126//4126 3900//3900 
f 4125//4125 4126//4126 3898//3898 
f 3900//3900 4127//4127 3902//3902 
f 4126//4126 4127//4127 3900//3900 
f 3902//3902 4128//4128 3904//3904 
f 4127//4127 4128//4128 3902//3902 
f 3904//3904 4129//4129 3906//3906 
f 4128//4128 4129//4129 3904//3904 
f 3906//3906 4130//4130 3908//3908 
f 4129//4129 4130//4130 3906//3906 
f 3908//3908 4131//4131 3910//3910 
f 4130//4130 4131//4131 3908//3908 
f 4133//4133 4132//4132 3911//3911 
f 3910//3910 4133//4133 3911//3911 
f 4131//4131 4133//4133 3910//3910 
f 4135//4135 4134//4134 4132//4132 
f 4135//4135 4132//4132 4133//4133 
f 4137//4137 4136//4136 4134//4134 
f 4137//4137 4134//4134 4135//4135 
f 4138//4138 4136//4136 4137//4137 
f 4141//4141 4140//4140 4139//4139 
f 4139//4139 4140//4140 4121//4121 
f 4139//4139 4121//4121 4120//4120 
f 3914//3914 4139//4139 4120//4120 
f 3913//3913 3914//3914 4120//4120 
f 3913//3913 4120//4120 3894//3894 
f 4132//4132 3915//3915 3911//3911 
f 3915//3915 4132//4132 3916//3916 
f 3916//3916 4132//4132 4134//4134 
f 3916//3916 4134//4134 3918//3918 
f 3918//3918 4134//4134 4136//4136 
f 4143//4143 4142//4142 3919//3919 
f 4143//4143 3919//3919 3918//3918 
f 4138//4138 4143//4143 3918//3918 
f 4136//4136 4138//4138 3918//3918 
f 4145//4145 4144//4144 4142//4142 
f 4145//4145 4142//4142 4143//4143 
f 4146//4146 4144//4144 4145//4145 
f 4141//4141 4139//4139 4147//4147 
f 4141//4141 4147//4147 4148//4148 
f 3921//3921 4147//4147 3914//3914 
f 3914//3914 4147//4147 4139//4139 
f 4149//4149 3923//3923 4142//4142 
f 4142//4142 3923//3923 3919//3919 
f 4144//4144 4151//4151 4150//4150 
f 4149//4149 4144//4144 4150//4150 
f 4142//4142 4144//4144 4149//4149 
f 4151//4151 4144//4144 4146//4146 
f 4154//4154 4153//4153 4152//4152 
f 4152//4152 4153//4153 4148//4148 
f 4152//4152 4148//4148 4147//4147 
f 3926//3926 4152//4152 4147//4147 
f 3925//3925 3926//3926 4147//4147 
f 3925//3925 4147//4147 3921//3921 
f 4155//4155 3928//3928 4149//4149 
f 4149//4149 3928//3928 3923//3923 
f 4149//4149 4150//4150 4156//4156 
f 4149//4149 4156//4156 4155//4155 
f 4154//4154 4152//4152 4157//4157 
f 4154//4154 4157//4157 4158//4158 
f 3930//3930 4157//4157 3926//3926 
f 3926//3926 4157//4157 4152//4152 
f 4159//4159 3932//3932 4155//4155 
f 4155//4155 3932//3932 3928//3928 
f 4155//4155 4156//4156 4160//4160 
f 4155//4155 4160//4160 4159//4159 
f 4163//4163 4162//4162 4161//4161 
f 4161//4161 4162//4162 4158//4158 
f 4161//4161 4158//4158 4157//4157 
f 3935//3935 4161//4161 4157//4157 
f 3934//3934 3935//3935 4157//4157 
f 3934//3934 4157//4157 3930//3930 
f 4164//4164 3936//3936 3937//3937 
f 4165//4165 4164//4164 3937//3937 
f 4165//4165 3937//3937 3932//3932 
f 4166//4166 4165//4165 3932//3932 
f 4159//4159 4166//4166 3932//3932 
f 4166//4166 4159//4159 4160//4160 
f 4169//4169 4168//4168 4167//4167 
f 4167//4167 4168//4168 4163//4163 
f 4167//4167 4163//4163 4161//4161 
f 3940//3940 4167//4167 4161//4161 
f 3939//3939 3940//3940 4161//4161 
f 3939//3939 4161//4161 3935//3935 
f 4171//4171 4170//4170 4164//4164 
f 4170//4170 3936//3936 4164//4164 
f 4170//4170 3941//3941 3936//3936 
f 4171//4171 4164//4164 4165//4165 
f 4174//4174 4173//4173 4172//4172 
f 4172//4172 4173//4173 4169//4169 
f 4172//4172 4169//4169 4167//4167 
f 3944//3944 4172//4172 4167//4167 
f 3943//3943 3944//3944 4167//4167 
f 3943//3943 4167//4167 3940//3940 
f 4175//4175 3945//3945 3946//3946 
f 4176//4176 4175//4175 3946//3946 
f 3941//3941 4176//4176 3946//3946 
f 4170//4170 4176//4176 3941//3941 
f 4179//4179 4178//4178 4177//4177 
f 4177//4177 4178//4178 4174//4174 
f 4177//4177 4174//4174 4172//4172 
f 3949//3949 4177//4177 4172//4172 
f 3948//3948 3949//3949 4172//4172 
f 3948//3948 4172//4172 3944//3944 
f 4181//4181 4180//4180 4175//4175 
f 4180//4180 3945//3945 4175//4175 
f 4180//4180 3951//3951 3945//3945 
f 4181//4181 4175//4175 4176//4176 
f 4184//4184 4183//4183 4182//4182 
f 4186//4186 4185//4185 4182//4182 
f 4186//4186 4182//4182 4183//4183 
f 4185//4185 4186//4186 4179//4179 
f 4185//4185 4179//4179 4177//4177 
f 3954//3954 4185//4185 4177//4177 
f 3953//3953 3954//3954 4177//4177 
f 3953//3953 4177//4177 3949//3949 
f 4188//4188 4187//4187 3956//3956 
f 3956//3956 4187//4187 3955//3955 
f 3956//3956 3951//3951 4180//4180 
f 3956//3956 4180//4180 4188//4188 
f 4191//4191 4190//4190 4189//4189 
f 4189//4189 4190//4190 4184//4184 
f 4182//4182 4189//4189 4184//4184 
f 4192//4192 4189//4189 4182//4182 
f 3959//3959 4192//4192 3958//3958 
f 4192//4192 4185//4185 3958//3958 
f 4192//4192 4182//4182 4185//4185 
f 3958//3958 4185//4185 3954//3954 
f 4193//4193 3960//3960 3961//3961 
f 4194//4194 4193//4193 3961//3961 
f 3955//3955 4194//4194 3961//3961 
f 4187//4187 4194//4194 3955//3955 
f 4197//4197 4196//4196 4195//4195 
f 4195//4195 4196//4196 4191//4191 
f 4189//4189 4195//4195 4191//4191 
f 4198//4198 4195//4195 4189//4189 
f 3964//3964 4198//4198 3963//3963 
f 4198//4198 4192//4192 3963//3963 
f 4198//4198 4189//4189 4192//4192 
f 3963//3963 4192//4192 3959//3959 
f 4200//4200 4199//4199 4193//4193 
f 4199//4199 3960//3960 4193//4193 
f 4199//4199 3965//3965 3960//3960 
f 4200//4200 4193//4193 4194//4194 
f 4203//4203 4202//4202 4201//4201 
f 4201//4201 4202//4202 4197//4197 
f 4201//4201 4197//4197 4195//4195 
f 3968//3968 4201//4201 4195//4195 
f 3967//3967 3968//3968 4195//4195 
f 3967//3967 4195//4195 3969//3969 
f 3969//3969 4195//4195 4198//4198 
f 3969//3969 4198//4198 3964//3964 
f 4204//4204 3970//3970 3971//3971 
f 4205//4205 4204//4204 3971//3971 
f 3965//3965 4205//4205 3971//3971 
f 4199//4199 4205//4205 3965//3965 
f 4208//4208 4207//4207 4206//4206 
f 3973//3973 3974//3974 4206//4206 
f 4207//4207 3973//3973 4206//4206 
f 4209//4209 3973//3973 4207//4207 
f 4201//4201 3975//3975 4203//4203 
f 3975//3975 4209//4209 4203//4203 
f 3975//3975 3973//3973 4209//4209 
f 3975//3975 4201//4201 3968//3968 
f 4210//4210 3976//3976 4204//4204 
f 4204//4204 3976//3976 3970//3970 
f 4204//4204 4205//4205 4211//4211 
f 4212//4212 4204//4204 4211//4211 
f 4210//4210 4204//4204 4212//4212 
f 4214//4214 4213//4213 4212//4212 
f 4214//4214 4212//4212 4211//4211 
f 4216//4216 4215//4215 4213//4213 
f 4216//4216 4213//4213 4214//4214 
f 4218//4218 4217//4217 4215//4215 
f 4218//4218 4215//4215 4216//4216 
f 3978//3978 3979//3979 4217//4217 
f 4218//4218 3978//3978 4217//4217 
f 4219//4219 3978//3978 4218//4218 
f 4206//4206 3980//3980 4208//4208 
f 3980//3980 4219//4219 4208//4208 
f 3980//3980 3978//3978 4219//4219 
f 3980//3980 4206//4206 3974//3974 
f 4210//4210 3981//3981 3976//3976 
f 3981//3981 4210//4210 3982//3982 
f 3982//3982 4210//4210 4212//4212 
f 3982//3982 4212//4212 3983//3983 
f 3983//3983 4212//4212 4213//4213 
f 3983//3983 4213//4213 3984//3984 
f 3984//3984 4213//4213 4215//4215 
f 3984//3984 4215//4215 3985//3985 
f 3985//3985 4215//4215 4217//4217 
f 3985//3985 4217//4217 3979//3979 
f 4220//4220 3986//3986 3987//3987 
f 4220//4220 3987//3987 4221//4221 
f 3987//3987 4222//4222 4221//4221 
f 3987//3987 3988//3988 4222//4222 
f 4224//4224 4222//4222 4223//4223 
f 4222//4222 3989//3989 4223//4223 
f 4222//4222 3988//3988 3989//3989 
f 3990//3990 4223//4223 3989//3989 
f 4225//4225 3992//3992 3993//3993 
f 4226//4226 4225//4225 3993//3993 
f 4226//4226 3993//3993 3986//3986 
f 4227//4227 4226//4226 3986//3986 
f 4220//4220 4227//4227 3986//3986 
f 4227//4227 4220//4220 4221//4221 
f 4228//4228 4224//4224 4223//4223 
f 4230//4230 4228//4228 4229//4229 
f 4229//4229 4228//4228 3994//3994 
f 4228//4228 4223//4223 3994//3994 
f 4223//4223 3990//3990 3994//3994 
f 3996//3996 4229//4229 3994//3994 
f 4232//4232 4231//4231 4225//4225 
f 4231//4231 3992//3992 4225//4225 
f 4231//4231 4003//4003 3992//3992 
f 4232//4232 4225//4225 4226//4226 
f 4233//4233 4230//4230 4229//4229 
f 4235//4235 4233//4233 4234//4234 
f 4234//4234 4233//4233 4004//4004 
f 4233//4233 4229//4229 4004//4004 
f 4229//4229 3996//3996 4004//4004 
f 4005//4005 4236//4236 4004//4004 
f 4004//4004 4236//4236 4234//4234 
f 4007//4007 4236//4236 4005//4005 
f 4231//4231 4016//4016 4003//4003 
f 4237//4237 4016//4016 4231//4231 
f 4238//4238 4235//4235 4234//4234 
f 4240//4240 4239//4239 4238//4238 
f 4234//4234 4240//4240 4238//4238 
f 4236//4236 4240//4240 4234//4234 
f 4017//4017 4241//4241 4007//4007 
f 4241//4241 4236//4236 4007//4007 
f 4241//4241 4240//4240 4236//4236 
f 4018//4018 4241//4241 4017//4017 
f 4242//4242 4024//4024 4025//4025 
f 4026//4026 4242//4242 4025//4025 
f 4243//4243 4028//4028 4029//4029 
f 4244//4244 4243//4243 4029//4029 
f 4016//4016 4244//4244 4029//4029 
f 4237//4237 4244//4244 4016//4016 
f 4239//4239 4240//4240 4245//4245 
f 4239//4239 4245//4245 4246//4246 
f 4247//4247 4240//4240 4241//4241 
f 4245//4245 4240//4240 4247//4247 
f 4030//4030 4248//4248 4018//4018 
f 4248//4248 4241//4241 4018//4018 
f 4248//4248 4247//4247 4241//4241 
f 4031//4031 4248//4248 4030//4030 
f 4249//4249 4037//4037 4038//4038 
f 4024//4024 4242//4242 4038//4038 
f 4242//4242 4249//4249 4038//4038 
f 4242//4242 4250//4250 4249//4249 
f 4040//4040 4250//4250 4026//4026 
f 4026//4026 4250//4250 4242//4242 
f 4252//4252 4251//4251 4243//4243 
f 4251//4251 4028//4028 4243//4243 
f 4251//4251 4041//4041 4028//4028 
f 4252//4252 4243//4243 4244//4244 
f 4253//4253 4246//4246 4245//4245 
f 4255//4255 4254//4254 4253//4253 
f 4245//4245 4255//4255 4253//4253 
f 4247//4247 4255//4255 4245//4245 
f 4256//4256 4247//4247 4248//4248 
f 4255//4255 4247//4247 4256//4256 
f 4042//4042 4257//4257 4031//4031 
f 4257//4257 4248//4248 4031//4031 
f 4257//4257 4256//4256 4248//4248 
f 4043//4043 4257//4257 4042//4042 
f 4258//4258 4053//4053 4054//4054 
f 4037//4037 4249//4249 4054//4054 
f 4249//4249 4258//4258 4054//4054 
f 4249//4249 4259//4259 4258//4258 
f 4260//4260 4249//4249 4250//4250 
f 4259//4259 4249//4249 4260//4260 
f 4056//4056 4260//4260 4040//4040 
f 4040//4040 4260//4260 4250//4250 
f 4251//4251 4057//4057 4041//4041 
f 4261//4261 4057//4057 4251//4251 
f 4254//4254 4255//4255 4262//4262 
f 4254//4254 4262//4262 4263//4263 
f 4264//4264 4255//4255 4256//4256 
f 4262//4262 4255//4255 4264//4264 
f 4265//4265 4256//4256 4257//4257 
f 4264//4264 4256//4256 4265//4265 
f 4059//4059 4265//4265 4043//4043 
f 4043//4043 4265//4265 4257//4257 
f 4266//4266 4065//4065 4066//4066 
f 4067//4067 4267//4267 4066//4066 
f 4066//4066 4267//4267 4266//4266 
f 4068//4068 4268//4268 4067//4067 
f 4067//4067 4268//4268 4267//4267 
f 4069//4069 4269//4269 4068//4068 
f 4068//4068 4269//4269 4268//4268 
f 4070//4070 4270//4270 4069//4069 
f 4069//4069 4270//4270 4269//4269 
f 4271//4271 4270//4270 4070//4070 
f 4271//4271 4070//4070 4053//4053 
f 4272//4272 4271//4271 4053//4053 
f 4258//4258 4272//4272 4053//4053 
f 4272//4272 4258//4258 4259//4259 
f 4272//4272 4259//4259 4273//4273 
f 4275//4275 4274//4274 4273//4273 
f 4259//4259 4275//4275 4273//4273 
f 4260//4260 4275//4275 4259//4259 
f 4072//4072 4275//4275 4056//4056 
f 4056//4056 4275//4275 4260//4260 
f 4261//4261 4074//4074 4057//4057 
f 4276//4276 4074//4074 4261//4261 
f 4277//4277 4263//4263 4262//4262 
f 4279//4279 4278//4278 4277//4277 
f 4262//4262 4279//4279 4277//4277 
f 4264//4264 4279//4279 4262//4262 
f 4280//4280 4264//4264 4265//4265 
f 4279//4279 4264//4264 4280//4280 
f 4075//4075 4281//4281 4059//4059 
f 4281//4281 4265//4265 4059//4059 
f 4281//4281 4280//4280 4265//4265 
f 4076//4076 4281//4281 4075//4075 
f 4282//4282 4081//4081 4082//4082 
f 4283//4283 4282//4282 4082//4082 
f 4283//4283 4082//4082 4065//4065 
f 4284//4284 4283//4283 4065//4065 
f 4266//4266 4284//4284 4065//4065 
f 4284//4284 4266//4266 4267//4267 
f 4284//4284 4267//4267 4285//4285 
f 4285//4285 4267//4267 4268//4268 
f 4285//4285 4268//4268 4286//4286 
f 4286//4286 4268//4268 4269//4269 
f 4286//4286 4269//4269 4287//4287 
f 4287//4287 4269//4269 4270//4270 
f 4287//4287 4270//4270 4288//4288 
f 4288//4288 4270//4270 4271//4271 
f 4289//4289 4274//4274 4275//4275 
f 4291//4291 4289//4289 4290//4290 
f 4290//4290 4289//4289 4083//4083 
f 4289//4289 4275//4275 4083//4083 
f 4275//4275 4072//4072 4083//4083 
f 4084//4084 4290//4290 4083//4083 
f 4292//4292 4085//4085 4086//4086 
f 4293//4293 4292//4292 4086//4086 
f 4074//4074 4293//4293 4086//4086 
f 4276//4276 4293//4293 4074//4074 
f 4278//4278 4279//4279 4294//4294 
f 4278//4278 4294//4294 4295//4295 
f 4296//4296 4279//4279 4280//4280 
f 4294//4294 4279//4279 4296//4296 
f 4297//4297 4280//4280 4281//4281 
f 4296//4296 4280//4280 4297//4297 
f 4087//4087 4298//4298 4076//4076 
f 4298//4298 4281//4281 4076//4076 
f 4298//4298 4297//4297 4281//4281 
f 4088//4088 4298//4298 4087//4087 
f 4299//4299 4091//4091 4092//4092 
f 4081//4081 4282//4282 4092//4092 
f 4282//4282 4299//4299 4092//4092 
f 4282//4282 4300//4300 4299//4299 
f 4282//4282 4283//4283 4301//4301 
f 4282//4282 4301//4301 4300//4300 
f 4291//4291 4290//4290 4302//4302 
f 4291//4291 4302//4302 4303//4303 
f 4093//4093 4302//4302 4084//4084 
f 4084//4084 4302//4302 4290//4290 
f 4305//4305 4304//4304 4292//4292 
f 4304//4304 4085//4085 4292//4292 
f 4304//4304 4094//4094 4085//4085 
f 4305//4305 4292//4292 4293//4293 
f 4306//4306 4295//4295 4294//4294 
f 4308//4308 4307//4307 4306//4306 
f 4294//4294 4308//4308 4306//4306 
f 4296//4296 4308//4308 4294//4294 
f 4309//4309 4296//4296 4297//4297 
f 4308//4308 4296//4296 4309//4309 
f 4310//4310 4297//4297 4298//4298 
f 4309//4309 4297//4297 4310//4310 
f 4095//4095 4311//4311 4088//4088 
f 4311//4311 4298//4298 4088//4088 
f 4311//4311 4310//4310 4298//4298 
f 4096//4096 4312//4312 4095//4095 
f 4095//4095 4312//4312 4311//4311 
f 4091//4091 4299//4299 4096//4096 
f 4299//4299 4312//4312 4096//4096 
f 4299//4299 4313//4313 4312//4312 
f 4300//4300 4315//4315 4314//4314 
f 4313//4313 4300//4300 4314//4314 
f 4299//4299 4300//4300 4313//4313 
f 4315//4315 4300//4300 4301//4301 
f 4303//4303 4302//4302 4316//4316 
f 4303//4303 4316//4316 4317//4317 
f 4097//4097 4316//4316 4093//4093 
f 4093//4093 4316//4316 4302//4302 
f 4304//4304 4098//4098 4094//4094 
f 4318//4318 4098//4098 4304//4304 
f 4319//4319 4307//4307 4308//4308 
f 4321//4321 4320//4320 4319//4319 
f 4308//4308 4321//4321 4319//4319 
f 4309//4309 4321//4321 4308//4308 
f 4322//4322 4309//4309 4310//4310 
f 4321//4321 4309//4309 4322//4322 
f 4323//4323 4310//4310 4311//4311 
f 4322//4322 4310//4310 4323//4323 
f 4324//4324 4311//4311 4312//4312 
f 4323//4323 4311//4311 4324//4324 
f 4313//4313 4326//4326 4325//4325 
f 4324//4324 4313//4313 4325//4325 
f 4312//4312 4313//4313 4324//4324 
f 4326//4326 4313//4313 4314//4314 
f 4317//4317 4316//4316 4327//4327 
f 4317//4317 4327//4327 4328//4328 
f 4099//4099 4327//4327 4097//4097 
f 4097//4097 4327//4327 4316//4316 
f 4318//4318 4101//4101 4098//4098 
f 4329//4329 4101//4101 4318//4318 
f 4330//4330 4320//4320 4321//4321 
f 4332//4332 4331//4331 4330//4330 
f 4321//4321 4332//4332 4330//4330 
f 4322//4322 4332//4332 4321//4321 
f 4333//4333 4322//4322 4323//4323 
f 4332//4332 4322//4322 4333//4333 
f 4324//4324 4335//4335 4334//4334 
f 4333//4333 4324//4324 4334//4334 
f 4323//4323 4324//4324 4333//4333 
f 4335//4335 4324//4324 4325//4325 
f 4338//4338 4337//4337 4336//4336 
f 4336//4336 4337//4337 4328//4328 
f 4336//4336 4328//4328 4327//4327 
f 4104//4104 4336//4336 4327//4327 
f 4103//4103 4104//4104 4327//4327 
f 4103//4103 4327//4327 4099//4099 
f 4339//4339 4105//4105 4106//4106 
f 4340//4340 4339//4339 4106//4106 
f 4101//4101 4340//4340 4106//4106 
f 4329//4329 4340//4340 4101//4101 
f 4341//4341 4331//4331 4332//4332 
f 4341//4341 4332//4332 4333//4333 
f 4341//4341 4333//4333 4342//4342 
f 4342//4342 4333//4333 4334//4334 
f 4338//4338 4336//4336 4343//4343 
f 4338//4338 4343//4343 4344//4344 
f 4108//4108 4343//4343 4104//4104 
f 4104//4104 4343//4343 4336//4336 
f 4346//4346 4345//4345 4339//4339 
f 4345//4345 4105//4105 4339//4339 
f 4345//4345 4109//4109 4105//4105 
f 4346//4346 4339//4339 4340//4340 
f 4344//4344 4343//4343 4347//4347 
f 4344//4344 4347//4347 4348//4348 
f 4111//4111 4347//4347 4108//4108 
f 4108//4108 4347//4347 4343//4343 
f 4345//4345 4112//4112 4109//4109 
f 4349//4349 4112//4112 4345//4345 
f 4348//4348 4347//4347 4350//4350 
f 4348//4348 4350//4350 4351//4351 
f 4114//4114 4350//4350 4111//4111 
f 4111//4111 4350//4350 4347//4347 
f 4349//4349 4116//4116 4112//4112 
f 4352//4352 4116//4116 4349//4349 
f 4351//4351 4350//4350 4353//4353 
f 4351//4351 4353//4353 4354//4354 
f 4118//4118 4353//4353 4114//4114 
f 4114//4114 4353//4353 4350//4350 
f 4352//4352 4119//4119 4116//4116 
f 4355//4355 4119//4119 4352//4352 
f 4354//4354 4353//4353 4356//4356 
f 4354//4354 4356//4356 4357//4357 
f 4121//4121 4356//4356 4118//4118 
f 4118//4118 4356//4356 4353//4353 
f 4355//4355 4358//4358 4119//4119 
f 4119//4119 4358//4358 4122//4122 
f 4122//4122 4359//4359 4123//4123 
f 4358//4358 4359//4359 4122//4122 
f 4123//4123 4360//4360 4124//4124 
f 4359//4359 4360//4360 4123//4123 
f 4124//4124 4361//4361 4125//4125 
f 4360//4360 4361//4361 4124//4124 
f 4125//4125 4362//4362 4126//4126 
f 4361//4361 4362//4362 4125//4125 
f 4126//4126 4363//4363 4127//4127 
f 4362//4362 4363//4363 4126//4126 
f 4127//4127 4364//4364 4128//4128 
f 4363//4363 4364//4364 4127//4127 
f 4128//4128 4365//4365 4129//4129 
f 4364//4364 4365//4365 4128//4128 
f 4129//4129 4366//4366 4130//4130 
f 4365//4365 4366//4366 4129//4129 
f 4130//4130 4367//4367 4131//4131 
f 4366//4366 4367//4367 4130//4130 
f 4131//4131 4368//4368 4133//4133 
f 4367//4367 4368//4368 4131//4131 
f 4133//4133 4369//4369 4135//4135 
f 4368//4368 4369//4369 4133//4133 
f 4135//4135 4370//4370 4137//4137 
f 4369//4369 4370//4370 4135//4135 
f 4372//4372 4371//4371 4138//4138 
f 4137//4137 4372//4372 4138//4138 
f 4370//4370 4372//4372 4137//4137 
f 4374//4374 4373//4373 4371//4371 
f 4374//4374 4371//4371 4372//4372 
f 4376//4376 4375//4375 4373//4373 
f 4376//4376 4373//4373 4374//4374 
f 4377//4377 4375//4375 4376//4376 
f 4380//4380 4379//4379 4378//4378 
f 4378//4378 4379//4379 4357//4357 
f 4378//4378 4357//4357 4356//4356 
f 4141//4141 4378//4378 4356//4356 
f 4140//4140 4141//4141 4356//4356 
f 4140//4140 4356//4356 4121//4121 
f 4371//4371 4143//4143 4138//4138 
f 4143//4143 4371//4371 4145//4145 
f 4145//4145 4371//4371 4373//4373 
f 4145//4145 4373//4373 4146//4146 
f 4373//4373 4381//4381 4146//4146 
f 4373//4373 4375//4375 4381//4381 
f 4375//4375 4377//4377 4382//4382 
f 4375//4375 4382//4382 4381//4381 
f 4380//4380 4378//4378 4383//4383 
f 4380//4380 4383//4383 4384//4384 
f 4148//4148 4383//4383 4141//4141 
f 4141//4141 4383//4383 4378//4378 
f 4385//4385 4150//4150 4151//4151 
f 4386//4386 4385//4385 4151//4151 
f 4386//4386 4151//4151 4146//4146 
f 4387//4387 4386//4386 4146//4146 
f 4381//4381 4387//4387 4146//4146 
f 4387//4387 4381//4381 4382//4382 
f 4390//4390 4389//4389 4388//4388 
f 4388//4388 4389//4389 4384//4384 
f 4388//4388 4384//4384 4383//4383 
f 4154//4154 4388//4388 4383//4383 
f 4153//4153 4154//4154 4383//4383 
f 4153//4153 4383//4383 4148//4148 
f 4392//4392 4391//4391 4385//4385 
f 4391//4391 4150//4150 4385//4385 
f 4391//4391 4156//4156 4150//4150 
f 4392//4392 4385//4385 4386//4386 
f 4395//4395 4394//4394 4393//4393 
f 4393//4393 4394//4394 4390//4390 
f 4388//4388 4393//4393 4390//4390 
f 4396//4396 4393//4393 4388//4388 
f 4158//4158 4396//4396 4154//4154 
f 4154//4154 4396//4396 4388//4388 
f 4391//4391 4160//4160 4156//4156 
f 4397//4397 4160//4160 4391//4391 
f 4395//4395 4393//4393 4398//4398 
f 4395//4395 4398//4398 4399//4399 
f 4163//4163 4398//4398 4162//4162 
f 4398//4398 4396//4396 4162//4162 
f 4398//4398 4393//4393 4396//4396 
f 4162//4162 4396//4396 4158//4158 
f 4401//4401 4400//4400 4166//4166 
f 4166//4166 4400//4400 4165//4165 
f 4166//4166 4160//4160 4397//4397 
f 4166//4166 4397//4397 4401//4401 
f 4404//4404 4403//4403 4402//4402 
f 4402//4402 4403//4403 4399//4399 
f 4402//4402 4399//4399 4398//4398 
f 4169//4169 4402//4402 4398//4398 
f 4168//4168 4169//4169 4398//4398 
f 4168//4168 4398//4398 4163//4163 
f 4406//4406 4405//4405 4171//4171 
f 4171//4171 4405//4405 4170//4170 
f 4171//4171 4165//4165 4400//4400 
f 4171//4171 4400//4400 4406//4406 
f 4409//4409 4408//4408 4407//4407 
f 4407//4407 4408//4408 4404//4404 
f 4407//4407 4404//4404 4402//4402 
f 4174//4174 4407//4407 4402//4402 
f 4173//4173 4174//4174 4402//4402 
f 4173//4173 4402//4402 4169//4169 
f 4405//4405 4176//4176 4170//4170 
f 4410//4410 4176//4176 4405//4405 
f 4413//4413 4412//4412 4411//4411 
f 4415//4415 4414//4414 4411//4411 
f 4415//4415 4411//4411 4412//4412 
f 4414//4414 4415//4415 4409//4409 
f 4414//4414 4409//4409 4407//4407 
f 4179//4179 4414//4414 4407//4407 
f 4178//4178 4179//4179 4407//4407 
f 4178//4178 4407//4407 4174//4174 
f 4417//4417 4416//4416 4181//4181 
f 4181//4181 4416//4416 4180//4180 
f 4181//4181 4176//4176 4410//4410 
f 4181//4181 4410//4410 4417//4417 
f 4420//4420 4419//4419 4418//4418 
f 4418//4418 4419//4419 4413//4413 
f 4418//4418 4413//4413 4411//4411 
f 4184//4184 4418//4418 4411//4411 
f 4183//4183 4184//4184 4411//4411 
f 4183//4183 4411//4411 4186//4186 
f 4186//4186 4411//4411 4414//4414 
f 4186//4186 4414//4414 4179//4179 
f 4422//4422 4421//4421 4188//4188 
f 4188//4188 4421//4421 4187//4187 
f 4188//4188 4180//4180 4416//4416 
f 4188//4188 4416//4416 4422//4422 
f 4425//4425 4424//4424 4423//4423 
f 4423//4423 4424//4424 4420//4420 
f 4423//4423 4420//4420 4418//4418 
f 4191//4191 4423//4423 4418//4418 
f 4190//4190 4191//4191 4418//4418 
f 4190//4190 4418//4418 4184//4184 
f 4421//4421 4194//4194 4187//4187 
f 4426//4426 4194//4194 4421//4421 
f 4429//4429 4428//4428 4427//4427 
f 4427//4427 4428//4428 4425//4425 
f 4427//4427 4425//4425 4423//4423 
f 4197//4197 4427//4427 4423//4423 
f 4196//4196 4197//4197 4423//4423 
f 4196//4196 4423//4423 4191//4191 
f 4430//4430 4199//4199 4200//4200 
f 4431//4431 4430//4430 4200//4200 
f 4194//4194 4431//4431 4200//4200 
f 4426//4426 4431//4431 4194//4194 
f 4434//4434 4433//4433 4432//4432 
f 4436//4436 4435//4435 4432//4432 
f 4436//4436 4432//4432 4433//4433 
f 4435//4435 4436//4436 4429//4429 
f 4435//4435 4429//4429 4427//4427 
f 4203//4203 4435//4435 4427//4427 
f 4202//4202 4203//4203 4427//4427 
f 4202//4202 4427//4427 4197//4197 
f 4437//4437 4205//4205 4430//4430 
f 4430//4430 4205//4205 4199//4199 
f 4430//4430 4431//4431 4438//4438 
f 4439//4439 4430//4430 4438//4438 
f 4437//4437 4430//4430 4439//4439 
f 4441//4441 4440//4440 4439//4439 
f 4441//4441 4439//4439 4438//4438 
f 4443//4443 4442//4442 4440//4440 
f 4443//4443 4440//4440 4441//4441 
f 4445//4445 4444//4444 4442//4442 
f 4445//4445 4442//4442 4443//4443 
f 4444//4444 4445//4445 4434//4434 
f 4444//4444 4434//4434 4432//4432 
f 4208//4208 4444//4444 4432//4432 
f 4207//4207 4208//4208 4432//4432 
f 4207//4207 4432//4432 4209//4209 
f 4209//4209 4432//4432 4435//4435 
f 4209//4209 4435//4435 4203//4203 
f 4437//4437 4211//4211 4205//4205 
f 4211//4211 4437//4437 4214//4214 
f 4214//4214 4437//4437 4439//4439 
f 4214//4214 4439//4439 4216//4216 
f 4216//4216 4439//4439 4440//4440 
f 4216//4216 4440//4440 4218//4218 
f 4218//4218 4440//4440 4442//4442 
f 4218//4218 4442//4442 4219//4219 
f 4219//4219 4442//4442 4444//4444 
f 4219//4219 4444//4444 4208//4208 
f 4446//4446 4221//4221 4222//4222 
f 4224//4224 4446//4446 4222//4222 
f 4447//4447 4226//4226 4227//4227 
f 4221//4221 4446//4446 4227//4227 
f 4446//4446 4447//4447 4227//4227 
f 4446//4446 4448//4448 4447//4447 
f 4228//4228 4449//4449 4224//4224 
f 4449//4449 4446//4446 4224//4224 
f 4449//4449 4448//4448 4446//4446 
f 4230//4230 4449//4449 4228//4228 
f 4450//4450 4231//4231 4232//4232 
f 4451//4451 4450//4450 4232//4232 
f 4451//4451 4232//4232 4226//4226 
f 4452//4452 4451//4451 4226//4226 
f 4447//4447 4452//4452 4226//4226 
f 4452//4452 4447//4447 4448//4448 
f 4452//4452 4448//4448 4453//4453 
f 4455//4455 4454//4454 4453//4453 
f 4448//4448 4455//4455 4453//4453 
f 4449//4449 4455//4455 4448//4448 
f 4233//4233 4456//4456 4230//4230 
f 4456//4456 4449//4449 4230//4230 
f 4456//4456 4455//4455 4449//4449 
f 4235//4235 4456//4456 4233//4233 
f 4457//4457 4237//4237 4450//4450 
f 4450//4450 4237//4237 4231//4231 
f 4450//4450 4451//4451 4458//4458 
f 4450//4450 4458//4458 4457//4457 
f 4459//4459 4454//4454 4455//4455 
f 4461//4461 4460//4460 4459//4459 
f 4455//4455 4461//4461 4459//4459 
f 4456//4456 4461//4461 4455//4455 
f 4238//4238 4462//4462 4235//4235 
f 4462//4462 4456//4456 4235//4235 
f 4462//4462 4461//4461 4456//4456 
f 4239//4239 4462//4462 4238//4238 
f 4464//4464 4463//4463 4457//4457 
f 4463//4463 4237//4237 4457//4457 
f 4463//4463 4244//4244 4237//4237 
f 4464//4464 4457//4457 4458//4458 
f 4460//4460 4461//4461 4465//4465 
f 4460//4460 4465//4465 4466//4466 
f 4467//4467 4461//4461 4462//4462 
f 4465//4465 4461//4461 4467//4467 
f 4246//4246 4467//4467 4239//4239 
f 4239//4239 4467//4467 4462//4462 
f 4468//4468 4251//4251 4252//4252 
f 4469//4469 4468//4468 4252//4252 
f 4244//4244 4469//4469 4252//4252 
f 4463//4463 4469//4469 4244//4244 
f 4470//4470 4466//4466 4465//4465 
f 4472//4472 4471//4471 4470//4470 
f 4465//4465 4472//4472 4470//4470 
f 4467//4467 4472//4472 4465//4465 
f 4253//4253 4473//4473 4246//4246 
f 4473//4473 4467//4467 4246//4246 
f 4473//4473 4472//4472 4467//4467 
f 4254//4254 4473//4473 4253//4253 
f 4474//4474 4261//4261 4468//4468 
f 4468//4468 4261//4261 4251//4251 
f 4468//4468 4469//4469 4475//4475 
f 4468//4468 4475//4475 4474//4474 
f 4471//4471 4472//4472 4476//4476 
f 4471//4471 4476//4476 4477//4477 
f 4478//4478 4472//4472 4473//4473 
f 4476//4476 4472//4472 4478//4478 
f 4263//4263 4478//4478 4254//4254 
f 4254//4254 4478//4478 4473//4473 
f 4479//4479 4271//4271 4272//4272 
f 4273//4273 4480//4480 4272//4272 
f 4272//4272 4480//4480 4479//4479 
f 4274//4274 4480//4480 4273//4273 
f 4482//4482 4481//4481 4474//4474 
f 4481//4481 4261//4261 4474//4474 
f 4481//4481 4276//4276 4261//4261 
f 4482//4482 4474//4474 4475//4475 
f 4477//4477 4476//4476 4483//4483 
f 4477//4477 4483//4483 4484//4484 
f 4485//4485 4476//4476 4478//4478 
f 4483//4483 4476//4476 4485//4485 
f 4277//4277 4486//4486 4263//4263 
f 4486//4486 4478//4478 4263//4263 
f 4486//4486 4485//4485 4478//4478 
f 4278//4278 4486//4486 4277//4277 
f 4487//4487 4283//4283 4284//4284 
f 4285//4285 4488//4488 4284//4284 
f 4284//4284 4488//4488 4487//4487 
f 4286//4286 4489//4489 4285//4285 
f 4285//4285 4489//4489 4488//4488 
f 4287//4287 4490//4490 4286//4286 
f 4286//4286 4490//4490 4489//4489 
f 4288//4288 4491//4491 4287//4287 
f 4287//4287 4491//4491 4490//4490 
f 4271//4271 4479//4479 4288//4288 
f 4479//4479 4491//4491 4288//4288 
f 4479//4479 4492//4492 4491//4491 
f 4493//4493 4479//4479 4480//4480 
f 4492//4492 4479//4479 4493//4493 
f 4289//4289 4494//4494 4274//4274 
f 4494//4494 4480//4480 4274//4274 
f 4494//4494 4493//4493 4480//4480 
f 4291//4291 4494//4494 4289//4289 
f 4481//4481 4293//4293 4276//4276 
f 4495//4495 4293//4293 4481//4481 
f 4484//4484 4483//4483 4496//4496 
f 4484//4484 4496//4496 4497//4497 
f 4498//4498 4483//4483 4485//4485 
f 4496//4496 4483//4483 4498//4498 
f 4499//4499 4485//4485 4486//4486 
f 4498//4498 4485//4485 4499//4499 
f 4295//4295 4499//4499 4278//4278 
f 4278//4278 4499//4499 4486//4486 
f 4500//4500 4301//4301 4487//4487 
f 4487//4487 4301//4301 4283//4283 
f 4488//4488 4502//4502 4501//4501 
f 4500//4500 4488//4488 4501//4501 
f 4487//4487 4488//4488 4500//4500 
f 4502//4502 4488//4488 4489//4489 
f 4502//4502 4489//4489 4503//4503 
f 4503//4503 4489//4489 4490//4490 
f 4503//4503 4490//4490 4504//4504 
f 4504//4504 4490//4490 4491//4491 
f 4504//4504 4491//4491 4505//4505 
f 4505//4505 4491//4491 4492//4492 
f 4505//4505 4492//4492 4506//4506 
f 4508//4508 4507//4507 4506//4506 
f 4492//4492 4508//4508 4506//4506 
f 4493//4493 4508//4508 4492//4492 
f 4509//4509 4493//4493 4494//4494 
f 4508//4508 4493//4493 4509//4509 
f 4303//4303 4509//4509 4291//4291 
f 4291//4291 4509//4509 4494//4494 
f 4510//4510 4304//4304 4305//4305 
f 4511//4511 4510//4510 4305//4305 
f 4293//4293 4511//4511 4305//4305 
f 4495//4495 4511//4511 4293//4293 
f 4512//4512 4497//4497 4496//4496 
f 4514//4514 4513//4513 4512//4512 
f 4496//4496 4514//4514 4512//4512 
f 4498//4498 4514//4514 4496//4496 
f 4515//4515 4498//4498 4499//4499 
f 4514//4514 4498//4498 4515//4515 
f 4306//4306 4516//4516 4295//4295 
f 4516//4516 4499//4499 4295//4295 
f 4516//4516 4515//4515 4499//4499 
f 4307//4307 4516//4516 4306//4306 
f 4517//4517 4314//4314 4315//4315 
f 4518//4518 4517//4517 4315//4315 
f 4518//4518 4315//4315 4301//4301 
f 4519//4519 4518//4518 4301//4301 
f 4500//4500 4519//4519 4301//4301 
f 4519//4519 4500//4500 4501//4501 
f 4507//4507 4508//4508 4520//4520 
f 4507//4507 4520//4520 4521//4521 
f 4522//4522 4508//4508 4509//4509 
f 4520//4520 4508//4508 4522//4522 
f 4317//4317 4522//4522 4303//4303 
f 4303//4303 4522//4522 4509//4509 
f 4524//4524 4523//4523 4510//4510 
f 4523//4523 4304//4304 4510//4510 
f 4523//4523 4318//4318 4304//4304 
f 4524//4524 4510//4510 4511//4511 
f 4525//4525 4513//4513 4514//4514 
f 4527//4527 4526//4526 4525//4525 
f 4514//4514 4527//4527 4525//4525 
f 4515//4515 4527//4527 4514//4514 
f 4528//4528 4515//4515 4516//4516 
f 4527//4527 4515//4515 4528//4528 
f 4319//4319 4529//4529 4307//4307 
f 4529//4529 4516//4516 4307//4307 
f 4529//4529 4528//4528 4516//4516 
f 4320//4320 4529//4529 4319//4319 
f 4530//4530 4325//4325 4326//4326 
f 4314//4314 4517//4517 4326//4326 
f 4517//4517 4530//4530 4326//4326 
f 4517//4517 4531//4531 4530//4530 
f 4517//4517 4518//4518 4532//4532 
f 4517//4517 4532//4532 4531//4531 
f 4521//4521 4520//4520 4533//4533 
f 4521//4521 4533//4533 4534//4534 
f 4535//4535 4520//4520 4522//4522 
f 4533//4533 4520//4520 4535//4535 
f 4328//4328 4535//4535 4317//4317 
f 4317//4317 4535//4535 4522//4522 
f 4523//4523 4329//4329 4318//4318 
f 4536//4536 4329//4329 4523//4523 
f 4526//4526 4527//4527 4537//4537 
f 4526//4526 4537//4537 4538//4538 
f 4539//4539 4527//4527 4528//4528 
f 4537//4537 4527//4527 4539//4539 
f 4540//4540 4528//4528 4529//4529 
f 4539//4539 4528//4528 4540//4540 
f 4330//4330 4541//4541 4320//4320 
f 4541//4541 4529//4529 4320//4320 
f 4541//4541 4540//4540 4529//4529 
f 4331//4331 4541//4541 4330//4330 
f 4542//4542 4334//4334 4335//4335 
f 4325//4325 4530//4530 4335//4335 
f 4530//4530 4542//4542 4335//4335 
f 4530//4530 4543//4543 4542//4542 
f 4531//4531 4545//4545 4544//4544 
f 4543//4543 4531//4531 4544//4544 
f 4530//4530 4531//4531 4543//4543 
f 4545//4545 4531//4531 4532//4532 
f 4534//4534 4533//4533 4546//4546 
f 4534//4534 4546//4546 4547//4547 
f 4338//4338 4546//4546 4337//4337 
f 4546//4546 4535//4535 4337//4337 
f 4546//4546 4533//4533 4535//4535 
f 4337//4337 4535//4535 4328//4328 
f 4536//4536 4340//4340 4329//4329 
f 4548//4548 4340//4340 4536//4536 
f 4549//4549 4538//4538 4537//4537 
f 4551//4551 4550//4550 4549//4549 
f 4537//4537 4551//4551 4549//4549 
f 4539//4539 4551//4551 4537//4537 
f 4552//4552 4539//4539 4540//4540 
f 4551//4551 4539//4539 4552//4552 
f 4553//4553 4540//4540 4541//4541 
f 4552//4552 4540//4540 4553//4553 
f 4341//4341 4554//4554 4331//4331 
f 4554//4554 4541//4541 4331//4331 
f 4554//4554 4553//4553 4541//4541 
f 4342//4342 4555//4555 4341//4341 
f 4341//4341 4555//4555 4554//4554 
f 4334//4334 4542//4542 4342//4342 
f 4542//4542 4555//4555 4342//4342 
f 4542//4542 4556//4556 4555//4555 
f 4543//4543 4558//4558 4557//4557 
f 4556//4556 4543//4543 4557//4557 
f 4542//4542 4543//4543 4556//4556 
f 4558//4558 4543//4543 4544//4544 
f 4547//4547 4546//4546 4559//4559 
f 4547//4547 4559//4559 4560//4560 
f 4344//4344 4559//4559 4338//4338 
f 4338//4338 4559//4559 4546//4546 
f 4561//4561 4345//4345 4346//4346 
f 4562//4562 4561//4561 4346//4346 
f 4340//4340 4562//4562 4346//4346 
f 4548//4548 4562//4562 4340//4340 
f 4563//4563 4550//4550 4551//4551 
f 4565//4565 4564//4564 4563//4563 
f 4551//4551 4565//4565 4563//4563 
f 4552//4552 4565//4565 4551//4551 
f 4566//4566 4552//4552 4553//4553 
f 4565//4565 4552//4552 4566//4566 
f 4567//4567 4553//4553 4554//4554 
f 4566//4566 4553//4553 4567//4567 
f 4568//4568 4554//4554 4555//4555 
f 4567//4567 4554//4554 4568//4568 
f 4569//4569 4555//4555 4556//4556 
f 4568//4568 4555//4555 4569//4569 
f 4556//4556 4557//4557 4570//4570 
f 4571//4571 4556//4556 4570//4570 
f 4569//4569 4556//4556 4571//4571 
f 4573//4573 4572//4572 4571//4571 
f 4573//4573 4571//4571 4570//4570 
f 4574//4574 4572//4572 4573//4573 
f 4560//4560 4559//4559 4575//4575 
f 4560//4560 4575//4575 4576//4576 
f 4348//4348 4575//4575 4344//4344 
f 4344//4344 4575//4575 4559//4559 
f 4578//4578 4577//4577 4561//4561 
f 4577//4577 4345//4345 4561//4561 
f 4577//4577 4349//4349 4345//4345 
f 4578//4578 4561//4561 4562//4562 
f 4564//4564 4565//4565 4579//4579 
f 4564//4564 4579//4579 4580//4580 
f 4581//4581 4565//4565 4566//4566 
f 4579//4579 4565//4565 4581//4581 
f 4582//4582 4566//4566 4567//4567 
f 4581//4581 4566//4566 4582//4582 
f 4583//4583 4567//4567 4568//4568 
f 4582//4582 4567//4567 4583//4583 
f 4584//4584 4568//4568 4569//4569 
f 4583//4583 4568//4568 4584//4584 
f 4585//4585 4569//4569 4571//4571 
f 4584//4584 4569//4569 4585//4585 
f 4586//4586 4571//4571 4572//4572 
f 4585//4585 4571//4571 4586//4586 
f 4572//4572 4574//4574 4587//4587 
f 4572//4572 4587//4587 4586//4586 
f 4576//4576 4575//4575 4588//4588 
f 4576//4576 4588//4588 4589//4589 
f 4351//4351 4588//4588 4348//4348 
f 4348//4348 4588//4588 4575//4575 
f 4577//4577 4352//4352 4349//4349 
f 4590//4590 4352//4352 4577//4577 
f 4580//4580 4579//4579 4591//4591 
f 4580//4580 4591//4591 4592//4592 
f 4593//4593 4579//4579 4581//4581 
f 4591//4591 4579//4579 4593//4593 
f 4594//4594 4581//4581 4582//4582 
f 4593//4593 4581//4581 4594//4594 
f 4595//4595 4582//4582 4583//4583 
f 4594//4594 4582//4582 4595//4595 
f 4596//4596 4583//4583 4584//4584 
f 4595//4595 4583//4583 4596//4596 
f 4597//4597 4584//4584 4585//4585 
f 4596//4596 4584//4584 4597//4597 
f 4586//4586 4599//4599 4598//4598 
f 4597//4597 4586//4586 4598//4598 
f 4585//4585 4586//4586 4597//4597 
f 4599//4599 4586//4586 4587//4587 
f 4589//4589 4588//4588 4600//4600 
f 4589//4589 4600//4600 4601//4601 
f 4354//4354 4600//4600 4351//4351 
f 4351//4351 4600//4600 4588//4588 
f 4603//4603 4355//4355 4602//4602 
f 4355//4355 4590//4590 4602//4602 
f 4355//4355 4352//4352 4590//4590 
f 4604//4604 4603//4603 4602//4602 
f 4607//4607 4606//4606 4605//4605 
f 4609//4609 4608//4608 4605//4605 
f 4609//4609 4605//4605 4606//4606 
f 4608//4608 4609//4609 4592//4592 
f 4591//4591 4608//4608 4592//4592 
f 4610//4610 4608//4608 4591//4591 
f 4611//4611 4591//4591 4593//4593 
f 4610//4610 4591//4591 4611//4611 
f 4612//4612 4593//4593 4594//4594 
f 4611//4611 4593//4593 4612//4612 
f 4613//4613 4594//4594 4595//4595 
f 4612//4612 4594//4594 4613//4613 
f 4614//4614 4595//4595 4596//4596 
f 4613//4613 4595//4595 4614//4614 
f 4597//4597 4616//4616 4615//4615 
f 4614//4614 4597//4597 4615//4615 
f 4596//4596 4597//4597 4614//4614 
f 4616//4616 4597//4597 4598//4598 
f 4601//4601 4600//4600 4617//4617 
f 4601//4601 4617//4617 4618//4618 
f 4357//4357 4617//4617 4354//4354 
f 4354//4354 4617//4617 4600//4600 
f 4603//4603 4358//4358 4355//4355 
f 4604//4604 4619//4619 4603//4603 
f 4619//4619 4358//4358 4603//4603 
f 4619//4619 4359//4359 4358//4358 
f 4359//4359 4620//4620 4360//4360 
f 4619//4619 4620//4620 4359//4359 
f 4360//4360 4621//4621 4361//4361 
f 4620//4620 4621//4621 4360//4360 
f 4361//4361 4622//4622 4362//4362 
f 4621//4621 4622//4622 4361//4361 
f 4362//4362 4623//4623 4363//4363 
f 4622//4622 4623//4623 4362//4362 
f 4363//4363 4624//4624 4364//4364 
f 4623//4623 4624//4624 4363//4363 
f 4364//4364 4625//4625 4365//4365 
f 4624//4624 4625//4625 4364//4364 
f 4365//4365 4626//4626 4366//4366 
f 4625//4625 4626//4626 4365//4365 
f 4366//4366 4627//4627 4367//4367 
f 4626//4626 4627//4627 4366//4366 
f 4605//4605 4368//4368 4607//4607 
f 4368//4368 4627//4627 4607//4607 
f 4368//4368 4367//4367 4627//4627 
f 4368//4368 4605//4605 4369//4369 
f 4369//4369 4605//4605 4608//4608 
f 4369//4369 4608//4608 4370//4370 
f 4370//4370 4608//4608 4610//4610 
f 4370//4370 4610//4610 4372//4372 
f 4372//4372 4610//4610 4611//4611 
f 4372//4372 4611//4611 4374//4374 
f 4374//4374 4611//4611 4612//4612 
f 4374//4374 4612//4612 4376//4376 
f 4376//4376 4612//4612 4613//4613 
f 4613//4613 4614//4614 4628//4628 
f 4377//4377 4613//4613 4628//4628 
f 4629//4629 4377//4377 4628//4628 
f 4613//4613 4377//4377 4376//4376 
f 4628//4628 4614//4614 4615//4615 
f 4632//4632 4631//4631 4630//4630 
f 4630//4630 4631//4631 4618//4618 
f 4630//4630 4618//4618 4617//4617 
f 4380//4380 4630//4630 4617//4617 
f 4379//4379 4380//4380 4617//4617 
f 4379//4379 4617//4617 4357//4357 
f 4629//4629 4382//4382 4377//4377 
f 4633//4633 4382//4382 4629//4629 
f 4636//4636 4635//4635 4634//4634 
f 4634//4634 4635//4635 4632//4632 
f 4630//4630 4634//4634 4632//4632 
f 4637//4637 4634//4634 4630//4630 
f 4384//4384 4637//4637 4380//4380 
f 4380//4380 4637//4637 4630//4630 
f 4639//4639 4638//4638 4387//4387 
f 4387//4387 4638//4638 4386//4386 
f 4387//4387 4382//4382 4633//4633 
f 4387//4387 4633//4633 4639//4639 
f 4636//4636 4634//4634 4640//4640 
f 4636//4636 4640//4640 4641//4641 
f 4390//4390 4640//4640 4389//4389 
f 4640//4640 4637//4637 4389//4389 
f 4640//4640 4634//4634 4637//4637 
f 4389//4389 4637//4637 4384//4384 
f 4643//4643 4642//4642 4392//4392 
f 4392//4392 4642//4642 4391//4391 
f 4392//4392 4386//4386 4638//4638 
f 4392//4392 4638//4638 4643//4643 
f 4646//4646 4645//4645 4644//4644 
f 4644//4644 4645//4645 4641//4641 
f 4644//4644 4641//4641 4640//4640 
f 4395//4395 4644//4644 4640//4640 
f 4394//4394 4395//4395 4640//4640 
f 4394//4394 4640//4640 4390//4390 
f 4642//4642 4397//4397 4391//4391 
f 4647//4647 4397//4397 4642//4642 
f 4650//4650 4649//4649 4648//4648 
f 4648//4648 4649//4649 4646//4646 
f 4644//4644 4648//4648 4646//4646 
f 4651//4651 4648//4648 4644//4644 
f 4399//4399 4651//4651 4395//4395 
f 4395//4395 4651//4651 4644//4644 
f 4653//4653 4652//4652 4401//4401 
f 4401//4401 4652//4652 4400//4400 
f 4401//4401 4397//4397 4647//4647 
f 4401//4401 4647//4647 4653//4653 
f 4656//4656 4655//4655 4654//4654 
f 4654//4654 4655//4655 4650//4650 
f 4648//4648 4654//4654 4650//4650 
f 4657//4657 4654//4654 4648//4648 
f 4404//4404 4657//4657 4403//4403 
f 4657//4657 4651//4651 4403//4403 
f 4657//4657 4648//4648 4651//4651 
f 4403//4403 4651//4651 4399//4399 
f 4659//4659 4658//4658 4406//4406 
f 4406//4406 4658//4658 4405//4405 
f 4406//4406 4400//4400 4652//4652 
f 4406//4406 4652//4652 4659//4659 
f 4662//4662 4661//4661 4660//4660 
f 4660//4660 4661//4661 4656//4656 
f 4654//4654 4660//4660 4656//4656 
f 4663//4663 4660//4660 4654//4654 
f 4409//4409 4663//4663 4408//4408 
f 4663//4663 4657//4657 4408//4408 
f 4663//4663 4654//4654 4657//4657 
f 4408//4408 4657//4657 4404//4404 
f 4658//4658 4410//4410 4405//4405 
f 4664//4664 4410//4410 4658//4658 
f 4667//4667 4666//4666 4665//4665 
f 4665//4665 4666//4666 4662//4662 
f 4665//4665 4662//4662 4660//4660 
f 4413//4413 4665//4665 4660//4660 
f 4412//4412 4413//4413 4660//4660 
f 4412//4412 4660//4660 4415//4415 
f 4415//4415 4660//4660 4663//4663 
f 4415//4415 4663//4663 4409//4409 
f 4669//4669 4668//4668 4417//4417 
f 4417//4417 4668//4668 4416//4416 
f 4417//4417 4410//4410 4664//4664 
f 4417//4417 4664//4664 4669//4669 
f 4672//4672 4671//4671 4670//4670 
f 4670//4670 4671//4671 4667//4667 
f 4670//4670 4667//4667 4665//4665 
f 4420//4420 4670//4670 4665//4665 
f 4419//4419 4420//4420 4665//4665 
f 4419//4419 4665//4665 4413//4413 
f 4673//4673 4421//4421 4422//4422 
f 4674//4674 4673//4673 4422//4422 
f 4416//4416 4674//4674 4422//4422 
f 4668//4668 4674//4674 4416//4416 
f 4677//4677 4676//4676 4675//4675 
f 4679//4679 4678//4678 4675//4675 
f 4679//4679 4675//4675 4676//4676 
f 4678//4678 4679//4679 4672//4672 
f 4678//4678 4672//4672 4670//4670 
f 4425//4425 4678//4678 4670//4670 
f 4424//4424 4425//4425 4670//4670 
f 4424//4424 4670//4670 4420//4420 
f 4680//4680 4426//4426 4673//4673 
f 4673//4673 4426//4426 4421//4421 
f 4673//4673 4674//4674 4681//4681 
f 4682//4682 4673//4673 4681//4681 
f 4680//4680 4673//4673 4682//4682 
f 4684//4684 4683//4683 4682//4682 
f 4684//4684 4682//4682 4681//4681 
f 4686//4686 4685//4685 4683//4683 
f 4686//4686 4683//4683 4684//4684 
f 4688//4688 4687//4687 4685//4685 
f 4688//4688 4685//4685 4686//4686 
f 4687//4687 4688//4688 4677//4677 
f 4675//4675 4687//4687 4677//4677 
f 4689//4689 4687//4687 4675//4675 
f 4429//4429 4689//4689 4428//4428 
f 4689//4689 4678//4678 4428//4428 
f 4689//4689 4675//4675 4678//4678 
f 4428//4428 4678//4678 4425//4425 
f 4690//4690 4431//4431 4680//4680 
f 4680//4680 4431//4431 4426//4426 
f 4691//4691 4680//4680 4682//4682 
f 4690//4690 4680//4680 4691//4691 
f 4692//4692 4682//4682 4683//4683 
f 4691//4691 4682//4682 4692//4692 
f 4693//4693 4683//4683 4685//4685 
f 4692//4692 4683//4683 4693//4693 
f 4434//4434 4693//4693 4433//4433 
f 4693//4693 4687//4687 4433//4433 
f 4693//4693 4685//4685 4687//4687 
f 4433//4433 4687//4687 4436//4436 
f 4436//4436 4687//4687 4689//4689 
f 4436//4436 4689//4689 4429//4429 
f 4690//4690 4438//4438 4431//4431 
f 4438//4438 4690//4690 4441//4441 
f 4441//4441 4690//4690 4691//4691 
f 4441//4441 4691//4691 4443//4443 
f 4443//4443 4691//4691 4692//4692 
f 4443//4443 4692//4692 4445//4445 
f 4445//4445 4692//4692 4693//4693 
f 4445//4445 4693//4693 4434//4434 
f 4694//4694 4451//4451 4452//4452 
f 4453//4453 4695//4695 4452//4452 
f 4452//4452 4695//4695 4694//4694 
f 4454//4454 4695//4695 4453//4453 
f 4696//4696 4458//4458 4694//4694 
f 4694//4694 4458//4458 4451//4451 
f 4697//4697 4694//4694 4695//4695 
f 4696//4696 4694//4694 4697//4697 
f 4459//4459 4698//4698 4454//4454 
f 4698//4698 4695//4695 4454//4454 
f 4698//4698 4697//4697 4695//4695 
f 4460//4460 4698//4698 4459//4459 
f 4699//4699 4463//4463 4464//4464 
f 4458//4458 4696//4696 4464//4464 
f 4696//4696 4699//4699 4464//4464 
f 4696//4696 4700//4700 4699//4699 
f 4701//4701 4696//4696 4697//4697 
f 4700//4700 4696//4696 4701//4701 
f 4702//4702 4697//4697 4698//4698 
f 4701//4701 4697//4697 4702//4702 
f 4466//4466 4702//4702 4460//4460 
f 4460//4460 4702//4702 4698//4698 
f 4703//4703 4469//4469 4699//4699 
f 4699//4699 4469//4469 4463//4463 
f 4700//4700 4705//4705 4704//4704 
f 4703//4703 4700//4700 4704//4704 
f 4699//4699 4700//4700 4703//4703 
f 4707//4707 4706//4706 4705//4705 
f 4700//4700 4707//4707 4705//4705 
f 4701//4701 4707//4707 4700//4700 
f 4708//4708 4701//4701 4702//4702 
f 4707//4707 4701//4701 4708//4708 
f 4470//4470 4709//4709 4466//4466 
f 4709//4709 4702//4702 4466//4466 
f 4709//4709 4708//4708 4702//4702 
f 4471//4471 4709//4709 4470//4470 
f 4711//4711 4710//4710 4703//4703 
f 4710//4710 4469//4469 4703//4703 
f 4710//4710 4475//4475 4469//4469 
f 4711//4711 4703//4703 4704//4704 
f 4712//4712 4706//4706 4707//4707 
f 4714//4714 4713//4713 4712//4712 
f 4707//4707 4714//4714 4712//4712 
f 4708//4708 4714//4714 4707//4707 
f 4715//4715 4708//4708 4709//4709 
f 4714//4714 4708//4708 4715//4715 
f 4477//4477 4715//4715 4471//4471 
f 4471//4471 4715//4715 4709//4709 
f 4716//4716 4481//4481 4482//4482 
f 4717//4717 4716//4716 4482//4482 
f 4475//4475 4717//4717 4482//4482 
f 4710//4710 4717//4717 4475//4475 
f 4713//4713 4714//4714 4718//4718 
f 4713//4713 4718//4718 4719//4719 
f 4720//4720 4714//4714 4715//4715 
f 4718//4718 4714//4714 4720//4720 
f 4484//4484 4720//4720 4477//4477 
f 4477//4477 4720//4720 4715//4715 
f 4721//4721 4495//4495 4716//4716 
f 4716//4716 4495//4495 4481//4481 
f 4716//4716 4717//4717 4722//4722 
f 4716//4716 4722//4722 4721//4721 
f 4719//4719 4718//4718 4723//4723 
f 4719//4719 4723//4723 4724//4724 
f 4725//4725 4718//4718 4720//4720 
f 4723//4723 4718//4718 4725//4725 
f 4497//4497 4725//4725 4484//4484 
f 4484//4484 4725//4725 4720//4720 
f 4726//4726 4501//4501 4502//4502 
f 4503//4503 4727//4727 4502//4502 
f 4502//4502 4727//4727 4726//4726 
f 4504//4504 4728//4728 4503//4503 
f 4503//4503 4728//4728 4727//4727 
f 4505//4505 4729//4729 4504//4504 
f 4504//4504 4729//4729 4728//4728 
f 4506//4506 4730//4730 4505//4505 
f 4505//4505 4730//4730 4729//4729 
f 4507//4507 4730//4730 4506//4506 
f 4732//4732 4731//4731 4721//4721 
f 4731//4731 4495//4495 4721//4721 
f 4731//4731 4511//4511 4495//4495 
f 4732//4732 4721//4721 4722//4722 
f 4733//4733 4724//4724 4723//4723 
f 4735//4735 4734//4734 4733//4733 
f 4723//4723 4735//4735 4733//4733 
f 4725//4725 4735//4735 4723//4723 
f 4512//4512 4736//4736 4497//4497 
f 4736//4736 4725//4725 4497//4497 
f 4736//4736 4735//4735 4725//4725 
f 4513//4513 4736//4736 4512//4512 
f 4737//4737 4518//4518 4519//4519 
f 4501//4501 4726//4726 4519//4519 
f 4726//4726 4737//4737 4519//4519 
f 4726//4726 4738//4738 4737//4737 
f 4739//4739 4726//4726 4727//4727 
f 4738//4738 4726//4726 4739//4739 
f 4740//4740 4727//4727 4728//4728 
f 4739//4739 4727//4727 4740//4740 
f 4741//4741 4728//4728 4729//4729 
f 4740//4740 4728//4728 4741//4741 
f 4742//4742 4729//4729 4730//4730 
f 4741//4741 4729//4729 4742//4742 
f 4521//4521 4742//4742 4507//4507 
f 4507//4507 4742//4742 4730//4730 
f 4743//4743 4523//4523 4524//4524 
f 4744//4744 4743//4743 4524//4524 
f 4511//4511 4744//4744 4524//4524 
f 4731//4731 4744//4744 4511//4511 
f 4734//4734 4735//4735 4745//4745 
f 4734//4734 4745//4745 4746//4746 
f 4747//4747 4735//4735 4736//4736 
f 4745//4745 4735//4735 4747//4747 
f 4525//4525 4748//4748 4513//4513 
f 4748//4748 4736//4736 4513//4513 
f 4748//4748 4747//4747 4736//4736 
f 4526//4526 4748//4748 4525//4525 
f 4749//4749 4532//4532 4737//4737 
f 4737//4737 4532//4532 4518//4518 
f 4750//4750 4737//4737 4738//4738 
f 4749//4749 4737//4737 4750//4750 
f 4751//4751 4738//4738 4739//4739 
f 4750//4750 4738//4738 4751//4751 
f 4752//4752 4739//4739 4740//4740 
f 4751//4751 4739//4739 4752//4752 
f 4753//4753 4740//4740 4741//4741 
f 4752//4752 4740//4740 4753//4753 
f 4754//4754 4741//4741 4742//4742 
f 4753//4753 4741//4741 4754//4754 
f 4534//4534 4754//4754 4521//4521 
f 4521//4521 4754//4754 4742//4742 
f 4756//4756 4755//4755 4743//4743 
f 4755//4755 4523//4523 4743//4743 
f 4755//4755 4536//4536 4523//4523 
f 4756//4756 4743//4743 4744//4744 
f 4746//4746 4745//4745 4757//4757 
f 4746//4746 4757//4757 4758//4758 
f 4759//4759 4745//4745 4747//4747 
f 4757//4757 4745//4745 4759//4759 
f 4760//4760 4747//4747 4748//4748 
f 4759//4759 4747//4747 4760//4760 
f 4538//4538 4760//4760 4526//4526 
f 4526//4526 4760//4760 4748//4748 
f 4761//4761 4544//4544 4545//4545 
f 4532//4532 4749//4749 4545//4545 
f 4749//4749 4761//4761 4545//4545 
f 4749//4749 4762//4762 4761//4761 
f 4763//4763 4749//4749 4750//4750 
f 4762//4762 4749//4749 4763//4763 
f 4764//4764 4750//4750 4751//4751 
f 4763//4763 4750//4750 4764//4764 
f 4752//4752 4766//4766 4765//4765 
f 4764//4764 4752//4752 4765//4765 
f 4751//4751 4752//4752 4764//4764 
f 4766//4766 4752//4752 4753//4753 
f 4766//4766 4753//4753 4767//4767 
f 4769//4769 4768//4768 4767//4767 
f 4753//4753 4769//4769 4767//4767 
f 4754//4754 4769//4769 4753//4753 
f 4547//4547 4769//4769 4534//4534 
f 4534//4534 4769//4769 4754//4754 
f 4755//4755 4548//4548 4536//4536 
f 4770//4770 4548//4548 4755//4755 
f 4771//4771 4758//4758 4757//4757 
f 4773//4773 4772//4772 4771//4771 
f 4757//4757 4773//4773 4771//4771 
f 4759//4759 4773//4773 4757//4757 
f 4774//4774 4759//4759 4760//4760 
f 4773//4773 4759//4759 4774//4774 
f 4549//4549 4775//4775 4538//4538 
f 4775//4775 4760//4760 4538//4538 
f 4775//4775 4774//4774 4760//4760 
f 4550//4550 4775//4775 4549//4549 
f 4776//4776 4557//4557 4558//4558 
f 4544//4544 4761//4761 4558//4558 
f 4761//4761 4776//4776 4558//4558 
f 4761//4761 4777//4777 4776//4776 
f 4778//4778 4761//4761 4762//4762 
f 4777//4777 4761//4761 4778//4778 
f 4779//4779 4762//4762 4763//4763 
f 4778//4778 4762//4762 4779//4779 
f 4764//4764 4781//4781 4780//4780 
f 4779//4779 4764//4764 4780//4780 
f 4763//4763 4764//4764 4779//4779 
f 4781//4781 4764//4764 4765//4765 
f 4768//4768 4769//4769 4782//4782 
f 4768//4768 4782//4782 4783//4783 
f 4560//4560 4782//4782 4547//4547 
f 4547//4547 4782//4782 4769//4769 
f 4770//4770 4562//4562 4548//4548 
f 4784//4784 4562//4562 4770//4770 
f 4785//4785 4772//4772 4773//4773 
f 4787//4787 4786//4786 4785//4785 
f 4773//4773 4787//4787 4785//4785 
f 4774//4774 4787//4787 4773//4773 
f 4788//4788 4774//4774 4775//4775 
f 4787//4787 4774//4774 4788//4788 
f 4563//4563 4789//4789 4550//4550 
f 4789//4789 4775//4775 4550//4550 
f 4789//4789 4788//4788 4775//4775 
f 4564//4564 4789//4789 4563//4563 
f 4776//4776 4570//4570 4557//4557 
f 4570//4570 4776//4776 4573//4573 
f 4573//4573 4776//4776 4777//4777 
f 4573//4573 4777//4777 4574//4574 
f 4777//4777 4790//4790 4574//4574 
f 4777//4777 4778//4778 4790//4790 
f 4779//4779 4792//4792 4791//4791 
f 4790//4790 4779//4779 4791//4791 
f 4778//4778 4779//4779 4790//4790 
f 4792//4792 4779//4779 4780//4780 
f 4783//4783 4782//4782 4793//4793 
f 4783//4783 4793//4793 4794//4794 
f 4576//4576 4793//4793 4560//4560 
f 4560//4560 4793//4793 4782//4782 
f 4795//4795 4577//4577 4578//4578 
f 4796//4796 4795//4795 4578//4578 
f 4562//4562 4796//4796 4578//4578 
f 4784//4784 4796//4796 4562//4562 
f 4786//4786 4787//4787 4797//4797 
f 4786//4786 4797//4797 4798//4798 
f 4799//4799 4787//4787 4788//4788 
f 4797//4797 4787//4787 4799//4799 
f 4800//4800 4788//4788 4789//4789 
f 4799//4799 4788//4788 4800//4800 
f 4580//4580 4800//4800 4564//4564 
f 4564//4564 4800//4800 4789//4789 
f 4802//4802 4801//4801 4790//4790 
f 4801//4801 4574//4574 4790//4790 
f 4801//4801 4587//4587 4574//4574 
f 4802//4802 4790//4790 4791//4791 
f 4794//4794 4793//4793 4803//4803 
f 4794//4794 4803//4803 4804//4804 
f 4589//4589 4803//4803 4576//4576 
f 4576//4576 4803//4803 4793//4793 
f 4805//4805 4590//4590 4795//4795 
f 4795//4795 4590//4590 4577//4577 
f 4795//4795 4796//4796 4806//4806 
f 4795//4795 4806//4806 4805//4805 
f 4809//4809 4808//4808 4807//4807 
f 4807//4807 4808//4808 4798//4798 
f 4797//4797 4807//4807 4798//4798 
f 4810//4810 4807//4807 4797//4797 
f 4811//4811 4797//4797 4799//4799 
f 4810//4810 4797//4797 4811//4811 
f 4812//4812 4799//4799 4800//4800 
f 4811//4811 4799//4799 4812//4812 
f 4592//4592 4812//4812 4580//4580 
f 4580//4580 4812//4812 4800//4800 
f 4814//4814 4813//4813 4599//4599 
f 4599//4599 4813//4813 4598//4598 
f 4599//4599 4587//4587 4801//4801 
f 4599//4599 4801//4801 4814//4814 
f 4817//4817 4816//4816 4815//4815 
f 4815//4815 4816//4816 4804//4804 
f 4803//4803 4815//4815 4804//4804 
f 4818//4818 4815//4815 4803//4803 
f 4601//4601 4818//4818 4589//4589 
f 4589//4589 4818//4818 4803//4803 
f 4805//4805 4602//4602 4590//4590 
f 4604//4604 4602//4602 4805//4805 
f 4806//4806 4604//4604 4805//4805 
f 4819//4819 4604//4604 4806//4806 
f 4822//4822 4821//4821 4820//4820 
f 4824//4824 4823//4823 4820//4820 
f 4824//4824 4820//4820 4821//4821 
f 4826//4826 4825//4825 4823//4823 
f 4826//4826 4823//4823 4824//4824 
f 4828//4828 4827//4827 4825//4825 
f 4828//4828 4825//4825 4826//4826 
f 4830//4830 4829//4829 4827//4827 
f 4830//4830 4827//4827 4828//4828 
f 4829//4829 4830//4830 4809//4809 
f 4807//4807 4829//4829 4809//4809 
f 4831//4831 4829//4829 4807//4807 
f 4832//4832 4807//4807 4810//4810 
f 4831//4831 4807//4807 4832//4832 
f 4607//4607 4832//4832 4606//4606 
f 4832//4832 4811//4811 4606//4606 
f 4832//4832 4810//4810 4811//4811 
f 4606//4606 4811//4811 4609//4609 
f 4609//4609 4811//4811 4812//4812 
f 4609//4609 4812//4812 4592//4592 
f 4834//4834 4833//4833 4616//4616 
f 4616//4616 4833//4833 4615//4615 
f 4616//4616 4598//4598 4813//4813 
f 4616//4616 4813//4813 4834//4834 
f 4817//4817 4815//4815 4835//4835 
f 4817//4817 4835//4835 4836//4836 
f 4837//4837 4815//4815 4818//4818 
f 4835//4835 4815//4815 4837//4837 
f 4618//4618 4837//4837 4601//4601 
f 4601//4601 4837//4837 4818//4818 
f 4819//4819 4838//4838 4604//4604 
f 4604//4604 4838//4838 4619//4619 
f 4619//4619 4839//4839 4620//4620 
f 4838//4838 4839//4839 4619//4619 
f 4820//4820 4621//4621 4822//4822 
f 4621//4621 4839//4839 4822//4822 
f 4621//4621 4620//4620 4839//4839 
f 4621//4621 4820//4820 4622//4622 
f 4622//4622 4820//4820 4823//4823 
f 4622//4622 4823//4823 4623//4623 
f 4623//4623 4823//4823 4825//4825 
f 4623//4623 4825//4825 4624//4624 
f 4624//4624 4825//4825 4827//4827 
f 4624//4624 4827//4827 4625//4625 
f 4625//4625 4827//4827 4829//4829 
f 4625//4625 4829//4829 4626//4626 
f 4626//4626 4829//4829 4831//4831 
f 4626//4626 4831//4831 4627//4627 
f 4627//4627 4831//4831 4832//4832 
f 4627//4627 4832//4832 4607//4607 
f 4841//4841 4840//4840 4628//4628 
f 4628//4628 4840//4840 4629//4629 
f 4628//4628 4615//4615 4833//4833 
f 4628//4628 4833//4833 4841//4841 
f 4844//4844 4843//4843 4842//4842 
f 4842//4842 4843//4843 4836//4836 
f 4835//4835 4842//4842 4836//4836 
f 4845//4845 4842//4842 4835//4835 
f 4632//4632 4845//4845 4631//4631 
f 4845//4845 4837//4837 4631//4631 
f 4845//4845 4835//4835 4837//4837 
f 4631//4631 4837//4837 4618//4618 
f 4848//4848 4847//4847 4846//4846 
f 4840//4840 4848//4848 4846//4846 
f 4633//4633 4840//4840 4846//4846 
f 4629//4629 4840//4840 4633//4633 
f 4851//4851 4850//4850 4849//4849 
f 4849//4849 4850//4850 4844//4844 
f 4842//4842 4849//4849 4844//4844 
f 4852//4852 4849//4849 4842//4842 
f 4636//4636 4852//4852 4635//4635 
f 4852//4852 4845//4845 4635//4635 
f 4852//4852 4842//4842 4845//4845 
f 4635//4635 4845//4845 4632//4632 
f 4846//4846 4847//4847 4639//4639 
f 4847//4847 4638//4638 4639//4639 
f 4847//4847 4853//4853 4638//4638 
f 4846//4846 4639//4639 4633//4633 
f 4851//4851 4849//4849 4854//4854 
f 4851//4851 4854//4854 4855//4855 
f 4856//4856 4849//4849 4852//4852 
f 4854//4854 4849//4849 4856//4856 
f 4641//4641 4856//4856 4636//4636 
f 4636//4636 4856//4856 4852//4852 
f 4858//4858 4857//4857 4643//4643 
f 4643//4643 4857//4857 4642//4642 
f 4643//4643 4638//4638 4853//4853 
f 4643//4643 4853//4853 4858//4858 
f 4855//4855 4854//4854 4859//4859 
f 4855//4855 4859//4859 4860//4860 
f 4646//4646 4859//4859 4645//4645 
f 4859//4859 4856//4856 4645//4645 
f 4859//4859 4854//4854 4856//4856 
f 4645//4645 4856//4856 4641//4641 
f 4857//4857 4647//4647 4642//4642 
f 4861//4861 4647//4647 4857//4857 
f 4864//4864 4863//4863 4862//4862 
f 4862//4862 4863//4863 4860//4860 
f 4862//4862 4860//4860 4859//4859 
f 4650//4650 4862//4862 4859//4859 
f 4649//4649 4650//4650 4859//4859 
f 4649//4649 4859//4859 4646//4646 
f 4866//4866 4865//4865 4653//4653 
f 4653//4653 4865//4865 4652//4652 
f 4653//4653 4647//4647 4861//4861 
f 4653//4653 4861//4861 4866//4866 
f 4869//4869 4868//4868 4867//4867 
f 4871//4871 4870//4870 4867//4867 
f 4871//4871 4867//4867 4868//4868 
f 4870//4870 4871//4871 4864//4864 
f 4870//4870 4864//4864 4862//4862 
f 4656//4656 4870//4870 4862//4862 
f 4655//4655 4656//4656 4862//4862 
f 4655//4655 4862//4862 4650//4650 
f 4872//4872 4658//4658 4659//4659 
f 4873//4873 4872//4872 4659//4659 
f 4652//4652 4873//4873 4659//4659 
f 4865//4865 4873//4873 4652//4652 
f 4876//4876 4875//4875 4874//4874 
f 4874//4874 4875//4875 4869//4869 
f 4867//4867 4874//4874 4869//4869 
f 4877//4877 4874//4874 4867//4867 
f 4662//4662 4877//4877 4661//4661 
f 4877//4877 4870//4870 4661//4661 
f 4877//4877 4867//4867 4870//4870 
f 4661//4661 4870//4870 4656//4656 
f 4879//4879 4878//4878 4872//4872 
f 4878//4878 4658//4658 4872//4872 
f 4878//4878 4664//4664 4658//4658 
f 4879//4879 4872//4872 4873//4873 
f 4882//4882 4881//4881 4880//4880 
f 4880//4880 4881//4881 4876//4876 
f 4874//4874 4880//4880 4876//4876 
f 4883//4883 4880//4880 4874//4874 
f 4667//4667 4883//4883 4666//4666 
f 4883//4883 4877//4877 4666//4666 
f 4883//4883 4874//4874 4877//4877 
f 4666//4666 4877//4877 4662//4662 
f 4884//4884 4668//4668 4669//4669 
f 4664//4664 4878//4878 4885//4885 
f 4884//4884 4664//4664 4885//4885 
f 4886//4886 4884//4884 4885//4885 
f 4669//4669 4664//4664 4884//4884 
f 4888//4888 4887//4887 4886//4886 
f 4888//4888 4886//4886 4885//4885 
f 4890//4890 4889//4889 4887//4887 
f 4890//4890 4887//4887 4888//4888 
f 4892//4892 4891//4891 4889//4889 
f 4892//4892 4889//4889 4890//4890 
f 4891//4891 4892//4892 4882//4882 
f 4880//4880 4891//4891 4882//4882 
f 4893//4893 4891//4891 4880//4880 
f 4672//4672 4893//4893 4671//4671 
f 4893//4893 4883//4883 4671//4671 
f 4893//4893 4880//4880 4883//4883 
f 4671//4671 4883//4883 4667//4667 
f 4894//4894 4674//4674 4884//4884 
f 4884//4884 4674//4674 4668//4668 
f 4895//4895 4884//4884 4886//4886 
f 4894//4894 4884//4884 4895//4895 
f 4896//4896 4886//4886 4887//4887 
f 4895//4895 4886//4886 4896//4896 
f 4897//4897 4887//4887 4889//4889 
f 4896//4896 4887//4887 4897//4897 
f 4677//4677 4897//4897 4676//4676 
f 4897//4897 4891//4891 4676//4676 
f 4897//4897 4889//4889 4891//4891 
f 4676//4676 4891//4891 4679//4679 
f 4679//4679 4891//4891 4893//4893 
f 4679//4679 4893//4893 4672//4672 
f 4894//4894 4681//4681 4674//4674 
f 4681//4681 4894//4894 4684//4684 
f 4684//4684 4894//4894 4895//4895 
f 4684//4684 4895//4895 4686//4686 
f 4686//4686 4895//4895 4896//4896 
f 4686//4686 4896//4896 4688//4688 
f 4688//4688 4896//4896 4897//4897 
f 4688//4688 4897//4897 4677//4677 
f 4898//4898 4704//4704 4705//4705 
f 4706//4706 4898//4898 4705//4705 
f 4899//4899 4710//4710 4711//4711 
f 4704//4704 4898//4898 4711//4711 
f 4898//4898 4899//4899 4711//4711 
f 4898//4898 4900//4900 4899//4899 
f 4712//4712 4901//4901 4706//4706 
f 4901//4901 4898//4898 4706//4706 
f 4901//4901 4900//4900 4898//4898 
f 4713//4713 4901//4901 4712//4712 
f 4902//4902 4717//4717 4899//4899 
f 4899//4899 4717//4717 4710//4710 
f 4903//4903 4899//4899 4900//4900 
f 4902//4902 4899//4899 4903//4903 
f 4904//4904 4900//4900 4901//4901 
f 4903//4903 4900//4900 4904//4904 
f 4719//4719 4904//4904 4713//4713 
f 4713//4713 4904//4904 4901//4901 
f 4905//4905 4722//4722 4902//4902 
f 4902//4902 4722//4722 4717//4717 
f 4906//4906 4902//4902 4903//4903 
f 4905//4905 4902//4902 4906//4906 
f 4907//4907 4903//4903 4904//4904 
f 4906//4906 4903//4903 4907//4907 
f 4724//4724 4907//4907 4719//4719 
f 4719//4719 4907//4907 4904//4904 
f 4908//4908 4731//4731 4732//4732 
f 4909//4909 4908//4908 4732//4732 
f 4909//4909 4732//4732 4722//4722 
f 4910//4910 4909//4909 4722//4722 
f 4905//4905 4910//4910 4722//4722 
f 4910//4910 4905//4905 4906//4906 
f 4910//4910 4906//4906 4911//4911 
f 4913//4913 4912//4912 4911//4911 
f 4906//4906 4913//4913 4911//4911 
f 4907//4907 4913//4913 4906//4906 
f 4733//4733 4914//4914 4724//4724 
f 4914//4914 4907//4907 4724//4724 
f 4914//4914 4913//4913 4907//4907 
f 4734//4734 4914//4914 4733//4733 
f 4916//4916 4915//4915 4908//4908 
f 4915//4915 4731//4731 4908//4908 
f 4915//4915 4744//4744 4731//4731 
f 4916//4916 4908//4908 4909//4909 
f 4912//4912 4913//4913 4917//4917 
f 4912//4912 4917//4917 4918//4918 
f 4919//4919 4913//4913 4914//4914 
f 4917//4917 4913//4913 4919//4919 
f 4746//4746 4919//4919 4734//4734 
f 4734//4734 4919//4919 4914//4914 
f 4920//4920 4755//4755 4756//4756 
f 4921//4921 4920//4920 4756//4756 
f 4744//4744 4921//4921 4756//4756 
f 4915//4915 4921//4921 4744//4744 
f 4918//4918 4917//4917 4922//4922 
f 4918//4918 4922//4922 4923//4923 
f 4924//4924 4917//4917 4919//4919 
f 4922//4922 4917//4917 4924//4924 
f 4758//4758 4924//4924 4746//4746 
f 4746//4746 4924//4924 4919//4919 
f 4925//4925 4765//4765 4766//4766 
f 4767//4767 4926//4926 4766//4766 
f 4766//4766 4926//4926 4925//4925 
f 4768//4768 4926//4926 4767//4767 
f 4928//4928 4927//4927 4920//4920 
f 4927//4927 4755//4755 4920//4920 
f 4927//4927 4770//4770 4755//4755 
f 4928//4928 4920//4920 4921//4921 
f 4923//4923 4922//4922 4929//4929 
f 4923//4923 4929//4929 4930//4930 
f 4931//4931 4922//4922 4924//4924 
f 4929//4929 4922//4922 4931//4931 
f 4771//4771 4932//4932 4758//4758 
f 4932//4932 4924//4924 4758//4758 
f 4932//4932 4931//4931 4924//4924 
f 4772//4772 4932//4932 4771//4771 
f 4933//4933 4780//4780 4781//4781 
f 4765//4765 4925//4925 4781//4781 
f 4925//4925 4933//4933 4781//4781 
f 4925//4925 4934//4934 4933//4933 
f 4935//4935 4925//4925 4926//4926 
f 4934//4934 4925//4925 4935//4935 
f 4783//4783 4935//4935 4768//4768 
f 4768//4768 4935//4935 4926//4926 
f 4927//4927 4784//4784 4770//4770 
f 4936//4936 4784//4784 4927//4927 
f 4930//4930 4929//4929 4937//4937 
f 4930//4930 4937//4937 4938//4938 
f 4939//4939 4929//4929 4931//4931 
f 4937//4937 4929//4929 4939//4939 
f 4940//4940 4931//4931 4932//4932 
f 4939//4939 4931//4931 4940//4940 
f 4785//4785 4941//4941 4772//4772 
f 4941//4941 4932//4932 4772//4772 
f 4941//4941 4940//4940 4932//4932 
f 4786//4786 4941//4941 4785//4785 
f 4942//4942 4791//4791 4792//4792 
f 4780//4780 4933//4933 4792//4792 
f 4933//4933 4942//4942 4792//4792 
f 4933//4933 4943//4943 4942//4942 
f 4944//4944 4933//4933 4934//4934 
f 4943//4943 4933//4933 4944//4944 
f 4945//4945 4934//4934 4935//4935 
f 4944//4944 4934//4934 4945//4945 
f 4794//4794 4945//4945 4783//4783 
f 4783//4783 4945//4945 4935//4935 
f 4936//4936 4796//4796 4784//4784 
f 4946//4946 4796//4796 4936//4936 
f 4947//4947 4938//4938 4937//4937 
f 4949//4949 4948//4948 4947//4947 
f 4937//4937 4949//4949 4947//4947 
f 4939//4939 4949//4949 4937//4937 
f 4950//4950 4939//4939 4940//4940 
f 4949//4949 4939//4939 4950//4950 
f 4951//4951 4940//4940 4941//4941 
f 4950//4950 4940//4940 4951//4951 
f 4798//4798 4951//4951 4786//4786 
f 4786//4786 4951//4951 4941//4941 
f 4953//4953 4952//4952 4802//4802 
f 4802//4802 4952//4952 4801//4801 
f 4802//4802 4791//4791 4942//4942 
f 4954//4954 4802//4802 4942//4942 
f 4953//4953 4802//4802 4954//4954 
f 4954//4954 4942//4942 4943//4943 
f 4954//4954 4943//4943 4955//4955 
f 4957//4957 4956//4956 4955//4955 
f 4943//4943 4957//4957 4955//4955 
f 4944//4944 4957//4957 4943//4943 
f 4958//4958 4944//4944 4945//4945 
f 4957//4957 4944//4944 4958//4958 
f 4804//4804 4958//4958 4794//4794 
f 4794//4794 4958//4958 4945//4945 
f 4946//4946 4806//4806 4796//4796 
f 4959//4959 4806//4806 4946//4946 
f 4962//4962 4961//4961 4960//4960 
f 4960//4960 4961//4961 4948//4948 
f 4949//4949 4960//4960 4948//4948 
f 4963//4963 4960//4960 4949//4949 
f 4964//4964 4949//4949 4950//4950 
f 4963//4963 4949//4949 4964//4964 
f 4809//4809 4964//4964 4808//4808 
f 4964//4964 4951//4951 4808//4808 
f 4964//4964 4950//4950 4951//4951 
f 4808//4808 4951//4951 4798//4798 
f 4967//4967 4966//4966 4965//4965 
f 4813//4813 4814//4814 4965//4965 
f 4814//4814 4967//4967 4965//4965 
f 4814//4814 4968//4968 4967//4967 
f 4814//4814 4801//4801 4952//4952 
f 4814//4814 4952//4952 4968//4968 
f 4971//4971 4970//4970 4969//4969 
f 4969//4969 4970//4970 4956//4956 
f 4957//4957 4969//4969 4956//4956 
f 4972//4972 4969//4969 4957//4957 
f 4817//4817 4972//4972 4816//4816 
f 4972//4972 4958//4958 4816//4816 
f 4972//4972 4957//4957 4958//4958 
f 4816//4816 4958//4958 4804//4804 
f 4974//4974 4819//4819 4973//4973 
f 4819//4819 4959//4959 4973//4973 
f 4819//4819 4806//4806 4959//4959 
f 4976//4976 4975//4975 4974//4974 
f 4976//4976 4974//4974 4973//4973 
f 4821//4821 4822//4822 4975//4975 
f 4976//4976 4821//4821 4975//4975 
f 4977//4977 4821//4821 4976//4976 
f 4821//4821 4978//4978 4824//4824 
f 4977//4977 4978//4978 4821//4821 
f 4960//4960 4826//4826 4962//4962 
f 4826//4826 4978//4978 4962//4962 
f 4826//4826 4824//4824 4978//4978 
f 4826//4826 4960//4960 4828//4828 
f 4828//4828 4960//4960 4963//4963 
f 4828//4828 4963//4963 4830//4830 
f 4830//4830 4963//4963 4964//4964 
f 4830//4830 4964//4964 4809//4809 
f 4965//4965 4966//4966 4834//4834 
f 4966//4966 4833//4833 4834//4834 
f 4966//4966 4979//4979 4833//4833 
f 4965//4965 4834//4834 4813//4813 
f 4971//4971 4969//4969 4980//4980 
f 4971//4971 4980//4980 4981//4981 
f 4982//4982 4969//4969 4972//4972 
f 4980//4980 4969//4969 4982//4982 
f 4836//4836 4982//4982 4817//4817 
f 4817//4817 4982//4982 4972//4972 
f 4974//4974 4838//4838 4819//4819 
f 4838//4838 4974//4974 4839//4839 
f 4839//4839 4974//4974 4975//4975 
f 4839//4839 4975//4975 4822//4822 
f 4984//4984 4983//4983 4841//4841 
f 4841//4841 4983//4983 4840//4840 
f 4841//4841 4833//4833 4979//4979 
f 4841//4841 4979//4979 4984//4984 
f 4987//4987 4986//4986 4985//4985 
f 4985//4985 4986//4986 4981//4981 
f 4980//4980 4985//4985 4981//4981 
f 4988//4988 4985//4985 4980//4980 
f 4844//4844 4988//4988 4843//4843 
f 4988//4988 4982//4982 4843//4843 
f 4988//4988 4980//4980 4982//4982 
f 4843//4843 4982//4982 4836//4836 
f 4990//4990 4989//4989 4848//4848 
f 4848//4848 4989//4989 4847//4847 
f 4848//4848 4840//4840 4983//4983 
f 4848//4848 4983//4983 4990//4990 
f 4987//4987 4985//4985 4991//4991 
f 4987//4987 4991//4991 4992//4992 
f 4851//4851 4991//4991 4850//4850 
f 4991//4991 4988//4988 4850//4850 
f 4991//4991 4985//4985 4988//4988 
f 4850//4850 4988//4988 4844//4844 
f 4989//4989 4853//4853 4847//4847 
f 4993//4993 4853//4853 4989//4989 
f 4996//4996 4995//4995 4994//4994 
f 4994//4994 4995//4995 4992//4992 
f 4991//4991 4994//4994 4992//4992 
f 4997//4997 4994//4994 4991//4991 
f 4855//4855 4997//4997 4851//4851 
f 4851//4851 4997//4997 4991//4991 
f 4998//4998 4857//4857 4858//4858 
f 4999//4999 4998//4998 4858//4858 
f 4853//4853 4999//4999 4858//4858 
f 4993//4993 4999//4999 4853//4853 
f 5002//5002 5001//5001 5000//5000 
f 5000//5000 5001//5001 4996//4996 
f 4994//4994 5000//5000 4996//4996 
f 5003//5003 5000//5000 4994//4994 
f 5004//5004 4994//4994 4997//4997 
f 5003//5003 4994//4994 5004//5004 
f 4860//4860 5004//5004 4855//4855 
f 4855//4855 5004//5004 4997//4997 
f 5005//5005 4861//4861 4998//4998 
f 4998//4998 4861//4861 4857//4857 
f 4998//4998 4999//4999 5006//5006 
f 4998//4998 5006//5006 5005//5005 
f 5009//5009 5008//5008 5007//5007 
f 5007//5007 5008//5008 5002//5002 
f 5000//5000 5007//5007 5002//5002 
f 5010//5010 5007//5007 5000//5000 
f 5011//5011 5000//5000 5003//5003 
f 5010//5010 5000//5000 5011//5011 
f 4864//4864 5011//5011 4863//4863 
f 5011//5011 5004//5004 4863//4863 
f 5011//5011 5003//5003 5004//5004 
f 4863//4863 5004//5004 4860//4860 
f 5012//5012 4865//4865 4866//4866 
f 4861//4861 5005//5005 4866//4866 
f 5005//5005 5012//5012 4866//4866 
f 5005//5005 5013//5013 5012//5012 
f 5005//5005 5006//5006 5014//5014 
f 5005//5005 5014//5014 5013//5013 
f 5017//5017 5016//5016 5015//5015 
f 5015//5015 5016//5016 5009//5009 
f 5007//5007 5015//5015 5009//5009 
f 5018//5018 5015//5015 5007//5007 
f 4869//4869 5018//5018 4868//4868 
f 5018//5018 5010//5010 4868//4868 
f 5018//5018 5007//5007 5010//5010 
f 4868//4868 5010//5010 4871//4871 
f 4871//4871 5010//5010 5011//5011 
f 4871//4871 5011//5011 4864//4864 
f 5019//5019 4873//4873 5012//5012 
f 5012//5012 4873//4873 4865//4865 
f 5020//5020 5012//5012 5013//5013 
f 5019//5019 5012//5012 5020//5020 
f 5013//5013 5014//5014 5021//5021 
f 5022//5022 5013//5013 5021//5021 
f 5020//5020 5013//5013 5022//5022 
f 5022//5022 5021//5021 5017//5017 
f 5015//5015 5022//5022 5017//5017 
f 5023//5023 5022//5022 5015//5015 
f 4876//4876 5023//5023 4875//4875 
f 5023//5023 5018//5018 4875//4875 
f 5023//5023 5015//5015 5018//5018 
f 4875//4875 5018//5018 4869//4869 
f 5024//5024 4878//4878 4879//4879 
f 4873//4873 5019//5019 4879//4879 
f 5019//5019 5024//5024 4879//4879 
f 5019//5019 5025//5025 5024//5024 
f 5026//5026 5019//5019 5020//5020 
f 5025//5025 5019//5019 5026//5026 
f 5027//5027 5020//5020 5022//5022 
f 5026//5026 5020//5020 5027//5027 
f 4882//4882 5027//5027 4881//4881 
f 5027//5027 5023//5023 4881//4881 
f 5027//5027 5022//5022 5023//5023 
f 4881//4881 5023//5023 4876//4876 
f 5024//5024 4885//4885 4878//4878 
f 4885//4885 5024//5024 4888//4888 
f 4888//4888 5024//5024 5025//5025 
f 4888//4888 5025//5025 4890//4890 
f 4890//4890 5025//5025 5026//5026 
f 4890//4890 5026//5026 4892//4892 
f 4892//4892 5026//5026 5027//5027 
f 4892//4892 5027//5027 4882//4882 
f 5028//5028 4909//4909 4910//4910 
f 4911//4911 5029//5029 4910//4910 
f 4910//4910 5029//5029 5028//5028 
f 4912//4912 5029//5029 4911//4911 
f 5030//5030 4915//4915 4916//4916 
f 4909//4909 5028//5028 4916//4916 
f 5028//5028 5030//5030 4916//4916 
f 5028//5028 5031//5031 5030//5030 
f 5032//5032 5028//5028 5029//5029 
f 5031//5031 5028//5028 5032//5032 
f 4918//4918 5032//5032 4912//4912 
f 4912//4912 5032//5032 5029//5029 
f 5033//5033 4921//4921 5030//5030 
f 5030//5030 4921//4921 4915//4915 
f 5034//5034 5030//5030 5031//5031 
f 5033//5033 5030//5030 5034//5034 
f 5035//5035 5031//5031 5032//5032 
f 5034//5034 5031//5031 5035//5035 
f 4923//4923 5035//5035 4918//4918 
f 4918//4918 5035//5035 5032//5032 
f 5036//5036 4927//4927 4928//4928 
f 5037//5037 5036//5036 4928//4928 
f 5037//5037 4928//4928 4921//4921 
f 5038//5038 5037//5037 4921//4921 
f 5033//5033 5038//5038 4921//4921 
f 5040//5040 5039//5039 5038//5038 
f 5033//5033 5040//5040 5038//5038 
f 5034//5034 5040//5040 5033//5033 
f 5041//5041 5034//5034 5035//5035 
f 5040//5040 5034//5034 5041//5041 
f 4930//4930 5041//5041 4923//4923 
f 4923//4923 5041//5041 5035//5035 
f 5042//5042 4936//4936 5036//5036 
f 5036//5036 4936//4936 4927//4927 
f 5036//5036 5037//5037 5043//5043 
f 5036//5036 5043//5043 5042//5042 
f 5044//5044 5039//5039 5040//5040 
f 5046//5046 5045//5045 5044//5044 
f 5040//5040 5046//5046 5044//5044 
f 5041//5041 5046//5046 5040//5040 
f 4938//4938 5046//5046 4930//4930 
f 4930//4930 5046//5046 5041//5041 
f 5047//5047 4946//4946 5042//5042 
f 5042//5042 4946//4946 4936//4936 
f 5042//5042 5043//5043 5048//5048 
f 5042//5042 5048//5048 5047//5047 
f 5045//5045 5046//5046 5049//5049 
f 5045//5045 5049//5049 5050//5050 
f 4947//4947 5051//5051 4938//4938 
f 5051//5051 5046//5046 4938//4938 
f 5051//5051 5049//5049 5046//5046 
f 4948//4948 5051//5051 4947//4947 
f 5052//5052 4952//4952 4953//4953 
f 4954//4954 5053//5053 4953//4953 
f 4953//4953 5053//5053 5052//5052 
f 4955//4955 5054//5054 4954//4954 
f 4954//4954 5054//5054 5053//5053 
f 4956//4956 5054//5054 4955//4955 
f 5055//5055 4959//4959 5047//5047 
f 5047//5047 4959//4959 4946//4946 
f 5047//5047 5048//5048 5056//5056 
f 5057//5057 5047//5047 5056//5056 
f 5055//5055 5047//5047 5057//5057 
f 5059//5059 5058//5058 5057//5057 
f 5059//5059 5057//5057 5056//5056 
f 5058//5058 5059//5059 5050//5050 
f 5049//5049 5058//5058 5050//5050 
f 5060//5060 5058//5058 5049//5049 
f 4962//4962 5060//5060 4961//4961 
f 5060//5060 5051//5051 4961//4961 
f 5060//5060 5049//5049 5051//5051 
f 4961//4961 5051//5051 4948//4948 
f 5061//5061 4966//4966 4967//4967 
f 5061//5061 4967//4967 5062//5062 
f 4967//4967 5063//5063 5062//5062 
f 4967//4967 4968//4968 5063//5063 
f 5063//5063 4968//4968 4952//4952 
f 5064//5064 5063//5063 4952//4952 
f 5052//5052 5064//5064 4952//4952 
f 5063//5063 5064//5064 5065//5065 
f 5066//5066 5052//5052 5053//5053 
f 5064//5064 5052//5052 5066//5066 
f 4971//4971 5066//5066 4970//4970 
f 5066//5066 5054//5054 4970//4970 
f 5066//5066 5053//5053 5054//5054 
f 4970//4970 5054//5054 4956//4956 
f 5055//5055 4973//4973 4959//4959 
f 4973//4973 5055//5055 4976//4976 
f 4976//4976 5055//5055 5057//5057 
f 4976//4976 5057//5057 4977//4977 
f 4977//4977 5057//5057 5058//5058 
f 4977//4977 5058//5058 4978//4978 
f 4978//4978 5058//5058 5060//5060 
f 4978//4978 5060//5060 4962//4962 
f 5068//5068 5067//5067 5061//5061 
f 5067//5067 4966//4966 5061//5061 
f 5067//5067 4979//4979 4966//4966 
f 5068//5068 5061//5061 5062//5062 
f 5065//5065 5064//5064 5069//5069 
f 5065//5065 5069//5069 5070//5070 
f 5071//5071 5064//5064 5066//5066 
f 5069//5069 5064//5064 5071//5071 
f 4981//4981 5071//5071 4971//4971 
f 4971//4971 5071//5071 5066//5066 
f 5073//5073 5072//5072 4984//4984 
f 4984//4984 5072//5072 4983//4983 
f 4984//4984 4979//4979 5067//5067 
f 4984//4984 5067//5067 5073//5073 
f 5070//5070 5069//5069 5074//5074 
f 5070//5070 5074//5074 5075//5075 
f 4987//4987 5074//5074 4986//4986 
f 5074//5074 5071//5071 4986//4986 
f 5074//5074 5069//5069 5071//5071 
f 4986//4986 5071//5071 4981//4981 
f 5076//5076 4989//4989 4990//4990 
f 5077//5077 5076//5076 4990//4990 
f 4983//4983 5077//5077 4990//4990 
f 5072//5072 5077//5077 4983//4983 
f 5080//5080 5079//5079 5078//5078 
f 5078//5078 5079//5079 5075//5075 
f 5074//5074 5078//5078 5075//5075 
f 5081//5081 5078//5078 5074//5074 
f 4992//4992 5081//5081 4987//4987 
f 4987//4987 5081//5081 5074//5074 
f 5082//5082 4993//4993 5076//5076 
f 5076//5076 4993//4993 4989//4989 
f 5076//5076 5077//5077 5083//5083 
f 5084//5084 5076//5076 5083//5083 
f 5082//5082 5076//5076 5084//5084 
f 5086//5086 5085//5085 5084//5084 
f 5086//5086 5084//5084 5083//5083 
f 5085//5085 5086//5086 5080//5080 
f 5078//5078 5085//5085 5080//5080 
f 5087//5087 5085//5085 5078//5078 
f 4996//4996 5087//5087 4995//4995 
f 5087//5087 5081//5081 4995//4995 
f 5087//5087 5078//5078 5081//5081 
f 4995//4995 5081//5081 4992//4992 
f 5088//5088 4999//4999 5082//5082 
f 5082//5082 4999//4999 4993//4993 
f 5089//5089 5082//5082 5084//5084 
f 5088//5088 5082//5082 5089//5089 
f 5090//5090 5084//5084 5085//5085 
f 5089//5089 5084//5084 5090//5090 
f 5002//5002 5090//5090 5001//5001 
f 5090//5090 5087//5087 5001//5001 
f 5090//5090 5085//5085 5087//5087 
f 5001//5001 5087//5087 4996//4996 
f 5091//5091 5006//5006 5088//5088 
f 5088//5088 5006//5006 4999//4999 
f 5092//5092 5088//5088 5089//5089 
f 5091//5091 5088//5088 5092//5092 
f 5009//5009 5092//5092 5008//5008 
f 5092//5092 5090//5090 5008//5008 
f 5092//5092 5089//5089 5090//5090 
f 5008//5008 5090//5090 5002//5002 
f 5093//5093 5014//5014 5091//5091 
f 5091//5091 5014//5014 5006//5006 
f 5017//5017 5093//5093 5016//5016 
f 5093//5093 5092//5092 5016//5016 
f 5093//5093 5091//5091 5092//5092 
f 5016//5016 5092//5092 5009//5009 
f 5093//5093 5021//5021 5014//5014 
f 5021//5021 5093//5093 5017//5017 
f 5094//5094 5037//5037 5038//5038 
f 5039//5039 5094//5094 5038//5038 
f 5095//5095 5043//5043 5094//5094 
f 5094//5094 5043//5043 5037//5037 
f 5044//5044 5096//5096 5039//5039 
f 5096//5096 5094//5094 5039//5039 
f 5096//5096 5095//5095 5094//5094 
f 5045//5045 5096//5096 5044//5044 
f 5097//5097 5048//5048 5095//5095 
f 5095//5095 5048//5048 5043//5043 
f 5098//5098 5095//5095 5096//5096 
f 5097//5097 5095//5095 5098//5098 
f 5050//5050 5098//5098 5045//5045 
f 5045//5045 5098//5098 5096//5096 
f 5097//5097 5056//5056 5048//5048 
f 5056//5056 5097//5097 5059//5059 
f 5059//5059 5097//5097 5098//5098 
f 5059//5059 5098//5098 5050//5050 
f 5099//5099 5062//5062 5063//5063 
f 5065//5065 5099//5099 5063//5063 
f 5100//5100 5067//5067 5068//5068 
f 5062//5062 5099//5099 5068//5068 
f 5099//5099 5100//5100 5068//5068 
f 5099//5099 5101//5101 5100//5100 
f 5070//5070 5101//5101 5065//5065 
f 5065//5065 5101//5101 5099//5099 
f 5102//5102 5072//5072 5073//5073 
f 5067//5067 5100//5100 5073//5073 
f 5100//5100 5102//5102 5073//5073 
f 5100//5100 5103//5103 5102//5102 
f 5104//5104 5100//5100 5101//5101 
f 5103//5103 5100//5100 5104//5104 
f 5075//5075 5104//5104 5070//5070 
f 5070//5070 5104//5104 5101//5101 
f 5105//5105 5077//5077 5102//5102 
f 5102//5102 5077//5077 5072//5072 
f 5106//5106 5102//5102 5103//5103 
f 5105//5105 5102//5102 5106//5106 
f 5080//5080 5106//5106 5079//5079 
f 5106//5106 5104//5104 5079//5079 
f 5106//5106 5103//5103 5104//5104 
f 5079//5079 5104//5104 5075//5075 
f 5105//5105 5083//5083 5077//5077 
f 5083//5083 5105//5105 5086//5086 
f 5086//5086 5105//5105 5106//5106 
f 5086//5086 5106//5106 5080//5080 
