v -0.7188712358 1.178338647 2.95429039
vn 0.9612321854 0.2700346708 -0.05580274761
v -0.7170419693 1.178338647 2.929634094
vn 0.9761606455 0.1090028286 0.1876933128
v -0.7170419693 1.174632788 2.95429039
vn 0.8853009939 0.464630276 0.01899522543
v -0.7170419693 1.178338647 2.96081996
vn 0.8587266803 0.4454628527 -0.2532810867
v -0.7264007926 1.214350939 2.95429039
vn 0.9893943667 0.07613499463 0.1237024963
v -0.7170419693 1.214350939 2.923944235
vn 0.9226607084 -0.09379127622 0.3740326166
v -0.7170419693 1.195486188 2.990302801
vn 0.8792744279 0.4157235324 -0.2324874699
v -0.7253934145 1.214350939 2.990302801
vn 0.9653171301 0.2322648615 -0.1192301288
v -0.7170419693 1.214350939 3.02576232
vn 0.8814396262 0.416579634 -0.2225434035
v -0.7243125439 1.250363231 2.95429039
vn 0.9551822543 -0.1650785953 0.245715186
v -0.7170419693 1.250363231 2.940056801
vn 0.8338792324 -0.2622665763 0.485655874
v -0.7299591303 1.250363231 2.990302801
vn 0.9971709847 -0.07181733847 0.02218820155
v -0.7170419693 1.214788437 3.026314974
vn 0.9294829965 0.2696247101 -0.2517218888
v -0.7273445725 1.250363231 3.026314974
vn 0.9792542458 0.05694385618 -0.1944697648
v -0.7170419693 1.250363231 3.059766769
vn 0.9513426423 0.08203609288 -0.297013849
v -0.7170419693 1.27282691 2.95429039
vn 0.9014807343 -0.3061128259 0.3059859574
v -0.7216355205 1.286375523 2.990302801
vn 0.9526124001 -0.281393975 0.1155294701
v -0.7170419693 1.286375523 2.972200632
vn 0.8269428611 -0.5118818283 0.232685402
v -0.7213867307 1.286375523 3.026314974
vn 0.9646309614 -0.2536898851 -0.07161426544
v -0.7170419693 1.286375523 3.045728683
vn 0.9533312321 -0.1620836407 -0.254732132
v -0.7170419693 1.293544412 2.990302801
vn 0.8196690679 -0.570599854 0.0505810082
v -0.7170419693 1.293394089 3.026314974
vn 0.8226163387 -0.559643507 -0.1005060896
v -0.6904689074 1.106313944 2.882265806
vn 0.9446134567 0.303774327 0.1242036596
v -0.6810296178 1.106313944 2.858948231
vn 0.8696405888 0.06254328787 0.4897076786
v -0.6810296178 1.080791116 2.882265806
vn 0.9218505025 0.3653374016 0.1293068677
v -0.6810296178 1.096418381 2.918278217
vn 0.803022325 0.5163778067 -0.2975048423
v -0.6877093911 1.106313944 2.918278217
vn 0.8488276601 0.4997063875 -0.1725837141
v -0.6810296178 1.106313944 2.934000492
vn 0.7243951559 0.5954564214 -0.3473950624
v -0.6948216558 1.142326236 2.882265806
vn 0.9001232386 0.07836636156 0.4285286963
v -0.6810296178 1.142326236 2.863010883
vn 0.7497997284 -0.1030060053 0.6535978317
v -0.7056725621 1.142326236 2.918278217
vn 0.9460594654 0.3215095699 0.04003888741
v -0.6810296178 1.117476463 2.95429039
vn 0.7435905933 0.5843468904 -0.3249795735
v -0.7000116706 1.142326236 2.95429039
vn 0.8517590165 0.478795588 -0.2127472013
v -0.6810296178 1.137653947 2.990302801
vn 0.7110581994 0.598685503 -0.3687436879
v -0.6848636866 1.142326236 2.990302801
vn 0.7703025937 0.5313182473 -0.3526115119
v -0.6810296178 1.142326236 2.996864557
vn 0.691989243 0.585962832 -0.4216614962
v -0.6939855814 1.178338647 2.882265806
vn 0.8006163836 -0.08940463513 0.5924696326
v -0.6810296178 1.178338647 2.868876219
vn 0.6511948109 -0.1982924044 0.7325472236
v -0.7161291838 1.178338647 2.918278217
vn 0.9468721747 0.1808114499 0.2659704685
v -0.7083249092 1.178338647 2.990302801
vn 0.8132600784 0.4938456416 -0.3077735007
v -0.6810296178 1.163689613 3.026314974
vn 0.6959856749 0.583579421 -0.4183766544
v -0.692717433 1.178338647 3.026314974
vn 0.7609428167 0.5379384756 -0.3627509773
v -0.6810296178 1.178338647 3.047289371
vn 0.6939342618 0.5924454331 -0.4092232287
v -0.6848396063 1.214350939 2.882265806
vn 0.7341372371 -0.2176378965 0.6431767344
v -0.6810296178 1.214350939 2.878822565
vn 0.5956335664 -0.2572852075 0.7609369159
v -0.7148638368 1.214350939 2.918278217
vn 0.8220015764 -0.1478548795 0.5499567389
v -0.7168838382 1.214350939 3.026314974
vn 0.8096652031 0.4695878327 -0.3520363271
v -0.6810296178 1.188590407 3.062327385
vn 0.7240774035 0.5789099932 -0.374933511
v -0.7010548115 1.214350939 3.062327385
vn 0.8066974878 0.4569060802 -0.3748012185
v -0.6810296178 1.210191131 3.098339796
vn 0.7205144167 0.5935799479 -0.358499378
v -0.6842340827 1.214350939 3.098339796
vn 0.8401779532 0.3875964284 -0.379301995
v -0.6810296178 1.214350939 3.104603052
vn 0.7620332241 0.5163630843 -0.390735954
v -0.6810296178 1.222678185 2.882265806
vn 0.6720280647 -0.2975763083 0.6781051755
v -0.703590095 1.250363231 2.918278217
vn 0.7620497942 -0.2871996462 0.5803416967
v -0.6810296178 1.250363231 2.894280672
vn 0.6688265204 -0.3042442501 0.6783115268
v -0.7161168456 1.250363231 3.062327385
vn 0.9161227942 0.1439476162 -0.3741631806
v -0.6998140216 1.250363231 3.098339796
vn 0.9006270766 0.1988796145 -0.3864165246
v -0.6810296178 1.242834687 3.134351969
vn 0.8094736934 0.4234171808 -0.4067803621
v -0.6846989393 1.250363231 3.134351969
vn 0.9017403722 0.2034422904 -0.3814125359
v -0.6810296178 1.250363231 3.142184258
vn 0.8723614812 0.2655190229 -0.4104693234
v -0.6880040765 1.286375523 2.918278217
vn 0.7407331467 -0.3908098936 0.5464265943
v -0.6810296178 1.286375523 2.910898685
vn 0.6510123014 -0.3435101509 0.6768927574
v -0.7118512988 1.286375523 2.95429039
vn 0.798871994 -0.4495359361 0.3996510506
v -0.7131074667 1.286375523 3.062327385
vn 0.8906831145 -0.384132117 -0.243158713
v -0.6996232271 1.286375523 3.098339796
vn 0.9168393612 -0.1861013919 -0.3532305658
v -0.6865727305 1.286375523 3.134351969
vn 0.9236909151 -0.1529340297 -0.3512922227
v -0.6810296178 1.286375523 3.148838997
vn 0.9220915437 0.01318644453 -0.3867470622
v -0.6810296178 1.297650814 2.918278217
vn 0.6946750879 -0.4220663309 0.5824831128
v -0.687722981 1.322387815 2.95429039
vn 0.7727456093 -0.523501575 0.3589015901
v -0.6810296178 1.322387815 2.943057299
vn 0.7436574101 -0.4958723187 0.4484242499
v -0.6961477399 1.322387815 2.990302801
vn 0.7859492898 -0.6027223468 0.1378750205
v -0.6969460249 1.322387815 3.026314974
vn 0.8023735285 -0.5944278836 -0.05340653658
v -0.6931120157 1.322387815 3.062327385
vn 0.8144119382 -0.5619781613 -0.1446159929
v -0.6830441356 1.322387815 3.098339796
vn 0.843982935 -0.4566165805 -0.2814145386
v -0.6810296178 1.322387815 3.10340023
vn 0.7533423305 -0.59135741 -0.2877007723
v -0.6810296178 1.298451662 3.134351969
vn 0.8441274166 -0.4217091799 -0.3310744762
v -0.6810296178 1.330217123 2.95429039
vn 0.7493747473 -0.6114072204 0.2542021275
v -0.6810296178 1.338597894 2.990302801
vn 0.7180778384 -0.6936029196 0.05726429075
v -0.6810296178 1.339271903 3.026314974
vn 0.7077745199 -0.7051056027 -0.04337446392
v -0.6810296178 1.335953236 3.062327385
vn 0.699116528 -0.6976442933 -0.1566159427
v -0.6810296178 1.324844956 3.098339796
vn 0.6907783747 -0.6849967241 -0.2315268517
v -0.6480597854 1.03428936 2.810241222
vn 0.8933804035 0.2774508297 0.3534013927
v -0.6450173259 1.03428936 2.805720329
vn 0.7801559567 -0.01659488678 0.6253649592
v -0.6450173259 1.025721073 2.810241222
vn 0.8845108151 0.3037231565 0.3541084826
v -0.6450173259 1.014149308 2.846253633
vn 0.8832076788 0.4688752592 0.01000865642
v -0.65753299 1.03428936 2.846253633
vn 0.8740009069 0.4842380583 0.04044594988
v -0.6450173259 1.02648294 2.882265806
vn 0.7664399147 0.5769191384 -0.2823723853
v -0.6515048742 1.03428936 2.882265806
vn 0.7759457827 0.5725553036 -0.2647424936
v -0.6450173259 1.03428936 2.894636631
vn 0.7199146748 0.5837839246 -0.3753920197
v -0.6499456763 1.070301652 2.810241222
vn 0.8156109452 -0.009374538437 0.5785247684
v -0.6450173259 1.070301652 2.804806232
vn 0.7292431593 -0.05791628361 0.6817991734
v -0.6724922657 1.070301652 2.846253633
vn 0.9276820421 0.1870877147 0.3231163919
v -0.6765672565 1.070301652 2.882265806
vn 0.8910025358 0.4443233311 -0.09322698414
v -0.6450173259 1.049568772 2.918278217
vn 0.712210238 0.5806292892 -0.3944949508
v -0.661973238 1.070301652 2.918278217
vn 0.74702245 0.5579413176 -0.3614677489
v -0.6450173259 1.070301652 2.946984291
vn 0.7149992585 0.5607150197 -0.4175820053
v -0.6450173259 1.08750999 2.810241222
vn 0.6944938898 -0.2259920388 0.6830855608
v -0.6747467518 1.106313944 2.846253633
vn 0.8485522866 -0.03079303168 0.5282147527
v -0.6450173259 1.106313944 2.815855265
vn 0.6814892292 -0.1920036077 0.706191957
v -0.6450173259 1.075435519 2.95429039
vn 0.7137711644 0.5998653769 -0.3615139127
v -0.6715167761 1.106313944 2.95429039
vn 0.7092398405 0.6135750413 -0.3471376598
v -0.6450173259 1.096673846 2.990302801
vn 0.6946704388 0.6118088365 -0.3783158958
v -0.653796494 1.106313944 2.990302801
vn 0.6989550591 0.6142243147 -0.366320014
v -0.6450173259 1.106313944 3.004852533
vn 0.6866313815 0.6006669998 -0.4095565379
v -0.6667562723 1.142326236 2.846253633
vn 0.7225835919 -0.1761022955 0.6684765816
v -0.6450173259 1.142326236 2.82616663
vn 0.6493272185 -0.212075755 0.7303410769
v -0.6450173259 1.121305585 3.026314974
vn 0.6895004511 0.5899538994 -0.4201707542
v -0.6629917622 1.142326236 3.026314974
vn 0.6897187233 0.5860309601 -0.4252714515
v -0.6450173259 1.142326236 3.055270433
vn 0.6903559566 0.5852822065 -0.4252685905
v -0.6559413075 1.178338647 2.846253633
vn 0.6713570952 -0.2087627798 0.711124301
v -0.6450173259 1.178338647 2.836593628
vn 0.6314176917 -0.2471802384 0.7349922657
v -0.6450173259 1.147368073 3.062327385
vn 0.6953735948 0.6043982506 -0.3887908161
v -0.6721033454 1.178338647 3.062327385
vn 0.7042878866 0.6099599004 -0.3632182777
v -0.6450173259 1.168100595 3.098339796
vn 0.6900106668 0.6238260865 -0.3670507371
v -0.6544108391 1.178338647 3.098339796
vn 0.70955652 0.6070902944 -0.3577302694
v -0.6450173259 1.178338647 3.116052389
vn 0.6921131015 0.621976912 -0.3662296832
v -0.6450173259 1.202055097 2.846253633
vn 0.626198411 -0.2951028943 0.7216576934
v -0.6450173259 1.214350939 2.851181269
vn 0.598426342 -0.2593651712 0.7580340505
v -0.6450173259 1.189119577 3.134351969
vn 0.7120586634 0.6021504402 -0.361091882
v -0.6658704877 1.214350939 3.134351969
vn 0.7801718116 0.495148629 -0.3823085129
v -0.6450173259 1.21018827 3.17036438
vn 0.7028264999 0.603218019 -0.3770449758
v -0.6483747959 1.214350939 3.17036438
vn 0.7976719141 0.4545433521 -0.3963708878
v -0.6450173259 1.214350939 3.176008701
vn 0.716289103 0.5422264338 -0.4392271042
v -0.6675876379 1.250363231 2.882265806
vn 0.6109028459 -0.294144839 0.7350350618
v -0.6450173259 1.250363231 2.864284515
vn 0.5913283229 -0.2843204737 0.7546473742
v -0.6678875685 1.250363231 3.17036438
vn 0.8737579584 0.2887908816 -0.3913398683
v -0.6450173259 1.241393089 3.206376553
vn 0.7398563027 0.5050874352 -0.4444089532
v -0.6505897045 1.250363231 3.206376553
vn 0.8526327014 0.3256075978 -0.408652842
v -0.6450173259 1.250363231 3.216373682
vn 0.7828266025 0.42912063 -0.4505974054
v -0.6505600214 1.286375523 2.882265806
vn 0.6321772337 -0.3215616643 0.704946816
v -0.6450173259 1.286375523 2.877606392
vn 0.5981333256 -0.2798511982 0.7509459853
v -0.6727465391 1.286375523 3.17036438
vn 0.9307104349 -0.2099771202 -0.2994789779
v -0.6600047946 1.286375523 3.206376553
vn 0.9280526638 0.01843212731 -0.3719926476
v -0.6450173259 1.286375523 3.241345406
vn 0.8938598037 0.141937688 -0.4252862036
v -0.6450173259 1.296898484 2.882265806
vn 0.6634364724 -0.3551760018 0.6585606337
v -0.6660076976 1.322387815 2.918278217
vn 0.7125813961 -0.4344778061 0.5508691072
v -0.6450173259 1.322387815 2.895159006
vn 0.672108233 -0.3883590698 0.6304345727
v -0.668591857 1.322387815 3.134351969
vn 0.8126495481 -0.5132023096 -0.2760871351
v -0.6588053107 1.322387815 3.17036438
vn 0.8397021294 -0.5059556365 -0.1972541511
v -0.6515100002 1.322387815 3.206376553
vn 0.8963688016 -0.3722001016 -0.2408111542
v -0.6450173259 1.322387815 3.226113796
vn 0.9100710154 -0.227814272 -0.3462244868
v -0.6450173259 1.355651259 2.918278217
vn 0.7371998429 -0.5112040639 0.4418221414
v -0.6577562094 1.358400106 2.95429039
vn 0.7488337755 -0.6326088905 0.1976208091
v -0.6450173259 1.358400106 2.922400713
vn 0.7088864446 -0.6426737905 0.2906034291
v -0.6618663669 1.358400106 2.990302801
vn 0.7278875113 -0.682898581 0.06188096106
v -0.6611542106 1.358400106 3.026314974
vn 0.6914172173 -0.7216287851 -0.03455586731
v -0.6570661664 1.358400106 3.062327385
vn 0.6668251157 -0.7368947864 -0.1110420898
v -0.6473264694 1.358400106 3.098339796
vn 0.6715575457 -0.7134637237 -0.1999499798
v -0.6450173259 1.358400106 3.10429883
vn 0.6807785034 -0.6885498166 -0.249879539
v -0.6450173259 1.347981811 3.134351969
vn 0.7108885646 -0.6716314554 -0.2086829692
v -0.6450173259 1.339161515 3.17036438
vn 0.7554298639 -0.6407782435 -0.1368537843
v -0.6450173259 1.33150959 3.206376553
vn 0.7651166916 -0.6110295057 -0.2030749023
v -0.6450173259 1.372431755 2.95429039
vn 0.7132386565 -0.6909346581 0.1178979278
v -0.6450173259 1.375067711 2.990302801
vn 0.6689002514 -0.7428670526 -0.02685208246
v -0.6450173259 1.372793913 3.026314974
vn 0.6021081805 -0.7910628319 -0.1080986261
v -0.6450173259 1.368074179 3.062327385
vn 0.5513187051 -0.8215731382 -0.145138666
v -0.6450173259 1.36026597 3.098339796
vn 0.5714037418 -0.802690804 -0.1708367616
v -0.6173583269 0.9622647166 2.810241222
vn 0.8767325282 0.4722086787 0.09142762423
v -0.609005034 0.9622647166 2.776376247
vn 0.898003459 0.3800268769 0.2217416018
v -0.609005034 0.9508202076 2.810241222
vn 0.8039636016 0.5938847661 0.03071492352
v -0.609005034 0.959287405 2.846253633
vn 0.7547698021 0.6113538146 -0.2378426194
v -0.6113979816 0.9622647166 2.846253633
vn 0.8017621636 0.5479725003 -0.2385446131
v -0.609005034 0.9622647166 2.851506472
vn 0.7279983759 0.5970583558 -0.336956501
v -0.6201817989 0.9982770681 2.774228811
vn 0.8817011118 0.2498525679 0.4002209902
v -0.609005034 0.9982770681 2.759767056
vn 0.7590248585 0.07997275144 0.6461312771
v -0.609005034 0.9639062285 2.774228811
vn 0.7691051364 0.2559482753 0.5856345296
v -0.6357411146 0.9982770681 2.810241222
vn 0.9016436338 0.3439727724 0.2621478736
v -0.63501513 0.9982770681 2.846253633
vn 0.8295087814 0.5343626142 -0.1623940319
v -0.609005034 0.9806501865 2.882265806
vn 0.7409886718 0.5677292347 -0.358635366
v -0.6224226952 0.9982770681 2.882265806
vn 0.7610935569 0.5670226812 -0.3149950802
v -0.609005034 0.9982770681 2.908237219
vn 0.728153348 0.5702608228 -0.3802568614
v -0.623071909 1.03428936 2.774228811
vn 0.8239645362 0.04226451367 0.5650629401
v -0.609005034 1.03428936 2.75906539
vn 0.7016451359 -0.1095656082 0.7040521502
v -0.609005034 1.004964948 2.918278217
vn 0.7217511535 0.5801379681 -0.3775118589
v -0.6326130629 1.03428936 2.918278217
vn 0.723277092 0.5716435909 -0.3874195218
v -0.609005034 1.028463125 2.95429039
vn 0.7106207013 0.574149549 -0.4066577256
v -0.6136779785 1.03428936 2.95429039
vn 0.7269448638 0.5603007078 -0.3970066309
v -0.609005034 1.03428936 2.961932659
vn 0.6902984381 0.5790144205 -0.4338552356
v -0.6162762046 1.070301652 2.774228811
vn 0.739625752 -0.1415526718 0.6579639912
v -0.609005034 1.070301652 2.767019272
vn 0.6666709185 -0.2068160921 0.7160844803
v -0.6406851411 1.070301652 2.95429039
vn 0.723685503 0.5730280876 -0.3846012056
v -0.609005034 1.055260897 2.990302801
vn 0.6883497834 0.5879579186 -0.4248295128
v -0.621625185 1.070301652 2.990302801
vn 0.7080944777 0.5858681202 -0.3941583037
v -0.609005034 1.070301652 3.011756182
vn 0.6852445006 0.6016128063 -0.4104899168
v -0.609005034 1.086791515 2.774228811
vn 0.6589471102 -0.2858499289 0.6957575083
v -0.6390586495 1.106313944 2.810241222
vn 0.6651197076 -0.2387010008 0.7075574994
v -0.609005034 1.106313944 2.782661676
vn 0.6464936137 -0.2523819804 0.7199648619
v -0.609005034 1.079953313 3.026314974
vn 0.6878859401 0.6131212115 -0.3884524107
v -0.632401228 1.106313944 3.026314974
vn 0.7066136003 0.5887795091 -0.3924741149
v -0.609005034 1.101254463 3.062327385
vn 0.6926494837 0.6097435355 -0.3852915168
v -0.6133054495 1.106313944 3.062327385
vn 0.7232921124 0.5665558577 -0.3947948813
v -0.609005034 1.106313944 3.069401264
vn 0.6870420575 0.5888161063 -0.4257567525
v -0.6269578338 1.142326236 2.810241222
vn 0.6483423114 -0.2261847258 0.7269750237
v -0.609005034 1.142326236 2.794587851
vn 0.6199797988 -0.252384007 0.7429181337
v -0.6407282948 1.142326236 3.062327385
vn 0.7197656631 0.5788549185 -0.383228898
v -0.609005034 1.127268314 3.098339796
vn 0.6871747971 0.5927450657 -0.4200525284
v -0.6217360497 1.142326236 3.098339796
vn 0.7053948641 0.5920557976 -0.3897281289
v -0.609005034 1.142326236 3.12032032
vn 0.6824687123 0.6100988984 -0.4025118649
v -0.6140215993 1.178338647 2.810241222
vn 0.6309985518 -0.2481857091 0.7350133657
v -0.609005034 1.178338647 2.806018353
vn 0.6007120013 -0.2581878006 0.7566268444
v -0.609005034 1.1510638 3.134351969
vn 0.6767262816 0.6427994967 -0.3589572906
v -0.6351652741 1.178338647 3.134351969
vn 0.6889015436 0.6351511478 -0.3492816985
v -0.609005034 1.169614077 3.17036438
vn 0.676915288 0.6462699175 -0.3523079455
v -0.6173955202 1.178338647 3.17036438
vn 0.6965214014 0.6182090044 -0.3642465472
v -0.609005034 1.178338647 3.18437624
vn 0.6857268214 0.6063358784 -0.4026606083
v -0.609005034 1.188708425 2.810241222
vn 0.6190567017 -0.2994148135 0.7260299921
v -0.6390443444 1.214350939 2.846253633
vn 0.6160703301 -0.2945928276 0.7305288315
v -0.609005034 1.214350939 2.820869923
vn 0.6286477447 -0.2865449488 0.7229757905
v -0.609005034 1.193547726 3.206376553
vn 0.6933369637 0.5850773454 -0.4206760824
v -0.6263363957 1.214350939 3.206376553
vn 0.717118144 0.539761126 -0.4409075379
v -0.609005034 1.214350939 3.234581232
vn 0.713555634 0.5503455997 -0.4335412681
v -0.622214973 1.250363231 2.846253633
vn 0.6088632345 -0.2880375683 0.7391345501
v -0.609005034 1.250363231 2.834991693
vn 0.6378393173 -0.2898333967 0.7135528326
v -0.609005034 1.220563412 3.242388964
vn 0.7442106605 0.5290991664 -0.407681942
v -0.6301802993 1.250363231 3.242388964
vn 0.8090722561 0.4117883742 -0.4193237722
v -0.609005034 1.245554566 3.278401136
vn 0.7503412962 0.5393564701 -0.3822074234
v -0.612428546 1.250363231 3.278401136
vn 0.8367800117 0.347317338 -0.4232846498
v -0.609005034 1.250363231 3.284706354
vn 0.7914531827 0.4388171136 -0.4254896641
v -0.609005034 1.276844144 2.846253633
vn 0.6253374219 -0.3030206561 0.7191185951
v -0.609005034 1.286375523 2.850226164
vn 0.6012458205 -0.2615668178 0.755040586
v -0.644508183 1.286375523 3.242388964
vn 0.9041028619 0.01966862008 -0.4268620312
v -0.6265023351 1.286375523 3.278401136
vn 0.8847593665 0.1345523447 -0.4462022781
v -0.609005034 1.286375523 3.312473536
vn 0.8676431775 0.2010881454 -0.4547074735
v -0.6322551966 1.322387815 2.882265806
vn 0.6752619147 -0.3369144499 0.6561325788
v -0.609005034 1.322387815 2.861783028
vn 0.6436203718 -0.2600284815 0.719817996
v -0.6392427087 1.322387815 3.242388964
vn 0.8247992396 -0.4615502656 -0.3266153336
v -0.6223695278 1.322387815 3.278401136
vn 0.853756547 -0.324549526 -0.4071453214
v -0.609005034 1.322387815 3.304715157
vn 0.8688310385 -0.2066954076 -0.4498995841
v -0.6158604622 1.358400106 2.882265806
vn 0.7044733763 -0.3997051716 0.5864750743
v -0.609005034 1.358400106 2.875230789
vn 0.6833965182 -0.2918275893 0.6691830158
v -0.6432328224 1.358400106 2.918278217
vn 0.7364302874 -0.4946166575 0.4615460932
v -0.6339539886 1.358400106 3.134351969
vn 0.6436628699 -0.7443273664 -0.177974239
v -0.6273074746 1.358400106 3.17036438
vn 0.6896960139 -0.7158669829 -0.1088754088
v -0.6228655577 1.358400106 3.206376553
vn 0.7365791202 -0.6545011997 -0.1705266684
v -0.6122643948 1.358400106 3.242388964
vn 0.7473002076 -0.6027655005 -0.2796714902
v -0.609005034 1.358400106 3.249319553
vn 0.7495921254 -0.5772892833 -0.3238034248
v -0.609005034 1.341970801 3.278401136
vn 0.7451897264 -0.5567949414 -0.3669764102
v -0.609005034 1.369356394 2.882265806
vn 0.7082352638 -0.4156534672 0.5706443787
v -0.6157976985 1.394412518 2.918278217
vn 0.7430176735 -0.5547896028 0.3743438125
v -0.609005034 1.394412518 2.907041788
vn 0.7449926138 -0.4936775565 0.4486295879
v -0.6243999004 1.394412518 2.95429039
vn 0.735041678 -0.6629321575 0.1422487497
v -0.6240953803 1.394412518 2.990302801
vn 0.6871580482 -0.7252912521 -0.04202880338
v -0.6167122126 1.394412518 3.026314974
vn 0.6278325319 -0.7673529983 -0.1303676367
v -0.609005034 1.394412518 3.048105717
vn 0.5907201767 -0.7793783545 -0.2088517994
v -0.609005034 1.390648603 3.062327385
vn 0.5501825809 -0.82239604 -0.1447892189
v -0.609005034 1.384121895 3.098339796
vn 0.5650139451 -0.813824892 -0.1358246207
v -0.609005034 1.379207134 3.134351969
vn 0.6240785122 -0.7723350525 -0.1184253618
v -0.609005034 1.37559247 3.17036438
vn 0.645195961 -0.7581477165 -0.09452106804
v -0.609005034 1.371261358 3.206376553
vn 0.6107419133 -0.7727861404 -0.172614947
v -0.609005034 1.361362815 3.242388964
vn 0.6046662331 -0.7616842389 -0.2328431159
v -0.609005034 1.402082682 2.918278217
vn 0.7274459004 -0.6460187435 0.2312623411
v -0.609005034 1.40956831 2.95429039
vn 0.654809773 -0.7557286024 0.009922416881
v -0.609005034 1.40767777 2.990302801
vn 0.5959255695 -0.7920094132 -0.1326416582
v -0.609005034 1.400298715 3.026314974
vn 0.5631214976 -0.8056976795 -0.1836991906
v -0.5753845572 0.9262524247 2.738216639
vn 0.8269809484 0.4163761735 0.3778007925
v -0.5729926825 0.9262524247 2.735045433
vn 0.6285696626 0.3937863708 0.6706955433
v -0.5729926825 0.9226539731 2.738216639
vn 0.6909207702 0.5710425377 0.4433270991
v -0.5729926825 0.9004446864 2.774228811
vn 0.7890158296 0.5664237738 0.2379455566
v -0.5895559788 0.9262524247 2.774228811
vn 0.8476097584 0.5101482272 0.1459673345
v -0.5729926825 0.9025296569 2.810241222
vn 0.8062737584 0.5846380591 -0.09011632949
v -0.5907672644 0.9262524247 2.810241222
vn 0.8077100515 0.585811317 -0.06655555218
v -0.5729926825 0.9168671966 2.846253633
vn 0.7369701862 0.6089480519 -0.2933551669
v -0.5812259316 0.9262524247 2.846253633
vn 0.7384819984 0.6269293427 -0.2482014894
v -0.5729926825 0.9262524247 2.863126516
vn 0.7093707919 0.6144995689 -0.3452293575
v -0.5889536142 0.9622647166 2.738216639
vn 0.829490304 0.1906716973 0.5249667764
v -0.5729926825 0.9622647166 2.717896461
vn 0.6911001801 0.1785479188 0.700357914
v -0.6084517837 0.9622647166 2.774228811
vn 0.8717051744 0.3742376268 0.3163483441
v -0.5729926825 0.9367995858 2.882265806
vn 0.7113431096 0.6140649915 -0.3419285119
v -0.5948158503 0.9622647166 2.882265806
vn 0.7306200266 0.5820806026 -0.3568985164
v -0.5729926825 0.9573485851 2.918278217
vn 0.6984181404 0.6085703373 -0.3766354024
v -0.5771251321 0.9622647166 2.918278217
vn 0.7344195247 0.5569286346 -0.3878897727
v -0.5729926825 0.9622647166 2.92512393
vn 0.6909544468 0.5826565623 -0.4278939962
v -0.5916784406 0.9982770681 2.738216639
vn 0.793076992 0.04384874552 0.6075410843
v -0.5729926825 0.9982770681 2.717764139
vn 0.6892163754 -0.07917638868 0.7202165127
v -0.6036756635 0.9982770681 2.918278217
vn 0.7355721593 0.5606163144 -0.3803195059
v -0.5729926825 0.9839859605 2.95429039
vn 0.6944947839 0.5716634989 -0.4368957579
v -0.5846500397 0.9982770681 2.95429039
vn 0.718991816 0.5638988614 -0.4062866271
v -0.5729926825 0.9982770681 2.972285986
vn 0.6944918036 0.5626245141 -0.4484805465
v -0.588209033 1.03428936 2.738216639
vn 0.7166267037 -0.105922617 0.6893667579
v -0.5729926825 1.03428936 2.723912239
vn 0.63373667 -0.1987328976 0.7475848198
v -0.5729926825 1.012582302 2.990302801
vn 0.6936309338 0.5717012882 -0.4382165968
v -0.591131568 1.03428936 2.990302801
vn 0.6891193986 0.5814814568 -0.4324277341
v -0.5729926825 1.03428936 3.019322157
vn 0.6922256947 0.580139637 -0.4292570651
v -0.5775948167 1.070301652 2.738216639
vn 0.6669226289 -0.2175827622 0.7126513124
v -0.5729926825 1.070301652 2.734237671
vn 0.6036459208 -0.247663036 0.7578091025
v -0.5729926825 1.03932929 3.026314974
vn 0.6920152903 0.6042757034 -0.3949249387
v -0.6001950502 1.070301652 3.026314974
vn 0.6951040626 0.6163284183 -0.3700940609
v -0.5729926825 1.060651541 3.062327385
vn 0.69129318 0.6138903499 -0.3811198771
v -0.5818029046 1.070301652 3.062327385
vn 0.6940518022 0.6155822277 -0.3732968867
v -0.5729926825 1.070301652 3.076890945
vn 0.6845861673 0.6026162505 -0.4101164043
v -0.5729926825 1.080101371 2.738216639
vn 0.645206213 -0.2962849438 0.7042188644
v -0.6000605822 1.106313944 2.774228811
vn 0.6518817544 -0.2849138975 0.7027618289
v -0.5729926825 1.106313944 2.749167919
vn 0.6490473151 -0.2793795764 0.7075907588
v -0.5729926825 1.085290074 3.098339796
vn 0.6876630187 0.5907542109 -0.4220533371
v -0.5910039544 1.106313944 3.098339796
vn 0.6863644719 0.5888192654 -0.4268438518
v -0.5729926825 1.106313944 3.127309084
vn 0.6884657145 0.587757647 -0.4249187112
v -0.5851456523 1.142326236 2.774228811
vn 0.6403353214 -0.2721354067 0.7182708383
v -0.5729926825 1.142326236 2.763290882
vn 0.6472781897 -0.286005795 0.7065632343
v -0.5729926825 1.111327887 3.134351969
vn 0.6902912855 0.6103029847 -0.3886234462
v -0.6005878448 1.142326236 3.134351969
vn 0.6858049035 0.6353427768 -0.3549804986
v -0.5729926825 1.13194108 3.17036438
vn 0.6867560744 0.6274628043 -0.3669556975
v -0.5827473402 1.142326236 3.17036438
vn 0.6781539917 0.648260653 -0.3462156355
v -0.5729926825 1.142326236 3.188404322
vn 0.6723667979 0.6429752111 -0.3667502403
v -0.5729926825 1.168225646 2.774228811
vn 0.6347553134 -0.3009961247 0.7116789818
v -0.5729926825 1.178338647 2.778372288
vn 0.6044583321 -0.2483766079 0.7569274306
v -0.5729926825 1.152666688 3.206376553
vn 0.6826400757 0.6307658553 -0.3689674437
v -0.5962816477 1.178338647 3.206376553
vn 0.7104887366 0.589286983 -0.3846382797
v -0.5729926825 1.172578692 3.242388964
vn 0.6975210905 0.6236140728 -0.3529444635
v -0.5778754354 1.178338647 3.242388964
vn 0.7414547205 0.5552763939 -0.3767134547
v -0.5729926825 1.178338647 3.251547813
vn 0.7130489349 0.5915290117 -0.3763703108
v -0.5969689488 1.214350939 2.810241222
vn 0.6261965632 -0.2783199251 0.7282965779
v -0.5729926825 1.214350939 2.789879322
vn 0.6260722876 -0.2510841489 0.73823452
v -0.6043170691 1.214350939 3.242388964
vn 0.7444773912 0.5494506955 -0.3792853951
v -0.5729926825 1.19654727 3.278401136
vn 0.7322027087 0.5613588095 -0.3856882453
v -0.5864952207 1.214350939 3.278401136
vn 0.745831728 0.5479305387 -0.3788234591
v -0.5729926825 1.214350939 3.304004192
vn 0.7379122972 0.5494833589 -0.3918590248
v -0.5819277763 1.250363231 2.810241222
vn 0.6418704391 -0.2798956931 0.7139052749
v -0.5729926825 1.250363231 2.801892757
vn 0.6448438168 -0.2658819556 0.7165774703
v -0.5729926825 1.221939683 3.314413548
vn 0.7409190536 0.5279182792 -0.4151400626
v -0.5930560827 1.250363231 3.314413548
vn 0.7932192087 0.3891889453 -0.4683324099
v -0.5729926825 1.250363231 3.348300457
vn 0.7403975129 0.504183054 -0.4445345402
v -0.5729926825 1.26922822 2.810241222
vn 0.6394364238 -0.3059459329 0.7053496242
v -0.6043813229 1.286375523 2.846253633
vn 0.6458375454 -0.260620445 0.7176147103
v -0.5729926825 1.286375523 2.817892551
vn 0.6596999168 -0.2326917797 0.7145981789
v -0.6078789234 1.286375523 3.314413548
vn 0.8373349309 0.04419334978 -0.5449010134
v -0.5729926825 1.254079223 3.350425959
vn 0.8058516383 0.2717958689 -0.5260514617
v -0.5838452578 1.286375523 3.350425959
vn 0.8180965185 0.1403860897 -0.5576825142
v -0.5729926825 1.286375523 3.363872051
vn 0.7749797106 0.09669996798 -0.6245443225
v -0.5921686292 1.322387815 2.846253633
vn 0.6608024836 -0.2171979696 0.7184463143
v -0.5729926825 1.322387815 2.828265429
vn 0.6662091613 -0.2122465521 0.7149243355
v -0.603705585 1.322387815 3.314413548
vn 0.8010059595 -0.3881601989 -0.4557643533
v -0.5801824331 1.322387815 3.350425959
vn 0.8118450642 -0.2535935044 -0.5259258151
v -0.5729926825 1.322387815 3.359895468
vn 0.7922464013 -0.106814608 -0.6007797718
v -0.5805972815 1.358400106 2.846253633
vn 0.6773106456 -0.2676683366 0.6852765083
v -0.5729926825 1.358400106 2.838842154
vn 0.6563429236 -0.2502402067 0.711754024
v -0.5956127644 1.358400106 3.278401136
vn 0.7162254453 -0.6193198562 -0.3216582239
v -0.5812011957 1.358400106 3.314413548
vn 0.75402385 -0.543467164 -0.3689057827
v -0.5729926825 1.358400106 3.32945013
vn 0.7662910223 -0.511497438 -0.3888038099
v -0.5729926825 1.336637855 3.350425959
vn 0.7751930356 -0.383056283 -0.5023382306
v -0.5729926825 1.373551369 2.846253633
vn 0.6667334437 -0.3496673703 0.6581787467
v -0.5941112638 1.394412518 2.882265806
vn 0.7191882133 -0.4466597438 0.5322249532
v -0.5729926825 1.394412518 2.857737303
vn 0.6829295158 -0.4126085937 0.6027947068
v -0.6037623286 1.394412518 3.062327385
vn 0.5807988644 -0.7955899239 -0.1723639667
v -0.5956813097 1.394412518 3.098339796
vn 0.609231472 -0.785782218 -0.1066925526
v -0.5909059644 1.394412518 3.134351969
vn 0.6327216029 -0.7696304917 -0.08562866598
v -0.5861899853 1.394412518 3.17036438
vn 0.6277787685 -0.7715578079 -0.1029193252
v -0.5781496763 1.394412518 3.206376553
vn 0.6043989062 -0.7848933339 -0.1365444809
v -0.5729926825 1.394412518 3.220200777
vn 0.5863755345 -0.7804732323 -0.2168531269
v -0.5729926825 1.388228297 3.242388964
vn 0.5991994739 -0.7744492888 -0.2029490471
v -0.5729926825 1.379009366 3.278401136
vn 0.6603970528 -0.7185754776 -0.2180023491
v -0.5729926825 1.367643356 3.314413548
vn 0.7267447114 -0.6315091848 -0.2702559829
v -0.5729926825 1.426647186 2.882265806
vn 0.7302300334 -0.535292685 0.4245302081
v -0.5837388039 1.430424809 2.918278217
vn 0.727814436 -0.6680149436 0.1550553739
v -0.5729926825 1.430424809 2.889074564
vn 0.6988583207 -0.6659203768 0.2610499263
v -0.5850399137 1.430424809 2.95429039
vn 0.6771884561 -0.73580724 0.001867320156
v -0.5781279206 1.430424809 2.990302801
vn 0.6112370491 -0.7837973833 -0.10977678
v -0.5729926825 1.430424809 3.004325628
vn 0.5807368159 -0.7862707973 -0.2110047638
v -0.5729926825 1.424515724 3.026314974
vn 0.5734499693 -0.8002486229 -0.1753775179
v -0.5729926825 1.41691494 3.062327385
vn 0.6034539342 -0.7849313617 -0.1404495686
v -0.5729926825 1.412870288 3.098339796
vn 0.6306514144 -0.7705551982 -0.09232280403
v -0.5729926825 1.409242153 3.134351969
vn 0.589245379 -0.7992893457 -0.1180102676
v -0.5729926825 1.404527187 3.17036438
vn 0.5389050245 -0.831715405 -0.1335323155
v -0.5729926825 1.39812243 3.206376553
vn 0.5448613763 -0.8237437606 -0.1567554474
v -0.5729926825 1.440764546 2.918278217
vn 0.6205568314 -0.7815335989 0.06414391845
v -0.5729926825 1.439942479 2.95429039
vn 0.5421440601 -0.835057497 -0.09358838201
v -0.5729926825 1.434113264 2.990302801
vn 0.544418633 -0.8252281547 -0.1503557563
v -0.5375723243 0.8542277813 2.810241222
vn 0.7920817137 0.594189465 -0.1398052275
v -0.5369803905 0.8542277813 2.776969194
vn 0.7484223247 0.6630678177 0.014320774
v -0.5369803905 0.8535355926 2.810241222
vn 0.7096275687 0.6927686334 -0.1284536421
v -0.5369803905 0.8542277813 2.811639071
vn 0.729699254 0.6124377847 -0.3040706217
v -0.545830965 0.8902401328 2.738216639
vn 0.6975772381 0.5763208866 0.4257231951
v -0.5369803905 0.8902401328 2.730598927
vn 0.4574882984 0.5298287272 0.7141330242
v -0.5369803905 0.8811834455 2.738216639
vn 0.4509329498 0.6187790036 0.643251121
v -0.5369803905 0.8542886972 2.774228811
vn 0.6202895641 0.6391173601 0.4547195137
v -0.5655536652 0.8902401328 2.774228811
vn 0.788033545 0.6021584272 0.1280950159
v -0.56359905 0.8902401328 2.810241222
vn 0.7836751938 0.5931095481 -0.1845920384
v -0.5369803905 0.8726456761 2.846253633
vn 0.7427560091 0.5774615407 -0.3388977647
v -0.550568521 0.8902401328 2.846253633
vn 0.7481441498 0.5873974562 -0.3086171448
v -0.5369803905 0.8902401328 2.872889042
vn 0.7219148278 0.5834847093 -0.3720007241
v -0.5369803905 0.9262524247 2.704608679
vn 0.5110151768 0.4510983825 0.7316923738
v -0.5369803905 0.8960754275 2.882265806
vn 0.7062466741 0.6136661768 -0.3530289829
v -0.5634130239 0.9262524247 2.882265806
vn 0.7017308474 0.6206812859 -0.3497550488
v -0.5369803905 0.9166480303 2.918278217
vn 0.6944443583 0.6146647334 -0.3740779459
v -0.5457417965 0.9262524247 2.918278217
vn 0.6973254085 0.6170010567 -0.3647559881
v -0.5369803905 0.9262524247 2.932798624
vn 0.6857257485 0.6015557647 -0.409769237
v -0.5548024774 0.9622647166 2.702204227
vn 0.59270823 0.178862825 0.7853056788
v -0.5369803905 0.9622647166 2.69091177
vn 0.3845286667 0.2122312039 0.8983849883
v -0.5369803905 0.931546092 2.702204227
vn 0.3508889377 0.3276266754 0.8772329688
v -0.5369803905 0.9412956834 2.95429039
vn 0.6880989671 0.5886820555 -0.4242325425
v -0.5548484921 0.9622647166 2.95429039
vn 0.6893740892 0.5815361738 -0.4319479764
v -0.5369803905 0.9622647166 2.982598305
vn 0.6905040145 0.5791828036 -0.4333030581
v -0.5556640625 0.9982770681 2.702204227
vn 0.6259243488 -0.03331506252 0.7791718841
v -0.5369803905 0.9982770681 2.687862396
vn 0.4895464778 0.02984607592 0.871466279
v -0.5369803905 0.9681537747 2.990302801
vn 0.7038789988 0.5704894066 -0.4231975377
v -0.5613052845 0.9982770681 2.990302801
vn 0.7141237259 0.5656269789 -0.4124238193
v -0.5369803905 0.9925295115 3.026314974
vn 0.6982690096 0.5745816827 -0.4269382656
v -0.5416110754 0.9982770681 3.026314974
vn 0.7231552601 0.5603306293 -0.4038267136
v -0.5369803905 0.9982770681 3.033744335
vn 0.6688702703 0.5955539942 -0.444890976
v -0.5473411679 1.03428936 2.702204227
vn 0.6339128017 -0.1699124128 0.7545093298
v -0.5369803905 1.03428936 2.693443775
vn 0.5797893405 -0.1520290673 0.8004570603
v -0.5687116385 1.03428936 3.026314974
vn 0.7209107876 0.5726414323 -0.3903452456
v -0.5369803905 1.019518256 3.062327385
vn 0.6694404483 0.6014166474 -0.4360590279
v -0.5495383739 1.03428936 3.062327385
vn 0.7059826851 0.5872579813 -0.3958743811
v -0.5369803905 1.03428936 3.08356142
vn 0.6725770235 0.6140443087 -0.413025111
v -0.5369803905 1.058454514 2.702204227
vn 0.6217200756 -0.2679749429 0.7359711528
v -0.5369803905 1.070301652 2.706551552
vn 0.6061155796 -0.2362670302 0.7594746947
v -0.5369803905 1.044071317 3.098339796
vn 0.6856800914 0.6154069304 -0.3887379169
v -0.5603719354 1.070301652 3.098339796
vn 0.7060397267 0.5896100998 -0.3922599554
v -0.5369803905 1.065265179 3.134351969
vn 0.6900559068 0.6136598587 -0.3837244511
v -0.5412740707 1.070301652 3.134351969
vn 0.7231323719 0.5667969584 -0.394741416
v -0.5369803905 1.070301652 3.141415119
vn 0.6866280437 0.5895109773 -0.4254629314
v -0.5608291626 1.106313944 2.738216639
vn 0.6295917034 -0.2777960598 0.7255643606
v -0.5369803905 1.106313944 2.71787715
vn 0.6266812682 -0.2496249676 0.7382127047
v -0.5687116385 1.106313944 3.134351969
vn 0.7193241119 0.5795511007 -0.3830056489
v -0.5369803905 1.091255784 3.17036438
vn 0.6871087551 0.5929008126 -0.4199407101
v -0.5497171879 1.106313944 3.17036438
vn 0.7047688961 0.5930169225 -0.3893992603
v -0.5369803905 1.106313944 3.192360163
vn 0.6818969846 0.6109114885 -0.4022482038
v -0.5458350778 1.142326236 2.738216639
vn 0.6436910629 -0.2810988128 0.7117901444
v -0.5369803905 1.142326236 2.729926825
vn 0.6442519426 -0.2695031464 0.7157565951
v -0.5369803905 1.115022659 3.206376553
vn 0.6763626933 0.6451434493 -0.3554200828
v -0.5632804632 1.142326236 3.206376553
vn 0.6860923171 0.6431155205 -0.3401172757
v -0.5369803905 1.132998347 3.242388964
vn 0.6734691858 0.6563478708 -0.3400687873
v -0.5460427999 1.142326236 3.242388964
vn 0.6947146058 0.6320880651 -0.3432729542
v -0.5369803905 1.142326236 3.259602547
vn 0.6811864376 0.6389980912 -0.3573044538
v -0.5369803905 1.160332322 2.738216639
vn 0.6355167031 -0.3159199059 0.7044949532
v -0.5681268573 1.178338647 2.774228811
vn 0.6393594146 -0.271668911 0.7193160057
v -0.5369803905 1.178338647 2.746506929
vn 0.6392478943 -0.2612691522 0.723256886
v -0.5369803905 1.153010964 3.278401136
vn 0.698800385 0.6178213954 -0.3605201542
v -0.558922112 1.178338647 3.278401136
vn 0.7258318067 0.5789675713 -0.3714360595
v -0.5369803905 1.173573852 3.314413548
vn 0.6855705976 0.6148211956 -0.3898562193
v -0.5410137773 1.178338647 3.314413548
vn 0.73440063 0.5521047711 -0.3947607279
v -0.5369803905 1.178338647 3.320970058
vn 0.6721657515 0.5951208472 -0.4404819906
v -0.5549887419 1.214350939 2.774228811
vn 0.639793396 -0.2355234176 0.7315689325
v -0.5369803905 1.214350939 2.758570194
vn 0.6201201081 -0.2532663941 0.7425006032
v -0.5673726201 1.214350939 3.314413548
vn 0.7449766397 0.5341631174 -0.3995992541
v -0.5369803905 1.200875759 3.350425959
vn 0.6807225347 0.5721565485 -0.4574425817
v -0.547791481 1.214350939 3.350425959
vn 0.732817173 0.5039835572 -0.4571428299
v -0.5369803905 1.214350939 3.366217136
vn 0.7006192207 0.5237529278 -0.4845777452
v -0.5419092774 1.250363231 2.774228811
vn 0.6392818689 -0.256972909 0.7247645259
v -0.5369803905 1.250363231 2.770032167
vn 0.6027776003 -0.2529979348 0.7567372322
v -0.5716226697 1.250363231 3.350425959
vn 0.758313179 0.3805585504 -0.5292790532
v -0.5369803905 1.237076521 3.386438131
vn 0.7439967394 0.4355017245 -0.5067613721
v -0.5449597239 1.250363231 3.386438131
vn 0.7542638183 0.3288099766 -0.5683045983
v -0.5369803905 1.250363231 3.396311998
vn 0.7576155066 0.3005709648 -0.5793753862
v -0.5369803905 1.261059642 2.774228811
vn 0.6420579553 -0.2903442085 0.7095504403
v -0.5649879575 1.286375523 2.810241222
vn 0.6564698815 -0.2540415227 0.7102888227
v -0.5369803905 1.286375523 2.784352779
vn 0.6485112906 -0.2350099236 0.724018991
v -0.5548779964 1.286375523 3.386438131
vn 0.7876510024 0.09283889085 -0.6090869308
v -0.5369803905 1.286375523 3.40861392
vn 0.7650523186 0.1330658942 -0.6300702095
v -0.5537263751 1.322387815 2.810241222
vn 0.6631999016 -0.2140935212 0.7171679735
v -0.5369803905 1.322387815 2.795081854
vn 0.6192404628 -0.2464853227 0.745510757
v -0.5540617108 1.322387815 3.386438131
vn 0.7959074378 -0.2240960002 -0.5624164939
v -0.5369803905 1.322387815 3.408588886
vn 0.7172223926 -0.1866633445 -0.6713783145
v -0.5415445566 1.358400106 2.810241222
vn 0.6528873444 -0.2481895089 0.7156396508
v -0.5369803905 1.358400106 2.806330204
vn 0.5742924213 -0.2831063569 0.7681399584
v -0.5621842146 1.358400106 3.350425959
vn 0.7702629566 -0.439707458 -0.4619007707
v -0.5405631661 1.358400106 3.386438131
vn 0.7700424194 -0.4302145839 -0.4711158276
v -0.5369803905 1.358400106 3.390962601
vn 0.617855072 -0.4336431921 -0.6559029818
v -0.5369803905 1.367585421 2.810241222
vn 0.6366595626 -0.3173940778 0.7027984262
v -0.5624556541 1.394412518 2.846253633
vn 0.6736405492 -0.3668803573 0.6415662169
v -0.5369803905 1.394412518 2.8221066
vn 0.6086409092 -0.3616544008 0.7062310576
v -0.5650213361 1.394412518 3.242388964
vn 0.5943341851 -0.7842135429 -0.1782583296
v -0.5563125014 1.394412518 3.278401136
vn 0.6448668242 -0.7520411015 -0.1363122463
v -0.5490269065 1.394412518 3.314413548
vn 0.6967609525 -0.6905861497 -0.19394584
v -0.5369803905 1.394412518 3.345272541
vn 0.6451346874 -0.7024827003 -0.3005316854
v -0.5369803905 1.391908407 3.350425959
vn 0.6805918217 -0.5839800835 -0.4424500763
v -0.5369803905 1.36327064 3.386438131
vn 0.6024429202 -0.6090157032 -0.5159093142
v -0.5424205065 1.430424809 2.846253633
vn 0.6852434874 -0.4005046189 0.608307004
v -0.5369803905 1.430424809 2.840877056
vn 0.5269443393 -0.5048404336 0.6837146878
v -0.5702868104 1.430424809 2.882265806
vn 0.6801583767 -0.5746629238 0.455134213
v -0.5652130842 1.430424809 3.026314974
vn 0.5918728113 -0.7878812551 -0.1700873673
v -0.5572190285 1.430424809 3.062327385
vn 0.6329384446 -0.7666271329 -0.1080358401
v -0.5527535081 1.430424809 3.098339796
vn 0.6496647 -0.7531946301 -0.1031194702
v -0.5447577834 1.430424809 3.134351969
vn 0.61577034 -0.7749810815 -0.1422364116
v -0.5369803905 1.430424809 3.156226397
vn 0.5856098533 -0.7832835913 -0.2086334825
v -0.5369803905 1.42669034 3.17036438
vn 0.5441681743 -0.826556921 -0.1438214481
v -0.5369803905 1.420302391 3.206376553
vn 0.5498787165 -0.8254355192 -0.1276306212
v -0.5369803905 1.415565133 3.242388964
vn 0.602799058 -0.7884952426 -0.1221007481
v -0.5369803905 1.411661148 3.278401136
vn 0.6388339996 -0.7603210807 -0.1174859926
v -0.5369803905 1.405960798 3.314413548
vn 0.6141797304 -0.7612478733 -0.2080502361
v -0.5369803905 1.436756492 2.846253633
vn 0.5693622828 -0.6511355639 0.5018456578
v -0.5369803905 1.462836504 2.882265806
vn 0.6051114798 -0.7173249722 0.345376581
v -0.5389159918 1.466437101 2.918278217
vn 0.6008221507 -0.7967681289 0.06460108608
v -0.5369803905 1.466437101 2.907232523
vn 0.443546921 -0.8901697993 0.1042296663
v -0.5369803905 1.466437101 2.926674366
vn 0.5899376273 -0.7971456647 -0.1285784096
v -0.5369803905 1.462063909 2.95429039
vn 0.5515180826 -0.8283218741 -0.09854286909
v -0.5369803905 1.456264138 2.990302801
vn 0.5490518212 -0.8271982074 -0.1195209026
v -0.5369803905 1.45159328 3.026314974
vn 0.6000581384 -0.7913168669 -0.1172513589
v -0.5369803905 1.447974563 3.062327385
vn 0.6289035678 -0.7720003128 -0.09217265993
v -0.5369803905 1.443933845 3.098339796
vn 0.5908678174 -0.7925744653 -0.1506685168
v -0.5369803905 1.436332226 3.134351969
vn 0.5624491572 -0.8057411909 -0.1855589896
v -0.5369803905 1.467779756 2.918278217
vn 0.483507961 -0.8751711249 0.01719064638
v -0.5023967624 0.8182154894 2.810241222
vn 0.7040370703 0.7100691795 0.01155711804
v -0.5009680986 0.8182154894 2.803863525
vn 0.5914468169 0.7901949286 0.1605699211
v -0.5009680986 0.8169282675 2.810241222
vn 0.5508384109 0.8237683773 0.1340994984
v -0.5009680986 0.8182154894 2.814123392
vn 0.6853025556 0.6874760985 -0.2402852774
v -0.5369186997 0.8542277813 2.774228811
vn 0.6002985835 0.7144246697 0.359498322
v -0.5009680986 0.8542277813 2.739521742
vn 0.4731021821 0.6629745364 0.5802060366
v -0.5009680986 0.8243172169 2.774228811
vn 0.5445223451 0.731903851 0.4096488059
v -0.5009680986 0.8297251463 2.846253633
vn 0.6999068856 0.6519357562 -0.291736424
v -0.5225760937 0.8542277813 2.846253633
vn 0.7293648124 0.5926626921 -0.341727823
v -0.5009680986 0.8493393064 2.882265806
vn 0.6942284107 0.6194928885 -0.3664362133
v -0.5051018596 0.8542277813 2.882265806
vn 0.7319579124 0.5649772882 -0.3808389306
v -0.5009680986 0.8542277813 2.889159203
vn 0.6879698038 0.5892130733 -0.4237044454
v -0.5009680986 0.8902401328 2.716254234
vn 0.2285534292 0.5231698751 0.8210095167
v -0.5009680986 0.855693996 2.738216639
vn 0.3653458953 0.5949605107 0.7159220576
v -0.5320525765 0.8902401328 2.882265806
vn 0.729757905 0.5762107968 -0.3680143356
v -0.5009680986 0.8752653003 2.918278217
vn 0.6887617111 0.5901179314 -0.4211509824
v -0.5135554075 0.8902401328 2.918278217
vn 0.7104505301 0.5876966715 -0.3871339858
v -0.5009680986 0.8902401328 2.939716339
vn 0.6853026152 0.6020143628 -0.4098035991
v -0.5298243165 0.9262524247 2.702204227
vn 0.2420415133 0.4918452799 0.8363636136
v -0.5009680986 0.9262524247 2.694367647
vn 0.1993784457 0.3877891302 0.8999265432
v -0.5009680986 0.9130167961 2.702204227
vn 0.1313372701 0.51460886 0.8473064899
v -0.5009680986 0.8998939395 2.95429039
vn 0.687900424 0.6130470634 -0.3885438144
v -0.5243574381 0.9262524247 2.95429039
vn 0.7074322104 0.5863294601 -0.3946611583
v -0.5009680986 0.9212501645 2.990302801
vn 0.6923416257 0.6081277132 -0.3883860707
v -0.5052140951 0.9262524247 2.990302801
vn 0.7242490649 0.5573387742 -0.4060010016
v -0.5009680986 0.9262524247 2.997119188
vn 0.6882302761 0.5779929757 -0.438478291
v -0.5009680986 0.9622647166 2.679663181
vn 0.260725379 0.3111495376 0.9138972759
v -0.5322501063 0.9622647166 2.990302801
vn 0.7233356237 0.5624149442 -0.4005933106
v -0.5009680986 0.9486755133 3.026314974
vn 0.6821525097 0.5615155101 -0.4683676958
v -0.5121315122 0.9622647166 3.026314974
vn 0.7083511353 0.5634621382 -0.4251459539
v -0.5009680986 0.9622647166 3.041692019
vn 0.671453774 0.5570909977 -0.4886710942
v -0.5009680986 0.9982770681 2.668458223
vn 0.445415467 0.1220779344 0.886962235
v -0.5009680986 0.9796194434 3.062327385
vn 0.6653426886 0.5890799165 -0.458589077
v -0.5178966522 0.9982770681 3.062327385
vn 0.6632952094 0.5986840129 -0.4490177035
v -0.5009680986 0.9982770681 3.086942196
vn 0.6620832682 0.5994984508 -0.4497191906
v -0.5009680986 1.03428936 2.666880608
vn 0.5953302383 -0.1077766269 0.7962198853
v -0.5009680986 1.006314397 3.098339796
vn 0.6655189395 0.634346664 -0.3933049738
v -0.527872324 1.03428936 3.098339796
vn 0.681096673 0.6356815696 -0.363340348
v -0.5009680986 1.02551198 3.134351969
vn 0.6745764017 0.6451330781 -0.3588174284
v -0.5094259381 1.03428936 3.134351969
vn 0.6885479689 0.6237533689 -0.3699100018
v -0.5009680986 1.03428936 3.148419142
vn 0.681787312 0.6104704142 -0.4031029344
v -0.5317789316 1.070301652 2.702204227
vn 0.6193369031 -0.2462344766 0.7455134988
v -0.5009680986 1.070301652 2.676616669
vn 0.614367485 -0.2242641002 0.7564774752
v -0.5009680986 1.049346209 3.17036438
vn 0.6865903139 0.5933921933 -0.4200945497
v -0.518974483 1.070301652 3.17036438
vn 0.6859926581 0.589463532 -0.4265522659
v -0.5009680986 1.070301652 3.199331045
vn 0.6879341602 0.5885952115 -0.4246201217
v -0.5189008713 1.106313944 2.702204227
vn 0.6320723295 -0.2247733027 0.7415939569
v -0.5009680986 1.106313944 2.686803818
vn 0.6164391637 -0.2378954738 0.750605464
v -0.5009680986 1.075314403 3.206376553
vn 0.6903421879 0.6105856299 -0.3880887628
v -0.5285757184 1.106313944 3.206376553
vn 0.6845959425 0.6381198764 -0.3523229063
v -0.5009680986 1.095853925 3.242388964
vn 0.6859543324 0.6291574836 -0.3655510247
v -0.510836184 1.106313944 3.242388964
vn 0.6747505069 0.6541846991 -0.3416930735
v -0.5009680986 1.106313944 3.26089406
vn 0.668522656 0.6511079073 -0.3593548536
v -0.5058256984 1.142326236 2.702204227
vn 0.6377418041 -0.2593992054 0.7252568007
v -0.5009680986 1.142326236 2.698071957
vn 0.6008983254 -0.256306529 0.7571183443
v -0.5009680986 1.115811467 3.278401136
vn 0.6684078574 0.6570264101 -0.3486362398
v -0.5270086527 1.142326236 3.278401136
vn 0.6801475883 0.644375205 -0.3495422602
v -0.5009680986 1.134326458 3.314413548
vn 0.6660521626 0.6462273002 -0.3725115061
v -0.5087629557 1.142326236 3.314413548
vn 0.6831660271 0.6268537045 -0.3746178746
v -0.5009680986 1.142326236 3.325889587
vn 0.6602529883 0.6052771807 -0.4446408749
v -0.5009680986 1.152425051 2.702204227
vn 0.6397476792 -0.3037064373 0.7060349584
v -0.5281255245 1.178338647 2.738216639
vn 0.6478623748 -0.2909654975 0.703998208
v -0.5009680986 1.178338647 2.713142633
vn 0.64846766 -0.2803483307 0.7077389956
v -0.5009680986 1.160410523 3.350425959
vn 0.6616266966 0.6043227911 -0.4438965023
v -0.5175637603 1.178338647 3.350425959
vn 0.6666508317 0.5932900906 -0.451202333
v -0.5009680986 1.178338647 3.374178171
vn 0.6655601263 0.5904688239 -0.4564824998
v -0.5131286383 1.214350939 2.738216639
vn 0.6397166252 -0.2726840079 0.7186139822
v -0.5009680986 1.214350939 2.727269173
vn 0.6476250887 -0.2853378057 0.7065154314
v -0.5009680986 1.187916517 3.386438131
vn 0.6786088347 0.5744405985 -0.4577204883
v -0.5230779052 1.214350939 3.386438131
vn 0.7128334045 0.5221880078 -0.468175441
v -0.5009680986 1.214350939 3.421048641
vn 0.7107596397 0.532333374 -0.459828198
v -0.5009680986 1.24042356 2.738216639
vn 0.6367947459 -0.2977228463 0.7112337947
v -0.5009680986 1.250363231 2.74227047
vn 0.6082738042 -0.2433923483 0.7554886937
v -0.5009680986 1.21619463 3.422450542
vn 0.7378576398 0.3544029295 -0.5744254589
v -0.5166495442 1.250363231 3.422450542
vn 0.7368865013 0.2172216326 -0.6401664019
v -0.5009680986 1.250363231 3.440436125
vn 0.7032452226 0.2193082571 -0.6762766242
v -0.5255248547 1.286375523 2.774228811
vn 0.629140079 -0.2588659823 0.7329195738
v -0.5009680986 1.286375523 2.753411293
vn 0.6288602948 -0.2375735939 0.7403333783
v -0.5245452523 1.286375523 3.422450542
vn 0.6859350204 0.01143470313 -0.7275729179
v -0.5009680986 1.286375523 3.444862127
vn 0.6030182242 -0.06286265701 -0.7952467203
v -0.5122568011 1.322387815 2.774228811
vn 0.6301816702 -0.2469616234 0.736125648
v -0.5009680986 1.322387815 2.764321089
vn 0.6383782625 -0.2566607594 0.7256710529
v -0.5224436522 1.322387815 3.422450542
vn 0.6184590459 -0.213332966 -0.7563051581
v -0.5009680986 1.322387815 3.437946558
vn 0.4591009915 -0.2670968473 -0.8472812772
v -0.5009680986 1.345234036 2.774228811
vn 0.609010756 -0.3253635168 0.7233563662
v -0.5009680986 1.358400106 2.779737234
vn 0.5400739908 -0.3079506755 0.7832537889
v -0.5009680986 1.356416464 3.422450542
vn 0.4171253443 -0.3777236938 -0.8266385198
v -0.5009680986 1.358400106 3.421354771
vn 0.52384305 -0.5062946081 -0.6850213408
v -0.5225710273 1.394412518 2.810241222
vn 0.5722090006 -0.352407068 0.7405309677
v -0.5009680986 1.394412518 2.794219017
vn 0.4610588551 -0.3944660723 0.7948718667
v -0.5344470143 1.394412518 3.350425959
vn 0.5404232144 -0.7236039042 -0.4293484986
v -0.5042756796 1.394412518 3.386438131
vn 0.5648367405 -0.6705228686 -0.4809974432
v -0.5009680986 1.394412518 3.389191389
vn 0.4647081494 -0.5933524966 -0.6572512388
v -0.5009680986 1.425220132 2.810241222
vn 0.5243124962 -0.409699887 0.7464867234
v -0.5009680986 1.430424809 2.813408136
vn 0.5025824904 -0.5210492015 0.6898685098
v -0.5317632556 1.430424809 3.17036438
vn 0.5804535747 -0.7959243655 -0.1719826609
v -0.523727715 1.430424809 3.206376553
vn 0.6076530218 -0.7871078253 -0.1059202179
v -0.518967092 1.430424809 3.242388964
vn 0.6291016936 -0.772593677 -0.0856160596
v -0.5141023397 1.430424809 3.278401136
vn 0.6246405244 -0.7728688717 -0.1117941588
v -0.5048649907 1.430424809 3.314413548
vn 0.6053878665 -0.7797293067 -0.1597741395
v -0.5009680986 1.430424809 3.32148838
vn 0.5564405918 -0.7734142542 -0.3036515117
v -0.5009680986 1.418804169 3.350425959
vn 0.4994933605 -0.7563066483 -0.4225004017
v -0.5009680986 1.396802783 3.386438131
vn 0.4037176371 -0.7314792871 -0.549499929
v -0.5009680986 1.463810444 2.846253633
vn 0.4070180953 -0.6808263063 0.608943224
v -0.531168282 1.466437101 2.882265806
vn 0.4272854328 -0.858284235 0.2842099369
v -0.5009680986 1.466437101 2.850622416
vn 0.2779018283 -0.8742218018 0.398129195
v -0.5305795074 1.466437101 2.95429039
vn 0.5524592996 -0.8250360489 -0.1187614128
v -0.5234996676 1.466437101 2.990302801
vn 0.5909345746 -0.8019388914 -0.08769464493
v -0.518889308 1.466437101 3.026314974
vn 0.6229593158 -0.7780522108 -0.08097172529
v -0.5141958594 1.466437101 3.062327385
vn 0.6214766502 -0.7768374681 -0.1014411822
v -0.5061809421 1.466437101 3.098339796
vn 0.5972112417 -0.7909309864 -0.1332927495
v -0.5009680986 1.466437101 3.112468958
vn 0.578225255 -0.7878382206 -0.2120530307
v -0.5009680986 1.460529327 3.134351969
vn 0.5725553036 -0.8005159497 -0.1770724654
v -0.5009680986 1.452928066 3.17036438
vn 0.6031380296 -0.7851969004 -0.140322417
v -0.5009680986 1.448886156 3.206376553
vn 0.629963696 -0.7711212039 -0.09229232371
v -0.5009680986 1.445258975 3.242388964
vn 0.5879927874 -0.7999308109 -0.1198967025
v -0.5009680986 1.440472484 3.278401136
vn 0.531532228 -0.8332865834 -0.1520098597
v -0.5009680986 1.433209658 3.314413548
vn 0.5010904074 -0.8280290961 -0.2515476346
v -0.5009680986 1.480402231 2.882265806
vn 0.3016484976 -0.9139024615 0.2716439366
v -0.5009680986 1.48625493 2.918278217
vn 0.4023019969 -0.9125820994 0.07312305272
v -0.5009680986 1.486173391 2.95429039
vn 0.5101356506 -0.8598828316 -0.01905710809
v -0.5009680986 1.48401463 2.990302801
vn 0.5856996775 -0.8077681065 -0.06683263928
v -0.5009680986 1.480968714 3.026314974
vn 0.564530015 -0.8190315366 -0.1024364457
v -0.5009680986 1.476502061 3.062327385
vn 0.530810833 -0.8378733397 -0.127311334
v -0.5009680986 1.470166564 3.098339796
vn 0.54257828 -0.8256795406 -0.1544735879
v -0.4885138273 0.8182154894 2.774228811
vn 0.3638119996 0.7973732352 0.4814943075
v -0.4649557769 0.8182154894 2.762376785
vn 0.2044523954 0.6937133074 0.6906237006
v -0.4649557769 0.807418704 2.774228811
vn 0.3332678676 0.8211472631 0.4633030295
v -0.4649557769 0.79076159 2.810241222
vn 0.478112042 0.8311337829 0.2839463055
v -0.4649557769 0.7945355773 2.846253633
vn 0.6344095469 0.7527746558 -0.1756553203
v -0.4897878468 0.8182154894 2.846253633
vn 0.6825479269 0.6692736149 -0.2936003506
v -0.4649557769 0.8097043633 2.882265806
vn 0.6709193587 0.6699454784 -0.3178682029
v -0.4732355475 0.8182154894 2.882265806
vn 0.6944847107 0.6310090423 -0.3457146585
v -0.4649557769 0.8182154894 2.896137238
vn 0.682015717 0.6122580767 -0.3999933302
v -0.4968293607 0.8542277813 2.738216639
vn 0.2491887063 0.6751496792 0.6943182945
v -0.4649557769 0.8542277813 2.731133461
vn 0.1067586467 0.5021472573 0.8581671119
v -0.4649557769 0.8445373178 2.738216639
vn 0.1046130434 0.6371941566 0.7635703683
v -0.4649557769 0.8332788944 2.918278217
vn 0.6869720817 0.5940035582 -0.4186037779
v -0.4829520285 0.8542277813 2.918278217
vn 0.6867318749 0.5890194178 -0.4259758592
v -0.4649557769 0.8542277813 2.947216034
vn 0.6882283092 0.58792907 -0.4250660837
v -0.4649557769 0.8902401328 2.71229434
vn 0.05903434753 0.4807385504 0.8748744726
v -0.4649557769 0.8592875004 2.95429039
vn 0.6919077635 0.6048024297 -0.3943065703
v -0.4921567738 0.8902401328 2.95429039
vn 0.6951348186 0.6162078977 -0.3702369928
v -0.4649557769 0.8805992007 2.990302801
vn 0.6920521855 0.6130722165 -0.3810593188
v -0.4737538695 0.8902401328 2.990302801
vn 0.6941310167 0.6149243712 -0.3742327392
v -0.4649557769 0.8902401328 3.004743099
vn 0.6854342222 0.5985736847 -0.4145955443
v -0.4649557769 0.9262524247 2.690448761
vn 0.1139189899 0.4599322379 0.8806161284
v -0.4649557769 0.9070026278 2.702204227
vn 0.06209589913 0.5320251584 0.8444485664
v -0.4649557769 0.9057412148 3.026314974
vn 0.6841055751 0.5801209211 -0.4421077669
v -0.4822592437 0.9262524247 3.026314974
vn 0.6816173792 0.5717252493 -0.4566486478
v -0.4649557769 0.9262524247 3.050873041
vn 0.6811499 0.5570577383 -0.4751015306
v -0.4649557769 0.9622647166 2.671751499
vn 0.1874632388 0.4298832417 0.8832088709
v -0.4649557769 0.9366632104 3.062327385
vn 0.6860539913 0.5439340472 -0.4831828475
v -0.4853405952 0.9622647166 3.062327385
vn 0.6734767556 0.5646086335 -0.4771227539
v -0.4649557769 0.9622647166 3.092524767
vn 0.6889795661 0.5634464622 -0.4558895528
v -0.4953686297 0.9982770681 2.666192055
vn 0.3434908092 0.2357200086 0.9090930223
v -0.4649557769 0.9982770681 2.654937506
vn 0.3084558845 0.2728790939 0.9112584591
v -0.4649557769 0.9738029838 2.666192055
vn 0.2616291344 0.4088255167 0.8743065
v -0.4649557769 0.9666695595 3.098339796
vn 0.6799793243 0.6053646207 -0.4137170017
v -0.4931746125 0.9982770681 3.098339796
vn 0.6812975407 0.6324789524 -0.3685160279
v -0.4649557769 0.9878427982 3.134351969
vn 0.6857243776 0.6252401471 -0.3726350069
v -0.4747418761 0.9982770681 3.134351969
vn 0.6762545109 0.6465097666 -0.3531359434
v -0.4649557769 0.9982770681 3.152378798
vn 0.6721340418 0.6424821019 -0.3680388927
v -0.49988994 1.03428936 2.666192055
vn 0.4390455484 0.02411280759 0.8981412053
v -0.4649557769 1.03428936 2.647234678
vn 0.4272662103 0.09464661032 0.899158299
v -0.4649557769 1.008660674 3.17036438
vn 0.6809339523 0.6297532916 -0.3738177419
v -0.4882323444 1.03428936 3.17036438
vn 0.7047122717 0.5933853388 -0.3889401555
v -0.4649557769 1.029274821 3.206376553
vn 0.6898283958 0.6168771982 -0.3789450228
v -0.4692375064 1.03428936 3.206376553
vn 0.723301053 0.5671725869 -0.3938919008
v -0.4649557769 1.03428936 3.213423014
vn 0.6866611242 0.5896599889 -0.4252030551
v -0.4883114696 1.070301652 2.666192055
vn 0.5695381165 -0.1499272585 0.8081758022
v -0.4649557769 1.070301652 2.648371696
vn 0.5536953211 -0.07474907488 0.8293576241
v -0.4966868758 1.070301652 3.206376553
vn 0.7192563415 0.5801662803 -0.3822007179
v -0.4649557769 1.055242777 3.242388964
vn 0.6871056557 0.5929290652 -0.4199058414
v -0.4776960313 1.070301652 3.242388964
vn 0.7044479251 0.5935256481 -0.3892048299
v -0.4649557769 1.070301652 3.264380455
vn 0.6815791726 0.6112463474 -0.4022782445
v -0.4761140049 1.106313944 2.666192055
vn 0.6164720654 -0.2223692238 0.7553238869
v -0.4649557769 1.106313944 2.656732321
vn 0.6010858417 -0.2247418761 0.7669334412
v -0.4649557769 1.079004884 3.278401136
vn 0.6730003953 0.6474199891 -0.3576560616
v -0.4915602803 1.106313944 3.278401136
vn 0.6722741723 0.6572746038 -0.3406428695
v -0.4649557769 1.097451329 3.314413548
vn 0.6741194725 0.6491639018 -0.352348119
v -0.4736673236 1.106313944 3.314413548
vn 0.6690852642 0.653429985 -0.3540538847
v -0.4649557769 1.106313944 3.328677893
vn 0.6691617966 0.623265326 -0.4046761692
v -0.4649557769 1.131113768 2.666192055
vn 0.600562036 -0.2802436054 0.7488583326
v -0.4649557769 1.142326236 2.670498371
vn 0.6023359895 -0.2449552417 0.7597290874
v -0.4649557769 1.121091485 3.350425959
vn 0.6670196652 0.6077265739 -0.4309909046
v -0.4841789305 1.142326236 3.350425959
vn 0.6613602042 0.6057400107 -0.4423592687
v -0.4649557769 1.142326236 3.379730701
vn 0.6719356179 0.6011184454 -0.432618916
v -0.4888116717 1.178338647 2.702204227
vn 0.6290359497 -0.2789006233 0.725622654
v -0.4649557769 1.178338647 2.681876898
vn 0.6227366328 -0.252148509 0.7406890392
v -0.4649557769 1.147197604 3.386438131
vn 0.6801523566 0.6033710241 -0.4163366258
v -0.4925421178 1.178338647 3.386438131
vn 0.7025195956 0.5866551995 -0.4028671384
v -0.4649557769 1.169073939 3.422450542
vn 0.7074184418 0.5934006572 -0.3839724064
v -0.4730952978 1.178338647 3.422450542
vn 0.713650465 0.5267039537 -0.4618288875
v -0.4649557769 1.178338647 3.43503499
vn 0.7286482453 0.5159717202 -0.4503830969
v -0.4738415182 1.214350939 2.702204227
vn 0.6447166204 -0.278960377 0.7117033005
v -0.4649557769 1.214350939 2.693896294
vn 0.6356733441 -0.2687895298 0.7236515284
v -0.5000329614 1.214350939 3.422450542
vn 0.7232505679 0.4261559844 -0.5434148312
v -0.4649557769 1.203076601 3.458462715
vn 0.7296990156 0.3925715089 -0.5598455071
v -0.4718868136 1.214350939 3.458462715
vn 0.7186307311 0.3407666683 -0.6061748862
v -0.4649557769 1.214350939 3.465776205
vn 0.634113133 0.1055307835 -0.7660050392
v -0.4649557769 1.233065128 2.702204227
vn 0.6322816014 -0.3102493286 0.7099051476
v -0.4962562323 1.250363231 2.738216639
vn 0.6462281942 -0.259930104 0.7175133824
v -0.4649557769 1.250363231 2.709943533
vn 0.6482018828 -0.2394883931 0.7228274941
v -0.4820606112 1.250363231 3.458462715
vn 0.6589519978 0.1202962101 -0.7425032854
v -0.4649557769 1.250363231 3.472029209
vn 0.5496031046 0.02337205224 -0.8350989223
v -0.4840642214 1.286375523 2.738216639
vn 0.6550797224 -0.2233478278 0.7217937708
v -0.4649557769 1.286375523 2.720549107
vn 0.6146093607 -0.2619850338 0.7440558672
v -0.4794633687 1.286375523 3.458462715
vn 0.5053213835 -0.1975264996 -0.8400200009
v -0.4649557769 1.286375523 3.466522694
vn 0.3969560564 -0.2616639733 -0.8797487617
v -0.4713202715 1.322387815 2.738216639
vn 0.6394450068 -0.2641189694 0.7220465541
v -0.4649557769 1.322387815 2.732403994
vn 0.5089091659 -0.4141132236 0.7546666265
v -0.4649557769 1.306124687 3.458462715
vn 0.3214440644 -0.3579498231 -0.8766673803
v -0.4649557769 1.322387815 3.451814651
vn 0.3261105418 -0.3577007651 -0.8750440478
v -0.4649557769 1.332096815 2.738216639
vn 0.5036209822 -0.417332381 0.7564387321
v -0.4933026433 1.358400106 2.774228811
vn 0.5494579077 -0.4101439416 0.7279272079
v -0.4649557769 1.358400106 2.753279209
vn 0.4552389383 -0.4552727938 0.7651693821
v -0.4986278713 1.358400106 3.422450542
vn 0.3165583313 -0.5505809188 -0.7724321485
v -0.4649557769 1.358400106 3.434867382
vn 0.2687596381 -0.4455431998 -0.8539669514
v -0.4649557769 1.392621875 2.774228811
vn 0.4104391336 -0.500199914 0.7624564171
v -0.4649557769 1.394412518 2.775323153
vn 0.2122779787 -0.5532705188 0.8054997325
v -0.4649557769 1.377428651 3.422450542
vn 0.297724396 -0.5579679608 -0.7746173143
v -0.4649557769 1.394412518 3.408879995
vn 0.3407814503 -0.6311682463 -0.6967744827
v -0.4927667379 1.430424809 2.810241222
vn 0.274058193 -0.5877221823 0.7612323761
v -0.4649557769 1.430424809 2.800553083
vn 0.1562076211 -0.5692591071 0.807182312
v -0.4824651778 1.430424809 3.350425959
vn 0.4942603707 -0.7820412517 -0.3796289563
v -0.4649557769 1.430424809 3.367100477
vn 0.4389075339 -0.7370715737 -0.5138927102
v -0.4649557769 1.416435242 3.386438131
vn 0.4034870267 -0.7160702348 -0.5695978403
v -0.4649557769 1.440971732 2.810241222
vn 0.02295963652 -0.7461823225 0.6653456092
v -0.489403069 1.466437101 2.846253633
vn 0.1652940959 -0.767866075 0.6189180613
v -0.4649557769 1.466437101 2.83998704
vn -0.05494083464 -0.7662016153 0.6402472854
v -0.4931886196 1.466437101 3.134351969
vn 0.591628015 -0.787976861 -0.1704957485
v -0.4851942658 1.466437101 3.17036438
vn 0.6328656077 -0.7666944265 -0.1079853624
v -0.4807288647 1.466437101 3.206376553
vn 0.6496120095 -0.7532314658 -0.1031821445
v -0.4727198482 1.466437101 3.242388964
vn 0.6156355143 -0.7749531865 -0.1429703832
v -0.4649557769 1.466437101 3.263760805
vn 0.5835770965 -0.7836351991 -0.2129639387
v -0.4649557769 1.462494373 3.278401136
vn 0.5357577801 -0.8277038932 -0.1669427007
v -0.4649557769 1.454441428 3.314413548
vn 0.5114363432 -0.8240312934 -0.2437319458
v -0.4649557769 1.441595316 3.350425959
vn 0.4699419141 -0.7830725908 -0.4073719382
v -0.4649557769 1.470893264 2.846253633
vn 0.01671310514 -0.9054521322 0.4241192639
v -0.4649557769 1.486791015 2.882265806
vn 0.009287239984 -0.9214440584 0.3884000182
v -0.4649557769 1.499531031 2.918278217
vn 0.2582848072 -0.9439494014 0.2055443525
v -0.4734477997 1.502449393 2.95429039
vn 0.5030301213 -0.8585855365 0.09895208478
v -0.4649557769 1.502449393 2.93153286
vn 0.128202945 -0.9557040334 0.2649410665
v -0.4741612077 1.502449393 2.990302801
vn 0.5403670073 -0.8406350613 -0.03655357659
v -0.4685671031 1.502449393 3.026314974
vn 0.5516989231 -0.8290693164 -0.09095280617
v -0.4649557769 1.502449393 3.038431644
vn 0.538179934 -0.8273158073 -0.160968706
v -0.4649557769 1.497815132 3.062327385
vn 0.5239489079 -0.8419972658 -0.1285232157
v -0.4649557769 1.492187381 3.098339796
vn 0.5423201919 -0.8315721154 -0.1199026257
v -0.4649557769 1.487593889 3.134351969
vn 0.5988917947 -0.7922936678 -0.116616331
v -0.4649557769 1.483985186 3.17036438
vn 0.6284105182 -0.7724117637 -0.09208835661
v -0.4649557769 1.479944944 3.206376553
vn 0.5898807049 -0.7931473255 -0.1515191495
v -0.4649557769 1.472330213 3.242388964
vn 0.5561954379 -0.808180809 -0.1936245859
v -0.4649557769 1.507230043 2.95429039
vn 0.2515851855 -0.9634333253 0.09220176935
v -0.4649557769 1.508209825 2.990302801
vn 0.3194402754 -0.9474693537 -0.01611751132
v -0.4649557769 1.504760027 3.026314974
vn 0.3988560438 -0.9137689471 -0.07707232982
v -0.4508975148 0.7822031975 2.810241222
vn 0.5913766026 0.7928578854 0.1471395791
v -0.4289434552 0.7822031975 2.793878317
vn 0.3037753403 0.715842247 0.6287212372
v -0.4289434552 0.7676686645 2.810241222
vn 0.3929591775 0.7926055193 0.4662183821
v -0.4289434552 0.7621947527 2.846253633
vn 0.5907881856 0.8059129715 0.03838714585
v -0.4514111578 0.7822031975 2.846253633
vn 0.6725918055 0.7196282148 -0.1724978238
v -0.4289434552 0.7734105587 2.882265806
vn 0.6596093774 0.7052825689 -0.2597921193
v -0.4378615022 0.7822031975 2.882265806
vn 0.6797047853 0.6744332314 -0.2883422077
v -0.4289434552 0.7822031975 2.899216413
vn 0.6679038405 0.6566640735 -0.3502809405
v -0.4289434552 0.8182154894 2.757483244
vn 0.06900747865 0.6603947878 0.7477411032
v -0.4289434552 0.799526453 2.774228811
vn 0.1681949943 0.7308602929 0.6614784002
v -0.4289434552 0.7926830649 2.918278217
vn 0.6797289848 0.6340406537 -0.3687288761
v -0.4522106946 0.8182154894 2.918278217
vn 0.7046265006 0.5940355659 -0.3881020844
v -0.4289434552 0.8132036328 2.95429039
vn 0.6896370053 0.6176284552 -0.3780686259
v -0.4332238138 0.8182154894 2.95429039
vn 0.7234775424 0.566462338 -0.3945892155
v -0.4289434552 0.8182154894 2.96133256
vn 0.6870011091 0.5890735388 -0.4254666269
v -0.4289434552 0.8542277813 2.729676962
vn 0.02227663808 0.4899502397 0.8714657426
v -0.4289434552 0.842130065 2.738216639
vn 0.02110740729 0.606670022 0.7946735024
v -0.4606552124 0.8542277813 2.95429039
vn 0.7203931212 0.5772566795 -0.3844586611
v -0.4289434552 0.8392406106 2.990302801
vn 0.6882078648 0.5901018977 -0.4220778644
v -0.4415583014 0.8542277813 2.990302801
vn 0.7067810893 0.5882140398 -0.3930200338
v -0.4289434552 0.8542277813 3.011741877
vn 0.685146749 0.6018054485 -0.4103707373
v -0.4289434552 0.8902401328 2.711282253
vn 0.01603146456 0.4803655446 0.8769218326
v -0.4289434552 0.8639158607 3.026314974
vn 0.6878400445 0.6110010743 -0.3918594122
v -0.4522010982 0.8902401328 3.026314974
vn 0.7122356296 0.5698649287 -0.4098467827
v -0.4289434552 0.8856717944 3.062327385
vn 0.6947424412 0.6037888527 -0.3908605576
v -0.4327439666 0.8902401328 3.062327385
vn 0.7428984046 0.5196589828 -0.4219674468
v -0.4289434552 0.8902401328 3.068401098
vn 0.7017806768 0.5550556183 -0.4465613961
v -0.4289434552 0.9262524247 2.686907291
vn 0.09220348299 0.5319797397 0.8417220712
v -0.4289434552 0.904148221 2.702204227
vn 0.03243109211 0.5698363185 0.8211179972
v -0.4574190378 0.9262524247 3.062327385
vn 0.7391745448 0.5181636214 -0.4302643836
v -0.4289434552 0.9155877829 3.098339796
vn 0.7071380019 0.5283956528 -0.4698445797
v -0.436558485 0.9262524247 3.098339796
vn 0.7360258102 0.5209854245 -0.4322501421
v -0.4289434552 0.9262524247 3.109964609
vn 0.6951742768 0.5380762815 -0.4766620398
v -0.4415414035 0.9622647166 2.666192055
vn 0.1997677088 0.5144997239 0.8338962197
v -0.4289434552 0.9622647166 2.663128853
vn 0.1766030043 0.4308192432 0.8849893212
v -0.4289434552 0.9576166272 2.666192055
vn 0.09860944003 0.5642696023 0.8196804523
v -0.4612590969 0.9622647166 3.098339796
vn 0.7315323949 0.5468719006 -0.4071749747
v -0.4289434552 0.946603477 3.134351969
vn 0.6881048083 0.5758318901 -0.4415081143
v -0.4418306947 0.9622647166 3.134351969
vn 0.7110078335 0.5741244555 -0.406016022
v -0.4289434552 0.9622647166 3.156473637
vn 0.6841093302 0.6049946547 -0.4074014723
v -0.4289434552 0.9982770681 2.645821571
vn 0.199644953 0.3685383797 0.9079214334
v -0.4289434552 0.9709811211 3.17036438
vn 0.6756769419 0.6432133913 -0.3601905107
v -0.4552028775 0.9982770681 3.17036438
vn 0.6845024824 0.6402603388 -0.3486015499
v -0.4289434552 0.9895426631 3.206376553
vn 0.6764467359 0.6464736462 -0.3528337777
v -0.4373601973 0.9982770681 3.206376553
vn 0.6905795336 0.6259254813 -0.3623771369
v -0.4289434552 0.9982770681 3.220406771
vn 0.6819075942 0.6107331514 -0.4025009274
v -0.4289434552 1.03428936 2.631842136
vn 0.3535473943 0.2243259102 0.9081200957
v -0.4289434552 1.013334751 3.242388964
vn 0.6866260171 0.5935513973 -0.419811219
v -0.4469496012 1.03428936 3.242388964
vn 0.6860179305 0.5895075798 -0.4264506996
v -0.4289434552 1.03428936 3.271354914
vn 0.6879298687 0.5885945559 -0.4246280193
v -0.4368517697 1.070301652 2.630179644
vn 0.5385522842 0.02856396139 0.8421078324
v -0.4289434552 1.070301652 2.625365734
vn 0.3236882687 0.08782412112 0.9420790076
v -0.4289434552 1.043256164 2.630179644
vn 0.2864889205 0.1674444526 0.9433379173
v -0.4289434552 1.039303899 3.278401136
vn 0.6902253628 0.6104011536 -0.3885863423
v -0.4565453231 1.070301652 3.278401136
vn 0.6852568984 0.6361083984 -0.3546675742
v -0.4289434552 1.059915543 3.314413548
vn 0.6867147088 0.6275072098 -0.3669572771
v -0.4387026429 1.070301652 3.314413548
vn 0.6770958304 0.6496145129 -0.3457487226
v -0.4289434552 1.070301652 3.332455158
vn 0.6717578173 0.6435989141 -0.3667722344
v -0.4301652908 1.106313944 2.630179644
vn 0.573806107 -0.1831555367 0.7982484698
v -0.4289434552 1.106313944 2.629297733
vn 0.4340969324 -0.08923204988 0.896435976
v -0.4289434552 1.08063817 3.350425959
vn 0.681542933 0.6316770911 -0.369436413
v -0.4523109794 1.106313944 3.350425959
vn 0.706733942 0.5942223072 -0.3839621842
v -0.4289434552 1.100544095 3.386438131
vn 0.697163105 0.6239361763 -0.3530825377
v -0.4338435233 1.106313944 3.386438131
vn 0.736184895 0.5620825291 -0.3769550025
v -0.4289434552 1.106313944 3.39561677
vn 0.7123882771 0.592449367 -0.3761737347
v -0.4289434552 1.109174848 2.630179644
vn 0.5993538499 -0.2523876429 0.75965482
v -0.4597905576 1.142326236 2.666192055
vn 0.6128867269 -0.2410234809 0.7525141835
v -0.4289434552 1.142326236 2.640885353
vn 0.5924723744 -0.2382178158 0.7695640326
v -0.4608597457 1.142326236 3.386438131
vn 0.7312562466 0.5698860288 -0.374825567
v -0.4289434552 1.124413371 3.422450542
vn 0.7277623415 0.56562078 -0.3878596127
v -0.4428290129 1.142326236 3.422450542
vn 0.7277610898 0.5737455487 -0.3757391274
v -0.4289434552 1.142326236 3.448076725
vn 0.7195006609 0.5700904727 -0.3966303468
v -0.446667999 1.178338647 2.666192055
vn 0.6250639558 -0.230817318 0.7456664443
v -0.4289434552 1.178338647 2.651401758
vn 0.5423124433 -0.2714674175 0.7951117158
v -0.4289434552 1.149990678 3.458462715
vn 0.7071924806 0.5417291522 -0.4543218315
v -0.450310111 1.178338647 3.458462715
vn 0.7215327024 0.4894719124 -0.4897017479
v -0.4289434552 1.178338647 3.488095999
vn 0.7093282938 0.422718823 -0.5640586615
v -0.4328452051 1.214350939 2.666192055
vn 0.6263406873 -0.2638925016 0.7335244417
v -0.4289434552 1.214350939 2.663032055
vn 0.4587710202 -0.3212098777 0.8284644485
v -0.4289434552 1.196999788 3.494475126
vn 0.6864262223 0.2558722794 -0.6806970239
v -0.4339981973 1.214350939 3.494475126
vn 0.6709502935 -0.03373676538 -0.740734458
v -0.4289434552 1.214350939 3.498416662
vn 0.4478416145 -0.0830892846 -0.8902438283
v -0.4289434552 1.221807122 2.666192055
vn 0.5752054453 -0.3213994801 0.7522240877
v -0.4565656483 1.250363231 2.702204227
vn 0.6323157549 -0.276156038 0.7238194942
v -0.4289434552 1.250363231 2.678354025
vn 0.5004867911 -0.3238315284 0.8028985858
v -0.4289434552 1.236452699 3.494475126
vn 0.3140904605 -0.1615888774 -0.9355406165
v -0.4289434552 1.250363231 3.492044687
vn 0.4266960323 -0.1786274761 -0.8865792155
v -0.4432132542 1.286375523 2.702204227
vn 0.6225096583 -0.2653273344 0.7362629771
v -0.4289434552 1.286375523 2.690778255
vn 0.3317462206 -0.4062328339 0.8514219522
v -0.4289434552 1.286375523 3.478381872
vn 0.2141447514 -0.3730839193 -0.9027460217
v -0.4289434552 1.31101644 2.702204227
vn 0.4003354609 -0.3983785808 0.8252429962
v -0.4289434552 1.322387815 2.707977533
vn 0.3872809708 -0.4821336269 0.7858502269
v -0.4420951605 1.322387815 3.458462715
vn 0.2502235174 -0.425896287 -0.8694829345
v -0.4289434552 1.322387815 3.462278605
vn 0.1940256506 -0.4021709561 -0.8947695494
v -0.4327730834 1.358400106 2.738216639
vn 0.3704286516 -0.481295377 0.7944415212
v -0.4289434552 1.358400106 2.736242533
vn 0.1703119874 -0.6477559209 0.7425672412
v -0.4289434552 1.329360247 3.458462715
vn 0.1285666525 -0.4695997238 -0.8734682202
v -0.4289434552 1.358400106 3.443320751
vn 0.1713048071 -0.4590553939 -0.8717355132
v -0.4289434552 1.36046195 2.738216639
vn -0.1011020616 -0.7197219133 0.686861515
v -0.4552744627 1.394412518 2.774228811
vn 0.0991667062 -0.684583962 0.7221570015
v -0.4289434552 1.394412518 2.770925045
vn -0.158052668 -0.6865346432 0.709710896
v -0.4311670065 1.394412518 3.422450542
vn 0.2978814542 -0.5947298408 -0.7467014194
v -0.4289434552 1.394412518 3.423246384
vn 0.1642248929 -0.4832396805 -0.859947443
v -0.4289434552 1.397814393 2.774228811
vn -0.2262117416 -0.6919996142 0.685539782
v -0.4289434552 1.430424809 2.805893183
vn -0.1797150224 -0.6521436572 0.7364856601
v -0.439201057 1.430424809 3.386438131
vn 0.3953399956 -0.7391042113 -0.5453726053
v -0.4289434552 1.430424809 3.392229319
vn 0.2704685628 -0.6499367952 -0.7102315426
v -0.4289434552 1.395466089 3.422450542
vn 0.2028391361 -0.6264716387 -0.7525885701
v -0.4289434552 1.434631824 2.810241222
vn -0.3044077754 -0.7418836951 0.597448349
v -0.4455269277 1.466437101 2.846253633
vn -0.20113796 -0.8559305072 0.4763680696
v -0.4289434552 1.462101817 2.846253633
vn -0.3565727174 -0.7590774298 0.5446625948
v -0.4289434552 1.466437101 2.853709936
vn -0.4306030571 -0.7912062407 0.4342507422
v -0.4593221247 1.466437101 3.278401136
vn 0.5641857386 -0.8005047441 -0.2022043914
v -0.4474844337 1.466437101 3.314413548
vn 0.5594021082 -0.7966252565 -0.2290360332
v -0.4289434552 1.466437101 3.344785452
vn 0.517259717 -0.7841117382 -0.3429448605
v -0.4289434552 1.46372664 3.350425959
vn 0.3783729076 -0.7667848468 -0.5185315609
v -0.4289434552 1.436110735 3.386438131
vn 0.3070058525 -0.7377858162 -0.6011818051
v -0.4289434552 1.4811759 2.882265806
vn -0.2966848314 -0.8485425711 0.4381250739
v -0.4289434552 1.499798536 2.918278217
vn -0.2308449745 -0.8839201927 0.4066886306
v -0.4289434552 1.502449393 2.924669743
vn -0.1210300475 -0.9342575073 0.3354320228
v -0.4572709501 1.502449393 3.062327385
vn 0.4955889583 -0.8595770001 -0.1245750114
v -0.4508675933 1.502449393 3.098339796
vn 0.5631895661 -0.8235551715 -0.06763451546
v -0.4467072785 1.502449393 3.134351969
vn 0.6154538393 -0.7847363949 -0.07352148741
v -0.4421116412 1.502449393 3.17036438
vn 0.6194681525 -0.7786167264 -0.1000762656
v -0.4341004193 1.502449393 3.206376553
vn 0.5962677002 -0.7916532159 -0.1332293451
v -0.4289434552 1.502449393 3.220136166
vn 0.5748466253 -0.7895094752 -0.2150026262
v -0.4289434552 1.496376872 3.242388964
vn 0.5625241995 -0.8045778275 -0.190318346
v -0.4289434552 1.487847447 3.278401136
vn 0.5559549928 -0.80540061 -0.2055332363
v -0.4289434552 1.479694724 3.314413548
vn 0.4709977806 -0.8169295192 -0.3328471184
v -0.4289434552 1.512604833 2.95429039
vn -0.06787005812 -0.9732909799 0.2193132192
v -0.4289434552 1.516649961 2.990302801
vn 0.06356691569 -0.9939244986 0.08985173702
v -0.4289434552 1.517897844 3.026314974
vn 0.2195106745 -0.9745511413 0.04544408247
v -0.4289434552 1.518591046 3.062327385
vn 0.4151774347 -0.90971452 0.006869706325
v -0.4289434552 1.518740058 3.098339796
vn 0.5261653662 -0.8500769138 -0.0227877479
v -0.4289434552 1.516683221 3.134351969
vn 0.5346655846 -0.8405030966 -0.08767697215
v -0.4289434552 1.512417674 3.17036438
vn 0.5085482597 -0.8519903421 -0.1244635731
v -0.4289434552 1.506122589 3.206376553
vn 0.5196818113 -0.8395684958 -0.1582893431
v -0.4089208841 0.7461909056 2.846253633
vn 0.6434185505 0.7649788857 -0.0286339093
v -0.3929311335 0.7461909056 2.817680597
vn 0.5180007219 0.7794886231 0.3522396386
v -0.3929311335 0.7342752814 2.846253633
vn 0.4707019627 0.8464414477 0.2489509434
v -0.3929311335 0.7388699651 2.882265806
vn 0.6381742954 0.7610394359 -0.1164153665
v -0.40069893 0.7461909056 2.882265806
vn 0.6770338416 0.7058813572 -0.2082226723
v -0.3929311335 0.7461909056 2.898244143
vn 0.6732607484 0.6679543853 -0.3171070814
v -0.3929311335 0.7822031975 2.785365343
vn 0.1580964476 0.6238747239 0.7653664947
v -0.3929311335 0.7501882315 2.810241222
vn 0.343806833 0.7356923819 0.5835696459
v -0.3929311335 0.7557194233 2.918278217
vn 0.6682484746 0.665851295 -0.3317920864
v -0.4190453589 0.7822031975 2.918278217
vn 0.6824885011 0.6459692121 -0.3419550061
v -0.3929311335 0.7734966874 2.95429039
vn 0.6763147712 0.6504235864 -0.3457562923
v -0.4013351202 0.7822031975 2.95429039
vn 0.6908826828 0.6265979409 -0.3606330156
v -0.3929311335 0.7822031975 2.968306541
vn 0.6823653579 0.6104140282 -0.4022091627
v -0.3929311335 0.8182154894 2.756394863
vn 0.02394219488 0.6260908246 0.7793824673
v -0.3929311335 0.7958678603 2.774228811
vn 0.04473275691 0.6162573099 0.7862734199
v -0.3929311335 0.7972615361 2.990302801
vn 0.6866470575 0.5935063362 -0.4198404849
v -0.4109322131 0.8182154894 2.990302801
vn 0.6863710284 0.5888127685 -0.4268423319
v -0.3929311335 0.8182154894 3.019241095
vn 0.6882296801 0.5878970027 -0.4251082838
v -0.3929311335 0.8542277813 2.729529858
vn 0.004138232209 0.4897663593 0.8718438745
v -0.3929311335 0.8418101072 2.738216639
vn 0.006775944494 0.5950090289 0.8036904931
v -0.3929311335 0.8232754469 3.026314974
vn 0.6919015646 0.6047100425 -0.394459039
v -0.4201261103 0.8542277813 3.026314974
vn 0.6962416768 0.6142013073 -0.3714892864
v -0.3929311335 0.8445933461 3.062327385
vn 0.692106843 0.6129461527 -0.3811629117
v -0.4017145634 0.8542277813 3.062327385
vn 0.6968535185 0.6109119058 -0.3757416904
v -0.3929311335 0.8542277813 3.076750994
vn 0.6871532202 0.5964156985 -0.4148599505
v -0.3929311335 0.8902401328 2.71096468
vn 0.005310035311 0.4875968695 0.8730527163
v -0.3929311335 0.8698190451 3.098339796
vn 0.6881557107 0.5753749609 -0.4420242012
v -0.4098191857 0.8902401328 3.098339796
vn 0.6969932914 0.548416853 -0.461994946
v -0.3929311335 0.8902401328 3.122731447
vn 0.6933145523 0.542853415 -0.4739463329
v -0.3929311335 0.9262524247 2.68473959
vn 0.04194045067 0.5837646723 0.8108389378
v -0.3929311335 0.9029372334 2.702204227
vn 0.01054102369 0.5907514095 0.806784749
v -0.3929311335 0.9009032249 3.134351969
vn 0.7061747909 0.5285522342 -0.4711153805
v -0.4120606184 0.9262524247 3.134351969
vn 0.6967417002 0.5490404367 -0.4616336823
v -0.3929311335 0.9262524247 3.164317846
vn 0.7063438892 0.549967587 -0.445661217
v -0.3929311335 0.9622647166 2.658581972
vn 0.08129763603 0.4618076682 0.8832464814
v -0.3929311335 0.9512334466 2.666192055
vn 0.046390865 0.5892869234 0.8065908551
v -0.3929311335 0.9307771921 3.17036438
vn 0.693353653 0.6029853225 -0.3945496082
v -0.4205540419 0.9622647166 3.17036438
vn 0.6874408126 0.6322791576 -0.3572789133
v -0.3929311335 0.9518432617 3.206376553
vn 0.6878120303 0.6242821813 -0.3703868389
v -0.4026917219 0.9622647166 3.206376553
vn 0.6782332063 0.6478816867 -0.3467694223
v -0.3929311335 0.9622647166 3.224390984
vn 0.672323525 0.642457664 -0.3677352071
v -0.3929311335 0.9982770681 2.641150713
vn 0.08474747092 0.4236947298 0.9018318057
v -0.3929311335 0.972648561 3.242388964
vn 0.6810640693 0.6297931075 -0.373513639
v -0.4162070453 0.9982770681 3.242388964
vn 0.7047519088 0.5934219956 -0.3888124824
v -0.3929311335 0.9932625294 3.278401136
vn 0.6898307204 0.6168766618 -0.3789416254
v -0.3972128928 0.9982770681 3.278401136
vn 0.7233107686 0.5671516657 -0.3939041793
v -0.3929311335 0.9982770681 3.285447598
vn 0.6866663694 0.5896517634 -0.425205946
v -0.4223538041 1.03428936 2.630179644
vn 0.2119229883 0.3886566162 0.8966798186
v -0.3929311335 1.03428936 2.62331748
vn 0.1860354245 0.2727128267 0.9439377785
v -0.3929311335 1.020465851 2.630179644
vn 0.09164973348 0.4516688883 0.887465775
v -0.4246617258 1.03428936 3.278401136
vn 0.7193926573 0.5798977017 -0.3823517859
v -0.3929311335 1.019231439 3.314413548
vn 0.6871307492 0.5929275155 -0.4198669791
v -0.4056679606 1.03428936 3.314413548
vn 0.7047426701 0.5930845737 -0.3893437088
v -0.3929311335 1.03428936 3.33640933
vn 0.6818937063 0.6109179258 -0.4022440314
v -0.3929311335 1.070301652 2.61358881
vn 0.2460130602 0.1474814415 0.9579805732
v -0.3929311335 1.042998075 3.350425959
vn 0.6763555408 0.6451497674 -0.3554222882
v -0.4192318022 1.070301652 3.350425959
vn 0.6860435605 0.6431759596 -0.3401013315
v -0.3929311335 1.060973644 3.386438131
vn 0.6734308004 0.6563516855 -0.3401373327
v -0.4019937217 1.070301652 3.386438131
vn 0.6946408749 0.6321796179 -0.3432535529
v -0.3929311335 1.070301652 3.403650522
vn 0.6810828447 0.6390817165 -0.357352376
v -0.3929311335 1.106313944 2.611165762
vn 0.3288690746 0.01163322851 0.9443038702
v -0.3929311335 1.080988288 3.422450542
vn 0.6985269785 0.6177760959 -0.3611270785
v -0.4148789048 1.106313944 3.422450542
vn 0.7247828245 0.5792619586 -0.3730219901
v -0.3929311335 1.101646543 3.458462715
vn 0.680970192 0.6115618944 -0.4028295875
v -0.3968825042 1.106313944 3.458462715
vn 0.7291591763 0.5440115929 -0.415184617
v -0.3929311335 1.106313944 3.464637756
vn 0.6626729965 0.5814397335 -0.4720088243
v -0.4144281745 1.142326236 2.630179644
vn 0.548938632 -0.2520692647 0.7969488502
v -0.3929311335 1.142326236 2.616060734
vn 0.3896771073 -0.1848849058 0.902202487
v -0.423220098 1.142326236 3.458462715
vn 0.7340684533 0.5221166611 -0.4342092276
v -0.3929311335 1.13176167 3.494475126
vn 0.6680425406 0.5489895344 -0.5023242235
v -0.4013062716 1.142326236 3.494475126
vn 0.7008966208 0.4558074474 -0.548619628
v -0.3929311335 1.142326236 3.503524542
vn 0.5821080804 0.4020335376 -0.7067667246
v -0.3971752524 1.178338647 2.630179644
vn 0.5414158106 -0.2594138682 0.7997332811
v -0.3929311335 1.178338647 2.627401829
vn 0.271379292 -0.3498705626 0.8966291547
v -0.4233544469 1.178338647 3.494475126
vn 0.6635630131 0.3547087312 -0.6586849093
v -0.3929311335 1.178338647 3.517922401
vn 0.4755864441 0.08251210302 -0.8757906556
v -0.3929311335 1.184418082 2.630179644
vn 0.3706920147 -0.3753068745 0.8495482206
v -0.3929311335 1.214350939 2.643285751
vn 0.3467916548 -0.371496737 0.8612349629
v -0.3929311335 1.214350939 3.513873816
vn 0.2809977233 -0.2085156888 -0.9367825389
v -0.4064025283 1.250363231 2.666192055
vn 0.4314476252 -0.3692995608 0.8230861425
v -0.3929311335 1.250363231 2.659467936
vn 0.1848264039 -0.4494126737 0.8739951253
v -0.420687288 1.250363231 3.494475126
vn 0.2436017394 -0.3716817498 -0.8958297372
v -0.3929311335 1.250363231 3.501890659
vn 0.2091359049 -0.3212090433 -0.9236270189
v -0.3929311335 1.263486743 2.666192055
vn 0.1893591583 -0.4623754323 0.8662286401
v -0.3929311335 1.286375523 2.678520203
vn 0.02916455641 -0.5274377465 0.8490929604
v -0.3929311335 1.264824748 3.494475126
vn 0.1090031341 -0.4577075243 -0.8823956847
v -0.3929311335 1.286375523 3.483608007
vn 0.1191215664 -0.4099471271 -0.904297173
v -0.3929311335 1.321122885 2.702204227
vn 0.01683582738 -0.5254139304 0.8506801724
v -0.3929311335 1.322387815 2.703284502
vn -0.2416397184 -0.6973484159 0.6747706532
v -0.3929311335 1.322387815 3.467122555
vn 0.06928984821 -0.4374609292 -0.8965638876
v -0.3929311335 1.354409337 2.738216639
vn -0.3799992204 -0.7237030268 0.5760681629
v -0.4171087742 1.358400106 2.738216639
vn -0.1291187704 -0.7682411671 0.6270038486
v -0.3929311335 1.358400106 2.743658543
vn -0.3807408512 -0.7515825629 0.5386651158
v -0.3929311335 1.338027 3.458462715
vn 0.04146581888 -0.4953659475 -0.8676941395
v -0.3929311335 1.358400106 3.447210789
vn 0.06883765757 -0.4687363803 -0.880651772
v -0.422480613 1.394412518 2.774228811
vn -0.3533838689 -0.7167884111 0.601110816
v -0.3929311335 1.380059958 2.774228811
vn -0.4233246148 -0.7045528293 0.569562614
v -0.3929311335 1.394412518 2.792096138
vn -0.4815082252 -0.671903193 0.5627574325
v -0.3929311335 1.394412518 3.4287467
vn 0.0183974877 -0.4870990217 -0.8731529713
v -0.4225080609 1.430424809 2.810241222
vn -0.4707620442 -0.6965881586 0.541431427
v -0.3929311335 1.410050869 2.810241222
vn -0.5116914511 -0.6558733582 0.5549792051
v -0.3929311335 1.430424809 2.836890459
vn -0.5566713214 -0.6623068452 0.5014645457
v -0.3929311335 1.403267503 3.422450542
vn 0.017108161 -0.6000605822 -0.7997716069
v -0.3929311335 1.430424809 3.400939703
vn 0.1068350002 -0.6494447589 -0.7528663874
v -0.3929311335 1.437214494 2.846253633
vn -0.5096920133 -0.7186571956 0.4730178416
v -0.4055946171 1.466437101 2.882265806
vn -0.4985004663 -0.7419705391 0.448304534
v -0.3929311335 1.456886649 2.882265806
vn -0.5877919793 -0.6901209354 0.4221773148
v -0.3929311335 1.466437101 2.896184683
vn -0.5826904774 -0.6688218117 0.4616808891
v -0.422565639 1.466437101 3.350425959
vn 0.3284409642 -0.8239747286 -0.461727351
v -0.3929311335 1.466437101 3.363960743
vn 0.1836640835 -0.7273548841 -0.6612279415
v -0.3929311335 1.445566058 3.386438131
vn 0.1281009316 -0.7194622159 -0.682615757
v -0.3929311335 1.481160522 2.918278217
vn -0.4923192859 -0.7526203394 0.4372463226
v -0.396063596 1.502449393 2.95429039
vn -0.286354363 -0.9143846631 0.2861851156
v -0.3929311335 1.501211643 2.95429039
vn -0.5059728622 -0.7687949538 0.3910828531
v -0.3929311335 1.502449393 2.957853079
vn -0.4868043959 -0.8330308795 0.2628326714
v -0.4206625521 1.502449393 3.242388964
vn 0.5670725107 -0.8008285761 -0.1926196665
v -0.4096849859 1.502449393 3.278401136
vn 0.5817475319 -0.7856106758 -0.2106791139
v -0.3929311335 1.502449393 3.311479568
vn 0.559743464 -0.773201406 -0.2980718017
v -0.3929311335 1.501247644 3.314413548
vn 0.3557651639 -0.8143200874 -0.4586000144
v -0.3929311335 1.478233576 3.350425959
vn 0.2572045624 -0.7999258637 -0.5421848893
v -0.3929311335 1.51159811 2.990302801
vn -0.2783660889 -0.9357677102 0.2164511234
v -0.3929311335 1.519565582 3.026314974
vn -0.1676682085 -0.9589949846 0.228508085
v -0.3929311335 1.529208899 3.062327385
vn 0.01489829924 -0.9738907218 0.226527825
v -0.3929311335 1.537396193 3.098339796
vn 0.2287095189 -0.9692572951 0.09073170274
v -0.3929311335 1.537562132 3.134351969
vn 0.3473997712 -0.9364375472 -0.04897112027
v -0.3929311335 1.531925678 3.17036438
vn 0.4378448129 -0.8914340138 -0.1167791933
v -0.3929311335 1.526781678 3.206376553
vn 0.4700396061 -0.8745354414 -0.1193755344
v -0.3929311335 1.52190268 3.242388964
vn 0.5090801716 -0.8448417187 -0.1645596921
v -0.3929311335 1.515109658 3.278401136
vn 0.4376319051 -0.8490796089 -0.2958751619
v -0.3616021276 0.7101785541 2.882265806
vn 0.6755421162 0.7373213768 2.964875712e-17
v -0.3569188416 0.7101785541 2.859028101
vn 0.6495363116 0.747913301 0.1368512362
v -0.3569188416 0.7058750987 2.882265806
vn 0.5844931602 0.8043912053 0.1064072177
v -0.3569188416 0.7101785541 2.896125555
vn 0.6816343665 0.6964616179 -0.2243117392
v -0.3809149861 0.7461909056 2.810241222
vn 0.2498239577 0.8484324217 0.4666373432
v -0.3569188416 0.7461909056 2.804203272
vn 0.1287664473 0.5563516021 0.8209093213
v -0.3569188416 0.7389761806 2.810241222
vn 0.2639237046 0.7654482722 0.5868843198
v -0.3569188416 0.7124756575 2.846253633
vn 0.4198383093 0.8058612347 0.4175206721
v -0.3569188416 0.7176632285 2.918278217
vn 0.6865873933 0.6638985872 -0.2963721454
v -0.3835689723 0.7461909056 2.918278217
vn 0.6863863468 0.6516350508 -0.3228708208
v -0.3569188416 0.7357559204 2.95429039
vn 0.6971806288 0.6319093704 -0.3385701478
v -0.366671294 0.7461909056 2.95429039
vn 0.6816093922 0.650392592 -0.3352582455
v -0.3569188416 0.7461909056 2.97246027
vn 0.6834483147 0.6327319741 -0.3640723228
v -0.3569188416 0.7822031975 2.782447577
vn 0.08820246905 0.5373234153 0.8387513757
v -0.3569188416 0.7564541101 2.990302801
vn 0.6831952929 0.6278370023 -0.372914046
v -0.3801994026 0.7822031975 2.990302801
vn 0.7053045034 0.5925970078 -0.3890685737
v -0.3569188416 0.7771665454 3.026314974
vn 0.6923988461 0.6130722761 -0.3804289699
v -0.3612066209 0.7822031975 3.026314974
vn 0.7235504985 0.566290617 -0.3947019875
v -0.3569188416 0.7822031975 3.033368826
vn 0.6874783635 0.5883153081 -0.4257448316
v -0.3569188416 0.8182154894 2.755712509
vn 0.02823259681 0.6058405638 0.7950850129
v -0.3569188416 0.7936147451 2.774228811
vn 0.06450396031 0.5835155249 0.8095362186
v -0.3886305988 0.8182154894 3.026314974
vn 0.7204402685 0.5771499276 -0.3845306337
v -0.3569188416 0.803227365 3.062327385
vn 0.6884847283 0.5898745656 -0.4219440222
v -0.3695333898 0.8182154894 3.062327385
vn 0.7068140507 0.5881182551 -0.3931040466
v -0.3569188416 0.8182154894 3.083755255
vn 0.6853534579 0.6014481783 -0.410549283
v -0.3569188416 0.8542277813 2.729457855
vn 0.003623063676 0.4895913005 0.8719444871
v -0.3569188416 0.8415353894 2.738216639
vn 0.01875389367 0.5797101259 0.8146069646
v -0.3569188416 0.8279151917 3.098339796
vn 0.6875970364 0.6108167171 -0.3925726712
v -0.3801648021 0.8542277813 3.098339796
vn 0.7123108506 0.5691975355 -0.4106427729
v -0.3569188416 0.8497783542 3.134351969
vn 0.6859053969 0.6046314836 -0.4049130082
v -0.3606349826 0.8542277813 3.134351969
vn 0.7418960929 0.5201361179 -0.4231413305
v -0.3569188416 0.8542277813 3.140195131
vn 0.6821901202 0.5698815584 -0.4580956399
v -0.3569188416 0.8902401328 2.710898638
vn 0.002712681657 0.4886630774 0.8724683523
v -0.3853169382 0.8902401328 3.134351969
vn 0.7397150397 0.5174748302 -0.4301643968
v -0.3569188416 0.8798274398 3.17036438
vn 0.6880331039 0.5429435372 -0.4814798236
v -0.3644563854 0.8902401328 3.17036438
vn 0.7355230451 0.521678865 -0.4322695732
v -0.3569188416 0.8902401328 3.181823015
vn 0.6800483465 0.5558076501 -0.4781340361
v -0.3569188416 0.9262524247 2.684241056
vn 0.008290075697 0.6032002568 0.7975466847
v -0.3569188416 0.9026891589 2.702204227
vn 0.0017811656 0.5950790048 0.8036652207
v -0.3891494572 0.9262524247 3.17036438
vn 0.7321525812 0.5467938185 -0.4061639011
v -0.3569188416 0.9106814265 3.206376553
vn 0.6843108535 0.5802274942 -0.4416499138
v -0.3697945476 0.9262524247 3.206376553
vn 0.710955143 0.5747211576 -0.4052633941
v -0.3569188416 0.9262524247 3.228481293
vn 0.6823367476 0.6071822047 -0.4071195424
v -0.3569188416 0.9622647166 2.657625675
vn 0.01693893038 0.4738267958 0.8804551363
v -0.3569188416 0.9499635696 2.666192055
vn 0.008002173156 0.5945473313 0.804020822
v -0.3569188416 0.9349751472 3.242388964
vn 0.6756138206 0.643337369 -0.3600874543
v -0.3831779957 0.9622647166 3.242388964
vn 0.684487164 0.6403113604 -0.3485379517
v -0.3569188416 0.9535307884 3.278401136
vn 0.6763907671 0.6465723515 -0.3527601957
v -0.3653354645 0.9622647166 3.278401136
vn 0.690577805 0.6259300113 -0.3623725474
v -0.3569188416 0.9622647166 3.292431355
vn 0.6819052696 0.6107385159 -0.4024967551
v -0.3569188416 0.9982770681 2.640053749
vn 0.01775254868 0.4474728405 0.8941212893
v -0.3569188416 0.9773223996 3.314413548
vn 0.6866279244 0.5935518146 -0.4198074937
v -0.3749249876 0.9982770681 3.314413548
vn 0.6860260367 0.5894998312 -0.4264484048
v -0.3569188416 0.9982770681 3.343380451
vn 0.6879354119 0.5886003971 -0.424610883
v -0.3569188416 1.03428936 2.620826244
vn 0.07257924229 0.3616454899 0.9294863343
v -0.3569188416 1.016721725 2.630179644
vn 0.02993585542 0.4782299101 0.8777243495
v -0.3569188416 1.003289819 3.350425959
vn 0.6903423667 0.6105852127 -0.388089031
v -0.3845264912 1.03428936 3.350425959
vn 0.6845933795 0.6381207705 -0.3523262441
v -0.3569188416 1.023829699 3.386438131
vn 0.6858189106 0.6291344762 -0.3658445179
v -0.3667866886 1.03428936 3.386438131
vn 0.6747257113 0.654169023 -0.3417720497
v -0.3569188416 1.03428936 3.404928923
vn 0.6682308316 0.6512184143 -0.3596972525
v -0.3569188416 1.070301652 2.607933044
vn 0.1242656782 0.2504161894 0.9601300955
v -0.3569188416 1.043800592 3.422450542
vn 0.6679005623 0.656861186 -0.349917382
v -0.3829555809 1.070301652 3.422450542
vn 0.6792567372 0.6442946792 -0.3514179885
v -0.3569188416 1.062494755 3.458462715
vn 0.6513246894 0.6452950835 -0.3992122114
v -0.3645602465 1.070301652 3.458462715
vn 0.6807747483 0.6261848807 -0.3800503314
v -0.3569188416 1.070301652 3.469089508
vn 0.6353189945 0.6050987244 -0.4798179865
v -0.3569188416 1.106313944 2.60077095
vn 0.1584354788 0.03049080074 0.9868984222
v -0.3569188416 1.090882063 3.494475126
vn 0.5959678292 0.5659483671 -0.5696707368
v -0.3713741004 1.106313944 3.494475126
vn 0.6326415539 0.5551751852 -0.5399492979
v -0.3569188416 1.106313944 3.508483171
vn 0.5354939699 0.4831889868 -0.6926576495
v -0.3569188416 1.142326236 2.604521751
vn 0.1103390083 -0.2362100333 0.9654170871
v -0.3569188416 1.142326236 3.53014946
vn 0.537222445 0.3843832612 -0.7507606745
v -0.3569188416 1.178338647 2.617634773
vn -0.02042624541 -0.4130807221 0.9104653001
v -0.3569188416 1.146579504 3.530487537
vn 0.3775425255 0.0676131323 -0.9235205054
v -0.3625630736 1.178338647 3.530487537
vn 0.3727167547 -0.1416289657 -0.9170733094
v -0.3569188416 1.178338647 3.532610655
vn 0.264465481 -0.02825149521 -0.9639812708
v -0.3569188416 1.201475859 2.630179644
vn 0.05122485757 -0.4629307091 0.8849130869
v -0.3569188416 1.214350939 2.637951851
vn -0.1299521029 -0.5210238695 0.8435914516
v -0.3569188416 1.184131145 3.530487537
vn 0.1785820425 -0.3440212905 -0.9218230844
v -0.3569188416 1.214350939 3.5200212
vn 0.1761810929 -0.30906865 -0.9345784187
v -0.3569188416 1.250363231 2.661258698
vn -0.2414221913 -0.5538516045 0.7968460917
v -0.3569188416 1.250363231 3.504867792
vn 0.09358894825 -0.421325922 -0.9020673633
v -0.3569188416 1.257135272 2.666192055
vn -0.3217748702 -0.5686851144 0.7570060492
v -0.3569188416 1.286375523 2.689865112
vn -0.3959759176 -0.5923061967 0.7016953826
v -0.3569188416 1.269777536 3.494475126
vn 0.08025693893 -0.4746756256 -0.87649405
v -0.3569188416 1.286375523 3.485484362
vn 0.05636793002 -0.4398201704 -0.8963151574
v -0.3569188416 1.299773812 2.702204227
vn -0.4609071016 -0.631246984 0.6237722635
v -0.3569188416 1.322387815 2.729398727
vn -0.5200845599 -0.6618821621 0.5398370624
v -0.3569188416 1.322387815 3.468212605
vn 0.03763050959 -0.465650022 -0.8841685057
v -0.3569188416 1.32907784 2.738216639
vn -0.4988487959 -0.7001692057 0.5107963681
v -0.3670096695 1.358400106 2.774228811
vn -0.5673139691 -0.6712974906 0.4769847989
v -0.3569188416 1.349625945 2.774228811
vn -0.5996349454 -0.6734564304 0.4323127866
v -0.3569188416 1.358400106 2.786490679
vn -0.5954541564 -0.6474708319 0.4756215513
v -0.3569188416 1.338653207 3.458462715
vn -0.01115551218 -0.5419411659 -0.8403424025
v -0.3569188416 1.358400106 3.446357965
vn -0.04477254301 -0.4910345078 -0.8699887991
v -0.3761635721 1.394412518 2.810241222
vn -0.5937044621 -0.6314279437 0.4988123178
v -0.3569188416 1.376190066 2.810241222
vn -0.6028977633 -0.6359997988 0.4816830456
v -0.3569188416 1.394412518 2.834959269
vn -0.616979301 -0.6362855434 0.4631168842
v -0.3569188416 1.394412518 3.425936937
vn -0.08836960793 -0.5173275471 -0.8512126803
v -0.3857010305 1.430424809 2.846253633
vn -0.6414304376 -0.6660451293 0.3807241321
v -0.3569188416 1.402460456 2.846253633
vn -0.6287286282 -0.6484341621 0.4292242825
v -0.365147382 1.430424809 2.882265806
vn -0.6387546659 -0.6650215387 0.3869609833
v -0.3569188416 1.422296762 2.882265806
vn -0.6458715796 -0.6497327089 0.4008707106
v -0.3569188416 1.430424809 2.893764257
vn -0.6232787967 -0.6343227625 0.4573381841
v -0.3569188416 1.399468422 3.422450542
vn -0.1168111637 -0.5732031465 -0.8110445738
v -0.3569188416 1.430424809 3.400491953
vn -0.0691049248 -0.6006823778 -0.7964955568
v -0.375926882 1.466437101 2.918278217
vn -0.5975676775 -0.659822166 0.4555738568
v -0.3569188416 1.448303699 2.918278217
vn -0.6199631691 -0.6368569732 0.4583218396
v -0.3569188416 1.466437101 2.943437815
vn -0.6215748787 -0.6387527585 0.4534750581
v -0.3569188416 1.446442008 3.386438131
vn -0.02604493871 -0.6618665457 -0.7491691113
v -0.3569188416 1.466437101 3.367486954
vn 0.03627257049 -0.7134057283 -0.6998118162
v -0.3569188416 1.473699331 2.95429039
vn -0.5782178044 -0.7184776068 0.3865928948
v -0.375938952 1.502449393 2.990302801
vn -0.4905267358 -0.818779707 0.2983007133
v -0.3569188416 1.489960551 2.990302801
vn -0.5956459045 -0.733333528 0.3277619779
v -0.3569188416 1.502449393 3.018507481
vn -0.5785939097 -0.7452984452 0.3312993944
v -0.3896247745 1.502449393 3.314413548
vn 0.2932263315 -0.8534218669 -0.4309169352
v -0.3569188416 1.502449393 3.328083754
vn 0.1479386836 -0.7535941005 -0.6404764652
v -0.3569188416 1.483097196 3.350425959
vn 0.08092017472 -0.755292058 -0.6503736377
v -0.3569188416 1.505754113 3.026314974
vn -0.3853116632 -0.8740367293 0.2959640026
v -0.3569188416 1.520770431 3.062327385
vn -0.4086846113 -0.8515740037 0.3283269107
v -0.3569188416 1.534675121 3.098339796
vn -0.2856828272 -0.9259908199 0.2468325049
v -0.3858542144 1.538461685 3.134351969
vn 0.1219613627 -0.9893928766 0.07891270518
v -0.3569188416 1.538461685 3.116248608
vn -0.2023688853 -0.9591040611 0.1979045421
v -0.3731516004 1.538461685 3.17036438
vn 0.2483617067 -0.9674298167 -0.04894850031
v -0.3681894541 1.538461685 3.206376553
vn 0.3865753412 -0.9200043678 -0.0644319877
v -0.363009274 1.538461685 3.242388964
vn 0.4555966854 -0.8840107322 -0.104674384
v -0.3569188416 1.538461685 3.256105185
vn 0.2685895562 -0.935351193 -0.2301691473
v -0.3569188416 1.532893538 3.278401136
vn 0.2267840505 -0.9093614221 -0.3487561047
v -0.3569188416 1.513673544 3.314413548
vn 0.2074376345 -0.8452997208 -0.4923799038
v -0.3569188416 1.541905999 3.134351969
vn 0.07167396694 -0.9962623119 0.04821101204
v -0.3569188416 1.54362154 3.17036438
vn 0.0009544665227 -0.9987277389 0.05041801557
v -0.3569188416 1.543631673 3.206376553
vn 0.07865770161 -0.9966716766 -0.0214122124
v -0.3569188416 1.541700721 3.242388964
vn 0.07029850781 -0.9893292785 -0.1276154667
v -0.3522939384 0.7101785541 2.846253633
vn 0.4139776528 0.8386036158 0.3540712297
v -0.3209065199 0.7101785541 2.830040216
vn 0.2475769371 0.6735361218 0.6964586973
v -0.3209065199 0.6947286725 2.846253633
vn 0.3740725517 0.7916305065 0.4831054509
v -0.3209065199 0.6782351732 2.882265806
vn 0.5013431907 0.8266100287 0.255677253
v -0.3209065199 0.6801668406 2.918278217
vn 0.6412813663 0.7475942969 -0.1728032529
v -0.3500823081 0.7101785541 2.918278217
vn 0.7019195557 0.6539862752 -0.282153964
v -0.3209065199 0.6952379346 2.95429039
vn 0.6556681991 0.6882119179 -0.3105858564
v -0.3342008293 0.7101785541 2.95429039
vn 0.7047429681 0.6263744235 -0.3331552148
v -0.3209065199 0.7101785541 2.979995489
vn 0.6845552921 0.6300397515 -0.3666523397
v -0.3209065199 0.7461909056 2.79945755
vn 0.1054747775 0.5376241803 0.8365616202
v -0.3209065199 0.7319577336 2.810241222
vn 0.1634535044 0.670832932 0.7233713865
v -0.3209065199 0.7163971663 2.990302801
vn 0.697009325 0.621000886 -0.3585190475
v -0.3474573195 0.7461909056 2.990302801
vn 0.6971194744 0.6238049269 -0.3534004092
v -0.3209065199 0.7366408706 3.026314974
vn 0.6886712313 0.6227092743 -0.3714364767
v -0.3296663165 0.7461909056 3.026314974
vn 0.6957702637 0.6182821393 -0.3655556738
v -0.3209065199 0.7461909056 3.040837526
vn 0.6840725541 0.6040531993 -0.408857584
v -0.3209065199 0.7822031975 2.777957201
vn 0.1147959232 0.5301650763 0.8400874138
v -0.3209065199 0.7611711621 3.062327385
vn 0.6879128814 0.5908768177 -0.4214741886
v -0.3389158547 0.7822031975 3.062327385
vn 0.6869624853 0.5882393718 -0.4266813695
v -0.3209065199 0.7822031975 3.091349125
vn 0.6894562244 0.5869885087 -0.4243755341
v -0.3209065199 0.8182154894 2.753554106
vn 0.07970202714 0.5592350364 0.8251689672
v -0.3209065199 0.7876552343 2.774228811
vn 0.1296944171 0.5561493635 0.8209002614
v -0.3209065199 0.7872087359 3.098339796
vn 0.6916677952 0.6028603315 -0.3976871669
v -0.3480839133 0.8182154894 3.098339796
vn 0.6936370134 0.6137238145 -0.3771083951
v -0.3209065199 0.8090838194 3.134351969
vn 0.698792696 0.5948690772 -0.3972651064
v -0.3291824758 0.8182154894 3.134351969
vn 0.6896745563 0.6103222966 -0.3896867037
v -0.3209065199 0.8182154894 3.146438837
vn 0.6755130291 0.5795561075 -0.4558474422
v -0.3209065199 0.8542277813 2.729179621
vn 0.00797672011 0.4834553301 0.8753327131
v -0.3209065199 0.8403664231 2.738216639
vn 0.03351471946 0.5453022718 0.8375692368
v -0.3209065199 0.8367189765 3.17036438
vn 0.6691504717 0.582818985 -0.4610419273
v -0.3365476131 0.8542277813 3.17036438
vn 0.6742059588 0.5632240176 -0.4777290225
v -0.3209065199 0.8542277813 3.191018343
vn 0.6731488705 0.5545930266 -0.489180088
v -0.3209065199 0.8902401328 2.710879803
vn 0.003801127896 0.4847991467 0.874617219
v -0.3209065199 0.8678094745 3.206376553
vn 0.680978179 0.5608088374 -0.4709163308
v -0.3396207094 0.8902401328 3.206376553
vn 0.6813537478 0.5723353028 -0.4562777579
v -0.3209065199 0.8902401328 3.235599756
vn 0.6895386577 0.5769736767 -0.4377645254
v -0.3209065199 0.9262524247 2.68419838
vn 0.001004182035 0.6063969135 0.7951614857
v -0.3209065199 0.9026603103 2.702204227
vn 0.001172394725 0.5950829387 0.8036634326
v -0.3209065199 0.8951974511 3.242388964
vn 0.6898548603 0.6081155539 -0.3928049505
v -0.3485150039 0.9262524247 3.242388964
vn 0.6857700944 0.6349954009 -0.3556686938
v -0.3209065199 0.9158667922 3.278401136
vn 0.6867698431 0.6271054745 -0.3675402999
v -0.3306609094 0.9262524247 3.278401136
vn 0.6779962778 0.6482642293 -0.3465177417
v -0.3209065199 0.9262524247 3.2964077
vn 0.6722186208 0.642745018 -0.3674248159
v -0.3209065199 0.9622647166 2.657539368
vn 0.002634485951 0.4779713154 0.8783714771
v -0.3209065199 0.9498566389 2.666192055
vn 0.0009154697764 0.5948126912 0.8038638234
v -0.3209065199 0.9366368055 3.314413548
vn 0.681050837 0.6298252344 -0.3734834492
v -0.3441824317 0.9622647166 3.314413548
vn 0.7047492862 0.5934284329 -0.3888073564
v -0.3209065199 0.9572502375 3.350425959
vn 0.689819634 0.6168782115 -0.3789593279
v -0.3251882493 0.9622647166 3.350425959
vn 0.7232995629 0.5671702623 -0.3938980401
v -0.3209065199 0.9622647166 3.357472181
vn 0.6866289377 0.589674294 -0.4252352118
v -0.3209065199 0.9982770681 2.639767885
vn 0.005240608472 0.4569730461 0.8894650936
v -0.3526376486 0.9982770681 3.350425959
vn 0.7192515731 0.5801679492 -0.3822071552
v -0.3209065199 0.9832195044 3.386438131
vn 0.6867251396 0.5928011537 -0.4207081497
v -0.3336456716 0.9982770681 3.386438131
vn 0.7043859363 0.5934638381 -0.3894112408
v -0.3209065199 0.9982770681 3.408376217
vn 0.6810074449 0.6112071872 -0.4033046663
v -0.3209065199 1.03428936 2.619358778
vn 0.03071172163 0.4003317952 0.9158554673
v -0.3209065199 1.015268803 2.630179644
vn 0.009385566227 0.4944115281 0.8691772819
v -0.3209065199 1.007038355 3.422450542
vn 0.6710455418 0.6461827159 -0.3635186255
v -0.3474816382 1.03428936 3.422450542
vn 0.6674409509 0.6579399705 -0.3487658501
v -0.3209065199 1.026304126 3.458462715
vn 0.648491919 0.6421017647 -0.4088563919
v -0.328856349 1.03428936 3.458462715
vn 0.6576704383 0.654430151 -0.373082757
v -0.3209065199 1.03428936 3.469297171
vn 0.6163305044 0.6210771203 -0.4841486812
v -0.3209065199 1.070301652 2.605537176
vn 0.00377921504 0.2495982796 0.9683421254
v -0.3209065199 1.054412127 3.494475126
vn 0.5787081718 0.5841450691 -0.5690969825
v -0.3367572427 1.070301652 3.494475126
vn 0.5995417237 0.5920188427 -0.5385753512
v -0.3209065199 1.070301652 3.5091784
vn 0.5301199555 0.5179371834 -0.6713523269
v -0.3209065199 1.106313944 2.60078907
vn -0.112340264 -0.05558724329 0.9921137691
v -0.3209065199 1.101234078 3.530487537
vn 0.5179178715 0.5010217428 -0.6933529377
v -0.3258432746 1.106313944 3.530487537
vn 0.4355252981 0.3615362942 -0.8243841529
v -0.3209065199 1.106313944 3.533311129
vn 0.3598248363 0.2909765244 -0.8864867687
v -0.3209065199 1.142326236 2.608587503
vn -0.2420136631 -0.3291352987 0.912742734
v -0.3561746776 1.142326236 3.530487537
vn 0.3206001222 0.1660790741 -0.9325413108
v -0.3209065199 1.142326236 3.542553902
vn 0.25865376 0.08549419045 -0.9621793032
v -0.3209065199 1.178338647 2.625912905
vn -0.313963145 -0.4390452802 0.8418232203
v -0.3209065199 1.178338647 3.53985405
vn 0.1547364891 -0.2080304772 -0.9658053517
v -0.3209065199 1.184722304 2.630179644
vn -0.3820036054 -0.5405119061 0.7496132851
v -0.3209065199 1.214350939 2.652769089
vn -0.4214096665 -0.546708405 0.7235494256
v -0.3209065199 1.202400327 3.530487537
vn 0.1727539152 -0.3663891256 -0.9142839313
v -0.3209065199 1.214350939 3.525430918
vn 0.1311989129 -0.4022341967 -0.9060874581
v -0.3209065199 1.229799271 2.666192055
vn -0.5354714394 -0.5867996216 0.6074014306
v -0.348582983 1.250363231 2.666192055
vn -0.4554881752 -0.6000580192 0.657617569
v -0.3209065199 1.250363231 2.686202049
vn -0.5401427746 -0.5879151225 0.6021640897
v -0.3209065199 1.250363231 3.508588076
vn 0.09598048031 -0.4474890828 -0.889123857
v -0.3424661756 1.286375523 2.702204227
vn -0.5709964633 -0.6136879325 0.5452982187
v -0.3209065199 1.266266704 2.702204227
vn -0.5816103816 -0.5934543014 0.5563643575
v -0.3209065199 1.286375523 2.727574587
vn -0.6210762262 -0.6173137426 0.4828955233
v -0.3209065199 1.276475072 3.494475126
vn 0.08797789365 -0.4850077033 -0.8700731993
v -0.3209065199 1.286375523 3.488846302
vn 0.06739941984 -0.4676887095 -0.8813198209
v -0.3498670459 1.322387815 2.738216639
vn -0.6435504556 -0.6604227424 0.3868910372
v -0.3209065199 1.294218302 2.738216639
vn -0.6243732572 -0.6423206925 0.4445021749
v -0.3290982544 1.322387815 2.774228811
vn -0.6444475651 -0.6559276581 0.3929964304
v -0.3209065199 1.314243913 2.774228811
vn -0.6467682123 -0.6464415193 0.4047273397
v -0.3209065199 1.322387815 2.785706997
vn -0.6261951923 -0.6312346458 0.457626909
v -0.3209065199 1.322387815 3.469282627
vn 0.03187453374 -0.5112235546 -0.8588564992
v -0.3389989436 1.358400106 2.810241222
vn -0.624176681 -0.6278036237 0.4650441408
v -0.3209065199 1.340385795 2.810241222
vn -0.626180768 -0.6296035647 0.4598880708
v -0.3209065199 1.358400106 2.834825993
vn -0.6285059452 -0.6299505234 0.4562264681
v -0.3209065199 1.33777833 3.458462715
vn -0.01360819675 -0.600176394 -0.7997518778
v -0.3209065199 1.358400106 3.443318367
vn -0.07873044908 -0.5522980094 -0.8299207687
v -0.3488537669 1.394412518 2.846253633
vn -0.6557878256 -0.6554555297 0.3745936453
v -0.3209065199 1.366482019 2.846253633
vn -0.6424015164 -0.6431842446 0.4166944921
v -0.3290848136 1.394412518 2.882265806
vn -0.654073 -0.6525011063 0.3826628327
v -0.3209065199 1.386197686 2.882265806
vn -0.6591336131 -0.6457399726 0.3854383826
v -0.3209065199 1.394412518 2.894022942
vn -0.6447681189 -0.6188799739 0.4486219883
v -0.3403431773 1.394412518 3.422450542
vn -0.1706057638 -0.5613858104 -0.8097775578
v -0.3209065199 1.388504982 3.422450542
vn -0.1111588031 -0.588018775 -0.8011726737
v -0.3209065199 1.394412518 3.418333769
vn -0.1365069747 -0.5363782644 -0.8328650594
v -0.338984251 1.430424809 2.918278217
vn -0.6295545101 -0.6266241074 0.4593510032
v -0.3209065199 1.412122965 2.918278217
vn -0.6440454721 -0.6187929511 0.449778527
v -0.3209065199 1.430424809 2.943120241
vn -0.6442415714 -0.6172909737 0.4515580237
v -0.3209065199 1.430424809 3.396461487
vn -0.1144271642 -0.5502701402 -0.8271089196
v -0.3492671251 1.466437101 2.95429039
vn -0.6481313705 -0.6774877906 0.347758472
v -0.3209065199 1.438292027 2.95429039
vn -0.6452034116 -0.6476434469 0.405303061
v -0.330804199 1.466437101 2.990302801
vn -0.6391750574 -0.6931414008 0.3331819773
v -0.3209065199 1.456752062 2.990302801
vn -0.6636508703 -0.6633851528 0.3456698954
v -0.3209065199 1.466437101 3.008697271
vn -0.647865355 -0.6770848036 0.3490367234
v -0.3209065199 1.44337225 3.386438131
vn -0.08538655937 -0.6169996858 -0.7823174
v -0.3209065199 1.466437101 3.367024422
vn -0.03229938447 -0.6783308387 -0.73404634
v -0.352592051 1.502449393 3.026314974
vn -0.5969308019 -0.7311523557 0.3302875161
v -0.3209065199 1.475519896 3.026314974
vn -0.6217674017 -0.7083227634 0.3341917694
v -0.3325615227 1.502449393 3.062327385
vn -0.5810570717 -0.7389200926 0.3411301374
v -0.3209065199 1.492382526 3.062327385
vn -0.6423581839 -0.6880949736 0.3374925554
v -0.3209065199 1.502449393 3.081821918
vn -0.6420369148 -0.6814800501 0.3512457013
v -0.3209065199 1.483499765 3.350425959
vn -0.03729428351 -0.7248737812 -0.6878714561
v -0.3209065199 1.502449393 3.329651117
vn -0.01301092934 -0.7548601031 -0.6557567716
v -0.3209065199 1.510723233 3.098339796
vn -0.5547517538 -0.7683486342 0.3192034662
v -0.3489280939 1.538461685 3.134351969
vn -0.3405067921 -0.9242907166 0.1724582464
v -0.3209065199 1.524757862 3.134351969
vn -0.5439730883 -0.7925413847 0.2756290734
v -0.330822885 1.538461685 3.17036438
vn -0.1984039843 -0.9719423056 0.1263487935
v -0.3209065199 1.536187053 3.17036438
vn -0.5051205158 -0.8321760297 0.2287712842
v -0.3209065199 1.538461685 3.18333602
vn -0.4544708431 -0.8785360456 0.1470735371
v -0.3209065199 1.534153581 3.278401136
vn -0.1951511204 -0.9316671491 -0.3064512014
v -0.3209065199 1.538461685 3.259248257
vn -0.02559598722 -0.973952055 -0.2253048569
v -0.3209065199 1.515138268 3.314413548
vn -0.02702677995 -0.8549963236 -0.5179293752
v -0.3209065199 1.542039752 3.206376553
vn -0.1335068494 -0.9898296595 0.04912421852
v -0.3209065199 1.542091489 3.242388964
vn -0.09262572229 -0.9940496683 -0.0573210679
v -0.3125669658 0.6741662621 2.882265806
vn 0.4051261842 0.9076051116 0.1101171672
v -0.2848941982 0.6741662621 2.858494282
vn 0.2463386804 0.8597096801 0.4474556446
v -0.2848941982 0.6635017395 2.882265806
vn 0.1729740351 0.9616811872 0.2127186805
v -0.2848941982 0.6618653536 2.918278217
vn 0.2692817748 0.962305069 -0.03816195205
v -0.3115654886 0.6741662621 2.918278217
vn 0.50757581 0.8467655182 -0.1592323482
v -0.2848941982 0.6670804024 2.95429039
vn 0.3402856886 0.9260204434 -0.1633763611
v -0.2961724997 0.6741662621 2.95429039
vn 0.5942184925 0.759980917 -0.2633123696
v -0.2848941982 0.6741662621 2.978467464
vn 0.5088775754 0.8171979189 -0.2706125975
v -0.2848941982 0.7101785541 2.822866201
vn 0.1215650812 0.6452338099 0.7542514801
v -0.2848941982 0.6819165945 2.846253633
vn 0.1886142641 0.7253459692 0.6620407104
v -0.2848941982 0.6786584258 2.990302801
vn 0.6482207775 0.6748514175 -0.3526831269
v -0.3153736889 0.7101785541 2.990302801
vn 0.6816415191 0.6416587234 -0.3516232967
v -0.2848941982 0.6977188587 3.026314974
vn 0.6098108292 0.703641355 -0.3647185564
v -0.2967978418 0.7101785541 3.026314974
vn 0.682275176 0.6312704086 -0.3687794209
v -0.2848941982 0.7101785541 3.04669261
vn 0.6509527564 0.6468536258 -0.3972919285
v -0.2848941982 0.7461909056 2.795277834
vn 0.0974643901 0.5654636025 0.8189942837
v -0.2848941982 0.7264475822 2.810241222
vn 0.06161812693 0.6079083681 0.7916126847
v -0.2848941982 0.7201310396 3.062327385
vn 0.6829892397 0.6226004958 -0.3819611073
v -0.3083035052 0.7461909056 3.062327385
vn 0.7091335654 0.5901451707 -0.3858215213
v -0.2848941982 0.7404277921 3.098339796
vn 0.6940969229 0.6258322597 -0.3557575047
v -0.2897857726 0.7461909056 3.098339796
vn 0.7361696959 0.5591130853 -0.3813748062
v -0.2848941982 0.7461909056 3.107438326
vn 0.7132636309 0.5894634724 -0.3791936338
v -0.3027511835 0.7822031975 2.774228811
vn 0.1669722497 0.5574705601 0.8132323623
v -0.2848941982 0.7822031975 2.770582438
vn 0.1144733727 0.5143121481 0.8499287367
v -0.2848941982 0.7768535018 2.774228811
vn 0.09519281983 0.5733884573 0.813734591
v -0.3167006075 0.7822031975 3.098339796
vn 0.7295224667 0.5695367455 -0.3787147999
v -0.2848941982 0.7647984624 3.134351969
vn 0.7258346081 0.5562893748 -0.4046062529
v -0.2982554138 0.7822031975 3.134351969
vn 0.7225107551 0.5716230869 -0.3888770044
v -0.2848941982 0.7822031975 3.156551361
vn 0.7089912891 0.5574472547 -0.431953609
v -0.2848941982 0.8182154894 2.750288725
vn 0.0662368387 0.4989871979 0.8640743494
v -0.2848941982 0.7934637666 3.17036438
vn 0.6985341311 0.5525528789 -0.4546816051
v -0.3045354187 0.8182154894 3.17036438
vn 0.682123363 0.5679048896 -0.4606427848
v -0.2848941982 0.8182154894 3.199766159
vn 0.6931143999 0.559499979 -0.454480201
v -0.2848941982 0.8542277813 2.728699923
vn 0.01317687985 0.4705854356 0.882256031
v -0.2848941982 0.8381333947 2.738216639
vn 0.03000555001 0.5066976547 0.8616014719
v -0.2848941982 0.8234965205 3.206376553
vn 0.6943984628 0.5668373108 -0.4432902634
v -0.3097600937 0.8542277813 3.206376553
vn 0.7097856998 0.5619264841 -0.4247857034
v -0.2848941982 0.8483107686 3.242388964
vn 0.7069375515 0.5704299808 -0.4181493819
v -0.2896320522 0.8542277813 3.242388964
vn 0.7234080434 0.558755517 -0.4055528343
v -0.2848941982 0.8542277813 3.250106573
vn 0.6897168756 0.5790808797 -0.4346906841
v -0.2848941982 0.8902401328 2.710790873
vn 0.01189631037 0.4818059206 0.8761972189
v -0.3166794479 0.8902401328 3.242388964
vn 0.7197618484 0.57355088 -0.3911295533
v -0.2848941982 0.8751276731 3.278401136
vn 0.6871414781 0.5906199813 -0.423089385
v -0.2976370752 0.8902401328 3.278401136
vn 0.7056490779 0.5905394554 -0.3915641904
v -0.2848941982 0.8902401328 3.300389767
vn 0.6820340753 0.6103119254 -0.4029253423
v -0.2848941982 0.9262524247 2.684156418
vn 0.004247606266 0.60613662 0.7953491807
v -0.2848941982 0.9025547504 2.702204227
vn 0.01160547789 0.5927613378 0.8052945137
v -0.2848941982 0.8989734054 3.314413548
vn 0.6754760742 0.6438236237 -0.3594762683
v -0.3111525476 0.9262524247 3.314413548
vn 0.6844537854 0.6403833628 -0.3484711945
v -0.2848941982 0.9175187349 3.350425959
vn 0.6761929393 0.6466442943 -0.3530074358
v -0.2933107018 0.9262524247 3.350425959
vn 0.6905739903 0.6259308457 -0.3623784482
v -0.2848941982 0.9262524247 3.364453316
vn 0.6815894246 0.6109555364 -0.4027023315
v -0.2848941982 0.9622647166 2.657533407
vn 0.0001094476465 0.4796966314 0.8774343729
v -0.2848941982 0.9498372674 2.666192055
vn 0.00310659362 0.5918369293 0.8060517311
v -0.2848941982 0.9413147569 3.386438131
vn 0.6863031983 0.593519032 -0.4203844666
v -0.3028979003 0.9622647166 3.386438131
vn 0.6857280135 0.5893045068 -0.4271969795
v -0.2848941982 0.9622647166 3.415278435
vn 0.6868619919 0.5884341598 -0.426574558
v -0.2848941982 0.9982770681 2.639686108
vn -0.006603243761 0.4563841522 0.8897583485
v -0.2848941982 0.9673986435 3.422450542
vn 0.6860998869 0.6077248454 -0.3999218047
v -0.312420249 0.9982770681 3.422450542
vn 0.6767244339 0.6348014474 -0.3729224503
v -0.2848941982 0.9896507859 3.458462715
vn 0.6423413754 0.6110415459 -0.462629199
v -0.29307428 0.9982770681 3.458462715
vn 0.6576619148 0.6461603045 -0.3872436285
v -0.2848941982 0.9982770681 3.469198465
vn 0.5846879482 0.6277267337 -0.5139057636
v -0.2848941982 1.03428936 2.619050026
vn -0.04001607001 0.3875814974 0.920966506
v -0.2848941982 1.015021801 2.630179644
vn -0.03626428917 0.4798277915 0.8766129017
v -0.2848941982 1.019128561 3.494475126
vn 0.579235673 0.6182700992 -0.5312514305
v -0.3004440665 1.03428936 3.494475126
vn 0.5886076093 0.6007648706 -0.5409460664
v -0.2848941982 1.03428936 3.508482456
vn 0.469481945 0.5425850749 -0.696554482
v -0.2848941982 1.070301652 2.607656717
vn -0.1549758613 0.1335905492 0.9788442254
v -0.2848941982 1.063985229 3.530487537
vn 0.471072197 0.5355776548 -0.7008905411
v -0.2914337218 1.070301652 3.530487537
vn 0.4965224862 0.4791572988 -0.723791182
v -0.2848941982 1.070301652 3.53437686
vn 0.3093428016 0.3530124128 -0.8830001354
v -0.2848941982 1.106313944 2.60991168
vn -0.3207017779 -0.2188814133 0.9215428829
v -0.2848941982 1.106313944 3.546474457
vn 0.2386273742 0.1930562556 -0.9517280459
v -0.2848941982 1.142326236 2.624467373
vn -0.3998272717 -0.3880670965 0.8303866982
v -0.2848941982 1.142326236 3.548378468
vn 0.1169622988 -0.04096040875 -0.9922913313
v -0.2848941982 1.151118994 2.630179644
vn -0.5346745253 -0.5229888558 0.6637814641
v -0.31388399 1.178338647 2.630179644
vn -0.4911873639 -0.5264004469 0.6940011382
v -0.2848941982 1.178338647 2.651401043
vn -0.5444056392 -0.535797596 0.6454017758
v -0.2848941982 1.178338647 3.544162989
vn 0.06094993278 -0.2096165717 -0.9758821726
v -0.305162549 1.214350939 2.666192055
vn -0.5694211721 -0.5802470446 0.5822996497
v -0.2848941982 1.194458842 2.666192055
vn -0.5876660347 -0.5634150505 0.5806996226
v -0.2848941982 1.214350939 2.687984943
vn -0.6274645329 -0.5738109946 0.526335597
v -0.2930656075 1.214350939 3.530487537
vn 0.1596509963 -0.4463360906 -0.8805087209
v -0.2848941982 1.214350939 3.531993389
vn 0.06183550507 -0.3362642527 -0.9397354722
v -0.3057972193 1.250363231 2.702204227
vn -0.6341045499 -0.5879983902 0.5021646023
v -0.2848941982 1.227430582 2.702204227
vn -0.6276811361 -0.5747200251 0.5250841379
v -0.2848941982 1.250363231 2.73167634
vn -0.6613129973 -0.5955189466 0.4560945928
v -0.2848941982 1.217085361 3.530487537
vn -0.001658173744 -0.4813313484 -0.8765371442
v -0.2848941982 1.250363231 3.512737274
vn 0.06329520047 -0.4705676436 -0.8800907731
v -0.3132058978 1.286375523 2.738216639
vn -0.6698794365 -0.6342409253 0.3860051632
v -0.2848941982 1.255261779 2.738216639
vn -0.6674778461 -0.6071686745 0.4310678542
v -0.2933692336 1.286375523 2.774228811
vn -0.6587999463 -0.6439431906 0.3889984787
v -0.2848941982 1.277400732 2.774228811
vn -0.6680325866 -0.6120237112 0.4232723117
v -0.2848941982 1.286375523 2.786164761
vn -0.6337211728 -0.6198298335 0.4628266394
v -0.2848941982 1.282340288 3.494475126
vn -0.009534308687 -0.5094473362 -0.8604490161
v -0.2848941982 1.286375523 3.49199748
vn 0.01264878362 -0.5050151944 -0.8630177975
v -0.3029084802 1.322387815 2.810241222
vn -0.6282390952 -0.6272761822 0.4602610469
v -0.2848941982 1.30431819 2.810241222
vn -0.6303254366 -0.6260812879 0.4590338767
v -0.2848941982 1.322387815 2.834862471
vn -0.6304317117 -0.6284888387 0.4555849135
v -0.2848941982 1.322387815 3.470203161
vn -0.02776523866 -0.5409033298 -0.840626359
v -0.3128380179 1.358400106 2.846253633
vn -0.6605021954 -0.6547791958 0.3674248755
v -0.2848941982 1.330426812 2.846253633
vn -0.6449517608 -0.6442767978 0.4110287428
v -0.2936725318 1.358400106 2.882265806
vn -0.6634089351 -0.6512402296 0.3684763014
v -0.2848941982 1.349512458 2.882265806
vn -0.6672773361 -0.6523872614 0.3593491614
v -0.2848941982 1.358400106 2.896564007
vn -0.667591691 -0.6242576241 0.4057385623
v -0.2848941982 1.337401628 3.458462715
vn -0.02936524712 -0.6263654232 -0.7789762616
v -0.2848941982 1.358400106 3.441055059
vn -0.05155869201 -0.6141139865 -0.7875314355
v -0.3041786551 1.394412518 2.918278217
vn -0.6581245065 -0.6086688042 0.4431641698
v -0.2848941982 1.373184562 2.918278217
vn -0.6653755903 -0.6084218621 0.4325484335
v -0.2848941982 1.394412518 2.947503328
vn -0.669059813 -0.6036579609 0.4335389435
v -0.2848941982 1.381310582 3.422450542
vn -0.08221329004 -0.6323145628 -0.7703371048
v -0.2848941982 1.394412518 3.412396431
vn -0.1239853874 -0.5358760357 -0.8351433873
v -0.3131887317 1.430424809 2.95429039
vn -0.6763530374 -0.6402516961 0.3641761839
v -0.2848941982 1.399303555 2.95429039
vn -0.675234735 -0.6139790416 0.4087637067
v -0.2948034108 1.430424809 2.990302801
vn -0.6702420712 -0.6558232903 0.3473779559
v -0.2848941982 1.419947982 2.990302801
vn -0.6834585667 -0.6306015849 0.3677309155
v -0.2848941982 1.430424809 3.008882761
vn -0.6668989658 -0.6532638073 0.3584580719
v -0.2848941982 1.430424809 3.390481472
vn -0.1340928972 -0.5416573286 -0.8298351765
v -0.311594218 1.466437101 3.026314974
vn -0.6649840474 -0.6727845073 0.3242796063
v -0.2848941982 1.439811945 3.026314974
vn -0.6654949784 -0.665133357 0.3386947215
v -0.2944123149 1.466437101 3.062327385
vn -0.6626301408 -0.6735921502 0.3274062574
v -0.2848941982 1.456956267 3.062327385
vn -0.6667801142 -0.6671766639 0.3320836723
v -0.2848941982 1.466437101 3.080352545
vn -0.6598826647 -0.6655160189 0.3487740159
v -0.2848941982 1.436136603 3.386438131
vn -0.1522009522 -0.583617866 -0.7976371646
v -0.2848941982 1.466437101 3.364148855
vn -0.1143775433 -0.6184483767 -0.7774569988
v -0.3120527565 1.502449393 3.098339796
vn -0.6489155293 -0.6938201189 0.3122855723
v -0.2848941982 1.475881696 3.098339796
vn -0.6596531272 -0.6720658541 0.3364301324
v -0.2950526178 1.502449393 3.134351969
vn -0.6293238401 -0.7108595371 0.3140545189
v -0.2848941982 1.492768288 3.134351969
vn -0.6619680524 -0.6745724082 0.3267267942
v -0.2848941982 1.502449393 3.153968811
vn -0.6516036987 -0.6816020012 0.3329133987
v -0.2848941982 1.481206417 3.350425959
vn -0.1348411888 -0.7512565851 -0.6460893154
v -0.2848941982 1.502449393 3.325047016
vn -0.1218828931 -0.7631854415 -0.6345806122
v -0.2848941982 1.510144711 3.17036438
vn -0.5945979953 -0.7590966225 0.2650009692
v -0.3145326972 1.538461685 3.206376553
vn -0.4808299839 -0.8736593127 0.0743098706
v -0.2848941982 1.520555258 3.206376553
vn -0.5559381843 -0.8119826317 0.1778114885
v -0.3132366836 1.538461685 3.242388964
vn -0.4278158247 -0.899217546 -0.09155029804
v -0.2848941982 1.525001287 3.242388964
vn -0.4427182674 -0.8966187239 0.008684124798
v -0.2848941982 1.522923708 3.278401136
vn -0.33758533 -0.9219480753 -0.1898628324
v -0.2848941982 1.510168791 3.314413548
vn -0.2516033053 -0.8952453732 -0.3677383065
v -0.2488819063 0.6741662621 2.849863768
vn 0.03760845587 0.9016889334 0.4307467043
v -0.2488819063 0.6600289941 2.882265806
vn -0.01047010906 0.9704462886 0.2410899103
v -0.2488819063 0.6574011445 2.918278217
vn 0.04652871937 0.9986139536 0.02460065298
v -0.2488819063 0.6583727002 2.95429039
vn 0.1144487187 0.9909741282 -0.06979841739
v -0.2488819063 0.6619654894 2.990302801
vn 0.2336213291 0.9575874805 -0.1686633229
v -0.2774418294 0.6741662621 2.990302801
vn 0.4764160514 0.820871532 -0.3149566054
v -0.2488819063 0.6712273955 3.026314974
vn 0.307426095 0.9255697131 -0.2209296823
v -0.2537452877 0.6741662621 3.026314974
vn 0.5523944497 0.7509207726 -0.3619093299
v -0.2488819063 0.6741662621 3.033894777
vn 0.5043014884 0.7951875329 -0.3366850019
v -0.2488819063 0.7101785541 2.82069397
vn 0.0274549555 0.6128085256 0.7897543311
v -0.2488819063 0.6766266823 2.846253633
vn -0.01982004195 0.654176712 0.7560819983
v -0.2488819063 0.6865720153 3.062327385
vn 0.5690010786 0.7530388832 -0.3304092288
v -0.27527982 0.7101785541 3.062327385
vn 0.6616668105 0.6684266925 -0.3397097886
v -0.2488819063 0.7017836571 3.098339796
vn 0.5964227915 0.7410147786 -0.3085076213
v -0.257553339 0.7101785541 3.098339796
vn 0.6866090298 0.639847815 -0.3451997042
v -0.2488819063 0.7101785541 3.114833355
vn 0.6604274511 0.6627306938 -0.3530206978
v -0.2488819063 0.7461909056 2.792905092
vn 0.04349918664 0.5978652239 0.8004155159
v -0.2488819063 0.7239774466 2.810241222
vn 0.004054381046 0.6201506853 0.7844722271
v -0.2488819063 0.7210670114 3.134351969
vn 0.6937630773 0.6219244003 -0.3631843626
v -0.2706977725 0.7461909056 3.134351969
vn 0.7287792563 0.5660327077 -0.3853411376
v -0.2488819063 0.7419054508 3.17036438
vn 0.6813136339 0.6168496609 -0.3940916061
v -0.2524473667 0.7461909056 3.17036438
vn 0.7492345572 0.519149065 -0.4112563729
v -0.2488819063 0.7461909056 3.176040888
vn 0.6793690324 0.5747255683 -0.456232667
v -0.2488819063 0.7822031975 2.766511917
vn 0.05742085725 0.4861715138 0.8719748259
v -0.2488819063 0.7710940242 2.774228811
vn 0.04117612913 0.5934530497 0.8038146496
v -0.2767994702 0.7822031975 3.17036438
vn 0.7473366857 0.5163406134 -0.4181868434
v -0.2488819063 0.7718294859 3.206376553
vn 0.687268734 0.5436056256 -0.481824249
v -0.2563787997 0.7822031975 3.206376553
vn 0.7392925024 0.5157416463 -0.4329632223
v -0.2488819063 0.7822031975 3.217722178
vn 0.6815023422 0.5513179302 -0.4812516272
v -0.2488819063 0.8182154894 2.748395443
vn 0.02876206115 0.4667409956 0.8839262128
v -0.2807317078 0.8182154894 3.206376553
vn 0.7381833792 0.5309555531 -0.416138798
v -0.2488819063 0.8034021258 3.242388964
vn 0.6903215051 0.5585064888 -0.4599203467
v -0.2607083321 0.8182154894 3.242388964
vn 0.72014606 0.5460111499 -0.4280905426
v -0.2488819063 0.8182154894 3.260528326
vn 0.6942144632 0.5595881343 -0.4526890814
v -0.2488819063 0.8542277813 2.728037834
vn 0.02876573056 0.4643604755 0.8851789832
v -0.2488819063 0.8362216353 2.738216639
vn 0.02808526158 0.4993724227 0.865932107
v -0.2488819063 0.8325090408 3.278401136
vn 0.6935271025 0.5710555315 -0.43922171
v -0.2670276165 0.8542277813 3.278401136
vn 0.6886824965 0.5819293857 -0.4325211942
v -0.2488819063 0.8542277813 3.307447195
vn 0.6919848323 0.5807144642 -0.4288679361
v -0.2488819063 0.8902401328 2.709924221
vn 0.0525543429 0.4910156429 0.8695640564
v -0.2488819063 0.859223783 3.314413548
vn 0.6903727055 0.6097918153 -0.3892807066
v -0.2764782906 0.8902401328 3.314413548
vn 0.6857575178 0.6353057623 -0.3551383018
v -0.2488819063 0.8798657656 3.350425959
vn 0.6830438972 0.6286269426 -0.3718591928
v -0.2586311996 0.8902401328 3.350425959
vn 0.6778448224 0.6483086944 -0.3467307687
v -0.2488819063 0.8902401328 3.36836338
vn 0.6671321392 0.6465668678 -0.3699810207
v -0.2488819063 0.9262524247 2.683669329
vn 0.02261213958 0.600166142 0.7995557189
v -0.2488819063 0.9013723731 2.702204227
vn 0.05564695597 0.5782970786 0.8139262199
v -0.2488819063 0.9006947279 3.386438131
vn 0.6783164144 0.6301753521 -0.3778437674
v -0.2721347213 0.9262524247 3.386438131
vn 0.7014377117 0.5939700007 -0.3939349651
v -0.2488819063 0.9218780994 3.422450542
vn 0.6420358419 0.6177377701 -0.4540814757
v -0.2526589334 0.9262524247 3.422450542
vn 0.7099130154 0.5631424189 -0.4229587913
v -0.2488819063 0.9262524247 3.428002596
vn 0.5584996939 0.6400651336 -0.5276312828
v -0.2488819063 0.9622647166 2.657590151
vn -0.008957931772 0.4709514976 0.8821136355
v -0.2488819063 0.9496955276 2.666192055
vn 0.0121690575 0.5742105246 0.8186172247
v -0.2804641128 0.9622647166 3.422450542
vn 0.7025577426 0.5815928578 -0.4100760818
v -0.2488819063 0.9513588548 3.458462715
vn 0.574660182 0.6166839004 -0.538021028
v -0.258577913 0.9622647166 3.458462715
vn 0.6746704578 0.5866386294 -0.4479674697
v -0.2488819063 0.9622647166 3.468953848
vn 0.4536834359 0.5802471638 -0.6763761044
v -0.2488819063 0.9982770681 2.640577078
vn -0.07282996178 0.3994170427 0.9138718843
v -0.2488819063 0.9886955023 3.494475126
vn 0.4626772106 0.622938633 -0.6307751536
v -0.2598530352 0.9982770681 3.494475126
vn 0.5146639347 0.6159065366 -0.5964731574
v -0.2488819063 0.9982770681 3.50227046
vn 0.2980089784 0.5625548363 -0.7711827159
v -0.2488819063 1.03428936 2.622713566
vn -0.1693097949 0.3055907488 0.936989069
v -0.2488819063 1.019530535 2.630179644
vn -0.1576188952 0.4404807389 0.8838173151
v -0.2488819063 1.03428936 3.52848196
vn 0.2262805849 0.5412197113 -0.8098631501
v -0.2488819063 1.070301652 2.616249084
vn -0.3361727595 -0.0376540795 0.9410473108
v -0.2488819063 1.037783146 3.530487537
vn 0.2568218708 0.4682953954 -0.8454241157
v -0.2488819063 1.070301652 3.545394182
vn 0.1144477129 0.3097928464 -0.9438909292
v -0.2488819063 1.106313944 2.62615037
vn -0.4148459136 -0.2980113328 0.8597046733
v -0.2488819063 1.106313944 3.55197835
vn 0.02496031858 0.07671878487 -0.9967402816
v -0.2488819063 1.112819552 2.630179644
vn -0.5691613555 -0.5144523978 0.6414000988
v -0.2763392627 1.142326236 2.630179644
vn -0.5448606014 -0.5123228431 0.6638163924
v -0.2488819063 1.142326236 2.65402627
vn -0.5849221945 -0.530039072 0.6139418483
v -0.2488819063 1.142326236 3.550381899
vn -0.02406991087 -0.09613250196 -0.9950774908
v -0.2700009942 1.178338647 2.666192055
vn -0.6318181753 -0.5748893023 0.5199115872
v -0.2488819063 1.154880404 2.666192055
vn -0.6107450724 -0.5495240092 0.5700998306
v -0.2488819063 1.178338647 2.69516468
vn -0.6606326103 -0.5854751468 0.4698759317
v -0.2488819063 1.178338647 3.544475317
vn -0.05248666555 -0.2530249357 -0.9660349488
v -0.2739431262 1.214350939 2.702204227
vn -0.7035985589 -0.564987421 0.430973649
v -0.2488819063 1.184011817 2.702204227
vn -0.6824276447 -0.5692908764 0.4584761858
v -0.2534944415 1.214350939 2.738216639
vn -0.7177506089 -0.5561019778 0.4190282226
v -0.2488819063 1.208637595 2.738216639
vn -0.694210887 -0.5746756196 0.4333811104
v -0.2488819063 1.214350939 2.745423317
vn -0.6681120396 -0.5870847702 0.4571189582
v -0.2488819063 1.214350939 3.531753302
vn -0.06799115986 -0.3481921554 -0.934954226
v -0.2806957364 1.250363231 2.738216639
vn -0.7127810121 -0.5718229413 0.4061548412
v -0.2488819063 1.236863136 2.774228811
vn -0.6605217457 -0.5750759244 0.4826994538
v -0.2603203654 1.250363231 2.774228811
vn -0.694157362 -0.5812439919 0.424618572
v -0.2488819063 1.250363231 2.789626837
vn -0.6478711367 -0.5803995728 0.4933551848
v -0.2488819063 1.216546893 3.530487537
vn -0.08914929628 -0.4909643531 -0.8666062355
v -0.2488819063 1.250363231 3.511340857
vn -0.07891386747 -0.4905241728 -0.8678471446
v -0.2670886219 1.286375523 2.810241222
vn -0.6327161789 -0.6192466021 0.4649772644
v -0.2488819063 1.267522573 2.810241222
vn -0.6468824148 -0.6033015251 0.4664444327
v -0.2488819063 1.286375523 2.835168362
vn -0.6451129913 -0.6126266122 0.4566375613
v -0.2488819063 1.277563095 3.494475126
vn -0.1033564359 -0.5296416283 -0.8419009447
v -0.2488819063 1.286375523 3.488854885
vn -0.08684270084 -0.5096250772 -0.8560026884
v -0.276872009 1.322387815 2.846253633
vn -0.6631615758 -0.6565420032 0.3594013751
v -0.2488819063 1.29424715 2.846253633
vn -0.6481491327 -0.6432298422 0.4076249599
v -0.2583215535 1.322387815 2.882265806
vn -0.6681863666 -0.6568643451 0.3493654132
v -0.2488819063 1.312879443 2.882265806
vn -0.66701442 -0.6587668061 0.3480201364
v -0.2488819063 1.322387815 2.899786711
vn -0.6670919657 -0.6523688436 0.359726578
v -0.2488819063 1.322387815 3.468003273
vn -0.09692949802 -0.5323199034 -0.8409757614
v -0.2722187936 1.358400106 2.918278217
vn -0.7025360465 -0.5953094363 0.3899356425
v -0.2488819063 1.332845449 2.918278217
vn -0.6786903143 -0.632809937 0.3727345765
v -0.2531669438 1.358400106 2.95429039
vn -0.7224578261 -0.5677874684 0.3945529759
v -0.2488819063 1.353385925 2.95429039
vn -0.689355433 -0.6177563667 0.378372997
v -0.2488819063 1.358400106 2.961338282
vn -0.6866180301 -0.5897043347 0.4252111018
v -0.2488819063 1.335004449 3.458462715
vn -0.0854088068 -0.6086591482 -0.7888215184
v -0.2488819063 1.358400106 3.439428329
vn -0.0542251952 -0.6405778527 -0.7659762502
v -0.2806976438 1.394412518 2.95429039
vn -0.7180572748 -0.5808577538 0.3834032416
v -0.2488819063 1.379352808 2.990302801
vn -0.68706429 -0.5930080414 0.4198620915
v -0.261625737 1.394412518 2.990302801
vn -0.7038872838 -0.5937722325 0.3898425996
v -0.2488819063 1.394412518 3.012308836
vn -0.6815026999 -0.6114942431 0.402030915
v -0.2488819063 1.377642751 3.422450542
vn -0.067482844 -0.654345274 -0.7531788349
v -0.2488819063 1.394412518 3.408065557
vn -0.1063038707 -0.5851768255 -0.8039076924
v -0.2755487859 1.430424809 3.026314974
vn -0.6718017459 -0.6636012197 0.3291137815
v -0.2488819063 1.403088093 3.026314974
vn -0.6738317013 -0.6490396261 0.3531266153
v -0.2583707273 1.430424809 3.062327385
vn -0.6680409908 -0.6671245694 0.3296453357
v -0.2488819063 1.420894504 3.062327385
vn -0.6703180075 -0.6606655121 0.3379271626
v -0.2488819063 1.430424809 3.080356598
vn -0.6631790996 -0.6620277762 0.3491599858
v -0.2672446966 1.430424809 3.386438131
vn -0.184498325 -0.5730817318 -0.7984595895
v -0.2488819063 1.424476981 3.386438131
vn -0.1269598603 -0.5999163985 -0.7899249792
v -0.2488819063 1.430424809 3.382162094
vn -0.1618244797 -0.5628427863 -0.8105682135
v -0.2754309177 1.466437101 3.098339796
vn -0.6682287455 -0.6700068712 0.3233590424
v -0.2488819063 1.439893007 3.098339796
vn -0.665871501 -0.665889442 0.3364616036
v -0.2583693564 1.466437101 3.134351969
vn -0.6663837433 -0.6701706052 0.3268089294
v -0.2488819063 1.456959486 3.134351969
vn -0.6670587063 -0.6675222516 0.3308273256
v -0.2488819063 1.466437101 3.15247488
vn -0.6614449024 -0.6652792692 0.3462572396
v -0.2488819063 1.466437101 3.357927322
vn -0.1672049016 -0.5936977863 -0.7871248126
v -0.2765662074 1.502449393 3.17036438
vn -0.6441224813 -0.713814497 0.2749091387
v -0.2488819063 1.475687146 3.17036438
vn -0.6614720225 -0.6786320806 0.3192385435
v -0.2620213628 1.502449393 3.206376553
vn -0.6147382259 -0.7480810285 0.2499434352
v -0.2488819063 1.490913153 3.206376553
vn -0.6441508532 -0.70770365 0.2902158499
v -0.2488819063 1.502449393 3.238524914
vn -0.6182712913 -0.7399567962 0.2649614513
v -0.2587350607 1.502449393 3.314413548
vn -0.2568053305 -0.8065748811 -0.532435894
v -0.2488819063 1.499319434 3.314413548
vn -0.3738437593 -0.8476962447 -0.3763667047
v -0.2488819063 1.502449393 3.301810026
vn -0.3352464139 -0.9178952575 -0.2123161107
v -0.2488819063 1.47464776 3.350425959
vn -0.2597724497 -0.795656383 -0.5472195148
v -0.2488819063 1.503726482 3.242388964
vn -0.5359067321 -0.8324152231 0.1410281062
v -0.2488819063 1.507780671 3.278401136
vn -0.4208120108 -0.9016957879 -0.09930756688
v -0.2128695846 0.6741662621 2.857592344
vn -0.164526701 0.8803076148 0.4449601173
v -0.2128695846 0.6626803875 2.882265806
vn -0.2060136199 0.9524868727 0.2243371755
v -0.2128695846 0.6586275101 2.918278217
vn -0.1536799669 0.9864795804 0.0569255352
v -0.2128695846 0.6582536101 2.95429039
vn -0.1260749698 0.9919785261 -0.009146161377
v -0.2128695846 0.6591287851 2.990302801
vn -0.07545374334 0.9957446456 -0.0529082045
v -0.2128695846 0.6620392203 3.026314974
vn 0.04159524664 0.9918168187 -0.1207031235
v -0.2128695846 0.667386055 3.062327385
vn 0.1604098678 0.9739051461 -0.1605535448
v -0.2271586359 0.6741662621 3.062327385
vn 0.454392612 0.8478922248 -0.2731412947
v -0.2128695846 0.6741662621 3.092427492
vn 0.2556630373 0.9425094128 -0.2152030915
v -0.2128695846 0.7101785541 2.82245636
vn -0.07916332036 0.6258308291 0.7759310007
v -0.2128695846 0.6816969514 2.846253633
vn -0.199724704 0.7398504019 0.6424418092
v -0.2128695846 0.6757407188 3.098339796
vn 0.5209366083 0.8054593801 -0.2825954854
v -0.2128695846 0.6879368424 3.134351969
vn 0.5342444181 0.793101728 -0.2925278842
v -0.2382542193 0.7101785541 3.134351969
vn 0.6578770876 0.6718996167 -0.3402185738
v -0.2128695846 0.7033593655 3.17036438
vn 0.564540863 0.7432237267 -0.35904333
v -0.219984293 0.7101785541 3.17036438
vn 0.6781573296 0.6335797906 -0.3723967373
v -0.2128695846 0.7101785541 3.180578947
vn 0.6232123375 0.6357330084 -0.4554667771
v -0.2128695846 0.7461909056 2.792627335
vn -0.00325583294 0.6191350818 0.7852777243
v -0.2128695846 0.7249960899 2.810241222
vn -0.04933606088 0.6596859097 0.7499203086
v -0.2128695846 0.7293310165 3.206376553
vn 0.6338994503 0.616692543 -0.4667566717
v -0.22840105 0.7461909056 3.206376553
vn 0.670819819 0.5684387684 -0.4763172567
v -0.2128695846 0.7461909056 3.226758718
vn 0.6507832408 0.5768675804 -0.4936648309
v -0.2128695846 0.7822031975 2.765650511
vn 0.01285358518 0.4810249209 0.8766127229
v -0.2128695846 0.7699521184 2.774228811
vn 0.001904352219 0.6035395861 0.7973307371
v -0.2128695846 0.7599926591 3.242388964
vn 0.6766248345 0.5624408722 -0.4752252996
v -0.2314326763 0.7822031975 3.242388964
vn 0.6825481653 0.5662392974 -0.462061733
v -0.2128695846 0.7822031975 3.270918846
vn 0.6875148416 0.5723426938 -0.4469308853
v -0.2128695846 0.8182154894 2.747733355
vn 0.01240133028 0.4662548304 0.8845635056
v -0.2128695846 0.7880653143 3.278401136
vn 0.7028434873 0.5684814453 -0.4275978804
v -0.2372052073 0.8182154894 3.278401136
vn 0.7136920094 0.5655237436 -0.4133118093
v -0.2128695846 0.8125204444 3.314413548
vn 0.6868134141 0.5788764358 -0.4395331442
v -0.2174703181 0.8182154894 3.314413548
vn 0.7219038606 0.5613354445 -0.4046693742
v -0.2128695846 0.8182154894 3.321718931
vn 0.6464778781 0.611988008 -0.4555622637
v -0.2128695846 0.8542277813 2.726145029
vn 0.06608699262 0.4879257083 0.8703798056
v -0.2128695846 0.834310174 2.738216639
vn 0.03660586476 0.5297833085 0.8473427296
v -0.2446174771 0.8542277813 3.314413548
vn 0.7191024423 0.5756261945 -0.3892893195
v -0.2128695846 0.8396235108 3.350425959
vn 0.6330801845 0.6138486266 -0.4715923369
v -0.2254378498 0.8542277813 3.350425959
vn 0.7015443444 0.5919498801 -0.3967756331
v -0.2128695846 0.8542277813 3.37113452
vn 0.6342554688 0.6427796483 -0.4295978844
v -0.2128695846 0.8902401328 2.705868006
vn 0.1038187072 0.5136577487 0.8516908884
v -0.2128695846 0.8640322089 3.386438131
vn 0.6049520373 0.6778719425 -0.4177590907
v -0.2388710231 0.8902401328 3.386438131
vn 0.6592661142 0.6489565969 -0.3797677457
v -0.2128695846 0.8854109645 3.422450542
vn 0.5599697828 0.7060116529 -0.4335681796
v -0.2179255784 0.8902401328 3.422450542
vn 0.6502420306 0.6421322823 -0.4060189724
v -0.2128695846 0.8902401328 3.428079605
vn 0.4024913311 0.6075895429 -0.6847157478
v -0.2128695846 0.9262524247 2.68161726
vn 0.07137297094 0.553165555 0.8300082684
v -0.2128695846 0.8956511021 2.702204227
vn 0.1260481179 0.5540866256 0.8228607774
v -0.2128695846 0.9210143089 3.458462715
vn 0.4132920206 0.6422240734 -0.6455524564
v -0.2188165933 0.9262524247 3.458462715
vn 0.5242502093 0.6273989081 -0.5757884383
v -0.2128695846 0.9262524247 3.462459326
vn 0.2295473665 0.5438313484 -0.8071898818
v -0.2128695846 0.9622647166 2.65799427
vn -0.04339822754 0.4295548499 0.9019973278
v -0.2128695846 0.9492251277 2.666192055
vn 0.001698081614 0.5215855241 0.8531973362
v -0.2128695846 0.9622647166 3.486903429
vn 0.0904501304 0.5166789889 -0.8513880372
v -0.2128695846 0.9982770681 2.644071817
vn -0.1325898618 0.3004432023 0.9445389509
v -0.2128695846 0.9731954932 3.494475126
vn 0.1281000823 0.5893053412 -0.7976901531
v -0.2128695846 0.9982770681 3.510152102
vn -0.05858820677 0.5073778033 -0.8597297072
v -0.2233129144 1.03428936 2.630179644
vn -0.352966845 0.1482354403 0.9238185287
v -0.2128695846 1.03428936 2.633466959
vn -0.3193987906 0.1652836055 0.9330947399
v -0.2128695846 1.034155965 3.530487537
vn 0.04809364676 0.4926970899 -0.8688708544
v -0.2143488526 1.03428936 3.530487537
vn 0.0431624949 0.424980253 -0.9041729569
v -0.2128695846 1.03428936 3.530564547
vn -0.1785861552 0.3470778763 -0.9206758142
v -0.2194581479 1.070301652 2.630179644
vn -0.51769346 -0.2391005158 0.8214769959
v -0.2128695846 1.070301652 2.634246349
vn -0.5769667029 -0.2542333007 0.7761925459
v -0.2128695846 1.070301652 3.544082403
vn -0.1647207439 0.2297241986 -0.9592152238
v -0.2429038435 1.106313944 2.630179644
vn -0.6043105125 -0.4182024002 0.6781707406
v -0.2128695846 1.106313944 2.658240557
vn -0.6065191627 -0.4627694786 0.6465129256
v -0.2128695846 1.106313944 3.548834085
vn -0.2073230296 0.04541369528 -0.9772178531
v -0.2382451445 1.142326236 2.666192055
vn -0.691215694 -0.5717785358 0.4419164658
v -0.2128695846 1.11369741 2.666192055
vn -0.6398437619 -0.5664539933 0.5193551779
v -0.217123583 1.142326236 2.702204227
vn -0.7166708112 -0.5551478267 0.4221300483
v -0.2128695846 1.137325406 2.702204227
vn -0.6761958599 -0.6025482416 0.4239041805
v -0.2128695846 1.142326236 2.708871365
vn -0.6647211313 -0.5957159996 0.4508528113
v -0.2128695846 1.142326236 3.547181129
vn -0.1984118968 -0.1079399437 -0.9741569161
v -0.2443015128 1.178338647 2.702204227
vn -0.7178919315 -0.5595050454 0.4142285585
v -0.2128695846 1.165024281 2.738216639
vn -0.6617982388 -0.574891448 0.4811682701
v -0.2239572108 1.178338647 2.738216639
vn -0.7057062387 -0.5642781258 0.4284494519
v -0.2128695846 1.178338647 2.753323317
vn -0.6603904366 -0.5653480887 0.494232744
v -0.2128695846 1.178338647 3.540013552
vn -0.1987354159 -0.2637873292 -0.9438858628
v -0.2290593535 1.214350939 2.774228811
vn -0.6572782993 -0.5841819048 0.4761478007
v -0.2128695846 1.196344733 2.774228811
vn -0.6641712189 -0.5761312842 0.4763920307
v -0.2128695846 1.214350939 2.795135021
vn -0.6603953242 -0.5653658509 0.4942059517
v -0.2425870597 1.214350939 3.530487537
vn -0.1719690263 -0.3935585916 -0.9030715823
v -0.2128695846 1.201300144 3.530487537
vn -0.217552498 -0.384123832 -0.8972846866
v -0.2128695846 1.214350939 3.524628162
vn -0.1708057821 -0.4229958653 -0.8898875713
v -0.2329014838 1.250363231 2.810241222
vn -0.6546629667 -0.5914701223 0.4707223177
v -0.2128695846 1.227662683 2.810241222
vn -0.6596419215 -0.5753077865 0.4836253524
v -0.2128695846 1.250363231 2.839711428
vn -0.6703296304 -0.5921772122 0.4471960664
v -0.2128695846 1.250363231 3.506452084
vn -0.12445236 -0.4668644965 -0.8755279183
v -0.2411734611 1.286375523 2.846253633
vn -0.6769343615 -0.6389905214 0.3653095067
v -0.2128695846 1.255198836 2.846253633
vn -0.6746603251 -0.6116437316 0.4131893218
v -0.2227713764 1.286375523 2.882265806
vn -0.6715245247 -0.6540065408 0.3483248949
v -0.2128695846 1.27590251 2.882265806
vn -0.6828289032 -0.6307677627 0.3686145246
v -0.2128695846 1.286375523 2.900819778
vn -0.6672078967 -0.6526048183 0.3590829074
v -0.2128695846 1.269313931 3.494475126
vn -0.109875679 -0.5405135155 -0.8341297507
v -0.2128695846 1.286375523 3.483457804
vn -0.1272098422 -0.5127729177 -0.849047482
v -0.2390100658 1.322387815 2.918278217
vn -0.6820962429 -0.6451445222 0.3442865908
v -0.2128695846 1.295828342 2.918278217
vn -0.6685019135 -0.6588014364 0.3450881541
v -0.2212682068 1.322387815 2.95429039
vn -0.6905654669 -0.6267976165 0.3608934879
v -0.2128695846 1.313709855 2.95429039
vn -0.6734699011 -0.6530119777 0.3464298546
v -0.2128695846 1.322387815 2.96829772
vn -0.6815576553 -0.6114374399 0.4020241797
v -0.2128695846 1.322387815 3.462121964
vn -0.1422505528 -0.5314552784 -0.835056901
v -0.2308757454 1.358400106 2.990302801
vn -0.6860040426 -0.5895274878 0.4264455438
v -0.2128695846 1.337447047 2.990302801
vn -0.6865796447 -0.5936731696 0.4197148681
v -0.2128695846 1.358400106 3.019269705
vn -0.6879051328 -0.5886378288 0.4246081412
v -0.2128695846 1.327517748 3.458462715
vn -0.1684922874 -0.5804300904 -0.7966876626
v -0.2128695846 1.358400106 3.435909986
vn -0.1348025203 -0.6041071415 -0.7854189277
v -0.2404841036 1.394412518 3.026314974
vn -0.6838994622 -0.6391676068 0.3517759144
v -0.2128695846 1.363412738 3.026314974
vn -0.6902912855 -0.6106677651 0.3880500495
v -0.2227469236 1.394412518 3.062327385
vn -0.6732629538 -0.6562582254 0.340649575
v -0.2128695846 1.383949041 3.062327385
vn -0.6859087944 -0.6293718219 0.3652673662
v -0.2128695846 1.394412518 3.080892563
vn -0.6676424742 -0.6526759267 0.3581447601
v -0.2128695846 1.37408793 3.422450542
vn -0.1044710651 -0.6357998848 -0.7647511363
v -0.2128695846 1.394412518 3.404775143
vn -0.08592918515 -0.6307277679 -0.7712318897
v -0.239415586 1.430424809 3.098339796
vn -0.669264257 -0.6684533358 0.3244309425
v -0.2128695846 1.403804898 3.098339796
vn -0.6671174765 -0.6636923552 0.3383292854
v -0.2223405689 1.430424809 3.134351969
vn -0.6678968668 -0.6679792404 0.3282033801
v -0.2128695846 1.420951605 3.134351969
vn -0.6674627066 -0.6666255593 0.3318191469
v -0.2128695846 1.430424809 3.152361155
vn -0.6627249122 -0.6628207564 0.3485172987
v -0.2128695846 1.416722894 3.386438131
vn -0.1219755039 -0.6478456855 -0.7519428134
v -0.2128695846 1.430424809 3.37524128
vn -0.1851808876 -0.5977618694 -0.7799928188
v -0.2395015955 1.466437101 3.17036438
vn -0.662486732 -0.6793553233 0.3155751824
v -0.2128695846 1.439886451 3.17036438
vn -0.6655176878 -0.6669337153 0.3350904882
v -0.2226496637 1.466437101 3.206376553
vn -0.6529444456 -0.6896326542 0.3131617904
v -0.2128695846 1.456816673 3.206376553
vn -0.6652726531 -0.671692431 0.3259473145
v -0.2128695846 1.466437101 3.225892305
vn -0.6518566012 -0.6834381819 0.3286263645
v -0.2255342901 1.466437101 3.350425959
vn -0.2498054653 -0.6451534629 -0.7220624685
v -0.2128695846 1.461434126 3.350425959
vn -0.3304007947 -0.741856575 -0.5835101604
v -0.2128695846 1.466437101 3.343230009
vn -0.379368484 -0.807977736 -0.4508343041
v -0.2471883297 1.502449393 3.242388964
vn -0.5938450098 -0.7896494269 0.1542787552
v -0.2128695846 1.474193931 3.242388964
vn -0.6295621991 -0.7361776829 0.2483824342
v -0.2405920774 1.502449393 3.278401136
vn -0.5610947013 -0.8262966871 -0.04905621707
v -0.2128695846 1.483410954 3.278401136
vn -0.5791290402 -0.8136511445 0.0508075878
v -0.2128695846 1.481739402 3.314413548
vn -0.4558885694 -0.8501130939 -0.2635779977
v -0.1778614968 0.6741662621 2.882265806
vn -0.3136138618 0.8458319306 0.4315260351
v -0.1768572778 0.6741662621 2.884325504
vn -0.3612630069 0.919106245 0.1572663784
v -0.1768572778 0.6683509946 2.918278217
vn -0.3400175571 0.9361306429 0.08970756084
v -0.1768572778 0.6673638225 2.95429039
vn -0.3264234066 0.9451565146 0.01126563642
v -0.1768572778 0.6673819423 2.990302801
vn -0.308378458 0.9512273669 -0.008318778127
v -0.1768572778 0.667698741 3.026314974
vn -0.2595511973 0.9653910398 -0.02556081861
v -0.1768572778 0.668218255 3.062327385
vn -0.1615072489 0.9859819412 -0.04189274833
v -0.1768572778 0.6688762903 3.098339796
vn -0.01934576407 0.9978781343 -0.062169265
v -0.2055765688 0.6741662621 3.098339796
vn 0.3020613492 0.9354625344 -0.1834907234
v -0.1768572778 0.6707623601 3.134351969
vn 0.06419204175 0.9926989079 -0.102118887
v -0.1847693175 0.6741662621 3.134351969
vn 0.4220446944 0.8786078095 -0.2234426588
v -0.1768572778 0.6741662621 3.150743484
vn -0.02104206197 0.9756190777 -0.2184596062
v -0.1768572778 0.7101785541 2.828821182
vn -0.2026093155 0.6794104576 0.7052310705
v -0.1768572778 0.6938501596 2.846253633
vn -0.3718116879 0.8003831506 0.4702582955
v -0.1768572778 0.6745731831 2.882265806
vn -0.4793745875 0.8270421028 0.2936006188
v -0.1768572778 0.6787867546 3.17036438
vn 0.3103186488 0.9038800001 -0.294454217
v -0.1768572778 0.6972709894 3.206376553
vn 0.4232701957 0.8022958636 -0.4209081531
v -0.1926343739 0.7101785541 3.206376553
vn 0.5895053148 0.6621780396 -0.462605387
v -0.1768572778 0.7101785541 3.226469994
vn 0.5275847912 0.7075045705 -0.4702037871
v -0.1768572778 0.7461909056 2.793441772
vn -0.03944391385 0.6427130699 0.7650909424
v -0.1768572778 0.7282183766 2.810241222
vn -0.136857152 0.7381562591 0.6606023312
v -0.1768572778 0.7212377787 3.242388964
vn 0.5910165906 0.675082624 -0.4415460229
v -0.2011184394 0.7461909056 3.242388964
vn 0.6833297014 0.593506217 -0.425218612
v -0.1768572778 0.7426072955 3.278401136
vn 0.5672230124 0.6915634274 -0.4472114742
v -0.1801452339 0.7461909056 3.278401136
vn 0.7071681619 0.5660299063 -0.4237019718
v -0.1768572778 0.7461909056 3.28323102
vn 0.5444847941 0.6672791243 -0.5082075596
v -0.1768572778 0.7822031975 2.765616894
vn -0.001264972496 0.486099869 0.8739023805
v -0.1768572778 0.7700445652 2.774228811
vn -0.02577608451 0.6245467067 0.7805619836
v -0.2081257254 0.7822031975 3.278401136
vn 0.7105354071 0.5685327053 -0.4146202803
v -0.1768572778 0.7704725266 3.314413548
vn 0.5380818248 0.6314883828 -0.5582923889
v -0.187219277 0.7822031975 3.314413548
vn 0.6936146617 0.5727334619 -0.4368925095
v -0.1768572778 0.7822031975 3.327323437
vn 0.572655797 0.6125513315 -0.5448359251
v -0.1768572778 0.8182154894 2.747258902
vn 0.005596201867 0.4812900126 0.8765435815
v -0.1768572778 0.8024166822 3.350425959
vn 0.5265179276 0.6280357838 -0.5730182528
v -0.1924714446 0.8182154894 3.350425959
vn 0.6278371811 0.6076805592 -0.4863587022
v -0.1768572778 0.8182154894 3.368206978
vn 0.5004544854 0.6557700634 -0.5652529597
v -0.1768572778 0.8542277813 2.722887754
vn 0.0798926577 0.540725708 0.8373965025
v -0.1768572778 0.8320820928 2.738216639
vn 0.02750108391 0.5699303746 0.8212326765
v -0.1768572778 0.8332049847 3.386438131
vn 0.5123496652 0.6817321181 -0.5222442746
v -0.2015569508 0.8542277813 3.386438131
vn 0.5693200231 0.6539460421 -0.4982261658
v -0.1768572778 0.8542277813 3.413203478
vn 0.2846572697 0.6781796813 -0.6775268316
v -0.1945579052 0.8902401328 2.702204227
vn 0.16341874 0.550906539 0.8184108138
v -0.1768572778 0.8902401328 2.698667765
vn 0.1025971249 0.5059537888 0.8564371467
v -0.1768572778 0.8849978447 2.702204227
vn 0.08560251445 0.5644279122 0.8210318685
v -0.1768572778 0.8624970317 3.422450542
vn 0.3358705044 0.6927444339 -0.6381976008
v -0.1768572778 0.8902401328 3.445142746
vn -0.02240791731 0.5181865692 -0.8549740314
v -0.1768572778 0.9262524247 2.679088593
vn -0.009697744623 0.4403661489 0.8977659345
v -0.1768572778 0.9127501249 3.458462715
vn 0.1092410535 0.5832082629 -0.8049438
v -0.1768572778 0.9262524247 3.465589762
vn -0.1780720353 0.4488756359 -0.8756717443
v -0.1768572778 0.9622647166 2.660288334
vn -0.1403084099 0.3328895271 0.9324688315
v -0.1768572778 0.9509030581 2.666192055
vn -0.1240621656 0.4605788291 0.878905952
v -0.1768572778 0.9622647166 3.482233286
vn -0.3195341825 0.4084895551 -0.8550053835
v -0.1768572778 0.9982770681 2.652068138
vn -0.3353930116 0.1217514947 0.9341777563
v -0.1768572778 0.9854756594 3.494475126
vn -0.2096664459 0.4908367991 -0.8456472158
v -0.1768572778 0.9982770681 3.501380444
vn -0.3584522903 0.4029112458 -0.8421249986
v -0.1768572778 1.03428936 2.653115034
vn -0.5376176238 -0.1353098452 0.8322610855
v -0.2126486897 1.03428936 3.530487537
vn -0.2953833938 0.4071840942 -0.8642625213
v -0.1768572778 1.03428936 3.518255711
vn -0.3928215504 0.3574416339 -0.8473055363
v -0.1768572778 1.066539884 2.666192055
vn -0.6620290875 -0.353990972 0.6606116891
v -0.178731367 1.070301652 2.666192055
vn -0.670430541 -0.5043449998 0.5442049503
v -0.1768572778 1.070301652 2.668668747
vn -0.6751591563 -0.5555587411 0.485298425
v -0.1768572778 1.06756568 3.530487537
vn -0.3156154752 0.327684164 -0.8905110955
v -0.1768572778 1.070301652 3.531505823
vn -0.3417832851 0.198909685 -0.9184874296
v -0.2062233388 1.106313944 2.666192055
vn -0.6973997355 -0.5755286813 0.4270835519
v -0.1768572778 1.096966624 2.702204227
vn -0.6516696215 -0.5861731768 0.4813810289
v -0.1852336526 1.106313944 2.702204227
vn -0.6925854087 -0.5821381807 0.4259584248
v -0.1768572778 1.106313944 2.714058399
vn -0.648948729 -0.5993859172 0.4686172307
v -0.1768572778 1.106313944 3.536946297
vn -0.3605464697 0.03260964528 -0.9321710467
v -0.1928459257 1.142326236 2.738216639
vn -0.6547211409 -0.5904875398 0.4718735814
v -0.1768572778 1.125094533 2.738216639
vn -0.6481694579 -0.5992956161 0.4698096514
v -0.1768572778 1.142326236 2.758838177
vn -0.6484926343 -0.5793945193 0.493719846
v -0.1768572778 1.142326236 3.536552191
vn -0.316852957 -0.1175463423 -0.9411625862
v -0.1966798156 1.178338647 2.774228811
vn -0.6572893262 -0.5841742754 0.4761419296
v -0.1768572778 1.155825138 2.774228811
vn -0.6579926014 -0.5751357079 0.4860706627
v -0.1768572778 1.178338647 2.803036451
vn -0.6712579131 -0.5849987864 0.4551804364
v -0.1786228418 1.178338647 3.530487537
vn -0.2601180375 -0.2549139261 -0.9313203096
v -0.1768572778 1.175507426 3.530487537
vn -0.5134404302 -0.1612642109 -0.8428361416
v -0.1768572778 1.178338647 3.529936314
vn -0.3235062361 -0.2299221605 -0.9178668261
v -0.2017833441 1.214350939 2.810241222
vn -0.7060167789 -0.5656836629 0.4260778427
v -0.1768572778 1.184050202 2.810241222
vn -0.6886691451 -0.5714741945 0.4462645352
v -0.1815107614 1.214350939 2.846253633
vn -0.7206398845 -0.5607946515 0.4076610804
v -0.1768572778 1.208587885 2.846253633
vn -0.6952099204 -0.5762243271 0.4297076464
v -0.1768572778 1.214350939 2.853703737
vn -0.6677497029 -0.5969204903 0.4447428882
v -0.1768572778 1.214350939 3.517541885
vn -0.2137419134 -0.3336333632 -0.9181520343
v -0.208723858 1.250363231 2.846253633
vn -0.7174370289 -0.5752618909 0.3928841054
v -0.1768572778 1.235520124 2.882265806
vn -0.6681767106 -0.6043183804 0.4339806437
v -0.1895442456 1.250363231 2.882265806
vn -0.702961266 -0.5927111506 0.3931144774
v -0.1768572778 1.250363231 2.904052258
vn -0.6686130166 -0.6236769557 0.4049489498
v -0.1768572778 1.250363231 3.502389908
vn -0.1464269161 -0.4221396148 -0.8946269155
v -0.2035005391 1.286375523 2.918278217
vn -0.6732196808 -0.6606453657 0.332148999
v -0.1768572778 1.259168983 2.918278217
vn -0.6717609167 -0.6507629156 0.3538995385
v -0.1862164438 1.286375523 2.95429039
vn -0.6729364395 -0.6593435407 0.3352948725
v -0.1768572778 1.276955128 2.95429039
vn -0.6687245965 -0.6621515155 0.3381756544
v -0.1768572778 1.286375523 2.971751213
vn -0.6676764488 -0.6524704099 0.3584556878
v -0.1768572778 1.262692451 3.494475126
vn -0.1313502342 -0.5461192131 -0.8273457289
v -0.1768572778 1.286375523 3.478370905
vn -0.1395084709 -0.5508992672 -0.8228288889
v -0.2001290619 1.322387815 2.990302801
vn -0.7044999599 -0.593906045 0.3885297477
v -0.1768572778 1.296838641 2.990302801
vn -0.6798381805 -0.6322917342 0.3715201914
v -0.1811384708 1.322387815 3.026314974
vn -0.7233052254 -0.5671953559 0.3938514888
v -0.1768572778 1.317375302 3.026314974
vn -0.6896255016 -0.61759758 0.3781399727
v -0.1768572778 1.322387815 3.03336072
vn -0.6867402792 -0.5896120071 0.4251416624
v -0.1991113871 1.322387815 3.458462715
vn -0.2105275244 -0.5711385012 -0.7933971286
v -0.1768572778 1.314237356 3.458462715
vn -0.169297725 -0.5900151134 -0.7894431353
v -0.1768572778 1.322387815 3.452413321
vn -0.1924566031 -0.559837997 -0.8059415817
v -0.2085884064 1.358400106 3.026314974
vn -0.7192541361 -0.5801928043 0.3821645975
v -0.1768572778 1.343340755 3.062327385
vn -0.6874992251 -0.5928505063 0.4193722904
v -0.1895980835 1.358400106 3.062327385
vn -0.7044529319 -0.5935662389 0.3891338706
v -0.1768572778 1.358400106 3.084335089
vn -0.6819642186 -0.611078918 0.4018798172
v -0.1768572778 1.358400106 3.428316355
vn -0.1836315244 -0.5698490739 -0.8009691238
v -0.2035228014 1.394412518 3.098339796
vn -0.6718880534 -0.663533926 0.3290731907
v -0.1768572778 1.367074132 3.098339796
vn -0.6739346981 -0.6489939094 0.3530141115
v -0.1863463968 1.394412518 3.134351969
vn -0.6681329608 -0.6670226455 0.3296652138
v -0.1768572778 1.384879351 3.134351969
vn -0.6710816622 -0.6601133943 0.3374903798
v -0.1768572778 1.394412518 3.152382851
vn -0.6638026834 -0.6614109874 0.3491438925
v -0.1768572778 1.366095185 3.422450542
vn -0.1765167862 -0.5981274843 -0.7817195058
v -0.1768572778 1.394412518 3.400765896
vn -0.14119941 -0.6131803989 -0.777221024
v -0.2034013569 1.430424809 3.17036438
vn -0.6685294509 -0.6696487665 0.3234792948
v -0.1768572778 1.403880119 3.17036438
vn -0.6659683585 -0.6658141017 0.3364189863
v -0.1863425523 1.430424809 3.206376553
vn -0.667006731 -0.6696381569 0.3266293406
v -0.1768572778 1.420945883 3.206376553
vn -0.6671190262 -0.6675898433 0.3305691481
v -0.1768572778 1.430424809 3.224569798
vn -0.6617752314 -0.6655660868 0.3450730145
v -0.1768572778 1.410949826 3.386438131
vn -0.1953953505 -0.7125577331 -0.6738561988
v -0.1768572778 1.430424809 3.366753101
vn -0.2391088009 -0.6670390964 -0.7056102753
v -0.2045476139 1.466437101 3.242388964
vn -0.6497276425 -0.7161041498 0.2550468147
v -0.1768572778 1.43959403 3.242388964
vn -0.664363265 -0.6802832484 0.309574157
v -0.1916754842 1.466437101 3.278401136
vn -0.604270041 -0.7900661826 0.1032140628
v -0.1768572778 1.453544378 3.278401136
vn -0.6428487897 -0.7348349094 0.2162477225
v -0.1881487668 1.466437101 3.314413548
vn -0.5321817398 -0.8200708628 -0.2103957832
v -0.1768572778 1.458842158 3.314413548
vn -0.5467982292 -0.8248072863 -0.1438911557
v -0.1768572778 1.445436358 3.350425959
vn -0.4425861537 -0.8210488558 -0.3605499864
v -0.1678176671 0.6741662621 2.918278217
vn -0.5761113763 0.8125098348 0.08901383728
v -0.1662922353 0.6741662621 2.95429039
vn -0.5785950422 0.8154495955 0.01642198488
v -0.1660757363 0.6741662621 2.990302801
vn -0.5693711638 0.8220380545 0.008359374478
v -0.1656364053 0.6741662621 3.026314974
vn -0.535338521 0.8443834782 0.02071693167
v -0.1643030345 0.6741662621 3.062327385
vn -0.4656154513 0.8840033412 0.04171755537
v -0.1603727043 0.6741662621 3.098339796
vn -0.3547751009 0.9322112799 0.07153177261
v -0.1482871771 0.6741662621 3.134351969
vn -0.2010549903 0.9795781374 0.001878405339
v -0.1421305388 0.7101785541 2.846253633
vn -0.3306097984 0.6910651326 0.6427488923
v -0.1408449709 0.7101785541 2.847843409
vn -0.4784804881 0.8262569904 0.2972471118
v -0.1408449709 0.6978277564 2.882265806
vn -0.5444610119 0.8064627051 0.2306080759
v -0.1408449709 0.693860054 2.918278217
vn -0.6085646152 0.7908750176 0.0645436421
v -0.1408449709 0.6929376125 2.95429039
vn -0.6162521839 0.7872023582 0.02335994504
v -0.1408449709 0.6920100451 2.990302801
vn -0.5811007023 0.8124707341 0.04704580829
v -0.1408449709 0.6896323562 3.026314974
vn -0.5222959518 0.8481092453 0.08898106217
v -0.1408449709 0.6857036352 3.062327385
vn -0.4560940862 0.8833248615 0.108237423
v -0.1408449709 0.6806915998 3.098339796
vn -0.4304268062 0.8947167993 0.1192250922
v -0.1408449709 0.6751136184 3.134351969
vn -0.3386155963 0.9409013987 0.006631909404
v -0.1408449709 0.6757488251 3.17036438
vn -0.2367451489 0.9628571868 -0.1298374236
v -0.1408449709 0.6860645413 3.206376553
vn 0.003201248357 0.9513981342 -0.3079470694
v -0.1408449709 0.6995891929 3.242388964
vn 0.2053433359 0.8951792717 -0.3955858052
v -0.1604636461 0.7101785541 3.242388964
vn 0.4747137129 0.7782943845 -0.4109802544
v -0.1408449709 0.7101785541 3.266699553
vn 0.1462006569 0.9264618754 -0.3468338549
v -0.1408449709 0.7461909056 2.796938419
vn -0.1342203319 0.6749622226 0.7255418301
v -0.1408449709 0.7341548204 2.810241222
vn -0.2978774309 0.8086651564 0.5072767138
v -0.1408449709 0.7107835412 2.846253633
vn -0.4420230389 0.8132132888 0.3785496354
v -0.1408449709 0.7159523368 3.278401136
vn 0.3666393161 0.7827316523 -0.5028983951
v -0.1408449709 0.7419880033 3.314413548
vn 0.3724066615 0.7478863001 -0.5495265126
v -0.1467625797 0.7461909056 3.314413548
vn 0.5256887078 0.6646157503 -0.530977726
v -0.1408449709 0.7461909056 3.318884611
vn 0.2750889063 0.6810566783 -0.6785925627
v -0.1408449709 0.7822031975 2.766145229
vn -0.0325875096 0.4960305691 0.8676933646
v -0.1408449709 0.7712160945 2.774228811
vn -0.1261811554 0.6874756813 0.7151612043
v -0.1408449709 0.7771309614 3.350425959
vn 0.3474513292 0.6747609973 -0.6511337161
v -0.1483446062 0.7822031975 3.350425959
vn 0.4624758065 0.658665061 -0.5935288668
v -0.1408449709 0.7822031975 3.355384111
vn 0.1681812108 0.6394670606 -0.750197947
v -0.1408449709 0.8182154894 2.747076988
vn -0.02446859889 0.5060034394 0.8621843457
v -0.1408449709 0.8154458404 3.386438131
vn 0.2946577668 0.670090735 -0.6812893748
v -0.1461108625 0.8182154894 3.386438131
vn 0.3496176302 0.7261590958 -0.5919970274
v -0.1408449709 0.8182154894 3.389012575
vn -0.09437553585 0.5799444914 -0.8091709614
v -0.1408449709 0.8542277813 2.720842361
vn 0.03014902957 0.582175374 0.8125040531
v -0.1408449709 0.8310083747 2.738216639
vn -0.002856248058 0.5912208557 0.8065046668
v -0.1408449709 0.8542277813 3.417279959
vn -0.2259594798 0.5213709474 -0.8228697777
v -0.1408449709 0.8902401328 2.695284128
vn 0.005811379757 0.4446080923 0.8957063556
v -0.1408449709 0.8799407482 2.702204227
vn 0.008481203578 0.5707911849 0.8210514784
v -0.1408449709 0.862896502 3.422450542
vn -0.1745498329 0.5478265882 -0.8181799054
v -0.1408449709 0.8902401328 3.436711788
vn -0.3746491969 0.359256357 -0.8547355533
v -0.1408449709 0.9262524247 2.680535078
vn -0.1027708426 0.3182120621 0.942432642
v -0.1599993259 0.9262524247 3.458462715
vn -0.3619495332 0.4225477874 -0.8309307694
v -0.1408449709 0.9262524247 3.450247526
vn -0.4236885309 0.3322131038 -0.8426876664
v -0.1533492208 0.9622647166 2.666192055
vn -0.322393477 0.1714477092 0.9309501052
v -0.1408449709 0.9622647166 2.669551373
vn -0.2818959057 0.1954343915 0.9393296242
v -0.1408449709 0.9466037154 3.458462715
vn -0.4065315127 0.3440677226 -0.8463743329
v -0.1408449709 0.9622647166 3.464930773
vn -0.4545638859 0.3516711891 -0.8183514476
v -0.1454327852 0.9982770681 2.666192055
vn -0.5132552981 -0.0960021317 0.8528496623
v -0.1408449709 0.9982770681 2.668759823
vn -0.53035146 -0.1651697457 0.8315324783
v -0.1647385061 0.9982770681 3.494475126
vn -0.4641545415 0.3972478211 -0.7916784286
v -0.1408449709 0.9982770681 3.480213165
vn -0.494189769 0.362837404 -0.7900161147
v -0.1600951999 1.03428936 2.666192055
vn -0.6314664483 -0.2906928658 0.7188516855
v -0.1408449709 1.03428936 2.684749603
vn -0.6395858526 -0.3856381476 0.6649910808
v -0.1408449709 1.028846025 3.494475126
vn -0.5345315337 0.3490634263 -0.7696952224
v -0.1408449709 1.03428936 3.49708581
vn -0.5152179599 0.2944899201 -0.8048764467
v -0.1532217264 1.070301652 2.702204227
vn -0.6661976576 -0.5674282312 0.4839482307
v -0.1408449709 1.054685831 2.702204227
vn -0.6654902101 -0.517567873 0.5378162265
v -0.1408449709 1.070301652 2.718242884
vn -0.6483007073 -0.564529717 0.5108937025
v -0.1752670258 1.070301652 3.530487537
vn -0.5432967544 0.2126481831 -0.8121634126
v -0.1408449709 1.070301652 3.507409573
vn -0.572170794 0.1764335036 -0.8009318113
v -0.1588654071 1.106313944 2.738216639
vn -0.6366969943 -0.6094633937 0.4724101126
v -0.1408449709 1.087473035 2.738216639
vn -0.6477670074 -0.5971052647 0.4731418192
v -0.1408449709 1.106313944 2.762594461
vn -0.6487360001 -0.6026526093 0.464705795
v -0.166954115 1.106313944 3.530487537
vn -0.5674176812 0.07812123001 -0.8197159767
v -0.1408449709 1.106313944 3.511602163
vn -0.5938596129 0.07074831426 -0.8014521003
v -0.1654248536 1.142326236 2.774228811
vn -0.6953171492 -0.5809059143 0.4231813252
v -0.1408449709 1.115140676 2.774228811
vn -0.6623197794 -0.6056040525 0.4411079884
v -0.1450648755 1.142326236 2.810241222
vn -0.7187047601 -0.5569057465 0.416316539
v -0.1408449709 1.13738656 2.810241222
vn -0.6771663427 -0.6096752882 0.4119972885
v -0.1408449709 1.142326236 2.816871881
vn -0.6647348404 -0.5962762833 0.4500912726
v -0.1666724831 1.142326236 3.530487537
vn -0.5453083515 -0.0356769152 -0.8374759555
v -0.1408449709 1.142326236 3.514089823
vn -0.5094274282 0.02601919509 -0.8601201773
v -0.1722474843 1.178338647 2.810241222
vn -0.7192893028 -0.5613260269 0.4093116224
v -0.1408449709 1.165014267 2.846253633
vn -0.6618579626 -0.5756027102 0.480234921
v -0.1519441307 1.178338647 2.846253633
vn -0.705884397 -0.5648031831 0.4274629653
v -0.1408449709 1.178338647 2.861465454
vn -0.6604070067 -0.5689365864 0.4900752008
v -0.1408449709 1.178338647 3.514482498
vn -0.3858349025 -0.1124028563 -0.9156948328
v -0.157771349 1.214350939 2.882265806
vn -0.6622476578 -0.6003080606 0.4483951628
v -0.1408449709 1.195792079 2.882265806
vn -0.6625038385 -0.5926018953 0.4581612349
v -0.1408449709 1.214350939 2.906891346
vn -0.6602532864 -0.6021082401 0.4489223659
v -0.1408449709 1.214350939 3.50923562
vn -0.3004122078 -0.2302476019 -0.9256017208
v -0.1681652218 1.250363231 2.918278217
vn -0.6688421965 -0.6589363217 0.3441700935
v -0.1408449709 1.222337365 2.918278217
vn -0.6638796329 -0.6399187446 0.3869984448
v -0.1503725499 1.250363231 2.95429039
vn -0.6671168208 -0.6642826796 0.3371700644
v -0.1408449709 1.240789175 2.95429039
vn -0.6693438888 -0.6587444544 0.3435615897
v -0.1408449709 1.250363231 2.972333431
vn -0.6641563773 -0.6603879929 0.350405544
v -0.1408449709 1.250363231 3.495790243
vn -0.2472166866 -0.3718549609 -0.8947669268
v -0.1669804901 1.286375523 2.990302801
vn -0.6818669438 -0.6456414461 0.3438088894
v -0.1408449709 1.259890199 2.990302801
vn -0.6675370336 -0.6608202457 0.3430902064
v -0.149243325 1.286375523 3.026314974
vn -0.6905968189 -0.6268277168 0.3607811928
v -0.1408449709 1.277699351 3.026314974
vn -0.673421979 -0.6535331011 0.345539242
v -0.1408449709 1.286375523 3.040330648
vn -0.6817925572 -0.6113893986 0.4016987383
v -0.1408449709 1.252442241 3.494475126
vn -0.2239956707 -0.5288011432 -0.8186545968
v -0.1408449709 1.286375523 3.472514629
vn -0.1910546869 -0.5448195338 -0.816498518
v -0.1588552445 1.322387815 3.062327385
vn -0.6863529682 -0.5896459818 0.4257196784
v -0.1408449709 1.301422119 3.062327385
vn -0.6869407296 -0.5936653018 0.4191347361
v -0.1408449709 1.322387815 3.091420412
vn -0.6888898015 -0.5886390209 0.423007071
v -0.1408449709 1.3042171 3.458462715
vn -0.1761651933 -0.6010764241 -0.7795338035
v -0.1408449709 1.322387815 3.444050789
vn -0.1835106909 -0.5772499442 -0.7956798077
v -0.1684657931 1.358400106 3.098339796
vn -0.6853027344 -0.6381250024 0.3509368896
v -0.1408449709 1.327302933 3.098339796
vn -0.691617012 -0.6099684238 0.3867872655
v -0.1507948339 1.358400106 3.134351969
vn -0.6752109528 -0.654499054 0.3401781023
v -0.1408449709 1.347727418 3.134351969
vn -0.7006160617 -0.6188207269 0.3552436531
v -0.1408449709 1.358400106 3.153163671
vn -0.6813677549 -0.6393381953 0.3563489914
v -0.1559697986 1.358400106 3.422450542
vn -0.2208191752 -0.572953701 -0.7892799973
v -0.1408449709 1.352554202 3.422450542
vn -0.1883128285 -0.5890256166 -0.785867095
v -0.1408449709 1.358400106 3.418188572
vn -0.2028488964 -0.5685395598 -0.7972547412
v -0.1673953682 1.394412518 3.17036438
vn -0.6699903607 -0.6675461531 0.3248000145
v -0.1408449709 1.367667317 3.17036438
vn -0.6693196893 -0.6615442038 0.3381869793
v -0.1503228247 1.394412518 3.206376553
vn -0.6681929231 -0.6676561236 0.3282583356
v -0.1408449709 1.384904623 3.206376553
vn -0.6706670523 -0.6628699899 0.3328799009
v -0.1408449709 1.394412518 3.22440958
vn -0.6637057662 -0.6618449688 0.3485051095
v -0.1408449709 1.394412518 3.393402576
vn -0.207023114 -0.5896939635 -0.7806423306
v -0.1675415337 1.430424809 3.242388964
vn -0.6618421674 -0.6852686405 0.3039273322
v -0.1408449709 1.403850436 3.242388964
vn -0.6662269831 -0.6683260798 0.3308805227
v -0.1514803469 1.430424809 3.278401136
vn -0.6546741724 -0.7079193592 0.2650507092
v -0.1408449709 1.420201778 3.278401136
vn -0.6632812023 -0.6893873811 0.2912096679
v -0.1408449709 1.430424809 3.307694674
vn -0.64828372 -0.7191987634 0.2499628067
v -0.1468274146 1.430424809 3.350425959
vn -0.3922070563 -0.7672309279 -0.5074744821
v -0.1408449709 1.427423358 3.350425959
vn -0.4917259812 -0.8113570809 -0.3160779178
v -0.1408449709 1.430424809 3.329761505
vn -0.460760802 -0.8782684207 -0.1278438866
v -0.1408449709 1.402136564 3.386438131
vn -0.3421077728 -0.7731457353 -0.5340486169
v -0.1408449709 1.432673931 3.314413548
vn -0.5960037112 -0.8029330969 -0.00883599557
v -0.1262883097 0.7101785541 2.882265806
vn -0.6406200528 0.749925375 0.1649784446
v -0.1229951531 0.7101785541 2.918278217
vn -0.666031301 0.7442784905 0.04951587319
v -0.1213265881 0.7101785541 2.95429039
vn -0.6633703709 0.747125268 0.04175613448
v -0.1180004403 0.7101785541 2.990302801
vn -0.6293398738 0.7733319402 0.07673992217
v -0.1107343435 0.7101785541 3.026314974
vn -0.582603693 0.8048199415 0.113304086
v -0.1048326492 0.7101785541 3.044475555
vn -0.5566136837 0.8107165098 0.1814386547
v -0.1048326492 0.7061643004 3.062327385
vn -0.5224460959 0.8424457908 0.1316629052
v -0.1048326492 0.7002612352 3.098339796
vn -0.5248719454 0.8439833522 0.1104603559
v -0.1048326492 0.6963192225 3.134351969
vn -0.5521171689 0.8307759762 0.07055421919
v -0.1048326492 0.6951774955 3.17036438
vn -0.540679276 0.8411318064 -0.01277511567
v -0.1048326492 0.6975561976 3.206376553
vn -0.4276231229 0.8975147009 -0.1077305898
v -0.1048326492 0.7013296485 3.242388964
vn -0.1669026613 0.9548861384 -0.2456337214
v -0.1048326492 0.7101785541 3.277759552
vn -0.2049738765 0.9485411048 -0.2413617224
v -0.1088594273 0.7461909056 2.810241222
vn -0.288700074 0.6869636178 0.6668832302
v -0.1048326492 0.7461909056 2.814056873
vn -0.425427407 0.843536973 0.327806145
v -0.1048326492 0.7337447405 2.846253633
vn -0.5181759 0.8118978739 0.268915534
v -0.1048326492 0.728574574 2.882265806
vn -0.6196390986 0.7783699036 0.1009340957
v -0.1048326492 0.7268260717 2.918278217
vn -0.6304583549 0.7743251324 0.05424788594
v -0.1048326492 0.724417448 2.95429039
vn -0.5833952427 0.8064496517 0.09637926519
v -0.1048326492 0.7202305198 2.990302801
vn -0.5351044536 0.8357972503 0.1229071394
v -0.1048326492 0.7142712474 3.026314974
vn -0.5371086001 0.8315891623 0.1413286328
v -0.1048326492 0.7103600502 3.278401136
vn -0.1441395432 0.8884996176 -0.4356514812
v -0.1048326492 0.7340439558 3.314413548
vn 0.02915098704 0.8045046926 -0.5932305455
v -0.1048326492 0.7461909056 3.327255011
vn -0.1000568569 0.6764348745 -0.7296742201
v -0.1048326492 0.7822031975 2.769632816
vn -0.1021364704 0.5268963575 0.8437703252
v -0.1048326492 0.7766412497 2.774228811
vn -0.2882701457 0.7586433291 0.5842607617
v -0.1048326492 0.7477934957 2.810241222
vn -0.4068495035 0.7877858281 0.4624575377
v -0.1048326492 0.7709266543 3.350425959
vn 0.02358686924 0.6892622709 -0.7241278887
v -0.1048326492 0.7822031975 3.360266447
vn -0.1923377812 0.5303339958 -0.8256827593
v -0.1048326492 0.8182154894 2.747972965
vn -0.06708561629 0.537953496 0.840300858
v -0.12239784 0.8182154894 3.386438131
vn -0.09956531972 0.6615377069 -0.7432729006
v -0.1048326492 0.8182154894 3.384199142
vn -0.2887260914 0.4902661741 -0.8223602176
v -0.1048326492 0.8542277813 2.721244097
vn -0.08155015856 0.5607406497 0.8239656687
v -0.1048326492 0.8317999244 2.738216639
vn -0.07604877651 0.5970293283 0.7986066341
v -0.1048326492 0.8225021958 3.386438131
vn -0.2982845306 0.4214656949 -0.8563836813
v -0.1048326492 0.8542277813 3.401854992
vn -0.4045845866 0.4010401666 -0.8218747377
v -0.1048326492 0.8902401328 2.697253704
vn -0.1342004985 0.3554495871 0.9250112772
v -0.1048326492 0.8823769689 2.702204227
vn -0.1390117407 0.5506643057 0.8230702281
v -0.1166434288 0.8902401328 3.422450542
vn -0.4777002633 0.3828577399 -0.7907100916
v -0.1048326492 0.8902401328 3.415278435
vn -0.4975038469 0.3101979494 -0.810103178
v -0.1048326492 0.9262524247 2.687921524
vn -0.3243644834 0.1535949707 0.9333789349
v -0.1048326492 0.9091724753 3.422450542
vn -0.5000237226 0.303598851 -0.8110511899
v -0.1048326492 0.9262524247 3.428872585
vn -0.5076754093 0.2839734554 -0.8134031892
v -0.1048326492 0.9622647166 2.687523127
vn -0.5093867183 -0.08495917916 0.8563334942
v -0.1314495355 0.9622647166 3.458462715
vn -0.5319389105 0.3057853878 -0.7896431684
v -0.1048326492 0.9622647166 3.440629959
vn -0.5344735384 0.2800334096 -0.7974454761
v -0.1048326492 0.9982770681 2.696893215
vn -0.5990099907 -0.2729808688 0.7527738214
v -0.1116863489 0.9982770681 3.458462715
vn -0.5615864396 0.3134085238 -0.7657648325
v -0.1048326492 0.9982770681 3.453273773
vn -0.5735667348 0.2556654215 -0.7782393098
v -0.1048326492 1.006485939 2.702204227
vn -0.6653540134 -0.4567249715 0.5905136466
v -0.1239076033 1.03428936 2.702204227
vn -0.6506001949 -0.4860927463 0.5834665895
v -0.1048326492 1.03428936 2.724905491
vn -0.6677241921 -0.4981669784 0.5531492233
v -0.1048326492 1.01175499 3.458462715
vn -0.6032577753 0.3016678989 -0.7382929921
v -0.1376034468 1.03428936 3.494475126
vn -0.6133687496 0.2492741793 -0.749427259
v -0.1048326492 1.03428936 3.467457294
vn -0.636298418 0.2077634484 -0.7429392338
v -0.1249340773 1.070301652 2.738216639
vn -0.6558240652 -0.58414042 0.4781995416
v -0.1048326492 1.047041416 2.738216639
vn -0.6601005793 -0.5595475435 0.5011723638
v -0.1048326492 1.070301652 2.767631769
vn -0.6731855273 -0.5857598782 0.4513387084
v -0.1259072721 1.070301652 3.494475126
vn -0.6452291608 0.1600656509 -0.747033
v -0.1048326492 1.070301652 3.475566864
vn -0.6464499831 0.13525334 -0.7508721352
v -0.1326837242 1.106313944 2.774228811
vn -0.683178544 -0.6165023446 0.3913973868
v -0.1048326492 1.075230002 2.774228811
vn -0.6742455363 -0.6040756702 0.4248358905
v -0.1129949912 1.106313944 2.810241222
vn -0.6810281873 -0.6146339774 0.3980271816
v -0.1048326492 1.097484112 2.810241222
vn -0.6715954542 -0.6081246734 0.4232539535
v -0.1048326492 1.106313944 2.821882248
vn -0.649091959 -0.6025931835 0.4642855525
v -0.1208202094 1.106313944 3.494475126
vn -0.6511769295 0.1091295257 -0.7510388494
v -0.1048326492 1.106313944 3.480687618
vn -0.5996410847 0.1643603742 -0.7832089663
v -0.1208213121 1.142326236 2.846253633
vn -0.6547729969 -0.5908024907 0.4714071751
v -0.1048326492 1.125102639 2.846253633
vn -0.6483723521 -0.6001260281 0.468467772
v -0.1048326492 1.142326236 2.866892099
vn -0.6487314701 -0.5797202587 0.4930232167
v -0.1131370366 1.142326236 3.494475126
vn -0.6035307646 0.1274196059 -0.7870926857
v -0.1048326492 1.142326236 3.488329649
vn -0.5539822578 0.1757559329 -0.813765049
v -0.1248016432 1.178338647 2.882265806
vn -0.6564885378 -0.5905882716 0.4692848623
v -0.1048326492 1.155761361 2.882265806
vn -0.6587453485 -0.5775464773 0.4821769893
v -0.1048326492 1.178338647 2.911843538
vn -0.6709652543 -0.5928102136 0.4454005659
v -0.1048326492 1.170446396 3.494475126
vn -0.5716335773 0.1701278687 -0.8026777506
v -0.1048326492 1.178338647 3.496154308
vn -0.4420862496 -0.03276144341 -0.8963740468
v -0.133062616 1.214350939 2.918278217
vn -0.6791857481 -0.6380631328 0.3627425134
v -0.1048326492 1.183085442 2.918278217
vn -0.6777032018 -0.6103457808 0.4101175368
v -0.1148086414 1.214350939 2.95429039
vn -0.6732779741 -0.6531137824 0.3466110229
v -0.1048326492 1.203665018 2.95429039
vn -0.6984450221 -0.6197443604 0.3578986824
v -0.1048326492 1.214350939 2.973113775
vn -0.6811693907 -0.6393646002 0.3566808105
v -0.1048326492 1.214350939 3.494941473
vn -0.362444818 -0.1921334118 -0.911986053
v -0.1313651949 1.250363231 2.990302801
vn -0.6720839143 -0.6636778116 0.3283824325
v -0.1048326492 1.223620534 2.990302801
vn -0.6691910625 -0.6612172127 0.3390797377
v -0.1141874194 1.250363231 3.026314974
vn -0.6733879447 -0.6595764756 0.3339274824
v -0.1048326492 1.240932941 3.026314974
vn -0.6715278029 -0.6611844301 0.334493041
v -0.1048326492 1.250363231 3.043807507
vn -0.6687146425 -0.6518077254 0.3577252924
v -0.1372932494 1.250363231 3.494475126
vn -0.3235322535 -0.3164969981 -0.8917155266
v -0.1048326492 1.215687752 3.494475126
vn -0.4149050713 -0.2919644117 -0.8617485762
v -0.1048326492 1.250363231 3.482736826
vn -0.3500179648 -0.3731562495 -0.8592100143
v -0.1281327456 1.286375523 3.062327385
vn -0.7082822323 -0.5933820009 0.3824057281
v -0.1048326492 1.260779619 3.062327385
vn -0.681337297 -0.6333702803 0.3669081926
v -0.1097290218 1.286375523 3.098339796
vn -0.736792922 -0.5625440478 0.37507388
v -0.1048326492 1.280608177 3.098339796
vn -0.6973341107 -0.6244204044 0.3518866599
v -0.1048326492 1.286375523 3.107527971
vn -0.7124208808 -0.5929658413 0.3752972186
v -0.1048326492 1.286375523 3.463255405
vn -0.2749025524 -0.4896921217 -0.827423811
v -0.1366942972 1.322387815 3.098339796
vn -0.7302309871 -0.5743404031 0.3699943423
v -0.1048326492 1.304369092 3.134351969
vn -0.7285614014 -0.5688988566 0.3815132678
v -0.1188898012 1.322387815 3.134351969
vn -0.7246900797 -0.58282125 0.3676189184
v -0.1048326492 1.322387815 3.161314964
vn -0.7173830271 -0.5865269303 0.3759624362
v -0.1048326492 1.292899847 3.458462715
vn -0.2469541878 -0.5728986859 -0.7815374136
v -0.1048326492 1.322387815 3.43687892
vn -0.2258252352 -0.5758504272 -0.7857475877
v -0.1318072677 1.358400106 3.17036438
vn -0.688809216 -0.6424960494 0.3357687891
v -0.1048326492 1.328059793 3.17036438
vn -0.7013725638 -0.6189522147 0.353517592
v -0.1147405058 1.358400106 3.206376553
vn -0.6768223047 -0.6564213037 0.3332005739
v -0.1048326492 1.347773075 3.206376553
vn -0.7025219798 -0.6201578379 0.3490947485
v -0.1048326492 1.358400106 3.225157261
vn -0.6814851165 -0.6396181583 0.3556215167
v -0.1048326492 1.341133118 3.422450542
vn -0.287889421 -0.6316131949 -0.7198503017
v -0.1048326492 1.358400106 3.408282518
vn -0.3090130985 -0.5893499255 -0.7464432716
v -0.1313959658 1.394412518 3.242388964
vn -0.6688604951 -0.6708780527 0.3202315271
v -0.1048326492 1.367664576 3.242388964
vn -0.6695830226 -0.6620619297 0.3366490304
v -0.1145514697 1.394412518 3.278401136
vn -0.6674929261 -0.677479744 0.3089892268
v -0.1048326492 1.384720325 3.278401136
vn -0.6733223796 -0.6689825654 0.3148003221
v -0.1048326492 1.394412518 3.299772263
vn -0.6680928469 -0.6790502071 0.3042084873
v -0.124455452 1.394412518 3.386438131
vn -0.3425883651 -0.6826004982 -0.6455151439
v -0.1048326492 1.384316921 3.386438131
vn -0.5181676149 -0.7066001296 -0.4818906188
v -0.1048326492 1.394412518 3.368997812
vn -0.4566133618 -0.7883401513 -0.4123396575
v -0.1382351071 1.430424809 3.314413548
vn -0.6611727476 -0.7483897805 -0.05256700516
v -0.1048326492 1.400848866 3.314413548
vn -0.6396529078 -0.7611593604 0.1071477234
v -0.1048326492 1.403452635 3.350425959
vn -0.5447423458 -0.8051274419 -0.2345752865
v -0.09911122173 0.7101785541 3.062327385
vn -0.5752174258 0.8043485284 0.148823306
v -0.09191986918 0.7101785541 3.098339796
vn -0.6115813851 0.7867324352 0.08378700167
v -0.0886805281 0.7101785541 3.134351969
vn -0.651294291 0.7576696277 0.04186258093
v -0.08762987703 0.7101785541 3.17036438
vn -0.6625300646 0.7488832474 0.01509266347
v -0.0875249207 0.7101785541 3.206376553
vn -0.6191407442 0.7852550745 0.00626409566
v -0.08691167831 0.7101785541 3.242388964
vn -0.5047169924 0.8607547879 -0.06604543328
v -0.08912397176 0.7461909056 2.846253633
vn -0.6053991318 0.7711477876 0.1970354915
v -0.08338935673 0.7461909056 2.882265806
vn -0.618655324 0.7808821797 0.08653654903
v -0.08024975657 0.7461909056 2.918278217
vn -0.6114448905 0.7883746028 0.06782790273
v -0.07412689924 0.7461909056 2.95429039
vn -0.5867404938 0.8035060763 0.1005665809
v -0.06882035732 0.7461909056 2.97137332
vn -0.5679290891 0.8042706251 0.1749438345
v -0.06882035732 0.7420965433 2.990302801
vn -0.5404925346 0.8310095072 0.1314954013
v -0.06882035732 0.7361506224 3.026314974
vn -0.5495520234 0.8273159862 0.1163651869
v -0.06882035732 0.7319157124 3.062327385
vn -0.6029772758 0.7918105721 0.09723389149
v -0.06882035732 0.7293778062 3.098339796
vn -0.6628692746 0.7476118803 0.04099819437
v -0.06882035732 0.7281953096 3.134351969
vn -0.6659149528 0.7454242706 0.02999847755
v -0.06882035732 0.7270290852 3.17036438
vn -0.6297550201 0.7749360204 0.05369109288
v -0.06882035732 0.7242217064 3.206376553
vn -0.5631050467 0.8209615946 0.0945237875
v -0.06882035732 0.7196465135 3.242388964
vn -0.486189127 0.8733582497 -0.02941954881
v -0.06882035732 0.722109139 3.278401136
vn -0.4234784245 0.8612490296 -0.2809202075
v -0.06882035732 0.7431393266 3.314413548
vn -0.3195131421 0.7938047647 -0.5174797773
v -0.06882035732 0.7461909056 3.317628384
vn -0.3800576925 0.5854921937 -0.7160691619
v -0.09181407839 0.7822031975 2.774228811
vn -0.2953504026 0.6647332311 0.6862199903
v -0.06882035732 0.7822031975 2.789103746
vn -0.4218178093 0.7724615335 0.4747345746
v -0.06882035732 0.7703142762 2.810241222
vn -0.5038739443 0.7885676622 0.3525225222
v -0.06882035732 0.7619596124 2.846253633
vn -0.5638997555 0.8075362444 0.1729228199
v -0.06882035732 0.7572633624 2.882265806
vn -0.529417932 0.8433557153 0.09202085435
v -0.06882035732 0.7543771267 2.918278217
vn -0.5085901022 0.8570353985 0.0826221928
v -0.06882035732 0.7498640418 2.95429039
vn -0.5330649614 0.8372917175 0.1215909868
v -0.07770887017 0.7822031975 3.350425959
vn -0.2789762318 0.6226855516 -0.7310505509
v -0.06882035732 0.7822031975 3.346940994
vn -0.4593340158 0.4911227524 -0.7401423454
v -0.06882035732 0.8182154894 2.753427267
vn -0.2730544806 0.5839809179 0.7644655108
v -0.06882035732 0.7925904989 2.774228811
vn -0.4706344903 0.6919209957 0.5474929214
v -0.06882035732 0.7890387177 3.350425959
vn -0.4184353948 0.3841813505 -0.8229923844
v -0.06882035732 0.8182154894 3.36388588
vn -0.4953288138 0.3501355648 -0.7950185537
v -0.06882035732 0.8542277813 2.726117849
vn -0.2699875534 0.4743509591 0.8379127979
v -0.06882035732 0.8378760815 2.738216639
vn -0.227818951 0.5921917558 0.7729213834
v -0.08276320249 0.8542277813 3.386438131
vn -0.5471588373 0.3506692648 -0.7600317597
v -0.06882035732 0.8542277813 3.376010418
vn -0.5612877607 0.2957002521 -0.7729924917
v -0.08672127873 0.8902401328 2.702204227
vn -0.3322152793 0.2060439438 0.9204232097
v -0.06882035732 0.8902401328 2.70750761
vn -0.342633754 0.351695478 0.8711557984
v -0.06882035732 0.879083097 3.386438131
vn -0.5856646895 0.3094749153 -0.749147594
v -0.06882035732 0.8902401328 3.391052246
vn -0.5514179468 0.2882677019 -0.7828409672
v -0.0725723654 0.9262524247 2.702204227
vn -0.4910190403 -0.03003139235 0.8706310391
v -0.06882035732 0.9262524247 2.70426321
vn -0.5488574505 -0.06972358376 0.8330030441
v -0.09566280991 0.9262524247 3.422450542
vn -0.5486031175 0.2795555294 -0.787961483
v -0.06882035732 0.9262524247 3.403812408
vn -0.5578761101 0.2764387727 -0.7825316787
v -0.08443534374 0.9622647166 2.702204227
vn -0.6446125507 -0.2712385654 0.7147756815
v -0.06882035732 0.9622647166 2.715770483
vn -0.6317675114 -0.3217907846 0.7052095532
v -0.07841853052 0.9622647166 3.422450542
vn -0.5507042408 0.2626754642 -0.7922918797
v -0.06882035732 0.9622647166 3.415617228
vn -0.5653479695 0.2526055276 -0.7852210999
v -0.09923156351 0.9982770681 2.702204227
vn -0.7094833255 -0.3272536993 0.6241301298
v -0.06882035732 0.9982770681 2.7378304
vn -0.6776288748 -0.3685762286 0.6363730431
v -0.06882035732 0.9820437431 3.422450542
vn -0.5559956431 0.2700434923 -0.7860950232
v -0.06882035732 0.9982770681 3.428126812
vn -0.5698313117 0.2353124768 -0.7873501778
v -0.09448604286 1.03428936 2.738216639
vn -0.7160354853 -0.5373771787 0.4455546737
v -0.06882035732 0.9987022281 2.738216639
vn -0.7019614577 -0.4989051223 0.5082753301
v -0.07367493957 1.03428936 2.774228811
vn -0.7197059989 -0.5513190627 0.4219840765
v -0.06882035732 1.028089285 2.774228811
vn -0.7073062658 -0.5465749502 0.4483008683
v -0.06882035732 1.03428936 2.781902075
vn -0.6896608472 -0.5671386719 0.4502462149
v -0.0945302695 1.03428936 3.458462715
vn -0.625061512 0.221801132 -0.7483998537
v -0.06882035732 1.03428936 3.437320232
vn -0.6078953147 0.1907938123 -0.7707535625
v -0.1006264836 1.070301652 2.774228811
vn -0.714563787 -0.5678970218 0.4085236192
v -0.06882035732 1.056531191 2.810241222
vn -0.6794489622 -0.5611829162 0.4726762474
v -0.08032175899 1.070301652 2.810241222
vn -0.6968493462 -0.578060925 0.4245545566
v -0.06882035732 1.070301652 2.825798988
vn -0.6597695947 -0.5677454472 0.4923100471
v -0.08552610874 1.070301652 3.458462715
vn -0.6434464455 0.1612950712 -0.7483051419
v -0.06882035732 1.070301652 3.444186449
vn -0.5967674851 0.1870297045 -0.7803130746
v -0.08683502674 1.106313944 2.846253633
vn -0.6378534436 -0.609623909 0.4706396163
v -0.06882035732 1.087422729 2.846253633
vn -0.6513670683 -0.5969065428 0.4684266448
v -0.06882035732 1.106313944 2.870689392
vn -0.6510973573 -0.6009919643 0.4635524452
v -0.07609386742 1.106313944 3.458462715
vn -0.6218323112 0.1673080027 -0.7650703192
v -0.06882035732 1.106313944 3.452825785
vn -0.5675665736 0.2097770423 -0.7961543798
v -0.09343732893 1.142326236 2.882265806
vn -0.6993244886 -0.5829675794 0.4136352241
v -0.06882035732 1.115074396 2.882265806
vn -0.664637506 -0.6070634723 0.4355811477
v -0.07379502058 1.142326236 2.918278217
vn -0.7332316637 -0.5605480075 0.3849120736
v -0.06882035732 1.136449099 2.918278217
vn -0.6963495016 -0.6165255308 0.3674148023
v -0.06882035732 1.142326236 2.927563429
vn -0.712480545 -0.5919395089 0.3768011332
v -0.06882035732 1.124272585 3.458462715
vn -0.5929318666 0.2405370772 -0.7684879303
v -0.06882035732 1.142326236 3.464105606
vn -0.5706620216 0.1863332987 -0.7997654676
v -0.1008083597 1.178338647 2.918278217
vn -0.7272132039 -0.5721820593 0.379168272
v -0.06882035732 1.160316944 2.95429039
vn -0.7282832861 -0.5687554479 0.3822574615
v -0.08288161457 1.178338647 2.95429039
vn -0.7240839005 -0.5827378631 0.3689431846
v -0.06882035732 1.178338647 2.981253862
vn -0.7173422575 -0.586548388 0.3760067821
v -0.1023151055 1.178338647 3.494475126
vn -0.5560810566 0.07662935555 -0.8275879622
v -0.06882035732 1.178338647 3.471974373
vn -0.5608401895 0.09436795115 -0.8225284219
v -0.09579468518 1.214350939 2.990302801
vn -0.6889995337 -0.6421402097 0.3360589445
v -0.06882035732 1.184010744 2.990302801
vn -0.7013338208 -0.61893785 0.3536195457
v -0.07872461528 1.214350939 3.026314974
vn -0.6774051785 -0.6556372046 0.3335596621
v -0.06882035732 1.20372498 3.026314974
vn -0.7025387287 -0.6201100349 0.3491459191
v -0.06882035732 1.214350939 3.045083284
vn -0.6818563342 -0.6390403509 0.3559485674
v -0.1040529162 1.214350939 3.494475126
vn -0.5328687429 0.0005474941572 -0.8461977243
v -0.06882035732 1.214350939 3.473712206
vn -0.502348423 -0.1134331599 -0.8571925163
v -0.09500534087 1.250363231 3.062327385
vn -0.6844172478 -0.6470674276 0.3359713852
v -0.06882035732 1.223653197 3.062327385
vn -0.671775341 -0.6579883695 0.3402487636
v -0.07787287235 1.250363231 3.098339796
vn -0.6949247718 -0.6327388883 0.3416446447
v -0.06882035732 1.241056561 3.098339796
vn -0.6741809249 -0.6585987806 0.334256947
v -0.06882035732 1.250363231 3.115589142
vn -0.6823192239 -0.6385471225 0.35594666
v -0.06882035732 1.250363231 3.467006445
vn -0.3916045129 -0.3237849772 -0.8612834811
v -0.09080903232 1.286375523 3.134351969
vn -0.7275644541 -0.5827844739 0.3619561493
v -0.06882035732 1.260986567 3.134351969
vn -0.7005714774 -0.6190575361 0.3549188673
v -0.07358343899 1.286375523 3.17036438
vn -0.7442125678 -0.5602157116 0.3637390137
v -0.06882035732 1.280700564 3.17036438
vn -0.7036131024 -0.6199350953 0.3472881913
v -0.06882035732 1.286375523 3.179422617
vn -0.7145814896 -0.5913264155 0.3737731874
v -0.0928067565 1.286375523 3.458462715
vn -0.3285595477 -0.4496414661 -0.8305848241
v -0.06882035732 1.267791867 3.458462715
vn -0.4326138496 -0.41433236 -0.8007333875
v -0.06882035732 1.286375523 3.448771715
vn -0.3906441033 -0.4844309688 -0.7827667594
v -0.1000703871 1.322387815 3.17036438
vn -0.7386755347 -0.5724722147 0.3558567464
v -0.06882035732 1.304379821 3.206376553
vn -0.7295652628 -0.56857723 0.3800716698
v -0.08284891397 1.322387815 3.206376553
vn -0.7280312777 -0.5820757747 0.3621577322
v -0.06882035732 1.322387815 3.233336926
vn -0.717772603 -0.5863287449 0.3755277991
v -0.06882035732 1.322387815 3.424293756
vn -0.3473016322 -0.5389336944 -0.7674190998
v -0.09579688311 1.358400106 3.242388964
vn -0.6891524792 -0.6431460977 0.3338143229
v -0.06882035732 1.328057051 3.242388964
vn -0.7017481923 -0.6192219257 0.3522976637
v -0.07885868847 1.358400106 3.278401136
vn -0.6795315146 -0.6599364281 0.3205008209
v -0.06882035732 1.347638726 3.278401136
vn -0.7063696384 -0.624387145 0.3334405422
v -0.06882035732 1.358400106 3.299585104
vn -0.6904297471 -0.6477949023 0.3219758868
v -0.06882035732 1.324626207 3.422450542
vn -0.328875035 -0.6820278168 -0.6532068849
v -0.06882035732 1.358400106 3.386692524
vn -0.3787119389 -0.6331276298 -0.6750752926
v -0.09815316647 1.394412518 3.314413548
vn -0.6817681193 -0.7207911015 0.1251097322
v -0.06882035732 1.365467906 3.314413548
vn -0.6861555576 -0.6895887256 0.2316418737
v -0.09447176754 1.394412518 3.350425959
vn -0.6623710394 -0.7311978936 -0.1631389111
v -0.06882035732 1.371244311 3.350425959
vn -0.6628559828 -0.7416936755 -0.1025298312
v -0.06882035732 1.358621359 3.386438131
vn -0.595475316 -0.7575432658 -0.267464757
v -0.06299835443 0.7461909056 2.990302801
vn -0.5747051239 0.8054062724 0.1450336128
v -0.0557946302 0.7461909056 3.026314974
vn -0.6101157665 0.7876858711 0.08549705893
v -0.05239428207 0.7461909056 3.062327385
vn -0.6507049203 0.7578138709 0.04797196761
v -0.05076391622 0.7461909056 3.098339796
vn -0.674072206 0.7379579544 0.03232109547
v -0.04914370179 0.7461909056 3.134351969
vn -0.670632422 0.740555346 0.04277766868
v -0.04576700181 0.7461909056 3.17036438
vn -0.6404128075 0.7638453245 0.08007358015
v -0.03830720112 0.7461909056 3.206376553
vn -0.598564744 0.7926940322 0.1155702248
v -0.03280804679 0.7461909056 3.22562933
vn -0.5787169933 0.7983747721 0.1663860679
v -0.03280804679 0.7426375151 3.242388964
vn -0.5524708033 0.8324059248 0.04331728816
v -0.03280804679 0.7457747459 3.278401136
vn -0.5343233347 0.8176513314 -0.2143474519
v -0.06438530236 0.7461909056 3.314413548
vn -0.5660766363 0.632517755 -0.5286573172
v -0.03280804679 0.7461909056 3.279090405
vn -0.6016799212 0.6157041788 -0.5088120103
v -0.05385350809 0.7822031975 2.810241222
vn -0.5979655981 0.7305594087 0.3297273815
v -0.04124045372 0.7822031975 2.846253633
vn -0.5935335159 0.7780692577 0.2057333589
v -0.03280804679 0.7822031975 2.86966157
vn -0.5793401599 0.7878648639 0.2088873982
v -0.03280804679 0.7789034247 2.882265806
vn -0.5327495337 0.836822331 0.1261203289
v -0.03280804679 0.7740525007 2.918278217
vn -0.5183837414 0.8513305187 0.08071327209
v -0.03280804679 0.7712941766 2.95429039
vn -0.5405709743 0.8376630545 0.07812574506
v -0.03280804679 0.7677991986 2.990302801
vn -0.5984480977 0.7957374454 0.09306902438
v -0.03280804679 0.7651402354 3.026314974
vn -0.6503426433 0.7582274079 0.04632116109
v -0.03280804679 0.7638044357 3.062327385
vn -0.6520644426 0.7575765252 0.02982893586
v -0.03280804679 0.7627754807 3.098339796
vn -0.6321142316 0.7733393312 0.04876362532
v -0.03280804679 0.7604145408 3.134351969
vn -0.5849198103 0.8053735495 0.09613681585
v -0.03280804679 0.7562088966 3.17036438
vn -0.5396550298 0.8330774903 0.1214673892
v -0.03280804679 0.7501199841 3.206376553
vn -0.5616527796 0.8196154833 0.1130338311
v -0.03280804679 0.7755092382 3.314413548
vn -0.5825362802 0.5975090265 -0.5510303378
v -0.03280804679 0.7822031975 3.31947732
vn -0.566485703 0.41057688 -0.7145072222
v -0.03280804679 0.8182154894 2.773516893
vn -0.3962988853 0.5924058557 0.7014288902
v -0.03280804679 0.8175624013 2.774228811
vn -0.5569576621 0.7382537723 0.3804990947
v -0.03280804679 0.7991974354 2.810241222
vn -0.5809229016 0.7488023639 0.3190981746
v -0.03280804679 0.7885751128 2.846253633
vn -0.5767587423 0.7870484591 0.218870014
v -0.05215030164 0.8182154894 3.350425959
vn -0.6073110104 0.2950347364 -0.7376502156
v -0.03280804679 0.8182154894 3.33437109
vn -0.6037417054 0.2907331288 -0.7422736883
v -0.04087751359 0.8542277813 2.738216639
vn -0.3709186018 0.4101555645 0.8331817389
v -0.03280804679 0.8542277813 2.742438078
vn -0.5426086187 0.4759626985 0.6921238303
v -0.03792337328 0.8542277813 3.350425959
vn -0.6141107678 0.2659150362 -0.7430728078
v -0.03280804679 0.8542277813 3.346163988
vn -0.6006193757 0.2617855072 -0.7554632425
v -0.03280804679 0.8902401328 2.728759289
vn -0.5302591324 0.1634187698 0.8319372535
v -0.03280804679 0.8642385602 2.738216639
vn -0.6436752677 0.2884515822 0.7088567019
v -0.03280804679 0.8646659255 3.350425959
vn -0.6145476103 0.3028287292 -0.7284407616
v -0.06310495734 0.8902401328 3.386438131
vn -0.6112299562 0.297496587 -0.733412385
v -0.03280804679 0.8902401328 3.361046076
vn -0.6265395284 0.2872575223 -0.7245214581
v -0.03280804679 0.9262524247 2.73288846
vn -0.6320682764 -0.1798358858 0.7537564635
v -0.04615275562 0.9262524247 3.386438131
vn -0.6026809812 0.286858201 -0.7446395159
v -0.03280804679 0.9262524247 3.375159502
vn -0.6362326741 0.2898281515 -0.7149878144
v -0.03280804679 0.9362123013 2.738216639
vn -0.6863723397 -0.3772735596 0.6217375994
v -0.04677286744 0.9622647166 2.738216639
vn -0.6956916451 -0.4354531169 0.5713087916
v -0.03280804679 0.9622647166 2.75510478
vn -0.6905543208 -0.4306737185 0.5810807943
v -0.03280804679 0.9528807402 3.386438131
vn -0.6195594668 0.3041037023 -0.7236483693
v -0.03280804679 0.9622647166 3.390283108
vn -0.5759264231 0.2454420626 -0.7797864676
v -0.06850685924 0.9982770681 2.738216639
vn -0.7267045379 -0.5004543066 0.4705804884
v -0.03280804679 0.9822408557 2.774228811
vn -0.6832515001 -0.5330749154 0.4989975095
v -0.04521144927 0.9982770681 2.774228811
vn -0.7100123763 -0.5135124922 0.4818581939
v -0.03280804679 0.9982770681 2.792647839
vn -0.6957555413 -0.5459791422 0.4667237103
v -0.06144298613 0.9982770681 3.422450542
vn -0.5906654 0.222026065 -0.7757698298
v -0.03280804679 0.9982770681 3.400688648
vn -0.5956625342 0.2027983814 -0.7772123218
v -0.05026606843 1.03428936 2.810241222
vn -0.6824391484 -0.5650283098 0.4637022913
v -0.03280804679 1.013035655 2.810241222
vn -0.6889742613 -0.5567668676 0.4640313685
v -0.03280804679 1.03428936 2.834902048
vn -0.6837450266 -0.5505440235 0.4789510071
v -0.05073396116 1.03428936 3.422450542
vn -0.6142038107 0.1773387641 -0.7689633965
v -0.03280804679 1.03428936 3.407892466
vn -0.5904424191 0.1925765276 -0.7837678194
v -0.05324794725 1.070301652 2.846253633
vn -0.6718577743 -0.5660220981 0.4777301252
v -0.03280804679 1.044676781 2.846253633
vn -0.685218513 -0.5438589454 0.4844513237
v -0.03280804679 1.070301652 2.876445055
vn -0.6878834367 -0.5643954277 0.4563706517
v -0.04026701301 1.070301652 3.422450542
vn -0.6064482927 0.1847985834 -0.7733498216
v -0.03280804679 1.070301652 3.416737795
vn -0.5683243275 0.2114886045 -0.7951604128
v -0.06074070185 1.106313944 2.882265806
vn -0.691442728 -0.6164894104 0.3766267896
v -0.03280804679 1.074724913 2.882265806
vn -0.6809571385 -0.6018329859 0.4172462225
v -0.04229110852 1.106313944 2.918278217
vn -0.6963934898 -0.6200670004 0.3613212407
v -0.03280804679 1.09600389 2.918278217
vn -0.6879866123 -0.6226920485 0.3727318943
v -0.03280804679 1.106313944 2.936101913
vn -0.6850752234 -0.6300736666 0.3656215668
v -0.03280804679 1.088311672 3.422450542
vn -0.5881738067 0.2440714985 -0.7710257173
v -0.03280804679 1.106313944 3.428160429
vn -0.5741363764 0.2018201947 -0.7934960723
v -0.05480195209 1.142326236 2.95429039
vn -0.7277230024 -0.5822755694 0.3624560237
v -0.03280804679 1.116860628 2.95429039
vn -0.7015131116 -0.6165813208 0.3573608696
v -0.03757113218 1.142326236 2.990302801
vn -0.744189322 -0.5602149963 0.3637875319
v -0.03280804679 1.136651516 2.990302801
vn -0.7028243542 -0.6199470162 0.3488604426
v -0.03280804679 1.142326236 2.999359608
vn -0.7133674026 -0.5927841067 0.3737832904
v -0.06140780076 1.142326236 3.458462715
vn -0.5901865959 0.2009487152 -0.7818563581
v -0.03280804679 1.142326236 3.436927557
vn -0.5968066454 0.1754980832 -0.782957375
v -0.06405834854 1.178338647 2.990302801
vn -0.7386721373 -0.5724551678 0.3558912575
v -0.03280804679 1.160332441 3.026314974
vn -0.7294109464 -0.5687068701 0.380173862
v -0.04683660343 1.178338647 3.026314974
vn -0.7280217409 -0.582075119 0.362177968
v -0.03280804679 1.178338647 3.053272009
vn -0.7176759243 -0.5864015222 0.3755989075
v -0.05176098645 1.178338647 3.458462715
vn -0.6126233935 0.129349649 -0.7797186971
v -0.03280804679 1.178338647 3.443121195
vn -0.618054688 0.103415668 -0.7793033123
v -0.05977523327 1.214350939 3.062327385
vn -0.6895947456 -0.641472578 0.3361130953
v -0.03280804679 1.184010863 3.062327385
vn -0.701564908 -0.6189443469 0.3531495035
v -0.04271395504 1.214350939 3.098339796
vn -0.6786029339 -0.6544585824 0.3334397078
v -0.03280804679 1.203715682 3.098339796
vn -0.7045274377 -0.6197405457 0.3457784653
v -0.03280804679 1.214350939 3.117209911
vn -0.68582201 -0.6360108852 0.353749007
v -0.0471990183 1.214350939 3.458462715
vn -0.6008955836 0.009984880686 -0.7992651463
v -0.03280804679 1.214350939 3.44752717
vn -0.6213490963 -0.0341222696 -0.782790482
v -0.05892790854 1.250363231 3.134351969
vn -0.6872950196 -0.6449818015 0.334101826
v -0.03280804679 1.223576307 3.134351969
vn -0.674295783 -0.656391561 0.3383419812
v -0.04193365574 1.250363231 3.17036438
vn -0.6976692677 -0.6306077838 0.3399873972
v -0.03280804679 1.240858555 3.17036438
vn -0.6913849115 -0.6474283338 0.320660919
v -0.03280804679 1.250363231 3.187951088
vn -0.6979941726 -0.6235782504 0.3520714641
v -0.05422607437 1.250363231 3.458462715
vn -0.5480093956 -0.1734979153 -0.8182812333
v -0.03280804679 1.250363231 3.444281816
vn -0.5730267167 -0.2787205577 -0.7706848979
v -0.05480606109 1.286375523 3.206376553
vn -0.7292041183 -0.5813450813 0.3609699607
v -0.03280804679 1.260780215 3.206376553
vn -0.7047678828 -0.6154480577 0.3528823256
v -0.03766538575 1.286375523 3.242388964
vn -0.7460869551 -0.5588676333 0.3619684875
v -0.03280804679 1.280494213 3.242388964
vn -0.723012805 -0.60484761 0.3337841034
v -0.03280804679 1.286375523 3.251748323
vn -0.7363424301 -0.5670461655 0.3691320121
v -0.03280804679 1.286375523 3.427242994
vn -0.4760424495 -0.446544081 -0.7576159835
v -0.06406192482 1.322387815 3.242388964
vn -0.7397860885 -0.5719696879 0.3543546498
v -0.03280804679 1.304083586 3.278401136
vn -0.7395210266 -0.5668169856 0.3630801439
v -0.04696024954 1.322387815 3.278401136
vn -0.7318581939 -0.5837625861 0.3515748084
v -0.03280804679 1.322387815 3.30837369
vn -0.7304019332 -0.5901893377 0.3437870145
v -0.06595825404 1.322387815 3.422450542
vn -0.5346630812 -0.6042976975 -0.5907281041
v -0.03280804679 1.292687178 3.422450542
vn -0.5676994324 -0.583871007 -0.5803550482
v -0.03280804679 1.322387815 3.391201258
vn -0.5537888408 -0.6098442078 -0.5669285655
v -0.0618932955 1.358400106 3.314413548
vn -0.7190847993 -0.6735708117 0.1709367186
v -0.03280804679 1.325784564 3.314413548
vn -0.7231770754 -0.6418039203 0.2551522851
v -0.05578858033 1.358400106 3.350425959
vn -0.6967979074 -0.7101098299 -0.1010774672
v -0.03280804679 1.334545851 3.350425959
vn -0.734654665 -0.6770040989 0.04413540661
v -0.06857719272 1.358400106 3.386438131
vn -0.6027389765 -0.6734514236 -0.4279823601
v -0.03280804679 1.326006651 3.386438131
vn -0.6840915084 -0.6967940927 -0.2156311423
v -0.02819000557 0.7461909056 3.242388964
vn -0.6660199165 0.7438251972 -0.05604977533
v -0.03233904392 0.7461909056 3.278401136
vn -0.696797967 0.6504289508 -0.3023488224
v -0.02813752741 0.7822031975 2.882265806
vn -0.5834418535 0.7957988381 0.1621720791
v -0.02146104164 0.7822031975 2.918278217
vn -0.6014906764 0.7948056459 0.08057893813
v -0.01868797839 0.7822031975 2.95429039
vn -0.6237313151 0.7804154754 0.04371447489
v -0.01605116576 0.7822031975 2.990302801
vn -0.6487082839 0.759588182 0.04693994299
v -0.01355314348 0.7822031975 3.026314974
vn -0.6571958661 0.7520763874 0.04974673688
v -0.01091827452 0.7822031975 3.062327385
vn -0.6396869421 0.767162025 0.04757105559
v -0.008197396994 0.7822031975 3.098339796
vn -0.6149865985 0.786133945 0.06152164191
v -0.002102582715 0.7822031975 3.134351969
vn -0.5872137547 0.8032352328 0.09996582568
v 0.003204265144 0.7822031975 3.151520967
vn -0.5683620572 0.8041256666 0.1742025465
v 0.003204265144 0.7781430483 3.17036438
vn -0.5423547626 0.8305845261 0.1264146417
v 0.003204265144 0.7726228237 3.206376553
vn -0.557772994 0.82584548 0.08287685364
v 0.003204265144 0.7716711164 3.242388964
vn -0.6163972616 0.7861143947 -0.04559118673
v 0.003204265144 0.7822031975 3.271803379
vn -0.7038401365 0.6603777409 -0.2617447376
v 0.00062681298 0.7822031975 3.278401136
vn -0.7006769776 0.6026604772 -0.3819058836
v -0.02757676132 0.7822031975 3.314413548
vn -0.687800169 0.4816716015 -0.5430684686
v -0.03209560737 0.8182154894 2.774228811
vn -0.6428639889 0.5682087541 0.5136776567
v -0.01041245461 0.8182154894 2.810241222
vn -0.6490194798 0.657476604 0.3827509284
v 0.003204265144 0.8182154894 2.838069439
vn -0.6713122129 0.669804275 0.3173359334
v 0.003204265144 0.8147575855 2.846253633
vn -0.5949029922 0.7721773386 0.2232321799
v 0.003204265144 0.8052632809 2.882265806
vn -0.6141164303 0.7760450244 0.143579796
v 0.003204265144 0.8017525077 2.918278217
vn -0.6506925225 0.7579022646 0.04672701284
v 0.003204265144 0.8006173372 2.95429039
vn -0.6541762352 0.7554900646 0.03589234501
v 0.003204265144 0.7992708087 2.990302801
vn -0.6344863176 0.7706761956 0.05903673917
v 0.003204265144 0.7966080308 3.026314974
vn -0.5842131972 0.8064760566 0.09105652571
v 0.003204265144 0.7931130528 3.062327385
vn -0.5292473435 0.8447911739 0.07889955491
v 0.003204265144 0.790379405 3.098339796
vn -0.508654356 0.8571503162 0.08101888746
v 0.003204265144 0.7858771682 3.134351969
vn -0.5341255069 0.8368454576 0.1199982837
v 0.003204265144 0.7859447598 3.278401136
vn -0.7182807922 0.5205428004 -0.4616360962
v 0.003204265144 0.8182154894 3.301391602
vn -0.6721076965 0.3861402273 -0.6317965984
v -0.009750567377 0.8182154894 3.314413548
vn -0.670558095 0.3496046066 -0.6543152332
v -0.0003309528111 0.8542277813 2.774228811
vn -0.6529114842 0.5397639275 0.5313770175
v 0.003204265144 0.8542277813 2.779292107
vn -0.7062726021 0.5480388999 0.4481433034
v 0.003204265144 0.8320837617 2.810241222
vn -0.6958989501 0.6178681254 0.3660103977
v 0.003204265144 0.8448677063 3.314413548
vn -0.6550246477 0.336248517 -0.6766680479
v 0.003204265144 0.8542277813 3.318437338
vn -0.6048825979 0.2528305054 -0.7551117539
v -0.02209544554 0.8902401328 2.738216639
vn -0.7197951674 -0.0160743203 0.6940003633
v 0.003204265144 0.8902401328 2.764566183
vn -0.7187005877 0.1180903614 0.6852182746
v 0.003204265144 0.8638461828 2.774228811
vn -0.7542329431 0.2527608275 0.6060071588
v -0.02077445015 0.8902401328 3.350425959
vn -0.6260339618 0.2790545821 -0.7281551957
v 0.003204265144 0.8902401328 3.330058575
vn -0.6261245608 0.2524414957 -0.7377271056
v -0.02735228837 0.9262524247 2.738216639
vn -0.7323562503 -0.1706561297 0.6591894627
v 0.003204265144 0.9262524247 2.772897959
vn -0.7330425978 -0.1716195345 0.6581757069
v -0.00568284886 0.9262524247 3.350425959
vn -0.6400470138 0.2819347382 -0.7147395611
v 0.003204265144 0.9262524247 3.342128992
vn -0.6440134645 0.2698095441 -0.7158557177
v -0.01714029349 0.9622647166 2.774228811
vn -0.7116225362 -0.4738547802 0.5187051296
v 0.003204265144 0.9281585217 2.774228811
vn -0.7147749066 -0.4180166125 0.5606772304
v 0.003204265144 0.9622647166 2.804510832
vn -0.726793766 -0.4868128002 0.4845452607
v 0.003204265144 0.9442786574 3.350425959
vn -0.6339404583 0.3163437545 -0.7057238221
v -0.02820511721 0.9622647166 3.386438131
vn -0.6370124817 0.2667962313 -0.7232114673
v 0.003204265144 0.9622647166 3.358696461
vn -0.6361392736 0.2569717467 -0.727524817
v -0.0210610088 0.9982770681 2.810241222
vn -0.72258389 -0.5400915742 0.4314783812
v 0.003204265144 0.9671012163 2.810241222
vn -0.7097067237 -0.551274538 0.4386487603
v -0.00111261534 0.9982770681 2.846253633
vn -0.7453097701 -0.5105441213 0.4287867546
v 0.003204265144 0.9926319718 2.846253633
vn -0.7308235765 -0.5434324145 0.4130109847
v 0.003204265144 0.9982770681 2.853135824
vn -0.7208825946 -0.5232890844 0.4544191658
v -0.01557914913 0.9982770681 3.386438131
vn -0.6327533722 0.2169786692 -0.7433326244
v 0.003204265144 0.9982770681 3.370499372
vn -0.6115558147 0.2378643155 -0.7545992732
v -0.02529796585 1.03428936 2.846253633
vn -0.7408823967 -0.5123643279 0.4342535138
v 0.003204265144 1.023500919 2.882265806
vn -0.7115322351 -0.5199509263 0.4726234078
v -0.00442695478 1.03428936 2.882265806
vn -0.7370980382 -0.5184930563 0.4334183633
v 0.003204265144 1.03428936 2.893915653
vn -0.6974732876 -0.5343356729 0.4775105715
v -0.00445278408 1.03428936 3.386438131
vn -0.6086629629 0.1951281726 -0.7690607309
v 0.003204265144 1.03428936 3.380507469
vn -0.5847243071 0.224405691 -0.77957654
v -0.02910630032 1.070301652 2.882265806
vn -0.7318962216 -0.5461688638 0.4074647129
v 0.003204265144 1.054635763 2.918278217
vn -0.6886700988 -0.5754563808 0.4411160946
v -0.009678565897 1.070301652 2.918278217
vn -0.7115743756 -0.5732795 0.4062173367
v 0.003204265144 1.070301652 2.94041419
vn -0.6850238442 -0.6041958332 0.4070500135
v 0.003204265144 1.052718043 3.386438131
vn -0.5882899761 0.2451230735 -0.7706034184
v 0.003204265144 1.070301652 3.39205265
vn -0.5774813294 0.2007854283 -0.791328311
v -0.02302438393 1.106313944 2.95429039
vn -0.6877182126 -0.6418450475 0.3392323256
v 0.003204265144 1.078993917 2.95429039
vn -0.6776294112 -0.6437036395 0.3556178212
v -0.005853465758 1.106313944 2.990302801
vn -0.6956297755 -0.6315078735 0.3424865305
v 0.003204265144 1.096982598 2.990302801
vn -0.6749242544 -0.6554996371 0.3388178349
v 0.003204265144 1.106313944 3.007563829
vn -0.6827539206 -0.6379657984 0.3561554551
v -0.02535345778 1.106313944 3.422450542
vn -0.5931477547 0.2081002146 -0.777733922
v 0.003204265144 1.106313944 3.400695324
vn -0.6073994637 0.1784319729 -0.7740981579
v -0.01877974346 1.142326236 3.026314974
vn -0.7277450562 -0.5828425288 0.3614992201
v 0.003204265144 1.11693728 3.026314974
vn -0.7009554505 -0.6188950539 0.3544437587
v -0.001559927128 1.142326236 3.062327385
vn -0.7443642616 -0.5603091717 0.36328426
v 0.003204265144 1.136650324 3.062327385
vn -0.7036554217 -0.6199947596 0.3470958769
v 0.003204265144 1.142326236 3.071403027
vn -0.7146427631 -0.5917152762 0.3730398417
v -0.01502937172 1.142326236 3.422450542
vn -0.6173432469 0.1612739861 -0.7699857354
v 0.003204265144 1.142326236 3.407350302
vn -0.6339964271 0.1507659256 -0.7584972978
v -0.02804603428 1.178338647 3.062327385
vn -0.7389030457 -0.5724142194 0.3554774523
v 0.003204265144 1.160274506 3.098339796
vn -0.7312601209 -0.5698418021 0.3748852313
v -0.01086221915 1.178338647 3.098339796
vn -0.7292157412 -0.5828175545 0.3585640192
v 0.003204265144 1.178338647 3.12631464
vn -0.721894443 -0.588206768 0.3645287156
v -0.006437046453 1.178338647 3.422450542
vn -0.6207014918 0.1242841259 -0.7741338015
v 0.003204265144 1.178338647 3.41459775
vn -0.6638765931 0.05795703083 -0.7455929518
v -0.02394178696 1.214350939 3.134351969
vn -0.7050653696 -0.6330983043 0.3194830418
v 0.003204265144 1.183251739 3.134351969
vn -0.710747838 -0.6176842451 0.3366060555
v -0.008210584521 1.214350939 3.17036438
vn -0.704334259 -0.6375706792 0.3121168315
v 0.003204265144 1.201075196 3.17036438
vn -0.7308863997 -0.6096225977 0.3068638146
v 0.003204265144 1.214350939 3.195610762
vn -0.7184693813 -0.617982626 0.319216609
v -0.001623955439 1.214350939 3.422450542
vn -0.6303217411 0.01285269577 -0.776227653
v 0.003204265144 1.214350939 3.417924166
vn -0.7449862361 -0.1341644675 -0.6534488797
v -0.02340519615 1.250363231 3.206376553
vn -0.7164058089 -0.6181544065 0.3234931827
v 0.003204265144 1.220002413 3.206376553
vn -0.7098437548 -0.6248024702 0.3251826167
v -0.00776766846 1.250363231 3.242388964
vn -0.7275264263 -0.6066900492 0.3203629851
v 0.003204265144 1.237309217 3.242388964
vn -0.7341231704 -0.608097136 0.3021275401
v 0.003204265144 1.250363231 3.266805172
vn -0.7341436148 -0.5963048339 0.3247363567
v -0.009269214235 1.250363231 3.422450542
vn -0.7003805637 -0.2552455962 -0.6665709019
v 0.003204265144 1.250363231 3.406872511
vn -0.7677994967 -0.3016767502 -0.5652212501
v -0.01942128688 1.286375523 3.278401136
vn -0.7584456205 -0.561919868 0.3301609755
v 0.003204265144 1.256893277 3.278401136
vn -0.7448786497 -0.5795192122 0.3306255341
v -0.004890213721 1.286375523 3.314413548
vn -0.7941081524 -0.5602839589 0.2355294079
v 0.003204265144 1.275029659 3.314413548
vn -0.7837318182 -0.564931035 0.2581034303
v 0.003204265144 1.286375523 3.34742856
vn -0.8051716089 -0.5607235432 0.1931005418
v -0.002070960589 1.286375523 3.386438131
vn -0.7708585858 -0.5155908465 -0.3740897477
v 0.003204265144 1.277113676 3.386438131
vn -0.8435744643 -0.4474719465 -0.2969022691
v 0.003204265144 1.286375523 3.355119944
vn -0.8158261776 -0.5619724393 -0.1364355683
v -0.02768885344 1.286375523 3.422450542
vn -0.7012633681 -0.431499064 -0.5674841404
v -0.02995967492 1.322387815 3.314413548
vn -0.7832040191 -0.5730282068 0.2413092852
v 0.003204265144 1.287419915 3.350425959
vn -0.8013182878 -0.5766273141 0.1593421996
v -0.02197594196 1.322387815 3.350425959
vn -0.7990071177 -0.6012017727 0.01200268138
v -0.0293629244 1.322387815 3.386438131
vn -0.7395427823 -0.5702576637 -0.3576067686
v 0.008961151354 0.7822031975 3.17036438
vn -0.5775879025 0.804546237 0.1381939799
v 0.01531616785 0.7822031975 3.206376553
vn -0.6247630715 0.7796113491 0.04332795739
v 0.01401907578 0.7822031975 3.242388964
vn -0.7041318417 0.6963915825 -0.1386978924
v 0.007143110037 0.8182154894 2.846253633
vn -0.7162187099 0.6581358314 0.2321379483
v 0.01752900891 0.8182154894 2.882265806
vn -0.7048828006 0.6893770695 0.1670314372
v 0.02080351487 0.8182154894 2.918278217
vn -0.6964953542 0.7151178122 0.05916713178
v 0.0226201918 0.8182154894 2.95429039
vn -0.6782513857 0.7332645059 0.04793919623
v 0.02610129863 0.8182154894 2.990302801
vn -0.6419802904 0.76232934 0.08194679022
v 0.03336848691 0.8182154894 3.026314974
vn -0.5973446369 0.7935563922 0.1159642041
v 0.03921659291 0.8182154894 3.045298815
vn -0.5709735155 0.8021658063 0.1746976972
v 0.03921659291 0.8145449758 3.062327385
vn -0.5319948792 0.839499712 0.1105516478
v 0.03921659291 0.8100409508 3.098339796
vn -0.5176791549 0.852127254 0.0767295137
v 0.03921659291 0.8073207736 3.134351969
vn -0.5418448448 0.8370842934 0.07545897365
v 0.03921659291 0.8040031195 3.17036438
vn -0.6082990766 0.7901064754 0.07552450895
v 0.03921659291 0.8029819727 3.206376553
vn -0.6968758702 0.7142707109 -0.06466317922
v 0.03921659291 0.810547173 3.242388964
vn -0.742624402 0.6044138074 -0.2884318829
v 0.02410190552 0.8182154894 3.278401136
vn -0.7105537057 0.4341227114 -0.5537607074
v 0.03921659291 0.8182154894 3.253573179
vn -0.744225204 0.487729013 -0.4563434124
v 0.02145991474 0.8542277813 2.810241222
vn -0.8119515777 0.3677215278 0.453338176
v 0.03921659291 0.8542277813 2.845824003
vn -0.775280118 0.5089150667 0.3740938008
v 0.03921659291 0.8539481163 2.846253633
vn -0.7202377915 0.6519982219 0.2369723618
v 0.03921659291 0.840901494 2.882265806
vn -0.7226043344 0.6776955724 0.1362780631
v 0.03921659291 0.8365451694 2.918278217
vn -0.693193078 0.7161707878 0.08113429695
v 0.03921659291 0.8331867456 2.95429039
vn -0.6265645623 0.7705218196 0.1171024665
v 0.03921659291 0.8284766674 2.990302801
vn -0.5569190979 0.8191226721 0.1374016106
v 0.03921659291 0.8223423958 3.026314974
vn -0.5419840217 0.8281500936 0.1429011971
v 0.03921659291 0.8434977531 3.278401136
vn -0.683650732 0.409073025 -0.6043847203
v 0.007896489464 0.8542277813 3.314413548
vn -0.6529398561 0.2913192511 -0.6991442442
v 0.03921659291 0.8542277813 3.285163641
vn -0.6466568112 0.2844965756 -0.7077405453
v 0.01117811631 0.8902401328 2.774228811
vn -0.8448867798 0.03306532651 0.5339223146
v 0.0331492424 0.8902401328 2.810241222
vn -0.8631799817 0.01262741536 0.5047384501
v 0.03921659291 0.8902401328 2.821269035
vn -0.8795844316 0.1450489759 0.4530915916
v 0.02118597925 0.8902401328 3.314413548
vn -0.6448808908 0.2434658855 -0.7244673967
v 0.03921659291 0.8902401328 3.298611164
vn -0.6222849488 0.265334636 -0.7364502549
v 0.004282386508 0.9262524247 2.774228811
vn -0.8093500137 -0.3086084425 0.4997133017
v 0.02631038614 0.9262524247 2.810241222
vn -0.8238203526 -0.3104342818 0.4742895961
v 0.03921659291 0.9262524247 2.834132433
vn -0.8639432788 -0.204344824 0.4602664709
v 0.03434686735 0.9262524247 3.314413548
vn -0.6390732527 0.2608518898 -0.7235617638
v 0.03921659291 0.9262524247 3.310261965
vn -0.6028234363 0.2603119314 -0.7542158961
v 0.006854897365 0.9622647166 2.810241222
vn -0.7736471891 -0.4667229056 0.4285320342
v 0.03921659291 0.9384015799 2.846253633
vn -0.7825101614 -0.441721648 0.438816458
v 0.02543007582 0.9622647166 2.846253633
vn -0.7688931823 -0.4832193851 0.4186912179
v 0.03921659291 0.9622647166 2.869499683
vn -0.7522659898 -0.4838972986 0.4471457303
v 0.03921659291 0.9363718033 3.314413548
vn -0.6397474408 0.3038557768 -0.7059708834
v 0.0120504545 0.9622647166 3.350425959
vn -0.647793889 0.2906277776 -0.7042006254
v 0.03921659291 0.9622647166 3.325350523
vn -0.6485359073 0.2799616754 -0.707829535
v 0.02172972634 0.9982770681 2.882265806
vn -0.7145467997 -0.515552938 0.4728932679
v 0.03921659291 0.9735885262 2.882265806
vn -0.7244089842 -0.5097740293 0.4640711546
v 0.03921659291 0.9982770681 2.907550812
vn -0.7137743235 -0.504827559 0.4854640961
v 0.02700082771 0.9982770681 3.350425959
vn -0.6381828189 0.2704482675 -0.7208192348
v 0.03921659291 0.9982770681 3.339458227
vn -0.6480055451 0.2836390734 -0.7068505883
v 0.02006114088 1.03428936 2.918278217
vn -0.6992623806 -0.5453034639 0.4622513056
v 0.03921659291 1.008455873 2.918278217
vn -0.7105112076 -0.5211398005 0.4728500545
v 0.03921659291 1.03428936 2.94839263
vn -0.7097993493 -0.5456995368 0.4454176426
v 0.03921659291 1.024754643 3.350425959
vn -0.6376727819 0.292670995 -0.7125427127
v 0.03921659291 1.03428936 3.354229927
vn -0.5970759988 0.2182949781 -0.7719116211
v 0.01157567743 1.070301652 2.95429039
vn -0.6878324747 -0.633836627 0.3537480235
v 0.03921659291 1.03870213 2.95429039
vn -0.6948468685 -0.6024232507 0.3927773833
v 0.02926202491 1.070301652 2.990302801
vn -0.6772319674 -0.6520747542 0.3408157825
v 0.03921659291 1.059580922 2.990302801
vn -0.7041460872 -0.6150281429 0.3548502028
v 0.03921659291 1.070301652 3.009215355
vn -0.6863312125 -0.6349228621 0.354714632
v 0.01041815989 1.070301652 3.386438131
vn -0.6048416495 0.2026495486 -0.7701296806
v 0.03921659291 1.070301652 3.363780737
vn -0.6319334507 0.165931344 -0.7570514679
v 0.01309644245 1.106313944 3.026314974
vn -0.6872951388 -0.6449628472 0.3341381848
v 0.03921659291 1.079525113 3.026314974
vn -0.6743071079 -0.6562304497 0.3386318088
v 0.03009040467 1.106313944 3.062327385
vn -0.6976853013 -0.6306279898 0.3399170637
v 0.03921659291 1.096808672 3.062327385
vn -0.6914512515 -0.647375524 0.3206245601
v 0.03921659291 1.106313944 3.079926968
vn -0.6980063915 -0.6237359047 0.351767838
v 0.01979105733 1.106313944 3.386438131
vn -0.6416547894 0.1473491341 -0.7527067065
v 0.03921659291 1.106313944 3.36878252
vn -0.6978315115 0.1125585809 -0.7073625326
v 0.01717707515 1.142326236 3.098339796
vn -0.7312374115 -0.5839937329 0.3524814546
v 0.03921659291 1.116702676 3.098339796
vn -0.7057477236 -0.6167443395 0.3486354053
v 0.03372979164 1.142326236 3.134351969
vn -0.7540659308 -0.5713843703 0.3238896728
v 0.03921659291 1.135749221 3.134351969
vn -0.7204158306 -0.6138259172 0.3228293955
v 0.03921659291 1.142326236 3.146508932
vn -0.7253193855 -0.6047639251 0.3288956881
v 0.02781683952 1.142326236 3.386438131
vn -0.6559200883 0.1506990045 -0.7396341562
v 0.03921659291 1.142326236 3.375402212
vn -0.7555314302 0.1065246612 -0.6463936567
v 0.007243121974 1.178338647 3.134351969
vn -0.7565788627 -0.5709884167 0.3186858296
v 0.03921659291 1.155313015 3.17036438
vn -0.7424476147 -0.5957838297 0.306289345
v 0.02115217783 1.178338647 3.17036438
vn -0.7572364211 -0.5815105438 0.2973861694
v 0.03444936872 1.178338647 3.206376553
vn -0.7629887462 -0.5768667459 0.2916727364
v 0.03921659291 1.172501922 3.206376553
vn -0.7389832139 -0.6054217815 0.2955812514
v 0.03921659291 1.178338647 3.217538357
vn -0.734934628 -0.59973526 0.3165260255
v 0.03712352738 1.178338647 3.386438131
vn -0.6508124471 0.08195117116 -0.7548027635
v 0.03921659291 1.178338647 3.383995533
vn -0.8516225815 -0.09694046527 -0.5151131153
v 0.007880814373 1.214350939 3.206376553
vn -0.7626760006 -0.5789461136 0.2883517444
v 0.03921659291 1.191314697 3.242388964
vn -0.7464830875 -0.5962532759 0.2953726947
v 0.02119477093 1.214350939 3.242388964
vn -0.7612018585 -0.5799737573 0.290176183
v 0.03419383615 1.214350939 3.278401136
vn -0.7777556181 -0.5681263804 0.2689398825
v 0.03921659291 1.208025455 3.278401136
vn -0.7539404035 -0.5982308388 0.2714658678
v 0.03921659291 1.214350939 3.292604446
vn -0.7574925423 -0.5960447192 0.2663376927
v 0.03259040415 1.214350939 3.386438131
vn -0.7886539698 -0.2099142969 -0.5778934956
v 0.03921659291 1.214350939 3.37216711
vn -0.8617200255 -0.3460968435 -0.3710196316
v 0.008230056614 1.250363231 3.278401136
vn -0.7780014873 -0.5639583468 0.2768839896
v 0.03921659291 1.224197626 3.314413548
vn -0.7922736406 -0.5875031948 0.1647497118
v 0.02018504031 1.250363231 3.314413548
vn -0.8131211996 -0.5522328615 0.1840456277
v 0.02489788085 1.250363231 3.350425959
vn -0.8642510176 -0.4911458492 -0.1088387817
v 0.03921659291 1.227779865 3.350425959
vn -0.825055778 -0.5645928383 -0.02275663428
v 0.01706469432 1.250363231 3.386438131
vn -0.843493104 -0.3866798878 -0.3728244007
v 0.003935393412 1.286375523 3.350425959
vn -0.8679977059 -0.4933747947 -0.0562254861
v 0.04451543465 0.8182154894 3.062327385
vn -0.5736590028 0.8075633049 0.1369555891
v 0.05060588568 0.8182154894 3.098339796
vn -0.5982506871 0.7982849479 0.06955000013
v 0.05325172842 0.8182154894 3.134351969
vn -0.6270403862 0.7780591846 0.03800299019
v 0.05535798147 0.8182154894 3.17036438
vn -0.6627964377 0.7485793829 0.01816008613
v 0.05468951911 0.8182154894 3.206376553
vn -0.7216694355 0.6820942163 -0.1180706993
v 0.04600597173 0.8182154894 3.242388964
vn -0.7378334999 0.5849564075 -0.3367902637
v 0.03943307698 0.8542277813 2.846253633
vn -0.8768607974 0.3351774812 0.3446319103
v 0.05051602796 0.8542277813 2.882265806
vn -0.8592107296 0.4710954428 0.1995644867
v 0.05615201592 0.8542277813 2.918278217
vn -0.8092885017 0.5602744818 0.1764783561
v 0.06354119629 0.8542277813 2.95429039
vn -0.7146453261 0.6750203371 0.1833836883
v 0.07522888482 0.8542277813 2.985334396
vn -0.6587482691 0.709967196 0.2489925623
v 0.07522888482 0.8525958061 2.990302801
vn -0.568544805 0.8081589937 0.153739512
v 0.07522888482 0.8447190523 3.026314974
vn -0.5647137761 0.8142593503 0.1344621778
v 0.07522888482 0.8401183486 3.062327385
vn -0.6033651829 0.791816771 0.09474518895
v 0.07522888482 0.8377367854 3.098339796
vn -0.6570546031 0.7531864643 0.03145477921
v 0.07522888482 0.8370065093 3.134351969
vn -0.680005908 0.7331354022 0.01022027247
v 0.07522888482 0.8369885087 3.17036438
vn -0.7090501189 0.7042847276 -0.03508383036
v 0.07522888482 0.8401500583 3.206376553
vn -0.7218896151 0.6688070297 -0.177686736
v 0.07522888482 0.8542277813 3.238273621
vn -0.7235111594 0.6253724694 -0.2923027575
v 0.07344274223 0.8542277813 3.242388964
vn -0.7406056523 0.5248740315 -0.4195360541
v 0.04593867436 0.8542277813 3.278401136
vn -0.7192210555 0.4315429628 -0.5445105433
v 0.05198871344 0.8902401328 2.846253633
vn -0.9091077447 0.02724375017 0.4156692028
v 0.0662368238 0.8902401328 2.882265806
vn -0.9181809425 0.2326559871 0.3206477463
v 0.07522888482 0.8902401328 2.906693697
vn -0.8935692906 0.2962781787 0.3372730613
v 0.07522888482 0.8830636144 2.918278217
vn -0.7796863914 0.5729477406 0.2526262701
v 0.07522888482 0.8668060899 2.95429039
vn -0.7369051576 0.6204783916 0.2682859004
v 0.07522888482 0.8569824696 3.242388964
vn -0.7252821922 0.5013948083 -0.4717722237
v 0.07522888482 0.8902401328 3.265449286
vn -0.6743865609 0.380489856 -0.6327955723
v 0.06238091737 0.8902401328 3.278401136
vn -0.6791108847 0.3323180676 -0.6545021534
v 0.04575486854 0.9262524247 2.846253633
vn -0.8519644141 -0.2988713682 0.4299215376
v 0.06296285987 0.9262524247 2.882265806
vn -0.8682411313 -0.2511170805 0.4278990626
v 0.07522888482 0.9262524247 2.905457497
vn -0.9014673233 -0.07737255096 0.4258758128
v 0.07522888482 0.9168745875 3.278401136
vn -0.6570205092 0.3343244493 -0.6756857634
v 0.07522888482 0.9262524247 3.282425642
vn -0.6067624688 0.2512552142 -0.7541287541
v 0.04664891213 0.9622647166 2.882265806
vn -0.7952664495 -0.4171123803 0.439964205
v 0.07522888482 0.9429485798 2.918278217
vn -0.8153496981 -0.3494058847 0.4616496265
v 0.06677310169 0.9622647166 2.918278217
vn -0.7877124548 -0.4174745083 0.4530167282
v 0.07522888482 0.9622647166 2.931494236
vn -0.7679584026 -0.3992756009 0.5008182526
v 0.05136832967 0.9622647166 3.314413548
vn -0.6296575069 0.2787576318 -0.7251383662
v 0.07522888482 0.9622647166 3.294035912
vn -0.630477488 0.2489606738 -0.7351984382
v 0.04628127068 0.9982770681 2.918278217
vn -0.7625883818 -0.4721675515 0.4421727955
v 0.07522888482 0.9852768779 2.95429039
vn -0.7411378026 -0.4807457328 0.4686131477
v 0.06682036817 0.9982770681 2.95429039
vn -0.7568541169 -0.494936347 0.4268604815
v 0.07522888482 0.9982770681 2.96880126
vn -0.7464751601 -0.5054696798 0.4327531457
v 0.06628350168 0.9982770681 3.314413548
vn -0.6465488076 0.2760981321 -0.7111570835
v 0.07522888482 0.9982770681 3.305980206
vn -0.6551630497 0.2602284253 -0.7092549205
v 0.04286115989 1.03428936 2.95429039
vn -0.7448832393 -0.5370824933 0.3958425522
v 0.07522888482 1.015296578 2.990302801
vn -0.7358170152 -0.5452035069 0.4016546607
v 0.06097502261 1.03428936 2.990302801
vn -0.7340376973 -0.5629408956 0.3798502386
v 0.07522888482 1.03428936 3.018561363
vn -0.7293999195 -0.5773286223 0.3669706285
v 0.07522888482 1.017804146 3.314413548
vn -0.6585223079 0.2856321931 -0.6962489486
v 0.04367335513 1.03428936 3.350425959
vn -0.6530670524 0.2379593998 -0.718942821
v 0.07522888482 1.03428936 3.321613073
vn -0.6801893711 0.193018347 -0.7071678042
v 0.04807869717 1.070301652 3.026314974
vn -0.7058451176 -0.6320707798 0.3197954595
v 0.07522888482 1.039070487 3.026314974
vn -0.7120089531 -0.6158999205 0.3372099698
v 0.06380470097 1.070301652 3.062327385
vn -0.7049210668 -0.6368252635 0.3123137057
v 0.07522888482 1.056945562 3.062327385
vn -0.7341838479 -0.6060131788 0.3061406314
v 0.07522888482 1.070301652 3.087595463
vn -0.7206359506 -0.6154834032 0.3191613555
v 0.05393668264 1.070301652 3.350425959
vn -0.6764245033 0.1431275755 -0.7224709988
v 0.07522888482 1.070301652 3.32951355
vn -0.7294964194 0.0655515492 -0.6808362007
v 0.04860789329 1.106313944 3.098339796
vn -0.7151986957 -0.6209805012 0.3207398057
v 0.07522888482 1.07594347 3.098339796
vn -0.7099730968 -0.6249018312 0.324708879
v 0.06414896995 1.106313944 3.134351969
vn -0.7242808342 -0.6128533483 0.3159556985
v 0.07522888482 1.09318924 3.134351969
vn -0.7339850068 -0.6091629863 0.3003106117
v 0.07522888482 1.106313944 3.159364462
vn -0.731629312 -0.6030756235 0.317833811
v 0.05764889345 1.106313944 3.350425959
vn -0.7167711854 0.06837524474 -0.6939480305
v 0.07522888482 1.106313944 3.33012104
vn -0.8025254607 -0.01088088378 -0.5965186357
v 0.05006435513 1.142326236 3.17036438
vn -0.7330944538 -0.6102060676 0.3003681898
v 0.07522888482 1.112118363 3.17036438
vn -0.7300126553 -0.6086111069 0.310924381
v 0.06428138912 1.142326236 3.206376553
vn -0.7349604964 -0.6101155281 0.2959597409
v 0.07522888482 1.129120588 3.206376553
vn -0.7459815741 -0.6009564996 0.286989212
v 0.07522888482 1.142326236 3.232855797
vn -0.7420623899 -0.5991312861 0.3006412089
v 0.0616132915 1.142326236 3.350425959
vn -0.8293079734 -0.003726883326 -0.5587794185
v 0.07522888482 1.142326236 3.327061176
vn -0.8562092185 -0.174957633 -0.4861024618
v 0.04998328909 1.178338647 3.242388964
vn -0.7543184757 -0.5974366069 0.2721638978
v 0.07522888482 1.147178888 3.242388964
vn -0.7464493513 -0.6053994894 0.2762332559
v 0.06261529028 1.178338647 3.278401136
vn -0.8077865243 -0.5515853763 0.2079290301
v 0.07522888482 1.160303712 3.278401136
vn -0.8032172918 -0.572855711 0.1633349359
v 0.0693821758 1.178338647 3.314413548
vn -0.9252338409 -0.3659099638 -0.1002608091
v 0.07522888482 1.16220367 3.314413548
vn -0.8986989856 -0.4350562692 -0.05537315458
v 0.06196110323 1.178338647 3.350425959
vn -0.8875141144 -0.110585615 -0.4473136663
v 0.04687998071 1.214350939 3.314413548
vn -0.8205734491 -0.5570423603 0.1279181093
v 0.04826226085 1.214350939 3.350425959
vn -0.8859903812 -0.3954602182 -0.2421410978
v 0.0772087574 0.8542277813 2.990302801
vn -0.7280567884 0.6379455924 0.2509158552
v 0.08683333546 0.8542277813 3.026314974
vn -0.7071717381 0.6881448627 0.1623724848
v 0.09105572104 0.8542277813 3.062327385
vn -0.6982887387 0.7124018073 0.06983172148
v 0.09265915304 0.8542277813 3.098339796
vn -0.7001054287 0.7135190368 0.02725725435
v 0.09298860282 0.8542277813 3.134351969
vn -0.7029266953 0.7112593651 0.002043578075
v 0.09236215055 0.8542277813 3.17036438
vn -0.7116290927 0.7015582919 -0.03741618618
v 0.08799194545 0.8542277813 3.206376553
vn -0.7381119728 0.6518986821 -0.173835516
v 0.07973127812 0.8902401328 2.918278217
vn -0.8952213526 0.1544389427 0.4180040061
v 0.09381670505 0.8902401328 2.95429039
vn -0.8244382143 0.4626209438 0.3260115087
v 0.1093308628 0.8902401328 2.990302801
vn -0.8032467365 0.5057181716 0.314712286
v 0.1112411842 0.8902401328 2.9969244
vn -0.7584042549 0.6132034063 0.2209176123
v 0.1112411842 0.8803160787 3.026314974
vn -0.7399565578 0.6599825025 0.1299514174
v 0.1112411842 0.8752681613 3.062327385
vn -0.7340459228 0.6764569879 0.05985403433
v 0.1112411842 0.8731648326 3.098339796
vn -0.7229155898 0.6906255484 0.02072206512
v 0.1112411842 0.8726781011 3.134351969
vn -0.7213811278 0.6924417019 -0.01156400517
v 0.1112411842 0.8739466071 3.17036438
vn -0.7369228005 0.6687276959 -0.09873209894
v 0.1112411842 0.882417798 3.206376553
vn -0.7560535073 0.5808694959 -0.3016185462
v 0.09617215395 0.8902401328 3.242388964
vn -0.7140177488 0.4278749526 -0.5541675687
v 0.1112411842 0.8902401328 3.217569828
vn -0.7498791218 0.4802745879 -0.4549918473
v 0.08238015324 0.9262524247 2.918278217
vn -0.8526787758 -0.168960616 0.4943594038
v 0.1023914516 0.9262524247 2.95429039
vn -0.8944336772 -0.017965395 0.4468396306
v 0.1112411842 0.9262524247 2.971750975
vn -0.9007098675 0.02493430302 0.4337049723
v 0.1112411842 0.895932436 2.990302801
vn -0.9191718698 0.2582725883 0.2973522246
v 0.1112411842 0.9158092141 3.242388964
vn -0.6872116327 0.4046895504 -0.6032963991
v 0.07991562784 0.9262524247 3.278401136
vn -0.6554259658 0.2893657684 -0.697627604
v 0.1112411842 0.9262524247 3.248939276
vn -0.6622116566 0.2736728787 -0.6975520849
v 0.09030976892 0.9622647166 2.95429039
vn -0.7953853607 -0.3906980753 0.463375777
v 0.1112411842 0.959248364 2.990302801
vn -0.877943337 -0.2373472005 0.4157905877
v 0.1103306785 0.9622647166 2.990302801
vn -0.8073115945 -0.4305451214 0.4035826027
v 0.1112411842 0.9622647166 2.992507696
vn -0.8930088878 -0.3225773275 0.3138137162
v 0.09309025109 0.9622647166 3.278401136
vn -0.6508390903 0.2366035879 -0.7214064002
v 0.1112411842 0.9622647166 3.262044668
vn -0.6775987744 0.2194794863 -0.7019178867
v 0.08764962107 0.9982770681 2.990302801
vn -0.7708264589 -0.509567976 0.3823180199
v 0.1112411842 0.9846042991 3.026314974
vn -0.8313177824 -0.461522311 0.3096900582
v 0.1031607464 0.9982770681 3.026314974
vn -0.7914271951 -0.5180888176 0.3243870437
v 0.1112411842 0.9982770681 3.046189308
vn -0.8181078434 -0.4762158394 0.3223632276
v 0.1052691787 0.9982770681 3.278401136
vn -0.6592308283 0.2361251265 -0.7139045
v 0.1112411842 0.9982770681 3.272768021
vn -0.7004091144 0.2039459497 -0.683983326
v 0.0791028887 1.03428936 3.026314974
vn -0.7761979103 -0.5455217361 0.3161058128
v 0.1112411842 1.007673621 3.062327385
vn -0.7815998197 -0.542771101 0.307410568
v 0.09276686609 1.03428936 3.062327385
vn -0.7740675807 -0.5577446818 0.2995667458
v 0.1060739458 1.03428936 3.098339796
vn -0.7669476867 -0.5700523257 0.2946720123
v 0.1112411842 1.027446151 3.098339796
vn -0.7753266096 -0.5532718301 0.3045634627
v 0.1112411842 1.03428936 3.110343933
vn -0.7561766505 -0.5678377151 0.3252033591
v 0.1112411842 1.017085671 3.278401136
vn -0.6913839579 0.2383418232 -0.6820421219
v 0.08249774575 1.03428936 3.314413548
vn -0.7049707174 0.1980050802 -0.6810361743
v 0.1112411842 1.03428936 3.283845901
vn -0.7636717558 0.08619368076 -0.6398250461
v 0.07989391685 1.070301652 3.098339796
vn -0.7652297616 -0.575070262 0.2893400192
v 0.1112411842 1.047122598 3.134351969
vn -0.7485749125 -0.5916907787 0.2992284
v 0.09321196377 1.070301652 3.134351969
vn -0.7610365748 -0.5796614885 0.291231662
v 0.1063280776 1.070301652 3.17036438
vn -0.7708308697 -0.5720938444 0.2802292705
v 0.1112411842 1.064154863 3.17036438
vn -0.7543347478 -0.5947095156 0.2780282497
v 0.1112411842 1.070301652 3.18322897
vn -0.7542541623 -0.5916327238 0.2847304046
v 0.08936049044 1.070301652 3.314413548
vn -0.8048353195 -0.01476860326 -0.5933144093
v 0.1112411842 1.070301652 3.283024788
vn -0.8140333891 -0.1411958039 -0.5633945465
v 0.07996588945 1.106313944 3.17036438
vn -0.7668098807 -0.5763620138 0.2825056612
v 0.1112411842 1.081541538 3.206376553
vn -0.7772905827 -0.5875357985 0.2249912173
v 0.09277950972 1.106313944 3.206376553
vn -0.7866637111 -0.5654046535 0.2479471862
v 0.1020743772 1.106313944 3.242388964
vn -0.8755235076 -0.4731028378 0.09814403206
v 0.1112411842 1.09139657 3.242388964
vn -0.8339494467 -0.5496593118 0.04901973531
v 0.102526322 1.106313944 3.278401136
vn -0.9276158214 -0.2679584026 -0.2602444589
v 0.1112411842 1.079379201 3.278401136
vn -0.8984130621 -0.4142528474 -0.1457686424
v 0.0876320377 1.106313944 3.314413548
vn -0.8626330495 -0.07570112497 -0.500133574
v 0.07902321965 1.142326236 3.242388964
vn -0.8171187639 -0.5391880274 0.2039440423
v 0.08662148565 1.142326236 3.278401136
vn -0.8887299299 -0.4575641453 0.02818192914
v 0.08195123821 1.142326236 3.314413548
vn -0.9147083759 -0.2423960268 -0.3233461082
v 0.118643038 0.8902401328 3.026314974
vn -0.9182255864 0.3372376263 0.2076836824
v 0.1237396747 0.8902401328 3.062327385
vn -0.869136095 0.4846983552 0.09833600372
v 0.1268523186 0.8902401328 3.098339796
vn -0.8367296457 0.5406479239 0.08708231896
v 0.1278136969 0.8902401328 3.134351969
vn -0.7949361801 0.6063760519 0.01960838772
v 0.1264149249 0.8902401328 3.17036438
vn -0.7870362997 0.6071850657 -0.1090877503
v 0.1179256439 0.8902401328 3.206376553
vn -0.7688566446 0.5504820943 -0.3253135979
v 0.1195804626 0.9262524247 2.990302801
vn -0.9534958601 0.02066957764 0.3006965518
v 0.129141286 0.9262524247 3.026314974
vn -0.9627773166 0.02754232846 0.2688889205
v 0.138740316 0.9262524247 3.062327385
vn -0.9515611529 0.210334301 0.2242562771
v 0.1472535133 0.9262524247 3.094854832
vn -0.928576827 0.2790906429 0.2446496338
v 0.1472535133 0.9245589972 3.098339796
vn -0.8409797549 0.5358034968 0.07528412342
v 0.1472535133 0.9177972078 3.134351969
vn -0.82169348 0.5695894361 0.01968880743
v 0.1472535133 0.9189808369 3.17036438
vn -0.8077988625 0.5757369995 -0.1264431775
v 0.1472535133 0.9262524247 3.188451529
vn -0.9045354724 0.3525519371 -0.2398388982
v 0.1419664621 0.9262524247 3.206376553
vn -0.7985481024 0.4610734284 -0.3869524896
v 0.1175624281 0.9262524247 3.242388964
vn -0.7545093298 0.4004133642 -0.5199853778
v 0.1230695769 0.9622647166 3.026314974
vn -0.9036792517 -0.3047308326 0.3008370996
v 0.1350383312 0.9622647166 3.062327385
vn -0.9065845609 -0.2757229805 0.3195015192
v 0.1472535133 0.9622647166 3.09359479
vn -0.9478183985 -0.05735274404 0.3136096299
v 0.1472535133 0.9404326677 3.206376553
vn -0.8452658653 0.3033800423 -0.4398706257
v 0.1472535133 0.9622647166 3.219013929
vn -0.8645794392 0.1676495224 -0.4737046361
v 0.1313948184 0.9622647166 3.242388964
vn -0.7570176721 0.257832557 -0.600372076
v 0.1177646369 0.9982770681 3.062327385
vn -0.8261204958 -0.4665727913 0.3159663677
v 0.1472535133 0.9665474296 3.098339796
vn -0.8522005081 -0.3983469605 0.3392255902
v 0.13229765 0.9982770681 3.098339796
vn -0.8115011454 -0.4820154011 0.3303438425
v 0.1469281912 0.9982770681 3.134351969
vn -0.7946946025 -0.5370591879 0.282892108
v 0.1472535133 0.9974290133 3.134351969
vn -0.8929542899 -0.3451012075 0.2890290618
v 0.1472535133 0.9982770681 3.135567665
vn -0.9183023572 -0.3384397328 0.205376178
v 0.1405740231 0.9982770681 3.242388964
vn -0.8295608759 0.08614706248 -0.5517312884
v 0.1472535133 0.9982770681 3.228278875
vn -0.9173070192 -0.1097406521 -0.3827595413
v 0.1216971725 1.03428936 3.134351969
vn -0.7674055099 -0.566989243 0.2993525565
v 0.1472535133 1.013421416 3.17036438
vn -0.8554327488 -0.4846428931 0.1826363951
v 0.1346509159 1.03428936 3.17036438
vn -0.8002625704 -0.5467022657 0.2463665158
v 0.1438416541 1.03428936 3.206376553
vn -0.9173705578 -0.3975687623 -0.01924543642
v 0.1472535133 1.024878979 3.206376553
vn -0.92362535 -0.3832477331 0.006112963893
v 0.138780728 1.03428936 3.242388964
vn -0.9253158569 -0.1789610833 -0.3343105018
v 0.1161782071 1.03428936 3.278401136
vn -0.8006896973 0.04509406164 -0.5973797441
v 0.1199827269 1.070301652 3.206376553
vn -0.8096703887 -0.559384048 0.1775482446
v 0.1240765154 1.070301652 3.242388964
vn -0.8859095573 -0.4562626779 -0.08359778672
v 0.1143483743 1.070301652 3.278401136
vn -0.8867214918 -0.1957866848 -0.4187989235
v 0.1481994838 0.9262524247 3.098339796
vn -0.9768930674 0.0909435451 0.1934145391
v 0.1525092423 0.9262524247 3.134351969
vn -0.9705029726 0.2352060676 0.05293457583
v 0.1519138813 0.9262524247 3.17036438
vn -0.9481306672 0.2989952862 -0.1079356521
v 0.1491493136 0.9622647166 3.098339796
vn -0.9575229287 -0.1401865035 0.2519871593
v 0.1580078751 0.9622647166 3.134351969
vn -0.9853379726 -0.06844203174 0.1562841237
v 0.1601511985 0.9622647166 3.17036438
vn -0.9975465536 0.05981099233 -0.03638031706
v 0.1541764289 0.9622647166 3.206376553
vn -0.9557693005 0.1699894816 -0.2400179058
v 0.1550276428 0.9982770681 3.17036438
vn -0.9605583549 -0.2609672844 0.09604039788
v 0.1554056853 0.9982770681 3.206376553
vn -0.9802612662 -0.09501560777 -0.1733777076
# mm_gid 0
g mmGroup0
f 3//3 2//2 1//1 
f 1//1 4//4 3//3 
f 1//1 2//2 5//5 
f 5//5 2//2 6//6 
f 4//4 1//1 7//7 
f 1//1 8//8 7//7 
f 1//1 5//5 8//8 
f 8//8 9//9 7//7 
f 5//5 6//6 10//10 
f 10//10 6//6 11//11 
f 5//5 12//12 8//8 
f 5//5 10//10 12//12 
f 9//9 8//8 13//13 
f 8//8 14//14 13//13 
f 8//8 12//12 14//14 
f 14//14 15//15 13//13 
f 11//11 16//16 10//10 
f 18//18 17//17 16//16 
f 17//17 10//10 16//16 
f 17//17 12//12 10//10 
f 12//12 19//19 14//14 
f 12//12 17//17 19//19 
f 15//15 14//14 20//20 
f 20//20 14//14 19//19 
f 18//18 21//21 17//17 
f 17//17 21//21 19//19 
f 19//19 21//21 22//22 
f 19//19 22//22 20//20 
f 25//25 24//24 23//23 
f 27//27 26//26 23//23 
f 23//23 26//26 25//25 
f 27//27 28//28 26//26 
f 23//23 24//24 29//29 
f 29//29 24//24 30//30 
f 23//23 31//31 27//27 
f 23//23 29//29 31//31 
f 28//28 27//27 32//32 
f 27//27 33//33 32//32 
f 27//27 31//31 33//33 
f 35//35 34//34 33//33 
f 33//33 34//34 32//32 
f 35//35 36//36 34//34 
f 29//29 30//30 37//37 
f 37//37 30//30 38//38 
f 29//29 39//39 31//31 
f 29//29 37//37 39//39 
f 39//39 2//2 3//3 
f 33//33 39//39 3//3 
f 31//31 39//39 33//33 
f 33//33 3//3 4//4 
f 40//40 33//33 4//4 
f 35//35 33//33 40//40 
f 36//36 35//35 41//41 
f 35//35 42//42 41//41 
f 35//35 40//40 42//42 
f 42//42 43//43 41//41 
f 37//37 38//38 44//44 
f 44//44 38//38 45//45 
f 37//37 46//46 39//39 
f 37//37 44//44 46//46 
f 46//46 6//6 2//2 
f 46//46 2//2 39//39 
f 7//7 40//40 4//4 
f 40//40 7//7 9//9 
f 47//47 40//40 9//9 
f 42//42 40//40 47//47 
f 43//43 42//42 48//48 
f 42//42 49//49 48//48 
f 42//42 47//47 49//49 
f 51//51 50//50 49//49 
f 49//49 50//50 48//48 
f 51//51 52//52 50//50 
f 45//45 53//53 44//44 
f 55//55 54//54 53//53 
f 54//54 44//44 53//53 
f 54//54 46//46 44//44 
f 54//54 11//11 6//6 
f 54//54 6//6 46//46 
f 13//13 47//47 9//9 
f 47//47 13//13 15//15 
f 56//56 47//47 15//15 
f 49//49 47//47 56//56 
f 49//49 57//57 51//51 
f 49//49 56//56 57//57 
f 52//52 51//51 58//58 
f 51//51 59//59 58//58 
f 51//51 57//57 59//59 
f 59//59 60//60 58//58 
f 54//54 55//55 61//61 
f 61//61 55//55 62//62 
f 63//63 16//16 11//11 
f 54//54 63//63 11//11 
f 61//61 63//63 54//54 
f 63//63 18//18 16//16 
f 20//20 64//64 56//56 
f 20//20 56//56 15//15 
f 56//56 65//65 57//57 
f 56//56 64//64 65//65 
f 57//57 66//66 59//59 
f 57//57 65//65 66//66 
f 60//60 59//59 67//67 
f 67//67 59//59 66//66 
f 62//62 68//68 61//61 
f 70//70 69//69 68//68 
f 69//69 61//61 68//68 
f 69//69 63//63 61//61 
f 71//71 21//21 18//18 
f 63//63 71//71 18//18 
f 69//69 71//71 63//63 
f 72//72 22//22 21//21 
f 72//72 21//21 71//71 
f 64//64 20//20 22//22 
f 72//72 64//64 22//22 
f 73//73 64//64 72//72 
f 64//64 74//74 65//65 
f 64//64 73//73 74//74 
f 76//76 66//66 75//75 
f 66//66 74//74 75//75 
f 66//66 65//65 74//74 
f 66//66 76//76 67//67 
f 70//70 77//77 69//69 
f 69//69 77//77 71//71 
f 71//71 77//77 78//78 
f 71//71 78//78 72//72 
f 72//72 78//78 79//79 
f 72//72 79//79 73//73 
f 73//73 79//79 80//80 
f 73//73 80//80 74//74 
f 74//74 80//80 81//81 
f 74//74 81//81 75//75 
f 84//84 83//83 82//82 
f 86//86 85//85 82//82 
f 82//82 85//85 84//84 
f 88//88 87//87 86//86 
f 86//86 87//87 85//85 
f 88//88 89//89 87//87 
f 82//82 83//83 90//90 
f 90//90 83//83 91//91 
f 82//82 92//92 86//86 
f 82//82 90//90 92//92 
f 86//86 93//93 88//88 
f 86//86 92//92 93//93 
f 89//89 88//88 94//94 
f 88//88 95//95 94//94 
f 88//88 93//93 95//95 
f 95//95 96//96 94//94 
f 91//91 97//97 90//90 
f 99//99 98//98 97//97 
f 98//98 90//90 97//97 
f 98//98 92//92 90//90 
f 98//98 24//24 25//25 
f 93//93 98//98 25//25 
f 92//92 98//98 93//93 
f 93//93 25//25 26//26 
f 93//93 26//26 95//95 
f 101//101 100//100 28//28 
f 28//28 100//100 26//26 
f 100//100 96//96 26//26 
f 96//96 95//95 26//26 
f 103//103 102//102 101//101 
f 101//101 102//102 100//100 
f 103//103 104//104 102//102 
f 98//98 99//99 105//105 
f 105//105 99//99 106//106 
f 105//105 30//30 24//24 
f 105//105 24//24 98//98 
f 32//32 101//101 28//28 
f 101//101 32//32 34//34 
f 101//101 34//34 103//103 
f 108//108 107//107 36//36 
f 36//36 107//107 34//34 
f 107//107 104//104 34//34 
f 104//104 103//103 34//34 
f 108//108 109//109 107//107 
f 105//105 106//106 110//110 
f 110//110 106//106 111//111 
f 110//110 38//38 30//30 
f 110//110 30//30 105//105 
f 41//41 108//108 36//36 
f 113//113 112//112 43//43 
f 43//43 112//112 41//41 
f 112//112 109//109 41//41 
f 109//109 108//108 41//41 
f 115//115 114//114 113//113 
f 113//113 114//114 112//112 
f 115//115 116//116 114//114 
f 111//111 117//117 110//110 
f 38//38 110//110 117//117 
f 118//118 38//38 117//117 
f 45//45 38//38 118//118 
f 48//48 113//113 43//43 
f 113//113 48//48 50//50 
f 113//113 50//50 115//115 
f 120//120 119//119 52//52 
f 52//52 119//119 50//50 
f 119//119 116//116 50//50 
f 116//116 115//115 50//50 
f 122//122 121//121 120//120 
f 120//120 121//121 119//119 
f 122//122 123//123 121//121 
f 53//53 45//45 124//124 
f 45//45 125//125 124//124 
f 45//45 118//118 125//125 
f 124//124 55//55 53//53 
f 58//58 120//120 52//52 
f 120//120 58//58 60//60 
f 126//126 120//120 60//60 
f 122//122 120//120 126//126 
f 123//123 122//122 127//127 
f 122//122 128//128 127//127 
f 122//122 126//126 128//128 
f 128//128 129//129 127//127 
f 124//124 125//125 130//130 
f 130//130 125//125 131//131 
f 130//130 62//62 55//55 
f 130//130 55//55 124//124 
f 67//67 132//132 126//126 
f 67//67 126//126 60//60 
f 126//126 133//133 128//128 
f 126//126 132//132 133//133 
f 129//129 128//128 134//134 
f 134//134 128//128 133//133 
f 131//131 135//135 130//130 
f 135//135 137//137 136//136 
f 135//135 136//136 68//68 
f 130//130 135//135 68//68 
f 62//62 130//130 68//68 
f 136//136 70//70 68//68 
f 75//75 138//138 76//76 
f 132//132 67//67 76//76 
f 138//138 132//132 76//76 
f 139//139 132//132 138//138 
f 132//132 140//140 133//133 
f 132//132 139//139 140//140 
f 134//134 133//133 141//141 
f 141//141 133//133 140//140 
f 137//137 142//142 136//136 
f 142//142 144//144 143//143 
f 142//142 143//143 77//77 
f 136//136 142//142 77//77 
f 70//70 136//136 77//77 
f 145//145 78//78 77//77 
f 145//145 77//77 143//143 
f 146//146 79//79 78//78 
f 146//146 78//78 145//145 
f 147//147 80//80 79//79 
f 147//147 79//79 146//146 
f 148//148 81//81 80//80 
f 148//148 80//80 147//147 
f 148//148 149//149 81//81 
f 81//81 149//149 75//75 
f 149//149 150//150 75//75 
f 150//150 138//138 75//75 
f 138//138 150//150 139//139 
f 139//139 150//150 151//151 
f 139//139 151//151 140//140 
f 140//140 151//151 152//152 
f 140//140 152//152 141//141 
f 144//144 153//153 143//143 
f 143//143 153//153 145//145 
f 145//145 153//153 154//154 
f 145//145 154//154 146//146 
f 146//146 154//154 155//155 
f 146//146 155//155 147//147 
f 147//147 155//155 156//156 
f 147//147 156//156 148//148 
f 148//148 156//156 157//157 
f 148//148 157//157 149//149 
f 160//160 159//159 158//158 
f 162//162 161//161 158//158 
f 158//158 161//161 160//160 
f 162//162 163//163 161//161 
f 166//166 165//165 164//164 
f 166//166 164//164 159//159 
f 164//164 158//158 159//159 
f 164//164 167//167 158//158 
f 158//158 168//168 162//162 
f 158//158 167//167 168//168 
f 163//163 162//162 169//169 
f 162//162 170//170 169//169 
f 162//162 168//168 170//170 
f 170//170 171//171 169//169 
f 164//164 165//165 172//172 
f 172//172 165//165 173//173 
f 172//172 83//83 84//84 
f 167//167 172//172 84//84 
f 164//164 172//172 167//167 
f 167//167 84//84 85//85 
f 167//167 85//85 168//168 
f 168//168 85//85 87//87 
f 168//168 87//87 170//170 
f 175//175 174//174 89//89 
f 89//89 174//174 87//87 
f 174//174 171//171 87//87 
f 171//171 170//170 87//87 
f 177//177 176//176 175//175 
f 175//175 176//176 174//174 
f 177//177 178//178 176//176 
f 172//172 173//173 179//179 
f 179//179 173//173 180//180 
f 179//179 91//91 83//83 
f 179//179 83//83 172//172 
f 94//94 175//175 89//89 
f 175//175 94//94 96//96 
f 181//181 175//175 96//96 
f 177//177 175//175 181//181 
f 178//178 177//177 182//182 
f 177//177 183//183 182//182 
f 177//177 181//181 183//183 
f 183//183 184//184 182//182 
f 180//180 185//185 179//179 
f 185//185 187//187 186//186 
f 185//185 186//186 97//97 
f 179//179 185//185 97//97 
f 91//91 179//179 97//97 
f 186//186 99//99 97//97 
f 100//100 181//181 96//96 
f 181//181 100//100 102//102 
f 181//181 102//102 183//183 
f 189//189 188//188 104//104 
f 104//104 188//188 102//102 
f 188//188 184//184 102//102 
f 184//184 183//183 102//102 
f 191//191 190//190 189//189 
f 189//189 190//190 188//188 
f 191//191 192//192 190//190 
f 186//186 187//187 193//193 
f 193//193 187//187 194//194 
f 193//193 106//106 99//99 
f 193//193 99//99 186//186 
f 107//107 189//189 104//104 
f 189//189 107//107 109//109 
f 195//195 189//189 109//109 
f 191//191 189//189 195//195 
f 192//192 191//191 196//196 
f 191//191 197//197 196//196 
f 191//191 195//195 197//197 
f 197//197 198//198 196//196 
f 193//193 194//194 199//199 
f 199//199 194//194 200//200 
f 199//199 111//111 106//106 
f 199//199 106//106 193//193 
f 112//112 195//195 109//109 
f 195//195 112//112 114//114 
f 195//195 114//114 197//197 
f 202//202 201//201 116//116 
f 116//116 201//201 114//114 
f 201//201 198//198 114//114 
f 198//198 197//197 114//114 
f 204//204 203//203 202//202 
f 202//202 203//203 201//201 
f 204//204 205//205 203//203 
f 200//200 206//206 199//199 
f 206//206 208//208 207//207 
f 206//206 207//207 117//117 
f 199//199 206//206 117//117 
f 111//111 199//199 117//117 
f 207//207 118//118 117//117 
f 119//119 202//202 116//116 
f 202//202 119//119 121//121 
f 202//202 121//121 204//204 
f 210//210 209//209 123//123 
f 123//123 209//209 121//121 
f 209//209 205//205 121//121 
f 205//205 204//204 121//121 
f 210//210 211//211 209//209 
f 207//207 208//208 212//212 
f 212//212 208//208 213//213 
f 212//212 125//125 118//118 
f 212//212 118//118 207//207 
f 127//127 210//210 123//123 
f 215//215 214//214 129//129 
f 129//129 214//214 127//127 
f 214//214 211//211 127//127 
f 211//211 210//210 127//127 
f 217//217 216//216 215//215 
f 215//215 216//216 214//214 
f 217//217 218//218 216//216 
f 213//213 219//219 212//212 
f 125//125 212//212 219//219 
f 220//220 125//125 219//219 
f 131//131 125//125 220//220 
f 134//134 221//221 215//215 
f 134//134 215//215 129//129 
f 215//215 222//222 217//217 
f 215//215 221//221 222//222 
f 218//218 217//217 223//223 
f 223//223 217//217 222//222 
f 135//135 131//131 224//224 
f 131//131 225//225 224//224 
f 131//131 220//220 225//225 
f 224//224 137//137 135//135 
f 141//141 226//226 221//221 
f 141//141 221//221 134//134 
f 221//221 227//227 222//222 
f 221//221 226//226 227//227 
f 223//223 222//222 228//228 
f 228//228 222//222 227//227 
f 224//224 225//225 229//229 
f 229//229 225//225 230//230 
f 231//231 142//142 137//137 
f 224//224 231//231 137//137 
f 229//229 231//231 224//224 
f 231//231 144//144 142//142 
f 149//149 232//232 150//150 
f 233//233 151//151 150//150 
f 233//233 150//150 232//232 
f 234//234 152//152 151//151 
f 234//234 151//151 233//233 
f 226//226 141//141 152//152 
f 234//234 226//226 152//152 
f 235//235 226//226 234//234 
f 237//237 227//227 236//236 
f 227//227 235//235 236//236 
f 227//227 226//226 235//235 
f 227//227 237//237 228//228 
f 230//230 238//238 229//229 
f 240//240 239//239 238//238 
f 239//239 229//229 238//238 
f 239//239 231//231 229//229 
f 241//241 153//153 144//144 
f 231//231 241//241 144//144 
f 239//239 241//241 231//231 
f 242//242 154//154 153//153 
f 242//242 153//153 241//241 
f 243//243 155//155 154//154 
f 243//243 154//154 242//242 
f 155//155 243//243 244//244 
f 245//245 155//155 244//244 
f 156//156 155//155 245//245 
f 156//156 246//246 157//157 
f 245//245 246//246 156//156 
f 149//149 157//157 232//232 
f 157//157 247//247 232//232 
f 157//157 246//246 247//247 
f 232//232 247//247 233//233 
f 233//233 247//247 248//248 
f 233//233 248//248 234//234 
f 234//234 248//248 249//249 
f 234//234 249//249 235//235 
f 235//235 249//249 250//250 
f 235//235 250//250 236//236 
f 240//240 251//251 239//239 
f 239//239 251//251 241//241 
f 241//241 251//251 252//252 
f 241//241 252//252 242//242 
f 242//242 252//252 253//253 
f 242//242 253//253 243//243 
f 243//243 253//253 254//254 
f 243//243 254//254 244//244 
f 257//257 256//256 255//255 
f 259//259 258//258 255//255 
f 255//255 258//258 257//257 
f 261//261 260//260 259//259 
f 259//259 260//260 258//258 
f 263//263 262//262 261//261 
f 261//261 262//262 260//260 
f 263//263 264//264 262//262 
f 255//255 256//256 265//265 
f 265//265 256//256 266//266 
f 255//255 267//267 259//259 
f 255//255 265//265 267//267 
f 267//267 159//159 160//160 
f 261//261 267//267 160//160 
f 259//259 267//267 261//261 
f 261//261 160//160 161//161 
f 261//261 161//161 263//263 
f 269//269 268//268 163//163 
f 163//163 268//268 161//161 
f 268//268 264//264 161//161 
f 264//264 263//263 161//161 
f 271//271 270//270 269//269 
f 269//269 270//270 268//268 
f 271//271 272//272 270//270 
f 265//265 266//266 273//273 
f 273//273 266//266 274//274 
f 273//273 165//165 166//166 
f 267//267 273//273 166//166 
f 265//265 273//273 267//267 
f 267//267 166//166 159//159 
f 169//169 269//269 163//163 
f 269//269 169//169 171//171 
f 275//275 269//269 171//171 
f 271//271 269//269 275//275 
f 272//272 271//271 276//276 
f 271//271 277//277 276//276 
f 271//271 275//275 277//277 
f 277//277 278//278 276//276 
f 273//273 274//274 279//279 
f 279//279 274//274 280//280 
f 279//279 173//173 165//165 
f 279//279 165//165 273//273 
f 174//174 275//275 171//171 
f 275//275 174//174 176//176 
f 275//275 176//176 277//277 
f 282//282 281//281 178//178 
f 178//178 281//281 176//176 
f 281//281 278//278 176//176 
f 278//278 277//277 176//176 
f 282//282 283//283 281//281 
f 279//279 280//280 284//284 
f 284//284 280//280 285//285 
f 284//284 180//180 173//173 
f 284//284 173//173 279//279 
f 182//182 282//282 178//178 
f 287//287 286//286 184//184 
f 184//184 286//286 182//182 
f 286//286 283//283 182//182 
f 283//283 282//282 182//182 
f 289//289 288//288 287//287 
f 287//287 288//288 286//286 
f 289//289 290//290 288//288 
f 285//285 291//291 284//284 
f 291//291 293//293 292//292 
f 291//291 292//292 185//185 
f 284//284 291//291 185//185 
f 180//180 284//284 185//185 
f 292//292 187//187 185//185 
f 188//188 287//287 184//184 
f 287//287 188//188 190//190 
f 287//287 190//190 289//289 
f 295//295 294//294 192//192 
f 192//192 294//294 190//190 
f 294//294 290//290 190//190 
f 290//290 289//289 190//190 
f 295//295 296//296 294//294 
f 292//292 293//293 297//297 
f 297//297 293//293 298//298 
f 297//297 194//194 187//187 
f 297//297 187//187 292//292 
f 196//196 295//295 192//192 
f 300//300 299//299 198//198 
f 198//198 299//299 196//196 
f 299//299 296//296 196//196 
f 296//296 295//295 196//196 
f 302//302 301//301 300//300 
f 300//300 301//301 299//299 
f 302//302 303//303 301//301 
f 298//298 304//304 297//297 
f 194//194 297//297 304//304 
f 305//305 194//194 304//304 
f 200//200 194//194 305//305 
f 201//201 300//300 198//198 
f 300//300 201//201 203//203 
f 300//300 203//203 302//302 
f 307//307 306//306 205//205 
f 205//205 306//306 203//203 
f 306//306 303//303 203//203 
f 303//303 302//302 203//203 
f 309//309 308//308 307//307 
f 307//307 308//308 306//306 
f 309//309 310//310 308//308 
f 206//206 200//200 311//311 
f 200//200 312//312 311//311 
f 200//200 305//305 312//312 
f 311//311 208//208 206//206 
f 209//209 307//307 205//205 
f 307//307 209//209 211//211 
f 313//313 307//307 211//211 
f 309//309 307//307 313//313 
f 310//310 309//309 314//314 
f 309//309 315//315 314//314 
f 309//309 313//313 315//315 
f 315//315 316//316 314//314 
f 311//311 312//312 317//317 
f 317//317 312//312 318//318 
f 317//317 213//213 208//208 
f 317//317 208//208 311//311 
f 214//214 313//313 211//211 
f 313//313 214//214 216//216 
f 313//313 216//216 315//315 
f 320//320 319//319 218//218 
f 218//218 319//319 216//216 
f 319//319 316//316 216//216 
f 316//316 315//315 216//216 
f 320//320 321//321 319//319 
f 318//318 322//322 317//317 
f 322//322 324//324 323//323 
f 322//322 323//323 219//219 
f 317//317 322//322 219//219 
f 213//213 317//317 219//219 
f 323//323 220//220 219//219 
f 223//223 325//325 320//320 
f 223//223 320//320 218//218 
f 321//321 320//320 326//326 
f 320//320 327//327 326//326 
f 320//320 325//325 327//327 
f 327//327 328//328 326//326 
f 323//323 324//324 329//329 
f 329//329 324//324 330//330 
f 329//329 225//225 220//220 
f 329//329 220//220 323//323 
f 228//228 331//331 325//325 
f 228//228 325//325 223//223 
f 325//325 332//332 327//327 
f 325//325 331//331 332//332 
f 328//328 327//327 333//333 
f 333//333 327//327 332//332 
f 329//329 330//330 334//334 
f 334//334 330//330 335//335 
f 334//334 230//230 225//225 
f 334//334 225//225 329//329 
f 236//236 336//336 237//237 
f 331//331 228//228 237//237 
f 336//336 331//331 237//237 
f 337//337 331//331 336//336 
f 339//339 332//332 338//338 
f 332//332 337//337 338//338 
f 332//332 331//331 337//337 
f 332//332 339//339 333//333 
f 335//335 340//340 334//334 
f 340//340 342//342 341//341 
f 340//340 341//341 238//238 
f 334//334 340//340 238//238 
f 230//230 334//334 238//238 
f 341//341 240//240 238//238 
f 244//244 343//343 245//245 
f 344//344 246//246 245//245 
f 344//344 245//245 343//343 
f 345//345 247//247 246//246 
f 345//345 246//246 344//344 
f 346//346 248//248 247//247 
f 346//346 247//247 345//345 
f 347//347 249//249 248//248 
f 347//347 248//248 346//346 
f 249//249 347//347 348//348 
f 349//349 249//249 348//348 
f 250//250 249//249 349//349 
f 236//236 250//250 336//336 
f 250//250 350//350 336//336 
f 250//250 349//349 350//350 
f 336//336 350//350 337//337 
f 337//337 350//350 351//351 
f 337//337 351//351 338//338 
f 342//342 352//352 341//341 
f 352//352 354//354 353//353 
f 352//352 353//353 251//251 
f 341//341 352//352 251//251 
f 240//240 341//341 251//251 
f 355//355 252//252 251//251 
f 355//355 251//251 353//353 
f 356//356 253//253 252//252 
f 356//356 252//252 355//355 
f 253//253 356//356 357//357 
f 358//358 253//253 357//357 
f 254//254 253//253 358//358 
f 244//244 254//254 343//343 
f 254//254 359//359 343//343 
f 254//254 358//358 359//359 
f 343//343 359//359 344//344 
f 344//344 359//359 360//360 
f 344//344 360//360 345//345 
f 345//345 360//360 361//361 
f 345//345 361//361 346//346 
f 346//346 361//361 362//362 
f 346//346 362//362 347//347 
f 347//347 362//362 363//363 
f 347//347 363//363 348//348 
f 354//354 364//364 353//353 
f 353//353 364//364 355//355 
f 355//355 364//364 365//365 
f 355//355 365//365 356//356 
f 356//356 365//365 366//366 
f 356//356 366//366 357//357 
f 369//369 368//368 367//367 
f 367//367 370//370 369//369 
f 373//373 372//372 371//371 
f 375//375 374//374 371//371 
f 371//371 374//374 373//373 
f 374//374 375//375 368//368 
f 375//375 367//367 368//368 
f 375//375 376//376 367//367 
f 370//370 367//367 377//377 
f 367//367 378//378 377//377 
f 367//367 376//376 378//378 
f 378//378 379//379 377//377 
f 371//371 372//372 257//257 
f 372//372 256//256 257//257 
f 372//372 380//380 256//256 
f 371//371 257//257 258//258 
f 371//371 258//258 375//375 
f 375//375 258//258 260//260 
f 375//375 260//260 376//376 
f 376//376 260//260 262//262 
f 376//376 262//262 378//378 
f 382//382 381//381 264//264 
f 264//264 381//381 262//262 
f 381//381 379//379 262//262 
f 379//379 378//378 262//262 
f 384//384 383//383 382//382 
f 382//382 383//383 381//381 
f 384//384 385//385 383//383 
f 388//388 387//387 386//386 
f 380//380 388//388 386//386 
f 266//266 380//380 386//386 
f 256//256 380//380 266//266 
f 268//268 382//382 264//264 
f 382//382 268//268 270//270 
f 382//382 270//270 384//384 
f 390//390 389//389 272//272 
f 272//272 389//389 270//270 
f 389//389 385//385 270//270 
f 385//385 384//384 270//270 
f 390//390 391//391 389//389 
f 386//386 387//387 392//392 
f 392//392 387//387 393//393 
f 392//392 274//274 266//266 
f 392//392 266//266 386//386 
f 276//276 390//390 272//272 
f 395//395 394//394 278//278 
f 278//278 394//394 276//276 
f 394//394 391//391 276//276 
f 391//391 390//390 276//276 
f 397//397 396//396 395//395 
f 395//395 396//396 394//394 
f 397//397 398//398 396//396 
f 392//392 393//393 399//399 
f 399//399 393//393 400//400 
f 399//399 280//280 274//274 
f 399//399 274//274 392//392 
f 281//281 395//395 278//278 
f 395//395 281//281 283//283 
f 401//401 395//395 283//283 
f 397//397 395//395 401//401 
f 398//398 397//397 402//402 
f 397//397 403//403 402//402 
f 397//397 401//401 403//403 
f 403//403 404//404 402//402 
f 400//400 405//405 399//399 
f 280//280 399//399 405//405 
f 406//406 280//280 405//405 
f 285//285 280//280 406//406 
f 286//286 401//401 283//283 
f 401//401 286//286 288//288 
f 401//401 288//288 403//403 
f 408//408 407//407 290//290 
f 290//290 407//407 288//288 
f 407//407 404//404 288//288 
f 404//404 403//403 288//288 
f 410//410 409//409 408//408 
f 408//408 409//409 407//407 
f 410//410 411//411 409//409 
f 291//291 285//285 412//412 
f 285//285 413//413 412//412 
f 285//285 406//406 413//413 
f 412//412 293//293 291//291 
f 294//294 408//408 290//290 
f 408//408 294//294 296//296 
f 414//414 408//408 296//296 
f 410//410 408//408 414//414 
f 411//411 410//410 415//415 
f 410//410 416//416 415//415 
f 410//410 414//414 416//416 
f 416//416 417//417 415//415 
f 412//412 413//413 418//418 
f 418//418 413//413 419//419 
f 418//418 298//298 293//293 
f 418//418 293//293 412//412 
f 299//299 414//414 296//296 
f 414//414 299//299 301//301 
f 414//414 301//301 416//416 
f 421//421 420//420 303//303 
f 303//303 420//420 301//301 
f 420//420 417//417 301//301 
f 417//417 416//416 301//301 
f 423//423 422//422 421//421 
f 421//421 422//422 420//420 
f 423//423 424//424 422//422 
f 419//419 425//425 418//418 
f 425//425 427//427 426//426 
f 425//425 426//426 304//304 
f 418//418 425//425 304//304 
f 298//298 418//418 304//304 
f 426//426 305//305 304//304 
f 306//306 421//421 303//303 
f 421//421 306//306 308//308 
f 421//421 308//308 423//423 
f 429//429 428//428 310//310 
f 310//310 428//428 308//308 
f 428//428 424//424 308//308 
f 424//424 423//423 308//308 
f 431//431 430//430 429//429 
f 429//429 430//430 428//428 
f 431//431 432//432 430//430 
f 426//426 427//427 433//433 
f 433//433 427//427 434//434 
f 433//433 312//312 305//305 
f 433//433 305//305 426//426 
f 314//314 429//429 310//310 
f 429//429 314//314 316//316 
f 435//435 429//429 316//316 
f 431//431 429//429 435//435 
f 432//432 431//431 436//436 
f 431//431 437//437 436//436 
f 431//431 435//435 437//437 
f 437//437 438//438 436//436 
f 433//433 434//434 439//439 
f 439//439 434//434 440//440 
f 439//439 318//318 312//312 
f 439//439 312//312 433//433 
f 319//319 435//435 316//316 
f 435//435 319//319 321//321 
f 441//441 435//435 321//321 
f 437//437 435//435 441//441 
f 438//438 437//437 442//442 
f 437//437 443//443 442//442 
f 437//437 441//441 443//443 
f 443//443 444//444 442//442 
f 440//440 445//445 439//439 
f 445//445 447//447 446//446 
f 445//445 446//446 322//322 
f 439//439 445//445 322//322 
f 318//318 439//439 322//322 
f 446//446 324//324 322//322 
f 326//326 441//441 321//321 
f 441//441 326//326 328//328 
f 448//448 441//441 328//328 
f 443//443 441//441 448//448 
f 444//444 443//443 449//449 
f 449//449 443//443 448//448 
f 446//446 447//447 450//450 
f 450//450 447//447 451//451 
f 450//450 330//330 324//324 
f 450//450 324//324 446//446 
f 333//333 452//452 448//448 
f 333//333 448//448 328//328 
f 449//449 448//448 453//453 
f 453//453 448//448 452//452 
f 450//450 451//451 454//454 
f 454//454 451//451 455//455 
f 454//454 335//335 330//330 
f 454//454 330//330 450//450 
f 338//338 456//456 339//339 
f 452//452 333//333 339//339 
f 456//456 452//452 339//339 
f 457//457 452//452 456//456 
f 453//453 452//452 458//458 
f 458//458 452//452 457//457 
f 455//455 459//459 454//454 
f 459//459 461//461 460//460 
f 459//459 460//460 340//340 
f 454//454 459//459 340//340 
f 335//335 454//454 340//340 
f 460//460 342//342 340//340 
f 348//348 462//462 349//349 
f 463//463 350//350 349//349 
f 463//463 349//349 462//462 
f 464//464 351//351 350//350 
f 464//464 350//350 463//463 
f 464//464 465//465 351//351 
f 351//351 465//465 338//338 
f 465//465 466//466 338//338 
f 466//466 456//456 338//338 
f 456//456 466//466 457//457 
f 457//457 466//466 467//467 
f 457//457 467//467 458//458 
f 460//460 461//461 468//468 
f 468//468 461//461 469//469 
f 470//470 352//352 342//342 
f 460//460 470//470 342//342 
f 468//468 470//470 460//460 
f 470//470 354//354 352//352 
f 357//357 471//471 358//358 
f 472//472 359//359 358//358 
f 472//472 358//358 471//471 
f 473//473 360//360 359//359 
f 473//473 359//359 472//472 
f 474//474 361//361 360//360 
f 474//474 360//360 473//473 
f 361//361 474//474 475//475 
f 476//476 361//361 475//475 
f 362//362 361//361 476//476 
f 362//362 477//477 363//363 
f 476//476 477//477 362//362 
f 348//348 363//363 462//462 
f 363//363 478//478 462//462 
f 363//363 477//477 478//478 
f 462//462 478//478 463//463 
f 463//463 478//478 479//479 
f 463//463 479//479 464//464 
f 464//464 479//479 480//480 
f 464//464 480//480 465//465 
f 469//469 481//481 468//468 
f 468//468 481//481 470//470 
f 470//470 481//481 482//482 
f 482//482 484//484 483//483 
f 482//482 483//483 364//364 
f 470//470 482//482 364//364 
f 354//354 470//470 364//364 
f 364//364 483//483 485//485 
f 486//486 364//364 485//485 
f 365//365 364//364 486//486 
f 365//365 487//487 366//366 
f 486//486 487//487 365//365 
f 357//357 366//366 471//471 
f 366//366 488//488 471//471 
f 366//366 487//487 488//488 
f 471//471 488//488 472//472 
f 472//472 488//488 489//489 
f 472//472 489//489 473//473 
f 473//473 489//489 490//490 
f 473//473 490//490 474//474 
f 474//474 490//490 491//491 
f 474//474 491//491 475//475 
f 484//484 492//492 483//483 
f 483//483 492//492 485//485 
f 495//495 494//494 493//493 
f 493//493 496//496 495//495 
f 499//499 498//498 497//497 
f 499//499 497//497 494//494 
f 494//494 497//497 493//493 
f 497//497 368//368 493//493 
f 368//368 369//369 493//493 
f 501//501 500//500 370//370 
f 370//370 500//500 369//369 
f 500//500 496//496 369//369 
f 496//496 493//493 369//369 
f 503//503 502//502 501//501 
f 501//501 502//502 500//500 
f 503//503 504//504 502//502 
f 506//506 505//505 373//373 
f 373//373 505//505 372//372 
f 374//374 497//497 498//498 
f 506//506 374//374 498//498 
f 373//373 374//374 506//506 
f 497//497 374//374 368//368 
f 377//377 501//501 370//370 
f 501//501 377//377 379//379 
f 507//507 501//501 379//379 
f 503//503 501//501 507//507 
f 504//504 503//503 508//508 
f 503//503 509//509 508//508 
f 503//503 507//507 509//509 
f 509//509 510//510 508//508 
f 513//513 512//512 511//511 
f 505//505 513//513 511//511 
f 380//380 505//505 511//511 
f 372//372 505//505 380//380 
f 381//381 507//507 379//379 
f 507//507 381//381 383//383 
f 507//507 383//383 509//509 
f 515//515 514//514 385//385 
f 385//385 514//514 383//383 
f 514//514 510//510 383//383 
f 510//510 509//509 383//383 
f 517//517 516//516 515//515 
f 515//515 516//516 514//514 
f 517//517 518//518 516//516 
f 511//511 512//512 388//388 
f 512//512 387//387 388//388 
f 512//512 519//519 387//387 
f 511//511 388//388 380//380 
f 389//389 515//515 385//385 
f 515//515 389//389 391//391 
f 520//520 515//515 391//391 
f 517//517 515//515 520//520 
f 518//518 517//517 521//521 
f 517//517 522//522 521//521 
f 517//517 520//520 522//522 
f 522//522 523//523 521//521 
f 519//519 393//393 387//387 
f 524//524 393//393 519//519 
f 394//394 520//520 391//391 
f 520//520 394//394 396//396 
f 520//520 396//396 522//522 
f 526//526 525//525 398//398 
f 398//398 525//525 396//396 
f 525//525 523//523 396//396 
f 523//523 522//522 396//396 
f 526//526 527//527 525//525 
f 524//524 400//400 393//393 
f 528//528 400//400 524//524 
f 402//402 526//526 398//398 
f 530//530 529//529 404//404 
f 404//404 529//529 402//402 
f 529//529 527//527 402//402 
f 527//527 526//526 402//402 
f 532//532 531//531 530//530 
f 530//530 531//531 529//529 
f 532//532 533//533 531//531 
f 405//405 400//400 534//534 
f 400//400 535//535 534//534 
f 400//400 528//528 535//535 
f 534//534 406//406 405//405 
f 407//407 530//530 404//404 
f 530//530 407//407 409//409 
f 530//530 409//409 532//532 
f 537//537 536//536 411//411 
f 411//411 536//536 409//409 
f 536//536 533//533 409//409 
f 533//533 532//532 409//409 
f 537//537 538//538 536//536 
f 534//534 535//535 539//539 
f 539//539 535//535 540//540 
f 539//539 413//413 406//406 
f 539//539 406//406 534//534 
f 415//415 537//537 411//411 
f 542//542 541//541 417//417 
f 417//417 541//541 415//415 
f 541//541 538//538 415//415 
f 538//538 537//537 415//415 
f 544//544 543//543 542//542 
f 542//542 543//543 541//541 
f 544//544 545//545 543//543 
f 539//539 540//540 546//546 
f 546//546 540//540 547//547 
f 546//546 419//419 413//413 
f 546//546 413//413 539//539 
f 420//420 542//542 417//417 
f 542//542 420//420 422//422 
f 542//542 422//422 544//544 
f 549//549 548//548 424//424 
f 424//424 548//548 422//422 
f 548//548 545//545 422//422 
f 545//545 544//544 422//422 
f 551//551 550//550 549//549 
f 549//549 550//550 548//548 
f 551//551 552//552 550//550 
f 547//547 553//553 546//546 
f 553//553 555//555 554//554 
f 553//553 554//554 425//425 
f 546//546 553//553 425//425 
f 419//419 546//546 425//425 
f 554//554 427//427 425//425 
f 428//428 549//549 424//424 
f 549//549 428//428 430//430 
f 549//549 430//430 551//551 
f 557//557 556//556 432//432 
f 432//432 556//556 430//430 
f 556//556 552//552 430//430 
f 552//552 551//551 430//430 
f 557//557 558//558 556//556 
f 554//554 555//555 559//559 
f 559//559 555//555 560//560 
f 559//559 434//434 427//427 
f 559//559 427//427 554//554 
f 436//436 557//557 432//432 
f 562//562 561//561 438//438 
f 438//438 561//561 436//436 
f 561//561 558//558 436//436 
f 558//558 557//557 436//436 
f 562//562 563//563 561//561 
f 560//560 564//564 559//559 
f 434//434 559//559 564//564 
f 565//565 434//434 564//564 
f 440//440 434//434 565//565 
f 442//442 562//562 438//438 
f 567//567 566//566 444//444 
f 444//444 566//566 442//442 
f 566//566 563//563 442//442 
f 563//563 562//562 442//442 
f 567//567 568//568 566//566 
f 445//445 440//440 569//569 
f 440//440 570//570 569//569 
f 440//440 565//565 570//570 
f 569//569 447//447 445//445 
f 449//449 571//571 567//567 
f 449//449 567//567 444//444 
f 568//568 567//567 572//572 
f 572//572 567//567 571//571 
f 569//569 570//570 573//573 
f 573//573 570//570 574//574 
f 573//573 451//451 447//447 
f 573//573 447//447 569//569 
f 453//453 575//575 571//571 
f 453//453 571//571 449//449 
f 572//572 571//571 576//576 
f 576//576 571//571 575//575 
f 574//574 577//577 573//573 
f 451//451 573//573 577//577 
f 578//578 451//451 577//577 
f 455//455 451//451 578//578 
f 580//580 579//579 575//575 
f 453//453 580//580 575//575 
f 458//458 580//580 453//453 
f 575//575 579//579 576//576 
f 459//459 455//455 581//581 
f 455//455 582//582 581//581 
f 455//455 578//578 582//582 
f 581//581 461//461 459//459 
f 465//465 583//583 466//466 
f 584//584 467//467 466//466 
f 584//584 466//466 583//583 
f 584//584 585//585 467//467 
f 585//585 458//458 467//467 
f 585//585 580//580 458//458 
f 582//582 586//586 581//581 
f 461//461 581//581 586//586 
f 587//587 461//461 586//586 
f 469//469 461//461 587//587 
f 475//475 588//588 476//476 
f 589//589 477//477 476//476 
f 589//589 476//476 588//588 
f 590//590 478//478 477//477 
f 590//590 477//477 589//589 
f 591//591 479//479 478//478 
f 591//591 478//478 590//590 
f 592//592 480//480 479//479 
f 592//592 479//479 591//591 
f 592//592 593//593 480//480 
f 480//480 593//593 465//465 
f 593//593 594//594 465//465 
f 594//594 583//583 465//465 
f 583//583 594//594 584//584 
f 584//584 594//594 595//595 
f 584//584 595//595 585//585 
f 587//587 596//596 469//469 
f 469//469 596//596 481//481 
f 596//596 598//598 597//597 
f 482//482 596//596 597//597 
f 481//481 596//596 482//482 
f 597//597 484//484 482//482 
f 485//485 599//599 486//486 
f 600//600 487//487 486//486 
f 600//600 486//486 599//599 
f 601//601 488//488 487//487 
f 601//601 487//487 600//600 
f 602//602 489//489 488//488 
f 602//602 488//488 601//601 
f 603//603 490//490 489//489 
f 603//603 489//489 602//602 
f 490//490 603//603 604//604 
f 605//605 490//490 604//604 
f 491//491 490//490 605//605 
f 475//475 491//491 588//588 
f 491//491 606//606 588//588 
f 491//491 605//605 606//606 
f 588//588 606//606 589//589 
f 589//589 606//606 607//607 
f 589//589 607//607 590//590 
f 590//590 607//607 608//608 
f 590//590 608//608 591//591 
f 591//591 608//608 609//609 
f 591//591 609//609 592//592 
f 592//592 609//609 610//610 
f 592//592 610//610 593//593 
f 598//598 611//611 597//597 
f 597//597 611//611 484//484 
f 611//611 492//492 484//484 
f 611//611 612//612 492//492 
f 485//485 492//492 599//599 
f 492//492 613//613 599//599 
f 492//492 612//612 613//613 
f 599//599 613//613 600//600 
f 600//600 613//613 614//614 
f 600//600 614//614 601//601 
f 601//601 614//614 615//615 
f 601//601 615//615 602//602 
f 602//602 615//615 616//616 
f 602//602 616//616 603//603 
f 603//603 616//616 617//617 
f 603//603 617//617 604//604 
f 620//620 619//619 618//618 
f 494//494 495//495 618//618 
f 495//495 620//620 618//618 
f 495//495 621//621 620//620 
f 623//623 622//622 496//496 
f 622//622 495//495 496//496 
f 622//622 621//621 495//495 
f 625//625 624//624 623//623 
f 623//623 624//624 622//622 
f 625//625 626//626 624//624 
f 629//629 628//628 627//627 
f 629//629 627//627 619//619 
f 619//619 627//627 618//618 
f 627//627 498//498 618//618 
f 498//498 499//499 618//618 
f 618//618 499//499 494//494 
f 500//500 623//623 496//496 
f 623//623 500//500 502//502 
f 623//623 502//502 625//625 
f 631//631 630//630 504//504 
f 504//504 630//630 502//502 
f 630//630 626//626 502//502 
f 626//626 625//625 502//502 
f 631//631 632//632 630//630 
f 627//627 628//628 506//506 
f 628//628 505//505 506//506 
f 628//628 633//633 505//505 
f 627//627 506//506 498//498 
f 508//508 631//631 504//504 
f 635//635 634//634 510//510 
f 510//510 634//634 508//508 
f 634//634 632//632 508//508 
f 632//632 631//631 508//508 
f 637//637 636//636 635//635 
f 635//635 636//636 634//634 
f 637//637 638//638 636//636 
f 640//640 639//639 513//513 
f 513//513 639//639 512//512 
f 513//513 505//505 633//633 
f 513//513 633//633 640//640 
f 514//514 635//635 510//510 
f 635//635 514//514 516//516 
f 635//635 516//516 637//637 
f 642//642 641//641 518//518 
f 518//518 641//641 516//516 
f 641//641 638//638 516//516 
f 638//638 637//637 516//516 
f 642//642 643//643 641//641 
f 639//639 519//519 512//512 
f 644//644 519//519 639//639 
f 521//521 642//642 518//518 
f 646//646 645//645 523//523 
f 523//523 645//645 521//521 
f 645//645 643//643 521//521 
f 643//643 642//642 521//521 
f 646//646 647//647 645//645 
f 650//650 649//649 648//648 
f 644//644 650//650 648//648 
f 524//524 644//644 648//648 
f 519//519 644//644 524//524 
f 525//525 646//646 523//523 
f 652//652 651//651 527//527 
f 527//527 651//651 525//525 
f 651//651 647//647 525//525 
f 647//647 646//646 525//525 
f 654//654 653//653 652//652 
f 652//652 653//653 651//651 
f 654//654 655//655 653//653 
f 648//648 649//649 656//656 
f 656//656 649//649 657//657 
f 656//656 528//528 524//524 
f 656//656 524//524 648//648 
f 529//529 652//652 527//527 
f 652//652 529//529 531//531 
f 652//652 531//531 654//654 
f 659//659 658//658 533//533 
f 533//533 658//658 531//531 
f 658//658 655//655 531//531 
f 655//655 654//654 531//531 
f 661//661 660//660 659//659 
f 659//659 660//660 658//658 
f 661//661 662//662 660//660 
f 656//656 657//657 663//663 
f 663//663 657//657 664//664 
f 663//663 535//535 528//528 
f 663//663 528//528 656//656 
f 536//536 659//659 533//533 
f 659//659 536//536 538//538 
f 665//665 659//659 538//538 
f 661//661 659//659 665//665 
f 662//662 661//661 666//666 
f 661//661 667//667 666//666 
f 661//661 665//665 667//667 
f 667//667 668//668 666//666 
f 663//663 664//664 669//669 
f 669//669 664//664 670//670 
f 669//669 540//540 535//535 
f 669//669 535//535 663//663 
f 541//541 665//665 538//538 
f 665//665 541//541 543//543 
f 665//665 543//543 667//667 
f 672//672 671//671 545//545 
f 545//545 671//671 543//543 
f 671//671 668//668 543//543 
f 668//668 667//667 543//543 
f 674//674 673//673 672//672 
f 672//672 673//673 671//671 
f 674//674 675//675 673//673 
f 670//670 676//676 669//669 
f 540//540 669//669 676//676 
f 677//677 540//540 676//676 
f 547//547 540//540 677//677 
f 548//548 672//672 545//545 
f 672//672 548//548 550//550 
f 672//672 550//550 674//674 
f 679//679 678//678 552//552 
f 552//552 678//678 550//550 
f 678//678 675//675 550//550 
f 675//675 674//674 550//550 
f 679//679 680//680 678//678 
f 553//553 547//547 681//681 
f 547//547 682//682 681//681 
f 547//547 677//677 682//682 
f 681//681 555//555 553//553 
f 556//556 679//679 552//552 
f 684//684 683//683 558//558 
f 558//558 683//683 556//556 
f 683//683 680//680 556//556 
f 680//680 679//679 556//556 
f 686//686 685//685 684//684 
f 684//684 685//685 683//683 
f 686//686 687//687 685//685 
f 681//681 682//682 688//688 
f 688//688 682//682 689//689 
f 688//688 560//560 555//555 
f 688//688 555//555 681//681 
f 561//561 684//684 558//558 
f 684//684 561//561 563//563 
f 690//690 684//684 563//563 
f 686//686 684//684 690//690 
f 687//687 686//686 691//691 
f 686//686 692//692 691//691 
f 686//686 690//690 692//692 
f 692//692 693//693 691//691 
f 689//689 694//694 688//688 
f 694//694 696//696 695//695 
f 694//694 695//695 564//564 
f 688//688 694//694 564//564 
f 560//560 688//688 564//564 
f 695//695 565//565 564//564 
f 566//566 690//690 563//563 
f 690//690 566//566 568//568 
f 697//697 690//690 568//568 
f 692//692 690//690 697//697 
f 693//693 692//692 698//698 
f 698//698 692//692 697//697 
f 695//695 696//696 699//699 
f 699//699 696//696 700//700 
f 699//699 570//570 565//565 
f 699//699 565//565 695//695 
f 572//572 701//701 697//697 
f 572//572 697//697 568//568 
f 698//698 697//697 702//702 
f 702//702 697//697 701//701 
f 699//699 700//700 703//703 
f 703//703 700//700 704//704 
f 703//703 574//574 570//570 
f 703//703 570//570 699//699 
f 706//706 705//705 701//701 
f 572//572 706//706 701//701 
f 576//576 706//706 572//572 
f 701//701 705//705 702//702 
f 704//704 707//707 703//703 
f 707//707 709//709 708//708 
f 707//707 708//708 577//577 
f 703//703 707//707 577//577 
f 574//574 703//703 577//577 
f 708//708 578//578 577//577 
f 580//580 710//710 579//579 
f 710//710 711//711 579//579 
f 711//711 576//576 579//579 
f 711//711 706//706 576//576 
f 709//709 712//712 708//708 
f 578//578 708//708 712//712 
f 713//713 578//578 712//712 
f 582//582 578//578 713//713 
f 715//715 714//714 710//710 
f 580//580 715//715 710//710 
f 585//585 715//715 580//580 
f 710//710 714//714 711//711 
f 586//586 582//582 716//716 
f 582//582 717//717 716//716 
f 582//582 713//713 717//717 
f 716//716 587//587 586//586 
f 593//593 718//718 594//594 
f 594//594 718//718 719//719 
f 720//720 594//594 719//719 
f 595//595 594//594 720//720 
f 585//585 595//595 715//715 
f 715//715 595//595 720//720 
f 717//717 721//721 716//716 
f 721//721 723//723 722//722 
f 721//721 722//722 596//596 
f 716//716 721//721 596//596 
f 587//587 716//716 596//596 
f 722//722 598//598 596//596 
f 604//604 724//724 605//605 
f 725//725 606//606 605//605 
f 725//725 605//605 724//724 
f 726//726 607//607 606//606 
f 726//726 606//606 725//725 
f 727//727 608//608 607//607 
f 727//727 607//607 726//726 
f 608//608 727//727 728//728 
f 729//729 608//608 728//728 
f 609//609 608//608 729//729 
f 609//609 730//730 610//610 
f 729//729 730//730 609//609 
f 593//593 610//610 718//718 
f 610//610 731//731 718//718 
f 610//610 730//730 731//731 
f 718//718 731//731 719//719 
f 723//723 732//732 722//722 
f 722//722 732//732 598//598 
f 732//732 611//611 598//598 
f 732//732 733//733 611//611 
f 611//611 734//734 612//612 
f 733//733 734//734 611//611 
f 734//734 736//736 735//735 
f 613//613 734//734 735//735 
f 612//612 734//734 613//613 
f 737//737 614//614 613//613 
f 737//737 613//613 735//735 
f 738//738 615//615 614//614 
f 738//738 614//614 737//737 
f 615//615 738//738 739//739 
f 740//740 615//615 739//739 
f 616//616 615//615 740//740 
f 616//616 741//741 617//617 
f 740//740 741//741 616//616 
f 604//604 617//617 724//724 
f 617//617 742//742 724//724 
f 617//617 741//741 742//742 
f 724//724 742//742 725//725 
f 725//725 742//742 743//743 
f 725//725 743//743 726//726 
f 726//726 743//743 744//744 
f 726//726 744//744 727//727 
f 727//727 744//744 745//745 
f 727//727 745//745 728//728 
f 736//736 746//746 735//735 
f 735//735 746//746 737//737 
f 737//737 746//746 747//747 
f 737//737 747//747 738//738 
f 738//738 747//747 748//748 
f 738//738 748//748 739//739 
f 751//751 750//750 749//749 
f 753//753 752//752 749//749 
f 749//749 752//752 751//751 
f 755//755 754//754 753//753 
f 753//753 754//754 752//752 
f 755//755 756//756 754//754 
f 758//758 757//757 620//620 
f 620//620 757//757 619//619 
f 621//621 749//749 750//750 
f 758//758 621//621 750//750 
f 620//620 621//621 758//758 
f 749//749 621//621 622//622 
f 749//749 622//622 753//753 
f 753//753 622//622 624//624 
f 753//753 624//624 755//755 
f 760//760 759//759 626//626 
f 626//626 759//759 624//624 
f 759//759 756//756 624//624 
f 756//756 755//755 624//624 
f 762//762 761//761 760//760 
f 760//760 761//761 759//759 
f 762//762 763//763 761//761 
f 765//765 764//764 629//629 
f 629//629 764//764 628//628 
f 629//629 619//619 757//757 
f 629//629 757//757 765//765 
f 630//630 760//760 626//626 
f 760//760 630//630 632//632 
f 766//766 760//760 632//632 
f 762//762 760//760 766//766 
f 763//763 762//762 767//767 
f 762//762 768//768 767//767 
f 762//762 766//766 768//768 
f 768//768 769//769 767//767 
f 764//764 633//633 628//628 
f 770//770 633//633 764//764 
f 634//634 766//766 632//632 
f 766//766 634//634 636//636 
f 766//766 636//636 768//768 
f 772//772 771//771 638//638 
f 638//638 771//771 636//636 
f 771//771 769//769 636//636 
f 769//769 768//768 636//636 
f 774//774 773//773 772//772 
f 772//772 773//773 771//771 
f 774//774 775//775 773//773 
f 777//777 776//776 640//640 
f 640//640 776//776 639//639 
f 640//640 633//633 770//770 
f 640//640 770//770 777//777 
f 641//641 772//772 638//638 
f 772//772 641//641 643//643 
f 778//778 772//772 643//643 
f 774//774 772//772 778//778 
f 775//775 774//774 779//779 
f 774//774 780//780 779//779 
f 774//774 778//778 780//780 
f 780//780 781//781 779//779 
f 784//784 783//783 782//782 
f 776//776 784//784 782//782 
f 644//644 776//776 782//782 
f 639//639 776//776 644//644 
f 645//645 778//778 643//643 
f 778//778 645//645 647//647 
f 785//785 778//778 647//647 
f 780//780 778//778 785//785 
f 781//781 780//780 786//786 
f 780//780 787//787 786//786 
f 780//780 785//785 787//787 
f 787//787 788//788 786//786 
f 782//782 783//783 650//650 
f 783//783 649//649 650//650 
f 783//783 789//789 649//649 
f 782//782 650//650 644//644 
f 651//651 785//785 647//647 
f 785//785 651//651 653//653 
f 785//785 653//653 787//787 
f 791//791 790//790 655//655 
f 655//655 790//790 653//653 
f 790//790 788//788 653//653 
f 788//788 787//787 653//653 
f 793//793 792//792 791//791 
f 791//791 792//792 790//790 
f 793//793 794//794 792//792 
f 789//789 657//657 649//649 
f 795//795 657//657 789//789 
f 658//658 791//791 655//655 
f 791//791 658//658 660//660 
f 791//791 660//660 793//793 
f 797//797 796//796 662//662 
f 662//662 796//796 660//660 
f 796//796 794//794 660//660 
f 794//794 793//793 660//660 
f 797//797 798//798 796//796 
f 801//801 800//800 799//799 
f 795//795 801//801 799//799 
f 664//664 795//795 799//799 
f 657//657 795//795 664//664 
f 666//666 797//797 662//662 
f 803//803 802//802 668//668 
f 668//668 802//802 666//666 
f 802//802 798//798 666//666 
f 798//798 797//797 666//666 
f 805//805 804//804 803//803 
f 803//803 804//804 802//802 
f 805//805 806//806 804//804 
f 799//799 800//800 807//807 
f 807//807 800//800 808//808 
f 807//807 670//670 664//664 
f 807//807 664//664 799//799 
f 671//671 803//803 668//668 
f 803//803 671//671 673//673 
f 803//803 673//673 805//805 
f 810//810 809//809 675//675 
f 675//675 809//809 673//673 
f 809//809 806//806 673//673 
f 806//806 805//805 673//673 
f 812//812 811//811 810//810 
f 810//810 811//811 809//809 
f 812//812 813//813 811//811 
f 808//808 814//814 807//807 
f 814//814 816//816 815//815 
f 814//814 815//815 676//676 
f 807//807 814//814 676//676 
f 670//670 807//807 676//676 
f 815//815 677//677 676//676 
f 678//678 810//810 675//675 
f 810//810 678//678 680//680 
f 817//817 810//810 680//680 
f 812//812 810//810 817//817 
f 813//813 812//812 818//818 
f 812//812 819//819 818//818 
f 812//812 817//817 819//819 
f 819//819 820//820 818//818 
f 815//815 816//816 821//821 
f 821//821 816//816 822//822 
f 821//821 682//682 677//677 
f 821//821 677//677 815//815 
f 683//683 817//817 680//680 
f 817//817 683//683 685//685 
f 817//817 685//685 819//819 
f 824//824 823//823 687//687 
f 687//687 823//823 685//685 
f 823//823 820//820 685//685 
f 820//820 819//819 685//685 
f 824//824 825//825 823//823 
f 821//821 822//822 826//826 
f 826//826 822//822 827//827 
f 826//826 689//689 682//682 
f 826//826 682//682 821//821 
f 691//691 824//824 687//687 
f 829//829 828//828 693//693 
f 693//693 828//828 691//691 
f 828//828 825//825 691//691 
f 825//825 824//824 691//691 
f 829//829 830//830 828//828 
f 827//827 831//831 826//826 
f 831//831 833//833 832//832 
f 831//831 832//832 694//694 
f 826//826 831//831 694//694 
f 689//689 826//826 694//694 
f 832//832 696//696 694//694 
f 835//835 834//834 829//829 
f 693//693 835//835 829//829 
f 698//698 835//835 693//693 
f 829//829 834//834 830//830 
f 832//832 833//833 836//836 
f 836//836 833//833 837//837 
f 836//836 700//700 696//696 
f 836//836 696//696 832//832 
f 702//702 835//835 698//698 
f 702//702 838//838 835//835 
f 837//837 839//839 836//836 
f 700//700 836//836 839//839 
f 840//840 700//700 839//839 
f 704//704 700//700 840//840 
f 706//706 841//841 705//705 
f 841//841 842//842 705//705 
f 842//842 702//702 705//705 
f 842//842 838//838 702//702 
f 707//707 704//704 843//843 
f 704//704 844//844 843//843 
f 704//704 840//840 844//844 
f 843//843 709//709 707//707 
f 846//846 845//845 841//841 
f 706//706 846//846 841//841 
f 711//711 846//846 706//706 
f 841//841 845//845 842//842 
f 844//844 847//847 843//843 
f 847//847 849//849 848//848 
f 847//847 848//848 712//712 
f 843//843 847//847 712//712 
f 709//709 843//843 712//712 
f 848//848 713//713 712//712 
f 715//715 850//850 714//714 
f 850//850 851//851 714//714 
f 851//851 711//711 714//714 
f 851//851 846//846 711//711 
f 849//849 852//852 848//848 
f 713//713 848//848 852//852 
f 853//853 713//713 852//852 
f 717//717 713//713 853//853 
f 719//719 854//854 720//720 
f 854//854 855//855 720//720 
f 720//720 855//855 715//715 
f 855//855 856//856 715//715 
f 856//856 850//850 715//715 
f 850//850 856//856 851//851 
f 853//853 857//857 717//717 
f 717//717 857//857 721//721 
f 859//859 858//858 723//723 
f 721//721 859//859 723//723 
f 857//857 859//859 721//721 
f 860//860 858//858 859//859 
f 728//728 861//861 729//729 
f 862//862 730//730 729//729 
f 862//862 729//729 861//861 
f 730//730 862//862 863//863 
f 864//864 730//730 863//863 
f 731//731 730//730 864//864 
f 719//719 731//731 854//854 
f 731//731 865//865 854//854 
f 731//731 864//864 865//865 
f 854//854 865//865 855//855 
f 858//858 732//732 723//723 
f 860//860 866//866 858//858 
f 866//866 732//732 858//858 
f 866//866 733//733 732//732 
f 733//733 867//867 734//734 
f 866//866 867//867 733//733 
f 736//736 734//734 867//867 
f 736//736 867//867 868//868 
f 739//739 869//869 740//740 
f 870//870 741//741 740//740 
f 870//870 740//740 869//869 
f 871//871 742//742 741//741 
f 871//871 741//741 870//870 
f 872//872 743//743 742//742 
f 872//872 742//742 871//871 
f 873//873 744//744 743//743 
f 873//873 743//743 872//872 
f 744//744 873//873 874//874 
f 875//875 744//744 874//874 
f 745//745 744//744 875//875 
f 728//728 745//745 861//861 
f 745//745 876//876 861//861 
f 745//745 875//875 876//876 
f 861//861 876//876 862//862 
f 862//862 876//876 877//877 
f 862//862 877//877 863//863 
f 868//868 878//878 736//736 
f 736//736 878//878 746//746 
f 746//746 879//879 747//747 
f 878//878 879//879 746//746 
f 747//747 880//880 748//748 
f 879//879 880//880 747//747 
f 739//739 748//748 869//869 
f 748//748 881//881 869//869 
f 748//748 880//880 881//881 
f 869//869 881//881 870//870 
f 870//870 881//881 882//882 
f 870//870 882//882 871//871 
f 871//871 882//882 883//883 
f 871//871 883//883 872//872 
f 872//872 883//883 884//884 
f 872//872 884//884 873//873 
f 873//873 884//884 885//885 
f 873//873 885//885 874//874 
f 888//888 887//887 886//886 
f 890//890 889//889 886//886 
f 886//886 889//889 888//888 
f 890//890 891//891 889//889 
f 893//893 892//892 751//751 
f 751//751 892//892 750//750 
f 752//752 886//886 887//887 
f 893//893 752//752 887//887 
f 751//751 752//752 893//893 
f 886//886 752//752 754//754 
f 886//886 754//754 890//890 
f 895//895 894//894 756//756 
f 756//756 894//894 754//754 
f 894//894 891//891 754//754 
f 891//891 890//890 754//754 
f 897//897 896//896 895//895 
f 895//895 896//896 894//894 
f 897//897 898//898 896//896 
f 900//900 899//899 758//758 
f 758//758 899//899 757//757 
f 758//758 750//750 892//892 
f 758//758 892//892 900//900 
f 759//759 895//895 756//756 
f 895//895 759//759 761//761 
f 895//895 761//761 897//897 
f 902//902 901//901 763//763 
f 763//763 901//901 761//761 
f 901//901 898//898 761//761 
f 898//898 897//897 761//761 
f 902//902 903//903 901//901 
f 905//905 904//904 765//765 
f 765//765 904//904 764//764 
f 765//765 757//757 899//899 
f 765//765 899//899 905//905 
f 767//767 902//902 763//763 
f 907//907 906//906 769//769 
f 769//769 906//906 767//767 
f 906//906 903//903 767//767 
f 903//903 902//902 767//767 
f 909//909 908//908 907//907 
f 907//907 908//908 906//906 
f 909//909 910//910 908//908 
f 904//904 770//770 764//764 
f 911//911 770//770 904//904 
f 771//771 907//907 769//769 
f 907//907 771//771 773//773 
f 907//907 773//773 909//909 
f 913//913 912//912 775//775 
f 775//775 912//912 773//773 
f 912//912 910//910 773//773 
f 910//910 909//909 773//773 
f 913//913 914//914 912//912 
f 916//916 915//915 777//777 
f 777//777 915//915 776//776 
f 777//777 770//770 911//911 
f 777//777 911//911 916//916 
f 779//779 913//913 775//775 
f 918//918 917//917 781//781 
f 781//781 917//917 779//779 
f 917//917 914//914 779//779 
f 914//914 913//913 779//779 
f 918//918 919//919 917//917 
f 921//921 920//920 784//784 
f 784//784 920//920 783//783 
f 784//784 776//776 915//915 
f 784//784 915//915 921//921 
f 786//786 918//918 781//781 
f 923//923 922//922 788//788 
f 788//788 922//922 786//786 
f 922//922 919//919 786//786 
f 919//919 918//918 786//786 
f 925//925 924//924 923//923 
f 923//923 924//924 922//922 
f 925//925 926//926 924//924 
f 920//920 789//789 783//783 
f 927//927 789//789 920//920 
f 790//790 923//923 788//788 
f 923//923 790//790 792//792 
f 923//923 792//792 925//925 
f 929//929 928//928 794//794 
f 794//794 928//928 792//792 
f 928//928 926//926 792//792 
f 926//926 925//925 792//792 
f 931//931 930//930 929//929 
f 929//929 930//930 928//928 
f 931//931 932//932 930//930 
f 935//935 934//934 933//933 
f 927//927 935//935 933//933 
f 795//795 927//927 933//933 
f 789//789 927//927 795//795 
f 796//796 929//929 794//794 
f 929//929 796//796 798//798 
f 936//936 929//929 798//798 
f 931//931 929//929 936//936 
f 932//932 931//931 937//937 
f 931//931 938//938 937//937 
f 931//931 936//936 938//938 
f 938//938 939//939 937//937 
f 933//933 934//934 801//801 
f 934//934 800//800 801//801 
f 934//934 940//940 800//800 
f 933//933 801//801 795//795 
f 802//802 936//936 798//798 
f 936//936 802//802 804//804 
f 936//936 804//804 938//938 
f 942//942 941//941 806//806 
f 806//806 941//941 804//804 
f 941//941 939//939 804//804 
f 939//939 938//938 804//804 
f 944//944 943//943 942//942 
f 942//942 943//943 941//941 
f 944//944 945//945 943//943 
f 940//940 808//808 800//800 
f 946//946 808//808 940//940 
f 809//809 942//942 806//806 
f 942//942 809//809 811//811 
f 942//942 811//811 944//944 
f 948//948 947//947 813//813 
f 813//813 947//947 811//811 
f 947//947 945//945 811//811 
f 945//945 944//944 811//811 
f 950//950 949//949 948//948 
f 948//948 949//949 947//947 
f 950//950 951//951 949//949 
f 814//814 808//808 952//952 
f 808//808 953//953 952//952 
f 808//808 946//946 953//953 
f 952//952 816//816 814//814 
f 818//818 948//948 813//813 
f 948//948 818//818 820//820 
f 954//954 948//948 820//820 
f 950//950 948//948 954//954 
f 951//951 950//950 955//955 
f 950//950 956//956 955//955 
f 950//950 954//954 956//956 
f 956//956 957//957 955//955 
f 952//952 953//953 958//958 
f 958//958 953//953 959//959 
f 958//958 822//822 816//816 
f 958//958 816//816 952//952 
f 823//823 954//954 820//820 
f 954//954 823//823 825//825 
f 960//960 954//954 825//825 
f 956//956 954//954 960//960 
f 957//957 956//956 961//961 
f 961//961 956//956 960//960 
f 959//959 962//962 958//958 
f 822//822 958//958 962//962 
f 963//963 822//822 962//962 
f 827//827 822//822 963//963 
f 828//828 960//960 825//825 
f 828//828 830//830 960//960 
f 830//830 961//961 960//960 
f 830//830 964//964 961//961 
f 831//831 827//827 965//965 
f 827//827 966//966 965//965 
f 827//827 963//963 966//966 
f 965//965 833//833 831//831 
f 835//835 967//967 834//834 
f 967//967 968//968 834//834 
f 968//968 830//830 834//834 
f 968//968 964//964 830//830 
f 966//966 969//969 965//965 
f 833//833 965//965 969//969 
f 970//970 833//833 969//969 
f 837//837 833//833 970//970 
f 972//972 971//971 967//967 
f 835//835 972//972 967//967 
f 838//838 972//972 835//835 
f 967//967 971//971 968//968 
f 970//970 973//973 837//837 
f 837//837 973//973 839//839 
f 840//840 839//839 973//973 
f 840//840 973//973 974//974 
f 842//842 972//972 838//838 
f 842//842 975//975 972//972 
f 977//977 844//844 976//976 
f 844//844 974//974 976//976 
f 844//844 840//840 974//974 
f 978//978 977//977 976//976 
f 980//980 979//979 845//845 
f 980//980 845//845 846//846 
f 842//842 845//845 975//975 
f 975//975 845//845 979//979 
f 977//977 847//847 844//844 
f 982//982 981//981 849//849 
f 982//982 849//849 847//847 
f 978//978 982//982 847//847 
f 977//977 978//978 847//847 
f 983//983 981//981 982//982 
f 851//851 980//980 846//846 
f 851//851 984//984 980//980 
f 981//981 852//852 849//849 
f 986//986 985//985 853//853 
f 986//986 853//853 852//852 
f 983//983 986//986 852//852 
f 981//981 983//983 852//852 
f 987//987 985//985 986//986 
f 989//989 988//988 856//856 
f 989//989 856//856 855//855 
f 851//851 856//856 984//984 
f 984//984 856//856 988//988 
f 985//985 857//857 853//853 
f 987//987 990//990 985//985 
f 990//990 857//857 985//985 
f 990//990 859//859 857//857 
f 992//992 991//991 860//860 
f 859//859 992//992 860//860 
f 990//990 992//992 859//859 
f 993//993 991//991 992//992 
f 863//863 994//994 864//864 
f 864//864 994//994 995//995 
f 996//996 864//864 995//995 
f 865//865 864//864 996//996 
f 855//855 865//865 989//989 
f 989//989 865//865 996//996 
f 991//991 866//866 860//860 
f 993//993 997//997 991//991 
f 997//997 866//866 991//991 
f 997//997 867//867 866//866 
f 999//999 998//998 868//868 
f 867//867 999//999 868//868 
f 997//997 999//999 867//867 
f 1000//1000 998//998 999//999 
f 874//874 1001//1001 875//875 
f 1002//1002 876//876 875//875 
f 1002//1002 875//875 1001//1001 
f 876//876 1002//1002 1003//1003 
f 1004//1004 876//876 1003//1003 
f 877//877 876//876 1004//1004 
f 863//863 877//877 994//994 
f 877//877 1005//1005 994//994 
f 877//877 1004//1004 1005//1005 
f 994//994 1005//1005 995//995 
f 998//998 878//878 868//868 
f 1000//1000 1006//1006 998//998 
f 1006//1006 878//878 998//998 
f 1006//1006 879//879 878//878 
f 879//879 1007//1007 880//880 
f 1006//1006 1007//1007 879//879 
f 880//880 1008//1008 881//881 
f 1007//1007 1008//1008 880//880 
f 881//881 1009//1009 882//882 
f 1008//1008 1009//1009 881//881 
f 882//882 1010//1010 883//883 
f 1009//1009 1010//1010 882//882 
f 883//883 1011//1011 884//884 
f 1010//1010 1011//1011 883//883 
f 884//884 1012//1012 885//885 
f 1011//1011 1012//1012 884//884 
f 874//874 885//885 1001//1001 
f 885//885 1013//1013 1001//1001 
f 885//885 1012//1012 1013//1013 
f 1001//1001 1013//1013 1002//1002 
f 1002//1002 1013//1013 1014//1014 
f 1002//1002 1014//1014 1003//1003 
f 1017//1017 1016//1016 1015//1015 
f 1015//1015 1018//1018 1017//1017 
f 1021//1021 1020//1020 1019//1019 
f 887//887 888//888 1019//1019 
f 888//888 1021//1021 1019//1019 
f 888//888 1022//1022 1021//1021 
f 889//889 1015//1015 1016//1016 
f 1022//1022 889//889 1016//1016 
f 888//888 889//889 1022//1022 
f 1024//1024 1023//1023 891//891 
f 891//891 1023//1023 889//889 
f 1023//1023 1018//1018 889//889 
f 1018//1018 1015//1015 889//889 
f 1026//1026 1025//1025 1024//1024 
f 1024//1024 1025//1025 1023//1023 
f 1026//1026 1027//1027 1025//1025 
f 1019//1019 1020//1020 893//893 
f 1020//1020 892//892 893//893 
f 1020//1020 1028//1028 892//892 
f 1019//1019 893//893 887//887 
f 894//894 1024//1024 891//891 
f 1024//1024 894//894 896//896 
f 1024//1024 896//896 1026//1026 
f 1030//1030 1029//1029 898//898 
f 898//898 1029//1029 896//896 
f 1029//1029 1027//1027 896//896 
f 1027//1027 1026//1026 896//896 
f 1032//1032 1031//1031 1030//1030 
f 1030//1030 1031//1031 1029//1029 
f 1032//1032 1033//1033 1031//1031 
f 1035//1035 1034//1034 900//900 
f 900//900 1034//1034 899//899 
f 900//900 892//892 1028//1028 
f 900//900 1028//1028 1035//1035 
f 901//901 1030//1030 898//898 
f 1030//1030 901//901 903//903 
f 1036//1036 1030//1030 903//903 
f 1032//1032 1030//1030 1036//1036 
f 1033//1033 1032//1032 1037//1037 
f 1032//1032 1038//1038 1037//1037 
f 1032//1032 1036//1036 1038//1038 
f 1038//1038 1039//1039 1037//1037 
f 1041//1041 1040//1040 905//905 
f 905//905 1040//1040 904//904 
f 905//905 899//899 1034//1034 
f 905//905 1034//1034 1041//1041 
f 906//906 1036//1036 903//903 
f 1036//1036 906//906 908//908 
f 1036//1036 908//908 1038//1038 
f 1043//1043 1042//1042 910//910 
f 910//910 1042//1042 908//908 
f 1042//1042 1039//1039 908//908 
f 1039//1039 1038//1038 908//908 
f 1045//1045 1044//1044 1043//1043 
f 1043//1043 1044//1044 1042//1042 
f 1045//1045 1046//1046 1044//1044 
f 1040//1040 911//911 904//904 
f 1047//1047 911//911 1040//1040 
f 912//912 1043//1043 910//910 
f 1043//1043 912//912 914//914 
f 1048//1048 1043//1043 914//914 
f 1045//1045 1043//1043 1048//1048 
f 1046//1046 1045//1045 1049//1049 
f 1045//1045 1050//1050 1049//1049 
f 1045//1045 1048//1048 1050//1050 
f 1050//1050 1051//1051 1049//1049 
f 1053//1053 1052//1052 916//916 
f 916//916 1052//1052 915//915 
f 916//916 911//911 1047//1047 
f 916//916 1047//1047 1053//1053 
f 917//917 1048//1048 914//914 
f 1048//1048 917//917 919//919 
f 1054//1054 1048//1048 919//919 
f 1050//1050 1048//1048 1054//1054 
f 1051//1051 1050//1050 1055//1055 
f 1050//1050 1056//1056 1055//1055 
f 1050//1050 1054//1054 1056//1056 
f 1056//1056 1057//1057 1055//1055 
f 1059//1059 1058//1058 921//921 
f 921//921 1058//1058 920//920 
f 921//921 915//915 1052//1052 
f 921//921 1052//1052 1059//1059 
f 922//922 1054//1054 919//919 
f 1054//1054 922//922 924//924 
f 1054//1054 924//924 1056//1056 
f 1061//1061 1060//1060 926//926 
f 926//926 1060//1060 924//924 
f 1060//1060 1057//1057 924//924 
f 1057//1057 1056//1056 924//924 
f 1063//1063 1062//1062 1061//1061 
f 1061//1061 1062//1062 1060//1060 
f 1063//1063 1064//1064 1062//1062 
f 1058//1058 927//927 920//920 
f 1065//1065 927//927 1058//1058 
f 928//928 1061//1061 926//926 
f 1061//1061 928//928 930//930 
f 1061//1061 930//930 1063//1063 
f 1067//1067 1066//1066 932//932 
f 932//932 1066//1066 930//930 
f 1066//1066 1064//1064 930//930 
f 1064//1064 1063//1063 930//930 
f 1067//1067 1068//1068 1066//1066 
f 1070//1070 1069//1069 935//935 
f 935//935 1069//1069 934//934 
f 935//935 927//927 1065//1065 
f 935//935 1065//1065 1070//1070 
f 937//937 1067//1067 932//932 
f 1072//1072 1071//1071 939//939 
f 939//939 1071//1071 937//937 
f 1071//1071 1068//1068 937//937 
f 1068//1068 1067//1067 937//937 
f 1074//1074 1073//1073 1072//1072 
f 1072//1072 1073//1073 1071//1071 
f 1074//1074 1075//1075 1073//1073 
f 1069//1069 940//940 934//934 
f 1076//1076 940//940 1069//1069 
f 941//941 1072//1072 939//939 
f 1072//1072 941//941 943//943 
f 1072//1072 943//943 1074//1074 
f 1078//1078 1077//1077 945//945 
f 945//945 1077//1077 943//943 
f 1077//1077 1075//1075 943//943 
f 1075//1075 1074//1074 943//943 
f 1080//1080 1079//1079 1078//1078 
f 1078//1078 1079//1079 1077//1077 
f 1080//1080 1081//1081 1079//1079 
f 1076//1076 946//946 940//940 
f 1082//1082 946//946 1076//1076 
f 947//947 1078//1078 945//945 
f 1078//1078 947//947 949//949 
f 1078//1078 949//949 1080//1080 
f 1084//1084 1083//1083 951//951 
f 951//951 1083//1083 949//949 
f 1083//1083 1081//1081 949//949 
f 1081//1081 1080//1080 949//949 
f 1084//1084 1085//1085 1083//1083 
f 1082//1082 953//953 946//946 
f 1086//1086 953//953 1082//1082 
f 955//955 1084//1084 951//951 
f 955//955 957//957 1084//1084 
f 957//957 1085//1085 1084//1084 
f 957//957 1087//1087 1085//1085 
f 1086//1086 959//959 953//953 
f 1088//1088 959//959 1086//1086 
f 961//961 1090//1090 1089//1089 
f 1087//1087 961//961 1089//1089 
f 957//957 961//961 1087//1087 
f 1090//1090 1091//1091 1089//1089 
f 1088//1088 1092//1092 959//959 
f 959//959 1092//1092 962//962 
f 963//963 962//962 1092//1092 
f 963//963 1092//1092 1093//1093 
f 1095//1095 1094//1094 1090//1090 
f 961//961 1095//1095 1090//1090 
f 964//964 1095//1095 961//961 
f 1090//1090 1094//1094 1091//1091 
f 1093//1093 966//966 963//963 
f 1096//1096 966//966 1093//1093 
f 968//968 1095//1095 964//964 
f 968//968 1097//1097 1095//1095 
f 1096//1096 1098//1098 966//966 
f 966//966 1098//1098 969//969 
f 970//970 969//969 1098//1098 
f 970//970 1098//1098 1099//1099 
f 1101//1101 1100//1100 971//971 
f 1101//1101 971//971 972//972 
f 968//968 971//971 1097//1097 
f 1097//1097 971//971 1100//1100 
f 1099//1099 1102//1102 970//970 
f 970//970 1102//1102 973//973 
f 974//974 973//973 1102//1102 
f 974//974 1102//1102 1103//1103 
f 975//975 1101//1101 972//972 
f 975//975 1104//1104 1101//1101 
f 1103//1103 1105//1105 974//974 
f 974//974 1105//1105 976//976 
f 1107//1107 1106//1106 978//978 
f 976//976 1107//1107 978//978 
f 1105//1105 1107//1107 976//976 
f 1108//1108 1106//1106 1107//1107 
f 1110//1110 1109//1109 979//979 
f 1110//1110 979//979 980//980 
f 975//975 979//979 1104//1104 
f 1104//1104 979//979 1109//1109 
f 1106//1106 982//982 978//978 
f 1112//1112 1111//1111 983//983 
f 1112//1112 983//983 982//982 
f 1108//1108 1112//1112 982//982 
f 1106//1106 1108//1108 982//982 
f 1113//1113 1111//1111 1112//1112 
f 984//984 1110//1110 980//980 
f 984//984 1114//1114 1110//1110 
f 1111//1111 986//986 983//983 
f 1116//1116 1115//1115 987//987 
f 1116//1116 987//987 986//986 
f 1113//1113 1116//1116 986//986 
f 1111//1111 1113//1113 986//986 
f 1118//1118 1117//1117 1115//1115 
f 1118//1118 1115//1115 1116//1116 
f 1119//1119 1117//1117 1118//1118 
f 1121//1121 1120//1120 988//988 
f 1121//1121 988//988 989//989 
f 984//984 988//988 1114//1114 
f 1114//1114 988//988 1120//1120 
f 1115//1115 990//990 987//987 
f 990//990 1115//1115 992//992 
f 992//992 1115//1115 1117//1117 
f 1123//1123 1122//1122 993//993 
f 1123//1123 993//993 992//992 
f 1119//1119 1123//1123 992//992 
f 1117//1117 1119//1119 992//992 
f 1124//1124 1122//1122 1123//1123 
f 1126//1126 1125//1125 996//996 
f 1126//1126 996//996 995//995 
f 989//989 996//996 1121//1121 
f 1121//1121 996//996 1125//1125 
f 1122//1122 997//997 993//993 
f 1124//1124 1127//1127 1122//1122 
f 1127//1127 997//997 1122//1122 
f 1127//1127 999//999 997//997 
f 1129//1129 1128//1128 1000//1000 
f 999//999 1129//1129 1000//1000 
f 1127//1127 1129//1129 999//999 
f 1130//1130 1128//1128 1129//1129 
f 1003//1003 1131//1131 1004//1004 
f 1004//1004 1131//1131 1132//1132 
f 1133//1133 1004//1004 1132//1132 
f 1005//1005 1004//1004 1133//1133 
f 995//995 1005//1005 1126//1126 
f 1126//1126 1005//1005 1133//1133 
f 1128//1128 1006//1006 1000//1000 
f 1130//1130 1134//1134 1128//1128 
f 1134//1134 1006//1006 1128//1128 
f 1134//1134 1007//1007 1006//1006 
f 1007//1007 1135//1135 1008//1008 
f 1134//1134 1135//1135 1007//1007 
f 1008//1008 1136//1136 1009//1009 
f 1135//1135 1136//1136 1008//1008 
f 1136//1136 1138//1138 1137//1137 
f 1010//1010 1136//1136 1137//1137 
f 1009//1009 1136//1136 1010//1010 
f 1139//1139 1011//1011 1010//1010 
f 1139//1139 1010//1010 1137//1137 
f 1140//1140 1012//1012 1011//1011 
f 1140//1140 1011//1011 1139//1139 
f 1141//1141 1013//1013 1012//1012 
f 1141//1141 1012//1012 1140//1140 
f 1013//1013 1141//1141 1142//1142 
f 1143//1143 1013//1013 1142//1142 
f 1014//1014 1013//1013 1143//1143 
f 1003//1003 1014//1014 1131//1131 
f 1014//1014 1144//1144 1131//1131 
f 1014//1014 1143//1143 1144//1144 
f 1131//1131 1144//1144 1132//1132 
f 1138//1138 1145//1145 1137//1137 
f 1137//1137 1145//1145 1139//1139 
f 1139//1139 1145//1145 1146//1146 
f 1139//1139 1146//1146 1140//1140 
f 1140//1140 1146//1146 1147//1147 
f 1140//1140 1147//1147 1141//1141 
f 1141//1141 1147//1147 1148//1148 
f 1141//1141 1148//1148 1142//1142 
f 1151//1151 1150//1150 1149//1149 
f 1016//1016 1017//1017 1149//1149 
f 1017//1017 1151//1151 1149//1149 
f 1017//1017 1152//1152 1151//1151 
f 1154//1154 1153//1153 1018//1018 
f 1153//1153 1017//1017 1018//1018 
f 1153//1153 1152//1152 1017//1017 
f 1156//1156 1155//1155 1154//1154 
f 1154//1154 1155//1155 1153//1153 
f 1156//1156 1157//1157 1155//1155 
f 1159//1159 1158//1158 1021//1021 
f 1021//1021 1158//1158 1020//1020 
f 1022//1022 1149//1149 1150//1150 
f 1159//1159 1022//1022 1150//1150 
f 1021//1021 1022//1022 1159//1159 
f 1149//1149 1022//1022 1016//1016 
f 1023//1023 1154//1154 1018//1018 
f 1154//1154 1023//1023 1025//1025 
f 1154//1154 1025//1025 1156//1156 
f 1161//1161 1160//1160 1027//1027 
f 1027//1027 1160//1160 1025//1025 
f 1160//1160 1157//1157 1025//1025 
f 1157//1157 1156//1156 1025//1025 
f 1163//1163 1162//1162 1161//1161 
f 1161//1161 1162//1162 1160//1160 
f 1163//1163 1164//1164 1162//1162 
f 1158//1158 1028//1028 1020//1020 
f 1165//1165 1028//1028 1158//1158 
f 1029//1029 1161//1161 1027//1027 
f 1161//1161 1029//1029 1031//1031 
f 1161//1161 1031//1031 1163//1163 
f 1167//1167 1166//1166 1033//1033 
f 1033//1033 1166//1166 1031//1031 
f 1166//1166 1164//1164 1031//1031 
f 1164//1164 1163//1163 1031//1031 
f 1167//1167 1168//1168 1166//1166 
f 1170//1170 1169//1169 1035//1035 
f 1035//1035 1169//1169 1034//1034 
f 1035//1035 1028//1028 1165//1165 
f 1035//1035 1165//1165 1170//1170 
f 1037//1037 1167//1167 1033//1033 
f 1172//1172 1171//1171 1039//1039 
f 1039//1039 1171//1171 1037//1037 
f 1171//1171 1168//1168 1037//1037 
f 1168//1168 1167//1167 1037//1037 
f 1174//1174 1173//1173 1172//1172 
f 1172//1172 1173//1173 1171//1171 
f 1174//1174 1175//1175 1173//1173 
f 1177//1177 1176//1176 1041//1041 
f 1041//1041 1176//1176 1040//1040 
f 1041//1041 1034//1034 1169//1169 
f 1041//1041 1169//1169 1177//1177 
f 1042//1042 1172//1172 1039//1039 
f 1172//1172 1042//1042 1044//1044 
f 1172//1172 1044//1044 1174//1174 
f 1179//1179 1178//1178 1046//1046 
f 1046//1046 1178//1178 1044//1044 
f 1178//1178 1175//1175 1044//1044 
f 1175//1175 1174//1174 1044//1044 
f 1179//1179 1180//1180 1178//1178 
f 1176//1176 1047//1047 1040//1040 
f 1181//1181 1047//1047 1176//1176 
f 1049//1049 1179//1179 1046//1046 
f 1183//1183 1182//1182 1051//1051 
f 1051//1051 1182//1182 1049//1049 
f 1182//1182 1180//1180 1049//1049 
f 1180//1180 1179//1179 1049//1049 
f 1183//1183 1184//1184 1182//1182 
f 1186//1186 1185//1185 1053//1053 
f 1053//1053 1185//1185 1052//1052 
f 1053//1053 1047//1047 1181//1181 
f 1053//1053 1181//1181 1186//1186 
f 1055//1055 1183//1183 1051//1051 
f 1188//1188 1187//1187 1057//1057 
f 1057//1057 1187//1187 1055//1055 
f 1187//1187 1184//1184 1055//1055 
f 1184//1184 1183//1183 1055//1055 
f 1190//1190 1189//1189 1188//1188 
f 1188//1188 1189//1189 1187//1187 
f 1190//1190 1191//1191 1189//1189 
f 1193//1193 1192//1192 1059//1059 
f 1059//1059 1192//1192 1058//1058 
f 1059//1059 1052//1052 1185//1185 
f 1059//1059 1185//1185 1193//1193 
f 1060//1060 1188//1188 1057//1057 
f 1188//1188 1060//1060 1062//1062 
f 1188//1188 1062//1062 1190//1190 
f 1195//1195 1194//1194 1064//1064 
f 1064//1064 1194//1194 1062//1062 
f 1194//1194 1191//1191 1062//1062 
f 1191//1191 1190//1190 1062//1062 
f 1197//1197 1196//1196 1195//1195 
f 1195//1195 1196//1196 1194//1194 
f 1197//1197 1198//1198 1196//1196 
f 1192//1192 1065//1065 1058//1058 
f 1199//1199 1065//1065 1192//1192 
f 1066//1066 1195//1195 1064//1064 
f 1195//1195 1066//1066 1068//1068 
f 1200//1200 1195//1195 1068//1068 
f 1197//1197 1195//1195 1200//1200 
f 1198//1198 1197//1197 1201//1201 
f 1197//1197 1202//1202 1201//1201 
f 1197//1197 1200//1200 1202//1202 
f 1202//1202 1203//1203 1201//1201 
f 1205//1205 1204//1204 1070//1070 
f 1070//1070 1204//1204 1069//1069 
f 1070//1070 1065//1065 1199//1199 
f 1070//1070 1199//1199 1205//1205 
f 1071//1071 1200//1200 1068//1068 
f 1200//1200 1071//1071 1073//1073 
f 1200//1200 1073//1073 1202//1202 
f 1207//1207 1206//1206 1075//1075 
f 1075//1075 1206//1206 1073//1073 
f 1206//1206 1203//1203 1073//1073 
f 1203//1203 1202//1202 1073//1073 
f 1209//1209 1208//1208 1207//1207 
f 1207//1207 1208//1208 1206//1206 
f 1209//1209 1210//1210 1208//1208 
f 1204//1204 1076//1076 1069//1069 
f 1211//1211 1076//1076 1204//1204 
f 1077//1077 1207//1207 1075//1075 
f 1207//1207 1077//1077 1079//1079 
f 1207//1207 1079//1079 1209//1209 
f 1213//1213 1212//1212 1081//1081 
f 1081//1081 1212//1212 1079//1079 
f 1212//1212 1210//1210 1079//1079 
f 1210//1210 1209//1209 1079//1079 
f 1213//1213 1214//1214 1212//1212 
f 1211//1211 1082//1082 1076//1076 
f 1215//1215 1082//1082 1211//1211 
f 1083//1083 1213//1213 1081//1081 
f 1217//1217 1216//1216 1085//1085 
f 1085//1085 1216//1216 1083//1083 
f 1216//1216 1214//1214 1083//1083 
f 1214//1214 1213//1213 1083//1083 
f 1217//1217 1218//1218 1216//1216 
f 1215//1215 1086//1086 1082//1082 
f 1219//1219 1086//1086 1215//1215 
f 1087//1087 1220//1220 1217//1217 
f 1087//1087 1217//1217 1085//1085 
f 1218//1218 1217//1217 1221//1221 
f 1221//1221 1217//1217 1220//1220 
f 1219//1219 1088//1088 1086//1086 
f 1222//1222 1088//1088 1219//1219 
f 1089//1089 1220//1220 1087//1087 
f 1089//1089 1091//1091 1220//1220 
f 1091//1091 1221//1221 1220//1220 
f 1091//1091 1223//1223 1221//1221 
f 1222//1222 1224//1224 1088//1088 
f 1088//1088 1224//1224 1092//1092 
f 1093//1093 1092//1092 1224//1224 
f 1093//1093 1224//1224 1225//1225 
f 1227//1227 1226//1226 1094//1094 
f 1227//1227 1094//1094 1095//1095 
f 1091//1091 1094//1094 1223//1223 
f 1223//1223 1094//1094 1226//1226 
f 1229//1229 1096//1096 1228//1228 
f 1096//1096 1225//1225 1228//1228 
f 1096//1096 1093//1093 1225//1225 
f 1230//1230 1229//1229 1228//1228 
f 1097//1097 1227//1227 1095//1095 
f 1097//1097 1231//1231 1227//1227 
f 1229//1229 1098//1098 1096//1096 
f 1233//1233 1232//1232 1099//1099 
f 1233//1233 1099//1099 1098//1098 
f 1230//1230 1233//1233 1098//1098 
f 1229//1229 1230//1230 1098//1098 
f 1234//1234 1232//1232 1233//1233 
f 1236//1236 1235//1235 1100//1100 
f 1236//1236 1100//1100 1101//1101 
f 1097//1097 1100//1100 1231//1231 
f 1231//1231 1100//1100 1235//1235 
f 1232//1232 1102//1102 1099//1099 
f 1238//1238 1237//1237 1103//1103 
f 1238//1238 1103//1103 1102//1102 
f 1234//1234 1238//1238 1102//1102 
f 1232//1232 1234//1234 1102//1102 
f 1240//1240 1239//1239 1237//1237 
f 1240//1240 1237//1237 1238//1238 
f 1241//1241 1239//1239 1240//1240 
f 1104//1104 1236//1236 1101//1101 
f 1104//1104 1242//1242 1236//1236 
f 1237//1237 1105//1105 1103//1103 
f 1105//1105 1237//1237 1107//1107 
f 1107//1107 1237//1237 1239//1239 
f 1244//1244 1243//1243 1108//1108 
f 1244//1244 1108//1108 1107//1107 
f 1241//1241 1244//1244 1107//1107 
f 1239//1239 1241//1241 1107//1107 
f 1245//1245 1243//1243 1244//1244 
f 1247//1247 1246//1246 1109//1109 
f 1247//1247 1109//1109 1110//1110 
f 1104//1104 1109//1109 1242//1242 
f 1242//1242 1109//1109 1246//1246 
f 1243//1243 1112//1112 1108//1108 
f 1249//1249 1248//1248 1113//1113 
f 1249//1249 1113//1113 1112//1112 
f 1245//1245 1249//1249 1112//1112 
f 1243//1243 1245//1245 1112//1112 
f 1251//1251 1250//1250 1248//1248 
f 1251//1251 1248//1248 1249//1249 
f 1252//1252 1250//1250 1251//1251 
f 1255//1255 1254//1254 1253//1253 
f 1254//1254 1247//1247 1253//1253 
f 1247//1247 1114//1114 1253//1253 
f 1247//1247 1110//1110 1114//1114 
f 1248//1248 1116//1116 1113//1113 
f 1116//1116 1248//1248 1118//1118 
f 1118//1118 1248//1248 1250//1250 
f 1257//1257 1256//1256 1119//1119 
f 1257//1257 1119//1119 1118//1118 
f 1252//1252 1257//1257 1118//1118 
f 1250//1250 1252//1252 1118//1118 
f 1258//1258 1256//1256 1257//1257 
f 1255//1255 1253//1253 1120//1120 
f 1121//1121 1255//1255 1120//1120 
f 1259//1259 1255//1255 1121//1121 
f 1120//1120 1253//1253 1114//1114 
f 1256//1256 1123//1123 1119//1119 
f 1261//1261 1260//1260 1124//1124 
f 1261//1261 1124//1124 1123//1123 
f 1258//1258 1261//1261 1123//1123 
f 1256//1256 1258//1258 1123//1123 
f 1263//1263 1262//1262 1260//1260 
f 1263//1263 1260//1260 1261//1261 
f 1264//1264 1262//1262 1263//1263 
f 1266//1266 1265//1265 1125//1125 
f 1266//1266 1125//1125 1126//1126 
f 1121//1121 1125//1125 1259//1259 
f 1259//1259 1125//1125 1265//1265 
f 1260//1260 1127//1127 1124//1124 
f 1127//1127 1260//1260 1129//1129 
f 1129//1129 1260//1260 1262//1262 
f 1268//1268 1267//1267 1130//1130 
f 1268//1268 1130//1130 1129//1129 
f 1264//1264 1268//1268 1129//1129 
f 1262//1262 1264//1264 1129//1129 
f 1270//1270 1269//1269 1267//1267 
f 1270//1270 1267//1267 1268//1268 
f 1271//1271 1269//1269 1270//1270 
f 1273//1273 1272//1272 1133//1133 
f 1273//1273 1133//1133 1132//1132 
f 1126//1126 1133//1133 1266//1266 
f 1266//1266 1133//1133 1272//1272 
f 1267//1267 1134//1134 1130//1130 
f 1134//1134 1267//1267 1135//1135 
f 1135//1135 1267//1267 1269//1269 
f 1271//1271 1274//1274 1269//1269 
f 1274//1274 1135//1135 1269//1269 
f 1274//1274 1136//1136 1135//1135 
f 1276//1276 1275//1275 1138//1138 
f 1136//1136 1276//1276 1138//1138 
f 1274//1274 1276//1276 1136//1136 
f 1278//1278 1277//1277 1275//1275 
f 1278//1278 1275//1275 1276//1276 
f 1279//1279 1277//1277 1278//1278 
f 1281//1281 1280//1280 1143//1143 
f 1281//1281 1143//1143 1142//1142 
f 1143//1143 1282//1282 1144//1144 
f 1280//1280 1282//1282 1143//1143 
f 1132//1132 1144//1144 1273//1273 
f 1273//1273 1144//1144 1282//1282 
f 1275//1275 1145//1145 1138//1138 
f 1145//1145 1275//1275 1146//1146 
f 1146//1146 1275//1275 1277//1277 
f 1279//1279 1283//1283 1277//1277 
f 1283//1283 1146//1146 1277//1277 
f 1283//1283 1147//1147 1146//1146 
f 1147//1147 1284//1284 1148//1148 
f 1283//1283 1284//1284 1147//1147 
f 1142//1142 1148//1148 1281//1281 
f 1281//1281 1148//1148 1284//1284 
f 1287//1287 1286//1286 1285//1285 
f 1289//1289 1288//1288 1285//1285 
f 1285//1285 1288//1288 1287//1287 
f 1291//1291 1290//1290 1289//1289 
f 1289//1289 1290//1290 1288//1288 
f 1291//1291 1292//1292 1290//1290 
f 1294//1294 1293//1293 1151//1151 
f 1151//1151 1293//1293 1150//1150 
f 1152//1152 1285//1285 1286//1286 
f 1294//1294 1152//1152 1286//1286 
f 1151//1151 1152//1152 1294//1294 
f 1285//1285 1152//1152 1153//1153 
f 1285//1285 1153//1153 1289//1289 
f 1289//1289 1153//1153 1155//1155 
f 1289//1289 1155//1155 1291//1291 
f 1296//1296 1295//1295 1157//1157 
f 1157//1157 1295//1295 1155//1155 
f 1295//1295 1292//1292 1155//1155 
f 1292//1292 1291//1291 1155//1155 
f 1298//1298 1297//1297 1296//1296 
f 1296//1296 1297//1297 1295//1295 
f 1298//1298 1299//1299 1297//1297 
f 1301//1301 1300//1300 1159//1159 
f 1159//1159 1300//1300 1158//1158 
f 1159//1159 1150//1150 1293//1293 
f 1159//1159 1293//1293 1301//1301 
f 1160//1160 1296//1296 1157//1157 
f 1296//1296 1160//1160 1162//1162 
f 1296//1296 1162//1162 1298//1298 
f 1303//1303 1302//1302 1164//1164 
f 1164//1164 1302//1302 1162//1162 
f 1302//1302 1299//1299 1162//1162 
f 1299//1299 1298//1298 1162//1162 
f 1305//1305 1304//1304 1303//1303 
f 1303//1303 1304//1304 1302//1302 
f 1305//1305 1306//1306 1304//1304 
f 1309//1309 1308//1308 1307//1307 
f 1300//1300 1309//1309 1307//1307 
f 1165//1165 1300//1300 1307//1307 
f 1158//1158 1300//1300 1165//1165 
f 1166//1166 1303//1303 1164//1164 
f 1303//1303 1166//1166 1168//1168 
f 1310//1310 1303//1303 1168//1168 
f 1305//1305 1303//1303 1310//1310 
f 1306//1306 1305//1305 1311//1311 
f 1305//1305 1312//1312 1311//1311 
f 1305//1305 1310//1310 1312//1312 
f 1312//1312 1313//1313 1311//1311 
f 1307//1307 1308//1308 1170//1170 
f 1308//1308 1169//1169 1170//1170 
f 1308//1308 1314//1314 1169//1169 
f 1307//1307 1170//1170 1165//1165 
f 1171//1171 1310//1310 1168//1168 
f 1310//1310 1171//1171 1173//1173 
f 1310//1310 1173//1173 1312//1312 
f 1316//1316 1315//1315 1175//1175 
f 1175//1175 1315//1315 1173//1173 
f 1315//1315 1313//1313 1173//1173 
f 1313//1313 1312//1312 1173//1173 
f 1316//1316 1317//1317 1315//1315 
f 1319//1319 1318//1318 1177//1177 
f 1177//1177 1318//1318 1176//1176 
f 1177//1177 1169//1169 1314//1314 
f 1177//1177 1314//1314 1319//1319 
f 1178//1178 1316//1316 1175//1175 
f 1321//1321 1320//1320 1180//1180 
f 1180//1180 1320//1320 1178//1178 
f 1320//1320 1317//1317 1178//1178 
f 1317//1317 1316//1316 1178//1178 
f 1323//1323 1322//1322 1321//1321 
f 1321//1321 1322//1322 1320//1320 
f 1323//1323 1324//1324 1322//1322 
f 1318//1318 1181//1181 1176//1176 
f 1325//1325 1181//1181 1318//1318 
f 1182//1182 1321//1321 1180//1180 
f 1321//1321 1182//1182 1184//1184 
f 1326//1326 1321//1321 1184//1184 
f 1323//1323 1321//1321 1326//1326 
f 1324//1324 1323//1323 1327//1327 
f 1323//1323 1328//1328 1327//1327 
f 1323//1323 1326//1326 1328//1328 
f 1328//1328 1329//1329 1327//1327 
f 1331//1331 1330//1330 1186//1186 
f 1186//1186 1330//1330 1185//1185 
f 1186//1186 1181//1181 1325//1325 
f 1186//1186 1325//1325 1331//1331 
f 1187//1187 1326//1326 1184//1184 
f 1326//1326 1187//1187 1189//1189 
f 1326//1326 1189//1189 1328//1328 
f 1333//1333 1332//1332 1191//1191 
f 1191//1191 1332//1332 1189//1189 
f 1332//1332 1329//1329 1189//1189 
f 1329//1329 1328//1328 1189//1189 
f 1335//1335 1334//1334 1333//1333 
f 1333//1333 1334//1334 1332//1332 
f 1335//1335 1336//1336 1334//1334 
f 1338//1338 1337//1337 1193//1193 
f 1193//1193 1337//1337 1192//1192 
f 1193//1193 1185//1185 1330//1330 
f 1193//1193 1330//1330 1338//1338 
f 1194//1194 1333//1333 1191//1191 
f 1333//1333 1194//1194 1196//1196 
f 1333//1333 1196//1196 1335//1335 
f 1340//1340 1339//1339 1198//1198 
f 1198//1198 1339//1339 1196//1196 
f 1339//1339 1336//1336 1196//1196 
f 1336//1336 1335//1335 1196//1196 
f 1340//1340 1341//1341 1339//1339 
f 1337//1337 1199//1199 1192//1192 
f 1342//1342 1199//1199 1337//1337 
f 1201//1201 1340//1340 1198//1198 
f 1344//1344 1343//1343 1203//1203 
f 1203//1203 1343//1343 1201//1201 
f 1343//1343 1341//1341 1201//1201 
f 1341//1341 1340//1340 1201//1201 
f 1346//1346 1345//1345 1344//1344 
f 1344//1344 1345//1345 1343//1343 
f 1346//1346 1347//1347 1345//1345 
f 1349//1349 1348//1348 1205//1205 
f 1205//1205 1348//1348 1204//1204 
f 1205//1205 1199//1199 1342//1342 
f 1205//1205 1342//1342 1349//1349 
f 1206//1206 1344//1344 1203//1203 
f 1344//1344 1206//1206 1208//1208 
f 1344//1344 1208//1208 1346//1346 
f 1351//1351 1350//1350 1210//1210 
f 1210//1210 1350//1350 1208//1208 
f 1350//1350 1347//1347 1208//1208 
f 1347//1347 1346//1346 1208//1208 
f 1351//1351 1352//1352 1350//1350 
f 1348//1348 1211//1211 1204//1204 
f 1353//1353 1211//1211 1348//1348 
f 1212//1212 1351//1351 1210//1210 
f 1355//1355 1354//1354 1214//1214 
f 1214//1214 1354//1354 1212//1212 
f 1354//1354 1352//1352 1212//1212 
f 1352//1352 1351//1351 1212//1212 
f 1355//1355 1356//1356 1354//1354 
f 1353//1353 1215//1215 1211//1211 
f 1357//1357 1215//1215 1353//1353 
f 1216//1216 1355//1355 1214//1214 
f 1216//1216 1218//1218 1355//1355 
f 1218//1218 1356//1356 1355//1355 
f 1218//1218 1358//1358 1356//1356 
f 1357//1357 1219//1219 1215//1215 
f 1359//1359 1219//1219 1357//1357 
f 1221//1221 1358//1358 1218//1218 
f 1221//1221 1360//1360 1358//1358 
f 1362//1362 1222//1222 1361//1361 
f 1222//1222 1359//1359 1361//1361 
f 1222//1222 1219//1219 1359//1359 
f 1363//1363 1362//1362 1361//1361 
f 1223//1223 1360//1360 1221//1221 
f 1223//1223 1364//1364 1360//1360 
f 1362//1362 1224//1224 1222//1222 
f 1366//1366 1365//1365 1225//1225 
f 1366//1366 1225//1225 1224//1224 
f 1363//1363 1366//1366 1224//1224 
f 1362//1362 1363//1363 1224//1224 
f 1367//1367 1365//1365 1366//1366 
f 1227//1227 1368//1368 1226//1226 
f 1368//1368 1369//1369 1226//1226 
f 1369//1369 1223//1223 1226//1226 
f 1369//1369 1364//1364 1223//1223 
f 1365//1365 1228//1228 1225//1225 
f 1371//1371 1370//1370 1230//1230 
f 1371//1371 1230//1230 1228//1228 
f 1367//1367 1371//1371 1228//1228 
f 1365//1365 1367//1367 1228//1228 
f 1372//1372 1370//1370 1371//1371 
f 1374//1374 1373//1373 1368//1368 
f 1227//1227 1374//1374 1368//1368 
f 1231//1231 1374//1374 1227//1227 
f 1368//1368 1373//1373 1369//1369 
f 1370//1370 1233//1233 1230//1230 
f 1376//1376 1375//1375 1234//1234 
f 1376//1376 1234//1234 1233//1233 
f 1372//1372 1376//1376 1233//1233 
f 1370//1370 1372//1372 1233//1233 
f 1378//1378 1377//1377 1375//1375 
f 1378//1378 1375//1375 1376//1376 
f 1379//1379 1377//1377 1378//1378 
f 1381//1381 1380//1380 1235//1235 
f 1381//1381 1235//1235 1236//1236 
f 1231//1231 1235//1235 1374//1374 
f 1374//1374 1235//1235 1380//1380 
f 1375//1375 1238//1238 1234//1234 
f 1238//1238 1375//1375 1240//1240 
f 1240//1240 1375//1375 1377//1377 
f 1383//1383 1382//1382 1241//1241 
f 1383//1383 1241//1241 1240//1240 
f 1379//1379 1383//1383 1240//1240 
f 1377//1377 1379//1379 1240//1240 
f 1384//1384 1382//1382 1383//1383 
f 1242//1242 1381//1381 1236//1236 
f 1242//1242 1385//1385 1381//1381 
f 1382//1382 1244//1244 1241//1241 
f 1387//1387 1386//1386 1245//1245 
f 1387//1387 1245//1245 1244//1244 
f 1384//1384 1387//1387 1244//1244 
f 1382//1382 1384//1384 1244//1244 
f 1389//1389 1388//1388 1386//1386 
f 1389//1389 1386//1386 1387//1387 
f 1390//1390 1388//1388 1389//1389 
f 1392//1392 1391//1391 1246//1246 
f 1392//1392 1246//1246 1247//1247 
f 1242//1242 1246//1246 1385//1385 
f 1385//1385 1246//1246 1391//1391 
f 1386//1386 1249//1249 1245//1245 
f 1249//1249 1386//1386 1251//1251 
f 1251//1251 1386//1386 1388//1388 
f 1394//1394 1393//1393 1252//1252 
f 1394//1394 1252//1252 1251//1251 
f 1390//1390 1394//1394 1251//1251 
f 1388//1388 1390//1390 1251//1251 
f 1395//1395 1393//1393 1394//1394 
f 1397//1397 1396//1396 1254//1254 
f 1397//1397 1254//1254 1255//1255 
f 1247//1247 1254//1254 1392//1392 
f 1392//1392 1254//1254 1396//1396 
f 1393//1393 1257//1257 1252//1252 
f 1399//1399 1398//1398 1258//1258 
f 1399//1399 1258//1258 1257//1257 
f 1395//1395 1399//1399 1257//1257 
f 1393//1393 1395//1395 1257//1257 
f 1401//1401 1400//1400 1398//1398 
f 1401//1401 1398//1398 1399//1399 
f 1402//1402 1400//1400 1401//1401 
f 1259//1259 1397//1397 1255//1255 
f 1259//1259 1403//1403 1397//1397 
f 1398//1398 1261//1261 1258//1258 
f 1261//1261 1398//1398 1263//1263 
f 1263//1263 1398//1398 1400//1400 
f 1405//1405 1404//1404 1264//1264 
f 1405//1405 1264//1264 1263//1263 
f 1402//1402 1405//1405 1263//1263 
f 1400//1400 1402//1402 1263//1263 
f 1407//1407 1406//1406 1404//1404 
f 1407//1407 1404//1404 1405//1405 
f 1408//1408 1406//1406 1407//1407 
f 1410//1410 1409//1409 1265//1265 
f 1410//1410 1265//1265 1266//1266 
f 1259//1259 1265//1265 1403//1403 
f 1403//1403 1265//1265 1409//1409 
f 1404//1404 1268//1268 1264//1264 
f 1268//1268 1404//1404 1270//1270 
f 1270//1270 1404//1404 1406//1406 
f 1412//1412 1411//1411 1271//1271 
f 1412//1412 1271//1271 1270//1270 
f 1408//1408 1412//1412 1270//1270 
f 1406//1406 1408//1408 1270//1270 
f 1414//1414 1413//1413 1411//1411 
f 1414//1414 1411//1411 1412//1412 
f 1415//1415 1413//1413 1414//1414 
f 1417//1417 1416//1416 1272//1272 
f 1417//1417 1272//1272 1273//1273 
f 1266//1266 1272//1272 1410//1410 
f 1410//1410 1272//1272 1416//1416 
f 1411//1411 1274//1274 1271//1271 
f 1274//1274 1411//1411 1276//1276 
f 1276//1276 1411//1411 1413//1413 
f 1415//1415 1418//1418 1413//1413 
f 1418//1418 1276//1276 1413//1413 
f 1418//1418 1278//1278 1276//1276 
f 1420//1420 1419//1419 1279//1279 
f 1278//1278 1420//1420 1279//1279 
f 1418//1418 1420//1420 1278//1278 
f 1422//1422 1421//1421 1419//1419 
f 1422//1422 1419//1419 1420//1420 
f 1280//1280 1281//1281 1421//1421 
f 1422//1422 1280//1280 1421//1421 
f 1423//1423 1280//1280 1422//1422 
f 1280//1280 1424//1424 1282//1282 
f 1423//1423 1424//1424 1280//1280 
f 1273//1273 1282//1282 1417//1417 
f 1417//1417 1282//1282 1424//1424 
f 1419//1419 1283//1283 1279//1279 
f 1283//1283 1419//1419 1284//1284 
f 1284//1284 1419//1419 1421//1421 
f 1284//1284 1421//1421 1281//1281 
f 1426//1426 1425//1425 1287//1287 
f 1287//1287 1425//1425 1286//1286 
f 1427//1427 1287//1287 1288//1288 
f 1427//1427 1426//1426 1287//1287 
f 1428//1428 1288//1288 1290//1290 
f 1428//1428 1427//1427 1288//1288 
f 1430//1430 1429//1429 1292//1292 
f 1429//1429 1290//1290 1292//1292 
f 1429//1429 1428//1428 1290//1290 
f 1432//1432 1431//1431 1430//1430 
f 1430//1430 1431//1431 1429//1429 
f 1432//1432 1433//1433 1431//1431 
f 1435//1435 1434//1434 1294//1294 
f 1294//1294 1434//1434 1293//1293 
f 1294//1294 1286//1286 1425//1425 
f 1294//1294 1425//1425 1435//1435 
f 1295//1295 1430//1430 1292//1292 
f 1430//1430 1295//1295 1297//1297 
f 1430//1430 1297//1297 1432//1432 
f 1437//1437 1436//1436 1299//1299 
f 1299//1299 1436//1436 1297//1297 
f 1436//1436 1433//1433 1297//1297 
f 1433//1433 1432//1432 1297//1297 
f 1439//1439 1438//1438 1437//1437 
f 1437//1437 1438//1438 1436//1436 
f 1439//1439 1440//1440 1438//1438 
f 1442//1442 1441//1441 1301//1301 
f 1301//1301 1441//1441 1300//1300 
f 1301//1301 1293//1293 1434//1434 
f 1301//1301 1434//1434 1442//1442 
f 1302//1302 1437//1437 1299//1299 
f 1437//1437 1302//1302 1304//1304 
f 1437//1437 1304//1304 1439//1439 
f 1444//1444 1443//1443 1306//1306 
f 1306//1306 1443//1443 1304//1304 
f 1443//1443 1440//1440 1304//1304 
f 1440//1440 1439//1439 1304//1304 
f 1446//1446 1445//1445 1444//1444 
f 1444//1444 1445//1445 1443//1443 
f 1446//1446 1447//1447 1445//1445 
f 1449//1449 1448//1448 1309//1309 
f 1309//1309 1448//1448 1308//1308 
f 1309//1309 1300//1300 1441//1441 
f 1309//1309 1441//1441 1449//1449 
f 1311//1311 1444//1444 1306//1306 
f 1444//1444 1311//1311 1313//1313 
f 1450//1450 1444//1444 1313//1313 
f 1446//1446 1444//1444 1450//1450 
f 1447//1447 1446//1446 1451//1451 
f 1446//1446 1452//1452 1451//1451 
f 1446//1446 1450//1450 1452//1452 
f 1452//1452 1453//1453 1451//1451 
f 1448//1448 1314//1314 1308//1308 
f 1454//1454 1314//1314 1448//1448 
f 1315//1315 1450//1450 1313//1313 
f 1450//1450 1315//1315 1317//1317 
f 1455//1455 1450//1450 1317//1317 
f 1452//1452 1450//1450 1455//1455 
f 1453//1453 1452//1452 1456//1456 
f 1452//1452 1457//1457 1456//1456 
f 1452//1452 1455//1455 1457//1457 
f 1457//1457 1458//1458 1456//1456 
f 1460//1460 1459//1459 1319//1319 
f 1319//1319 1459//1459 1318//1318 
f 1319//1319 1314//1314 1454//1454 
f 1319//1319 1454//1454 1460//1460 
f 1320//1320 1455//1455 1317//1317 
f 1455//1455 1320//1320 1322//1322 
f 1455//1455 1322//1322 1457//1457 
f 1462//1462 1461//1461 1324//1324 
f 1324//1324 1461//1461 1322//1322 
f 1461//1461 1458//1458 1322//1322 
f 1458//1458 1457//1457 1322//1322 
f 1462//1462 1463//1463 1461//1461 
f 1459//1459 1325//1325 1318//1318 
f 1464//1464 1325//1325 1459//1459 
f 1327//1327 1462//1462 1324//1324 
f 1466//1466 1465//1465 1329//1329 
f 1329//1329 1465//1465 1327//1327 
f 1465//1465 1463//1463 1327//1327 
f 1463//1463 1462//1462 1327//1327 
f 1468//1468 1467//1467 1466//1466 
f 1466//1466 1467//1467 1465//1465 
f 1468//1468 1469//1469 1467//1467 
f 1471//1471 1470//1470 1331//1331 
f 1331//1331 1470//1470 1330//1330 
f 1331//1331 1325//1325 1464//1464 
f 1331//1331 1464//1464 1471//1471 
f 1332//1332 1466//1466 1329//1329 
f 1466//1466 1332//1332 1334//1334 
f 1466//1466 1334//1334 1468//1468 
f 1473//1473 1472//1472 1336//1336 
f 1336//1336 1472//1472 1334//1334 
f 1472//1472 1469//1469 1334//1334 
f 1469//1469 1468//1468 1334//1334 
f 1475//1475 1474//1474 1473//1473 
f 1473//1473 1474//1474 1472//1472 
f 1475//1475 1476//1476 1474//1474 
f 1478//1478 1477//1477 1338//1338 
f 1338//1338 1477//1477 1337//1337 
f 1338//1338 1330//1330 1470//1470 
f 1338//1338 1470//1470 1478//1478 
f 1339//1339 1473//1473 1336//1336 
f 1473//1473 1339//1339 1341//1341 
f 1479//1479 1473//1473 1341//1341 
f 1475//1475 1473//1473 1479//1479 
f 1476//1476 1475//1475 1480//1480 
f 1475//1475 1481//1481 1480//1480 
f 1475//1475 1479//1479 1481//1481 
f 1481//1481 1482//1482 1480//1480 
f 1477//1477 1342//1342 1337//1337 
f 1483//1483 1342//1342 1477//1477 
f 1343//1343 1479//1479 1341//1341 
f 1479//1479 1343//1343 1345//1345 
f 1479//1479 1345//1345 1481//1481 
f 1485//1485 1484//1484 1347//1347 
f 1347//1347 1484//1484 1345//1345 
f 1484//1484 1482//1482 1345//1345 
f 1482//1482 1481//1481 1345//1345 
f 1485//1485 1486//1486 1484//1484 
f 1488//1488 1487//1487 1349//1349 
f 1349//1349 1487//1487 1348//1348 
f 1349//1349 1342//1342 1483//1483 
f 1349//1349 1483//1483 1488//1488 
f 1350//1350 1485//1485 1347//1347 
f 1350//1350 1352//1352 1485//1485 
f 1352//1352 1486//1486 1485//1485 
f 1352//1352 1489//1489 1486//1486 
f 1487//1487 1353//1353 1348//1348 
f 1490//1490 1353//1353 1487//1487 
f 1491//1491 1489//1489 1352//1352 
f 1491//1491 1352//1352 1354//1354 
f 1354//1354 1356//1356 1491//1491 
f 1491//1491 1356//1356 1492//1492 
f 1490//1490 1357//1357 1353//1353 
f 1493//1493 1357//1357 1490//1490 
f 1358//1358 1492//1492 1356//1356 
f 1358//1358 1494//1494 1492//1492 
f 1496//1496 1359//1359 1495//1495 
f 1359//1359 1493//1493 1495//1495 
f 1359//1359 1357//1357 1493//1493 
f 1497//1497 1496//1496 1495//1495 
f 1360//1360 1494//1494 1358//1358 
f 1360//1360 1498//1498 1494//1494 
f 1496//1496 1361//1361 1359//1359 
f 1500//1500 1499//1499 1363//1363 
f 1500//1500 1363//1363 1361//1361 
f 1497//1497 1500//1500 1361//1361 
f 1496//1496 1497//1497 1361//1361 
f 1501//1501 1499//1499 1500//1500 
f 1364//1364 1498//1498 1360//1360 
f 1364//1364 1502//1502 1498//1498 
f 1499//1499 1366//1366 1363//1363 
f 1504//1504 1503//1503 1367//1367 
f 1504//1504 1367//1367 1366//1366 
f 1501//1501 1504//1504 1366//1366 
f 1499//1499 1501//1501 1366//1366 
f 1506//1506 1505//1505 1503//1503 
f 1506//1506 1503//1503 1504//1504 
f 1507//1507 1505//1505 1506//1506 
f 1369//1369 1502//1502 1364//1364 
f 1369//1369 1508//1508 1502//1502 
f 1503//1503 1371//1371 1367//1367 
f 1371//1371 1503//1503 1372//1372 
f 1503//1503 1509//1509 1372//1372 
f 1503//1503 1505//1505 1509//1509 
f 1505//1505 1507//1507 1510//1510 
f 1511//1511 1505//1505 1510//1510 
f 1509//1509 1505//1505 1511//1511 
f 1512//1512 1511//1511 1510//1510 
f 1514//1514 1513//1513 1373//1373 
f 1514//1514 1373//1373 1374//1374 
f 1369//1369 1373//1373 1508//1508 
f 1508//1508 1373//1373 1513//1513 
f 1509//1509 1376//1376 1372//1372 
f 1376//1376 1509//1509 1378//1378 
f 1378//1378 1509//1509 1511//1511 
f 1516//1516 1515//1515 1379//1379 
f 1516//1516 1379//1379 1378//1378 
f 1512//1512 1516//1516 1378//1378 
f 1511//1511 1512//1512 1378//1378 
f 1517//1517 1515//1515 1516//1516 
f 1519//1519 1518//1518 1380//1380 
f 1519//1519 1380//1380 1381//1381 
f 1374//1374 1380//1380 1514//1514 
f 1514//1514 1380//1380 1518//1518 
f 1515//1515 1383//1383 1379//1379 
f 1521//1521 1520//1520 1384//1384 
f 1521//1521 1384//1384 1383//1383 
f 1517//1517 1521//1521 1383//1383 
f 1515//1515 1517//1517 1383//1383 
f 1523//1523 1522//1522 1520//1520 
f 1523//1523 1520//1520 1521//1521 
f 1524//1524 1522//1522 1523//1523 
f 1385//1385 1519//1519 1381//1381 
f 1385//1385 1525//1525 1519//1519 
f 1520//1520 1387//1387 1384//1384 
f 1387//1387 1520//1520 1389//1389 
f 1389//1389 1520//1520 1522//1522 
f 1527//1527 1526//1526 1390//1390 
f 1527//1527 1390//1390 1389//1389 
f 1524//1524 1527//1527 1389//1389 
f 1522//1522 1524//1524 1389//1389 
f 1529//1529 1528//1528 1526//1526 
f 1529//1529 1526//1526 1527//1527 
f 1530//1530 1528//1528 1529//1529 
f 1532//1532 1531//1531 1391//1391 
f 1532//1532 1391//1391 1392//1392 
f 1385//1385 1391//1391 1525//1525 
f 1525//1525 1391//1391 1531//1531 
f 1526//1526 1394//1394 1390//1390 
f 1394//1394 1526//1526 1395//1395 
f 1526//1526 1533//1533 1395//1395 
f 1526//1526 1528//1528 1533//1533 
f 1528//1528 1530//1530 1534//1534 
f 1535//1535 1528//1528 1534//1534 
f 1533//1533 1528//1528 1535//1535 
f 1536//1536 1535//1535 1534//1534 
f 1538//1538 1537//1537 1396//1396 
f 1538//1538 1396//1396 1397//1397 
f 1392//1392 1396//1396 1532//1532 
f 1532//1532 1396//1396 1537//1537 
f 1533//1533 1399//1399 1395//1395 
f 1399//1399 1533//1533 1401//1401 
f 1401//1401 1533//1533 1535//1535 
f 1540//1540 1539//1539 1402//1402 
f 1540//1540 1402//1402 1401//1401 
f 1536//1536 1540//1540 1401//1401 
f 1535//1535 1536//1536 1401//1401 
f 1542//1542 1541//1541 1539//1539 
f 1542//1542 1539//1539 1540//1540 
f 1543//1543 1541//1541 1542//1542 
f 1546//1546 1545//1545 1544//1544 
f 1545//1545 1538//1538 1544//1544 
f 1538//1538 1403//1403 1544//1544 
f 1538//1538 1397//1397 1403//1403 
f 1539//1539 1405//1405 1402//1402 
f 1405//1405 1539//1539 1407//1407 
f 1407//1407 1539//1539 1541//1541 
f 1548//1548 1547//1547 1408//1408 
f 1548//1548 1408//1408 1407//1407 
f 1543//1543 1548//1548 1407//1407 
f 1541//1541 1543//1543 1407//1407 
f 1550//1550 1549//1549 1547//1547 
f 1550//1550 1547//1547 1548//1548 
f 1551//1551 1549//1549 1550//1550 
f 1546//1546 1544//1544 1409//1409 
f 1410//1410 1546//1546 1409//1409 
f 1552//1552 1546//1546 1410//1410 
f 1409//1409 1544//1544 1403//1403 
f 1547//1547 1412//1412 1408//1408 
f 1412//1412 1547//1547 1414//1414 
f 1414//1414 1547//1547 1549//1549 
f 1554//1554 1553//1553 1415//1415 
f 1554//1554 1415//1415 1414//1414 
f 1551//1551 1554//1554 1414//1414 
f 1549//1549 1551//1551 1414//1414 
f 1556//1556 1555//1555 1553//1553 
f 1556//1556 1553//1553 1554//1554 
f 1557//1557 1555//1555 1556//1556 
f 1560//1560 1559//1559 1558//1558 
f 1416//1416 1417//1417 1558//1558 
f 1559//1559 1416//1416 1558//1558 
f 1561//1561 1416//1416 1559//1559 
f 1410//1410 1416//1416 1552//1552 
f 1552//1552 1416//1416 1561//1561 
f 1553//1553 1418//1418 1415//1415 
f 1418//1418 1553//1553 1420//1420 
f 1420//1420 1553//1553 1555//1555 
f 1557//1557 1562//1562 1555//1555 
f 1562//1562 1420//1420 1555//1555 
f 1562//1562 1422//1422 1420//1420 
f 1422//1422 1563//1563 1423//1423 
f 1562//1562 1563//1563 1422//1422 
f 1558//1558 1424//1424 1560//1560 
f 1424//1424 1563//1563 1560//1560 
f 1424//1424 1423//1423 1563//1563 
f 1424//1424 1558//1558 1417//1417 
f 1565//1565 1564//1564 1426//1426 
f 1426//1426 1564//1564 1425//1425 
f 1566//1566 1426//1426 1427//1427 
f 1566//1566 1565//1565 1426//1426 
f 1567//1567 1427//1427 1428//1428 
f 1567//1567 1566//1566 1427//1427 
f 1568//1568 1428//1428 1429//1429 
f 1568//1568 1567//1567 1428//1428 
f 1569//1569 1429//1429 1431//1431 
f 1569//1569 1568//1568 1429//1429 
f 1571//1571 1570//1570 1433//1433 
f 1570//1570 1431//1431 1433//1433 
f 1570//1570 1569//1569 1431//1431 
f 1571//1571 1572//1572 1570//1570 
f 1574//1574 1573//1573 1435//1435 
f 1435//1435 1573//1573 1434//1434 
f 1435//1435 1425//1425 1564//1564 
f 1435//1435 1564//1564 1574//1574 
f 1436//1436 1571//1571 1433//1433 
f 1575//1575 1572//1572 1571//1571 
f 1436//1436 1575//1575 1571//1571 
f 1438//1438 1575//1575 1436//1436 
f 1577//1577 1576//1576 1440//1440 
f 1576//1576 1438//1438 1440//1440 
f 1576//1576 1575//1575 1438//1438 
f 1579//1579 1578//1578 1577//1577 
f 1577//1577 1578//1578 1576//1576 
f 1579//1579 1580//1580 1578//1578 
f 1582//1582 1581//1581 1442//1442 
f 1442//1442 1581//1581 1441//1441 
f 1442//1442 1434//1434 1573//1573 
f 1442//1442 1573//1573 1582//1582 
f 1443//1443 1577//1577 1440//1440 
f 1577//1577 1443//1443 1445//1445 
f 1577//1577 1445//1445 1579//1579 
f 1584//1584 1583//1583 1447//1447 
f 1447//1447 1583//1583 1445//1445 
f 1583//1583 1580//1580 1445//1445 
f 1580//1580 1579//1579 1445//1445 
f 1584//1584 1585//1585 1583//1583 
f 1587//1587 1586//1586 1449//1449 
f 1449//1449 1586//1586 1448//1448 
f 1449//1449 1441//1441 1581//1581 
f 1449//1449 1581//1581 1587//1587 
f 1451//1451 1584//1584 1447//1447 
f 1589//1589 1588//1588 1453//1453 
f 1453//1453 1588//1588 1451//1451 
f 1588//1588 1585//1585 1451//1451 
f 1585//1585 1584//1584 1451//1451 
f 1589//1589 1590//1590 1588//1588 
f 1586//1586 1454//1454 1448//1448 
f 1591//1591 1454//1454 1586//1586 
f 1456//1456 1589//1589 1453//1453 
f 1593//1593 1592//1592 1458//1458 
f 1458//1458 1592//1592 1456//1456 
f 1592//1592 1590//1590 1456//1456 
f 1590//1590 1589//1589 1456//1456 
f 1595//1595 1594//1594 1593//1593 
f 1593//1593 1594//1594 1592//1592 
f 1595//1595 1596//1596 1594//1594 
f 1598//1598 1597//1597 1460//1460 
f 1460//1460 1597//1597 1459//1459 
f 1460//1460 1454//1454 1591//1591 
f 1460//1460 1591//1591 1598//1598 
f 1461//1461 1593//1593 1458//1458 
f 1593//1593 1461//1461 1463//1463 
f 1599//1599 1593//1593 1463//1463 
f 1595//1595 1593//1593 1599//1599 
f 1596//1596 1595//1595 1600//1600 
f 1595//1595 1601//1601 1600//1600 
f 1595//1595 1599//1599 1601//1601 
f 1601//1601 1602//1602 1600//1600 
f 1597//1597 1464//1464 1459//1459 
f 1603//1603 1464//1464 1597//1597 
f 1465//1465 1599//1599 1463//1463 
f 1599//1599 1465//1465 1467//1467 
f 1599//1599 1467//1467 1601//1601 
f 1605//1605 1604//1604 1469//1469 
f 1469//1469 1604//1604 1467//1467 
f 1604//1604 1602//1602 1467//1467 
f 1602//1602 1601//1601 1467//1467 
f 1607//1607 1606//1606 1605//1605 
f 1605//1605 1606//1606 1604//1604 
f 1607//1607 1608//1608 1606//1606 
f 1610//1610 1609//1609 1471//1471 
f 1471//1471 1609//1609 1470//1470 
f 1471//1471 1464//1464 1603//1603 
f 1471//1471 1603//1603 1610//1610 
f 1472//1472 1605//1605 1469//1469 
f 1605//1605 1472//1472 1474//1474 
f 1605//1605 1474//1474 1607//1607 
f 1612//1612 1611//1611 1476//1476 
f 1476//1476 1611//1611 1474//1474 
f 1611//1611 1608//1608 1474//1474 
f 1608//1608 1607//1607 1474//1474 
f 1612//1612 1613//1613 1611//1611 
f 1615//1615 1614//1614 1478//1478 
f 1478//1478 1614//1614 1477//1477 
f 1478//1478 1470//1470 1609//1609 
f 1478//1478 1609//1609 1615//1615 
f 1480//1480 1612//1612 1476//1476 
f 1480//1480 1482//1482 1612//1612 
f 1482//1482 1613//1613 1612//1612 
f 1482//1482 1616//1616 1613//1613 
f 1614//1614 1483//1483 1477//1477 
f 1617//1617 1483//1483 1614//1614 
f 1618//1618 1616//1616 1482//1482 
f 1618//1618 1482//1482 1484//1484 
f 1484//1484 1486//1486 1618//1618 
f 1618//1618 1486//1486 1619//1619 
f 1620//1620 1487//1487 1488//1488 
f 1621//1621 1620//1620 1488//1488 
f 1483//1483 1621//1621 1488//1488 
f 1617//1617 1621//1621 1483//1483 
f 1489//1489 1623//1623 1622//1622 
f 1619//1619 1489//1489 1622//1622 
f 1486//1486 1489//1489 1619//1619 
f 1623//1623 1624//1624 1622//1622 
f 1625//1625 1490//1490 1620//1620 
f 1620//1620 1490//1490 1487//1487 
f 1620//1620 1621//1621 1626//1626 
f 1620//1620 1626//1626 1625//1625 
f 1491//1491 1623//1623 1489//1489 
f 1491//1491 1492//1492 1623//1623 
f 1492//1492 1624//1624 1623//1623 
f 1492//1492 1627//1627 1624//1624 
f 1628//1628 1493//1493 1625//1625 
f 1625//1625 1493//1493 1490//1490 
f 1625//1625 1626//1626 1629//1629 
f 1625//1625 1629//1629 1628//1628 
f 1494//1494 1627//1627 1492//1492 
f 1494//1494 1630//1630 1627//1627 
f 1628//1628 1495//1495 1493//1493 
f 1632//1632 1631//1631 1497//1497 
f 1632//1632 1497//1497 1495//1495 
f 1629//1629 1632//1632 1495//1495 
f 1628//1628 1629//1629 1495//1495 
f 1634//1634 1633//1633 1631//1631 
f 1634//1634 1631//1631 1632//1632 
f 1635//1635 1633//1633 1634//1634 
f 1498//1498 1630//1630 1494//1494 
f 1498//1498 1636//1636 1630//1630 
f 1631//1631 1500//1500 1497//1497 
f 1500//1500 1631//1631 1501//1501 
f 1631//1631 1637//1637 1501//1501 
f 1631//1631 1633//1633 1637//1637 
f 1633//1633 1635//1635 1638//1638 
f 1639//1639 1633//1633 1638//1638 
f 1637//1637 1633//1633 1639//1639 
f 1640//1640 1639//1639 1638//1638 
f 1502//1502 1636//1636 1498//1498 
f 1502//1502 1641//1641 1636//1636 
f 1637//1637 1504//1504 1501//1501 
f 1504//1504 1637//1637 1506//1506 
f 1506//1506 1637//1637 1639//1639 
f 1643//1643 1642//1642 1507//1507 
f 1643//1643 1507//1507 1506//1506 
f 1640//1640 1643//1643 1506//1506 
f 1639//1639 1640//1640 1506//1506 
f 1644//1644 1642//1642 1643//1643 
f 1647//1647 1646//1646 1645//1645 
f 1646//1646 1641//1641 1645//1645 
f 1641//1641 1508//1508 1645//1645 
f 1641//1641 1502//1502 1508//1508 
f 1642//1642 1510//1510 1507//1507 
f 1649//1649 1648//1648 1512//1512 
f 1649//1649 1512//1512 1510//1510 
f 1644//1644 1649//1649 1510//1510 
f 1642//1642 1644//1644 1510//1510 
f 1650//1650 1648//1648 1649//1649 
f 1647//1647 1645//1645 1513//1513 
f 1514//1514 1647//1647 1513//1513 
f 1651//1651 1647//1647 1514//1514 
f 1513//1513 1645//1645 1508//1508 
f 1648//1648 1516//1516 1512//1512 
f 1653//1653 1652//1652 1517//1517 
f 1653//1653 1517//1517 1516//1516 
f 1650//1650 1653//1653 1516//1516 
f 1648//1648 1650//1650 1516//1516 
f 1655//1655 1654//1654 1652//1652 
f 1655//1655 1652//1652 1653//1653 
f 1656//1656 1654//1654 1655//1655 
f 1658//1658 1657//1657 1518//1518 
f 1658//1658 1518//1518 1519//1519 
f 1514//1514 1518//1518 1651//1651 
f 1651//1651 1518//1518 1657//1657 
f 1652//1652 1521//1521 1517//1517 
f 1521//1521 1652//1652 1523//1523 
f 1523//1523 1652//1652 1654//1654 
f 1660//1660 1659//1659 1524//1524 
f 1660//1660 1524//1524 1523//1523 
f 1656//1656 1660//1660 1523//1523 
f 1654//1654 1656//1656 1523//1523 
f 1662//1662 1661//1661 1659//1659 
f 1662//1662 1659//1659 1660//1660 
f 1663//1663 1661//1661 1662//1662 
f 1525//1525 1658//1658 1519//1519 
f 1525//1525 1664//1664 1658//1658 
f 1659//1659 1527//1527 1524//1524 
f 1527//1527 1659//1659 1529//1529 
f 1529//1529 1659//1659 1661//1661 
f 1666//1666 1665//1665 1530//1530 
f 1666//1666 1530//1530 1529//1529 
f 1663//1663 1666//1666 1529//1529 
f 1661//1661 1663//1663 1529//1529 
f 1667//1667 1665//1665 1666//1666 
f 1669//1669 1668//1668 1531//1531 
f 1669//1669 1531//1531 1532//1532 
f 1525//1525 1531//1531 1664//1664 
f 1664//1664 1531//1531 1668//1668 
f 1665//1665 1534//1534 1530//1530 
f 1671//1671 1670//1670 1536//1536 
f 1671//1671 1536//1536 1534//1534 
f 1667//1667 1671//1671 1534//1534 
f 1665//1665 1667//1667 1534//1534 
f 1673//1673 1672//1672 1670//1670 
f 1673//1673 1670//1670 1671//1671 
f 1674//1674 1672//1672 1673//1673 
f 1676//1676 1675//1675 1537//1537 
f 1676//1676 1537//1537 1538//1538 
f 1532//1532 1537//1537 1669//1669 
f 1669//1669 1537//1537 1675//1675 
f 1670//1670 1540//1540 1536//1536 
f 1540//1540 1670//1670 1542//1542 
f 1542//1542 1670//1670 1672//1672 
f 1678//1678 1677//1677 1543//1543 
f 1678//1678 1543//1543 1542//1542 
f 1674//1674 1678//1678 1542//1542 
f 1672//1672 1674//1674 1542//1542 
f 1680//1680 1679//1679 1677//1677 
f 1680//1680 1677//1677 1678//1678 
f 1681//1681 1679//1679 1680//1680 
f 1683//1683 1682//1682 1545//1545 
f 1683//1683 1545//1545 1546//1546 
f 1538//1538 1545//1545 1676//1676 
f 1676//1676 1545//1545 1682//1682 
f 1677//1677 1548//1548 1543//1543 
f 1548//1548 1677//1677 1550//1550 
f 1550//1550 1677//1677 1679//1679 
f 1685//1685 1684//1684 1551//1551 
f 1685//1685 1551//1551 1550//1550 
f 1681//1681 1685//1685 1550//1550 
f 1679//1679 1681//1681 1550//1550 
f 1687//1687 1686//1686 1684//1684 
f 1687//1687 1684//1684 1685//1685 
f 1688//1688 1686//1686 1687//1687 
f 1691//1691 1690//1690 1689//1689 
f 1690//1690 1683//1683 1689//1689 
f 1683//1683 1552//1552 1689//1689 
f 1683//1683 1546//1546 1552//1552 
f 1684//1684 1554//1554 1551//1551 
f 1554//1554 1684//1684 1556//1556 
f 1556//1556 1684//1684 1686//1686 
f 1693//1693 1692//1692 1557//1557 
f 1693//1693 1557//1557 1556//1556 
f 1688//1688 1693//1693 1556//1556 
f 1686//1686 1688//1688 1556//1556 
f 1695//1695 1694//1694 1692//1692 
f 1695//1695 1692//1692 1693//1693 
f 1559//1559 1560//1560 1694//1694 
f 1695//1695 1559//1559 1694//1694 
f 1696//1696 1559//1559 1695//1695 
f 1689//1689 1561//1561 1691//1691 
f 1561//1561 1696//1696 1691//1691 
f 1561//1561 1559//1559 1696//1696 
f 1561//1561 1689//1689 1552//1552 
f 1692//1692 1562//1562 1557//1557 
f 1562//1562 1692//1692 1563//1563 
f 1563//1563 1692//1692 1694//1694 
f 1563//1563 1694//1694 1560//1560 
f 1697//1697 1564//1564 1565//1565 
f 1697//1697 1565//1565 1698//1698 
f 1565//1565 1699//1699 1698//1698 
f 1565//1565 1566//1566 1699//1699 
f 1700//1700 1566//1566 1567//1567 
f 1700//1700 1699//1699 1566//1566 
f 1701//1701 1567//1567 1568//1568 
f 1701//1701 1700//1700 1567//1567 
f 1702//1702 1568//1568 1569//1569 
f 1702//1702 1701//1701 1568//1568 
f 1703//1703 1569//1569 1570//1570 
f 1703//1703 1702//1702 1569//1569 
f 1705//1705 1704//1704 1572//1572 
f 1704//1704 1570//1570 1572//1572 
f 1704//1704 1703//1703 1570//1570 
f 1707//1707 1706//1706 1705//1705 
f 1705//1705 1706//1706 1704//1704 
f 1707//1707 1708//1708 1706//1706 
f 1710//1710 1709//1709 1574//1574 
f 1574//1574 1709//1709 1573//1573 
f 1574//1574 1564//1564 1697//1697 
f 1711//1711 1574//1574 1697//1697 
f 1710//1710 1574//1574 1711//1711 
f 1711//1711 1697//1697 1698//1698 
f 1575//1575 1705//1705 1572//1572 
f 1705//1705 1575//1575 1576//1576 
f 1705//1705 1576//1576 1707//1707 
f 1712//1712 1708//1708 1707//1707 
f 1576//1576 1712//1712 1707//1707 
f 1578//1578 1712//1712 1576//1576 
f 1714//1714 1713//1713 1580//1580 
f 1713//1713 1578//1578 1580//1580 
f 1713//1713 1712//1712 1578//1578 
f 1714//1714 1715//1715 1713//1713 
f 1717//1717 1716//1716 1582//1582 
f 1582//1582 1716//1716 1581//1581 
f 1582//1582 1573//1573 1709//1709 
f 1582//1582 1709//1709 1717//1717 
f 1583//1583 1714//1714 1580//1580 
f 1719//1719 1718//1718 1585//1585 
f 1585//1585 1718//1718 1583//1583 
f 1718//1718 1715//1715 1583//1583 
f 1715//1715 1714//1714 1583//1583 
f 1721//1721 1720//1720 1719//1719 
f 1719//1719 1720//1720 1718//1718 
f 1721//1721 1722//1722 1720//1720 
f 1724//1724 1723//1723 1587//1587 
f 1587//1587 1723//1723 1586//1586 
f 1587//1587 1581//1581 1716//1716 
f 1587//1587 1716//1716 1724//1724 
f 1588//1588 1719//1719 1585//1585 
f 1719//1719 1588//1588 1590//1590 
f 1725//1725 1719//1719 1590//1590 
f 1721//1721 1719//1719 1725//1725 
f 1722//1722 1721//1721 1726//1726 
f 1721//1721 1727//1727 1726//1726 
f 1721//1721 1725//1725 1727//1727 
f 1727//1727 1728//1728 1726//1726 
f 1723//1723 1591//1591 1586//1586 
f 1729//1729 1591//1591 1723//1723 
f 1592//1592 1725//1725 1590//1590 
f 1725//1725 1592//1592 1594//1594 
f 1725//1725 1594//1594 1727//1727 
f 1731//1731 1730//1730 1596//1596 
f 1596//1596 1730//1730 1594//1594 
f 1730//1730 1728//1728 1594//1594 
f 1728//1728 1727//1727 1594//1594 
f 1731//1731 1732//1732 1730//1730 
f 1734//1734 1733//1733 1598//1598 
f 1598//1598 1733//1733 1597//1597 
f 1598//1598 1591//1591 1729//1729 
f 1598//1598 1729//1729 1734//1734 
f 1600//1600 1731//1731 1596//1596 
f 1736//1736 1735//1735 1602//1602 
f 1602//1602 1735//1735 1600//1600 
f 1735//1735 1732//1732 1600//1600 
f 1732//1732 1731//1731 1600//1600 
f 1736//1736 1737//1737 1735//1735 
f 1740//1740 1739//1739 1738//1738 
f 1733//1733 1740//1740 1738//1738 
f 1603//1603 1733//1733 1738//1738 
f 1597//1597 1733//1733 1603//1603 
f 1604//1604 1736//1736 1602//1602 
f 1741//1741 1737//1737 1736//1736 
f 1604//1604 1741//1741 1736//1736 
f 1606//1606 1741//1741 1604//1604 
f 1606//1606 1608//1608 1741//1741 
f 1741//1741 1608//1608 1742//1742 
f 1738//1738 1739//1739 1610//1610 
f 1739//1739 1609//1609 1610//1610 
f 1739//1739 1743//1743 1609//1609 
f 1738//1738 1610//1610 1603//1603 
f 1744//1744 1742//1742 1608//1608 
f 1744//1744 1608//1608 1611//1611 
f 1611//1611 1613//1613 1744//1744 
f 1744//1744 1613//1613 1745//1745 
f 1747//1747 1746//1746 1615//1615 
f 1615//1615 1746//1746 1614//1614 
f 1615//1615 1609//1609 1743//1743 
f 1615//1615 1743//1743 1747//1747 
f 1616//1616 1745//1745 1613//1613 
f 1616//1616 1748//1748 1745//1745 
f 1746//1746 1617//1617 1614//1614 
f 1749//1749 1617//1617 1746//1746 
f 1750//1750 1748//1748 1616//1616 
f 1750//1750 1616//1616 1618//1618 
f 1618//1618 1619//1619 1750//1750 
f 1750//1750 1619//1619 1751//1751 
f 1749//1749 1621//1621 1617//1617 
f 1752//1752 1621//1621 1749//1749 
f 1619//1619 1622//1622 1753//1753 
f 1754//1754 1619//1619 1753//1753 
f 1751//1751 1619//1619 1754//1754 
f 1624//1624 1753//1753 1622//1622 
f 1756//1756 1626//1626 1755//1755 
f 1626//1626 1752//1752 1755//1755 
f 1626//1626 1621//1621 1752//1752 
f 1757//1757 1756//1756 1755//1755 
f 1758//1758 1754//1754 1753//1753 
f 1753//1753 1624//1624 1758//1758 
f 1624//1624 1759//1759 1758//1758 
f 1624//1624 1627//1627 1759//1759 
f 1760//1760 1629//1629 1756//1756 
f 1756//1756 1629//1629 1626//1626 
f 1756//1756 1757//1757 1761//1761 
f 1762//1762 1756//1756 1761//1761 
f 1760//1760 1756//1756 1762//1762 
f 1763//1763 1762//1762 1761//1761 
f 1630//1630 1759//1759 1627//1627 
f 1630//1630 1764//1764 1759//1759 
f 1760//1760 1632//1632 1629//1629 
f 1632//1632 1760//1760 1634//1634 
f 1634//1634 1760//1760 1762//1762 
f 1766//1766 1765//1765 1635//1635 
f 1766//1766 1635//1635 1634//1634 
f 1763//1763 1766//1766 1634//1634 
f 1762//1762 1763//1763 1634//1634 
f 1767//1767 1765//1765 1766//1766 
f 1636//1636 1764//1764 1630//1630 
f 1636//1636 1768//1768 1764//1764 
f 1765//1765 1638//1638 1635//1635 
f 1770//1770 1769//1769 1640//1640 
f 1770//1770 1640//1640 1638//1638 
f 1767//1767 1770//1770 1638//1638 
f 1765//1765 1767//1767 1638//1638 
f 1771//1771 1769//1769 1770//1770 
f 1774//1774 1773//1773 1772//1772 
f 1773//1773 1768//1768 1772//1772 
f 1768//1768 1641//1641 1772//1772 
f 1768//1768 1636//1636 1641//1641 
f 1769//1769 1643//1643 1640//1640 
f 1776//1776 1775//1775 1644//1644 
f 1776//1776 1644//1644 1643//1643 
f 1771//1771 1776//1776 1643//1643 
f 1769//1769 1771//1771 1643//1643 
f 1778//1778 1777//1777 1775//1775 
f 1778//1778 1775//1775 1776//1776 
f 1779//1779 1777//1777 1778//1778 
f 1774//1774 1772//1772 1646//1646 
f 1647//1647 1774//1774 1646//1646 
f 1780//1780 1774//1774 1647//1647 
f 1646//1646 1772//1772 1641//1641 
f 1775//1775 1649//1649 1644//1644 
f 1649//1649 1775//1775 1650//1650 
f 1775//1775 1781//1781 1650//1650 
f 1775//1775 1777//1777 1781//1781 
f 1777//1777 1779//1779 1782//1782 
f 1783//1783 1777//1777 1782//1782 
f 1781//1781 1777//1777 1783//1783 
f 1784//1784 1783//1783 1782//1782 
f 1651//1651 1780//1780 1647//1647 
f 1651//1651 1785//1785 1780//1780 
f 1781//1781 1653//1653 1650//1650 
f 1653//1653 1781//1781 1655//1655 
f 1655//1655 1781//1781 1783//1783 
f 1787//1787 1786//1786 1656//1656 
f 1787//1787 1656//1656 1655//1655 
f 1784//1784 1787//1787 1655//1655 
f 1783//1783 1784//1784 1655//1655 
f 1789//1789 1788//1788 1786//1786 
f 1789//1789 1786//1786 1787//1787 
f 1790//1790 1788//1788 1789//1789 
f 1792//1792 1791//1791 1657//1657 
f 1792//1792 1657//1657 1658//1658 
f 1651//1651 1657//1657 1785//1785 
f 1785//1785 1657//1657 1791//1791 
f 1786//1786 1660//1660 1656//1656 
f 1660//1660 1786//1786 1662//1662 
f 1662//1662 1786//1786 1788//1788 
f 1794//1794 1793//1793 1663//1663 
f 1794//1794 1663//1663 1662//1662 
f 1790//1790 1794//1794 1662//1662 
f 1788//1788 1790//1790 1662//1662 
f 1796//1796 1795//1795 1793//1793 
f 1796//1796 1793//1793 1794//1794 
f 1797//1797 1795//1795 1796//1796 
f 1800//1800 1799//1799 1798//1798 
f 1799//1799 1792//1792 1798//1798 
f 1792//1792 1664//1664 1798//1798 
f 1792//1792 1658//1658 1664//1664 
f 1793//1793 1666//1666 1663//1663 
f 1666//1666 1793//1793 1667//1667 
f 1793//1793 1801//1801 1667//1667 
f 1793//1793 1795//1795 1801//1801 
f 1795//1795 1797//1797 1802//1802 
f 1803//1803 1795//1795 1802//1802 
f 1801//1801 1795//1795 1803//1803 
f 1804//1804 1803//1803 1802//1802 
f 1800//1800 1798//1798 1668//1668 
f 1669//1669 1800//1800 1668//1668 
f 1805//1805 1800//1800 1669//1669 
f 1668//1668 1798//1798 1664//1664 
f 1801//1801 1671//1671 1667//1667 
f 1671//1671 1801//1801 1673//1673 
f 1673//1673 1801//1801 1803//1803 
f 1807//1807 1806//1806 1674//1674 
f 1807//1807 1674//1674 1673//1673 
f 1804//1804 1807//1807 1673//1673 
f 1803//1803 1804//1804 1673//1673 
f 1809//1809 1808//1808 1806//1806 
f 1809//1809 1806//1806 1807//1807 
f 1810//1810 1808//1808 1809//1809 
f 1812//1812 1811//1811 1675//1675 
f 1812//1812 1675//1675 1676//1676 
f 1669//1669 1675//1675 1805//1805 
f 1805//1805 1675//1675 1811//1811 
f 1806//1806 1678//1678 1674//1674 
f 1678//1678 1806//1806 1680//1680 
f 1680//1680 1806//1806 1808//1808 
f 1814//1814 1813//1813 1681//1681 
f 1814//1814 1681//1681 1680//1680 
f 1810//1810 1814//1814 1680//1680 
f 1808//1808 1810//1810 1680//1680 
f 1816//1816 1815//1815 1813//1813 
f 1816//1816 1813//1813 1814//1814 
f 1817//1817 1815//1815 1816//1816 
f 1819//1819 1818//1818 1682//1682 
f 1819//1819 1682//1682 1683//1683 
f 1676//1676 1682//1682 1812//1812 
f 1812//1812 1682//1682 1818//1818 
f 1813//1813 1685//1685 1681//1681 
f 1685//1685 1813//1813 1687//1687 
f 1687//1687 1813//1813 1815//1815 
f 1821//1821 1820//1820 1688//1688 
f 1821//1821 1688//1688 1687//1687 
f 1817//1817 1821//1821 1687//1687 
f 1815//1815 1817//1817 1687//1687 
f 1823//1823 1822//1822 1820//1820 
f 1823//1823 1820//1820 1821//1821 
f 1825//1825 1824//1824 1822//1822 
f 1825//1825 1822//1822 1823//1823 
f 1690//1690 1691//1691 1824//1824 
f 1825//1825 1690//1690 1824//1824 
f 1826//1826 1690//1690 1825//1825 
f 1683//1683 1690//1690 1819//1819 
f 1819//1819 1690//1690 1826//1826 
f 1820//1820 1693//1693 1688//1688 
f 1693//1693 1820//1820 1695//1695 
f 1695//1695 1820//1820 1822//1822 
f 1695//1695 1822//1822 1696//1696 
f 1696//1696 1822//1822 1824//1824 
f 1696//1696 1824//1824 1691//1691 
f 1827//1827 1698//1698 1699//1699 
f 1700//1700 1828//1828 1699//1699 
f 1699//1699 1828//1828 1827//1827 
f 1701//1701 1829//1829 1700//1700 
f 1700//1700 1829//1829 1828//1828 
f 1702//1702 1830//1830 1701//1701 
f 1701//1701 1830//1830 1829//1829 
f 1703//1703 1831//1831 1702//1702 
f 1702//1702 1831//1831 1830//1830 
f 1704//1704 1832//1832 1703//1703 
f 1703//1703 1832//1832 1831//1831 
f 1706//1706 1833//1833 1704//1704 
f 1704//1704 1833//1833 1832//1832 
f 1708//1708 1833//1833 1706//1706 
f 1834//1834 1709//1709 1710//1710 
f 1834//1834 1710//1710 1835//1835 
f 1710//1710 1836//1836 1835//1835 
f 1710//1710 1711//1711 1836//1836 
f 1711//1711 1698//1698 1827//1827 
f 1837//1837 1711//1711 1827//1827 
f 1836//1836 1711//1711 1837//1837 
f 1837//1837 1827//1827 1828//1828 
f 1837//1837 1828//1828 1838//1838 
f 1838//1838 1828//1828 1829//1829 
f 1838//1838 1829//1829 1839//1839 
f 1839//1839 1829//1829 1830//1830 
f 1839//1839 1830//1830 1840//1840 
f 1840//1840 1830//1830 1831//1831 
f 1840//1840 1831//1831 1841//1841 
f 1841//1841 1831//1831 1832//1832 
f 1841//1841 1832//1832 1842//1842 
f 1842//1842 1832//1832 1833//1833 
f 1842//1842 1833//1833 1843//1843 
f 1843//1843 1833//1833 1708//1708 
f 1712//1712 1843//1843 1708//1708 
f 1844//1844 1843//1843 1712//1712 
f 1845//1845 1712//1712 1713//1713 
f 1845//1845 1844//1844 1712//1712 
f 1847//1847 1846//1846 1715//1715 
f 1846//1846 1713//1713 1715//1715 
f 1846//1846 1845//1845 1713//1713 
f 1847//1847 1848//1848 1846//1846 
f 1850//1850 1849//1849 1717//1717 
f 1717//1717 1849//1849 1716//1716 
f 1717//1717 1709//1709 1834//1834 
f 1851//1851 1717//1717 1834//1834 
f 1850//1850 1717//1717 1851//1851 
f 1851//1851 1834//1834 1835//1835 
f 1718//1718 1847//1847 1715//1715 
f 1852//1852 1848//1848 1847//1847 
f 1718//1718 1852//1852 1847//1847 
f 1720//1720 1852//1852 1718//1718 
f 1854//1854 1853//1853 1722//1722 
f 1853//1853 1720//1720 1722//1722 
f 1853//1853 1852//1852 1720//1720 
f 1854//1854 1855//1855 1853//1853 
f 1857//1857 1856//1856 1724//1724 
f 1724//1724 1856//1856 1723//1723 
f 1724//1724 1716//1716 1849//1849 
f 1724//1724 1849//1849 1857//1857 
f 1726//1726 1854//1854 1722//1722 
f 1859//1859 1858//1858 1728//1728 
f 1728//1728 1858//1858 1726//1726 
f 1858//1858 1855//1855 1726//1726 
f 1855//1855 1854//1854 1726//1726 
f 1859//1859 1860//1860 1858//1858 
f 1856//1856 1729//1729 1723//1723 
f 1861//1861 1729//1729 1856//1856 
f 1730//1730 1859//1859 1728//1728 
f 1863//1863 1862//1862 1732//1732 
f 1732//1732 1862//1862 1730//1730 
f 1862//1862 1860//1860 1730//1730 
f 1860//1860 1859//1859 1730//1730 
f 1863//1863 1864//1864 1862//1862 
f 1866//1866 1865//1865 1734//1734 
f 1734//1734 1865//1865 1733//1733 
f 1734//1734 1729//1729 1861//1861 
f 1734//1734 1861//1861 1866//1866 
f 1735//1735 1863//1863 1732//1732 
f 1735//1735 1737//1737 1863//1863 
f 1737//1737 1864//1864 1863//1863 
f 1737//1737 1867//1867 1864//1864 
f 1869//1869 1868//1868 1740//1740 
f 1740//1740 1868//1868 1739//1739 
f 1740//1740 1733//1733 1865//1865 
f 1740//1740 1865//1865 1869//1869 
f 1870//1870 1867//1867 1737//1737 
f 1870//1870 1737//1737 1741//1741 
f 1741//1741 1742//1742 1870//1870 
f 1870//1870 1742//1742 1871//1871 
f 1868//1868 1743//1743 1739//1739 
f 1872//1872 1743//1743 1868//1868 
f 1742//1742 1744//1744 1873//1873 
f 1874//1874 1742//1742 1873//1873 
f 1871//1871 1742//1742 1874//1874 
f 1745//1745 1873//1873 1744//1744 
f 1875//1875 1746//1746 1747//1747 
f 1876//1876 1875//1875 1747//1747 
f 1743//1743 1876//1876 1747//1747 
f 1872//1872 1876//1876 1743//1743 
f 1877//1877 1874//1874 1873//1873 
f 1873//1873 1745//1745 1877//1877 
f 1745//1745 1878//1878 1877//1877 
f 1745//1745 1748//1748 1878//1878 
f 1879//1879 1749//1749 1875//1875 
f 1875//1875 1749//1749 1746//1746 
f 1875//1875 1876//1876 1880//1880 
f 1875//1875 1880//1880 1879//1879 
f 1748//1748 1750//1750 1881//1881 
f 1882//1882 1748//1748 1881//1881 
f 1878//1878 1748//1748 1882//1882 
f 1751//1751 1881//1881 1750//1750 
f 1883//1883 1752//1752 1879//1879 
f 1879//1879 1752//1752 1749//1749 
f 1879//1879 1880//1880 1884//1884 
f 1879//1879 1884//1884 1883//1883 
f 1885//1885 1882//1882 1881//1881 
f 1881//1881 1751//1751 1885//1885 
f 1751//1751 1886//1886 1885//1885 
f 1751//1751 1754//1754 1886//1886 
f 1883//1883 1755//1755 1752//1752 
f 1888//1888 1887//1887 1757//1757 
f 1888//1888 1757//1757 1755//1755 
f 1884//1884 1888//1888 1755//1755 
f 1883//1883 1884//1884 1755//1755 
f 1889//1889 1887//1887 1888//1888 
f 1754//1754 1758//1758 1890//1890 
f 1891//1891 1754//1754 1890//1890 
f 1886//1886 1754//1754 1891//1891 
f 1759//1759 1890//1890 1758//1758 
f 1887//1887 1761//1761 1757//1757 
f 1893//1893 1892//1892 1763//1763 
f 1893//1893 1763//1763 1761//1761 
f 1889//1889 1893//1893 1761//1761 
f 1887//1887 1889//1889 1761//1761 
f 1894//1894 1892//1892 1893//1893 
f 1891//1891 1890//1890 1895//1895 
f 1891//1891 1895//1895 1896//1896 
f 1764//1764 1895//1895 1759//1759 
f 1759//1759 1895//1895 1890//1890 
f 1892//1892 1766//1766 1763//1763 
f 1898//1898 1897//1897 1767//1767 
f 1898//1898 1767//1767 1766//1766 
f 1894//1894 1898//1898 1766//1766 
f 1892//1892 1894//1894 1766//1766 
f 1900//1900 1899//1899 1897//1897 
f 1900//1900 1897//1897 1898//1898 
f 1901//1901 1899//1899 1900//1900 
f 1896//1896 1895//1895 1902//1902 
f 1896//1896 1902//1902 1903//1903 
f 1768//1768 1902//1902 1764//1764 
f 1764//1764 1902//1902 1895//1895 
f 1897//1897 1770//1770 1767//1767 
f 1770//1770 1897//1897 1771//1771 
f 1897//1897 1904//1904 1771//1771 
f 1897//1897 1899//1899 1904//1904 
f 1899//1899 1901//1901 1905//1905 
f 1906//1906 1899//1899 1905//1905 
f 1904//1904 1899//1899 1906//1906 
f 1907//1907 1906//1906 1905//1905 
f 1903//1903 1902//1902 1773//1773 
f 1774//1774 1903//1903 1773//1773 
f 1908//1908 1903//1903 1774//1774 
f 1773//1773 1902//1902 1768//1768 
f 1904//1904 1776//1776 1771//1771 
f 1776//1776 1904//1904 1778//1778 
f 1778//1778 1904//1904 1906//1906 
f 1910//1910 1909//1909 1779//1779 
f 1910//1910 1779//1779 1778//1778 
f 1907//1907 1910//1910 1778//1778 
f 1906//1906 1907//1907 1778//1778 
f 1911//1911 1909//1909 1910//1910 
f 1780//1780 1908//1908 1774//1774 
f 1780//1780 1912//1912 1908//1908 
f 1909//1909 1782//1782 1779//1779 
f 1914//1914 1913//1913 1784//1784 
f 1914//1914 1784//1784 1782//1782 
f 1911//1911 1914//1914 1782//1782 
f 1909//1909 1911//1911 1782//1782 
f 1916//1916 1915//1915 1913//1913 
f 1916//1916 1913//1913 1914//1914 
f 1917//1917 1915//1915 1916//1916 
f 1785//1785 1912//1912 1780//1780 
f 1785//1785 1918//1918 1912//1912 
f 1913//1913 1787//1787 1784//1784 
f 1787//1787 1913//1913 1789//1789 
f 1789//1789 1913//1913 1915//1915 
f 1920//1920 1919//1919 1790//1790 
f 1920//1920 1790//1790 1789//1789 
f 1917//1917 1920//1920 1789//1789 
f 1915//1915 1917//1917 1789//1789 
f 1922//1922 1921//1921 1919//1919 
f 1922//1922 1919//1919 1920//1920 
f 1923//1923 1921//1921 1922//1922 
f 1925//1925 1924//1924 1791//1791 
f 1925//1925 1791//1791 1792//1792 
f 1785//1785 1791//1791 1918//1918 
f 1918//1918 1791//1791 1924//1924 
f 1919//1919 1794//1794 1790//1790 
f 1794//1794 1919//1919 1796//1796 
f 1796//1796 1919//1919 1921//1921 
f 1927//1927 1926//1926 1797//1797 
f 1927//1927 1797//1797 1796//1796 
f 1923//1923 1927//1927 1796//1796 
f 1921//1921 1923//1923 1796//1796 
f 1928//1928 1926//1926 1927//1927 
f 1930//1930 1929//1929 1799//1799 
f 1930//1930 1799//1799 1800//1800 
f 1792//1792 1799//1799 1925//1925 
f 1925//1925 1799//1799 1929//1929 
f 1926//1926 1802//1802 1797//1797 
f 1932//1932 1931//1931 1804//1804 
f 1932//1932 1804//1804 1802//1802 
f 1928//1928 1932//1932 1802//1802 
f 1926//1926 1928//1928 1802//1802 
f 1934//1934 1933//1933 1931//1931 
f 1934//1934 1931//1931 1932//1932 
f 1935//1935 1933//1933 1934//1934 
f 1938//1938 1937//1937 1936//1936 
f 1937//1937 1930//1930 1936//1936 
f 1930//1930 1805//1805 1936//1936 
f 1930//1930 1800//1800 1805//1805 
f 1931//1931 1807//1807 1804//1804 
f 1807//1807 1931//1931 1809//1809 
f 1809//1809 1931//1931 1933//1933 
f 1940//1940 1939//1939 1810//1810 
f 1940//1940 1810//1810 1809//1809 
f 1935//1935 1940//1940 1809//1809 
f 1933//1933 1935//1935 1809//1809 
f 1942//1942 1941//1941 1939//1939 
f 1942//1942 1939//1939 1940//1940 
f 1943//1943 1941//1941 1942//1942 
f 1938//1938 1936//1936 1811//1811 
f 1812//1812 1938//1938 1811//1811 
f 1944//1944 1938//1938 1812//1812 
f 1811//1811 1936//1936 1805//1805 
f 1939//1939 1814//1814 1810//1810 
f 1814//1814 1939//1939 1816//1816 
f 1816//1816 1939//1939 1941//1941 
f 1946//1946 1945//1945 1817//1817 
f 1946//1946 1817//1817 1816//1816 
f 1943//1943 1946//1946 1816//1816 
f 1941//1941 1943//1943 1816//1816 
f 1948//1948 1947//1947 1945//1945 
f 1948//1948 1945//1945 1946//1946 
f 1949//1949 1947//1947 1948//1948 
f 1952//1952 1951//1951 1950//1950 
f 1818//1818 1819//1819 1950//1950 
f 1951//1951 1818//1818 1950//1950 
f 1953//1953 1818//1818 1951//1951 
f 1812//1812 1818//1818 1944//1944 
f 1944//1944 1818//1818 1953//1953 
f 1945//1945 1821//1821 1817//1817 
f 1821//1821 1945//1945 1823//1823 
f 1823//1823 1945//1945 1947//1947 
f 1949//1949 1954//1954 1947//1947 
f 1954//1954 1823//1823 1947//1947 
f 1954//1954 1825//1825 1823//1823 
f 1950//1950 1826//1826 1952//1952 
f 1826//1826 1954//1954 1952//1952 
f 1826//1826 1825//1825 1954//1954 
f 1826//1826 1950//1950 1819//1819 
f 1955//1955 1835//1835 1836//1836 
f 1837//1837 1956//1956 1836//1836 
f 1836//1836 1956//1956 1955//1955 
f 1838//1838 1957//1957 1837//1837 
f 1837//1837 1957//1957 1956//1956 
f 1839//1839 1958//1958 1838//1838 
f 1838//1838 1958//1958 1957//1957 
f 1840//1840 1959//1959 1839//1839 
f 1839//1839 1959//1959 1958//1958 
f 1959//1959 1840//1840 1960//1960 
f 1840//1840 1961//1961 1960//1960 
f 1840//1840 1841//1841 1961//1961 
f 1962//1962 1841//1841 1842//1842 
f 1962//1962 1961//1961 1841//1841 
f 1963//1963 1842//1842 1843//1843 
f 1963//1963 1962//1962 1842//1842 
f 1964//1964 1843//1843 1844//1844 
f 1964//1964 1963//1963 1843//1843 
f 1965//1965 1844//1844 1845//1845 
f 1965//1965 1964//1964 1844//1844 
f 1966//1966 1845//1845 1846//1846 
f 1966//1966 1965//1965 1845//1845 
f 1846//1846 1848//1848 1966//1966 
f 1966//1966 1848//1848 1967//1967 
f 1968//1968 1849//1849 1850//1850 
f 1968//1968 1850//1850 1969//1969 
f 1850//1850 1970//1970 1969//1969 
f 1850//1850 1851//1851 1970//1970 
f 1851//1851 1835//1835 1955//1955 
f 1971//1971 1851//1851 1955//1955 
f 1970//1970 1851//1851 1971//1971 
f 1971//1971 1955//1955 1956//1956 
f 1971//1971 1956//1956 1972//1972 
f 1972//1972 1956//1956 1957//1957 
f 1972//1972 1957//1957 1973//1973 
f 1973//1973 1957//1957 1958//1958 
f 1973//1973 1958//1958 1974//1974 
f 1974//1974 1958//1958 1959//1959 
f 1974//1974 1959//1959 1975//1975 
f 1975//1975 1959//1959 1960//1960 
f 1976//1976 1967//1967 1848//1848 
f 1976//1976 1848//1848 1852//1852 
f 1977//1977 1852//1852 1853//1853 
f 1977//1977 1976//1976 1852//1852 
f 1853//1853 1855//1855 1977//1977 
f 1977//1977 1855//1855 1978//1978 
f 1980//1980 1979//1979 1857//1857 
f 1857//1857 1979//1979 1856//1856 
f 1857//1857 1849//1849 1968//1968 
f 1981//1981 1857//1857 1968//1968 
f 1980//1980 1857//1857 1981//1981 
f 1981//1981 1968//1968 1969//1969 
f 1982//1982 1978//1978 1855//1855 
f 1982//1982 1855//1855 1858//1858 
f 1858//1858 1860//1860 1982//1982 
f 1982//1982 1860//1860 1983//1983 
f 1979//1979 1861//1861 1856//1856 
f 1984//1984 1861//1861 1979//1979 
f 1860//1860 1862//1862 1985//1985 
f 1986//1986 1860//1860 1985//1985 
f 1983//1983 1860//1860 1986//1986 
f 1864//1864 1985//1985 1862//1862 
f 1988//1988 1987//1987 1866//1866 
f 1866//1866 1987//1987 1865//1865 
f 1866//1866 1861//1861 1984//1984 
f 1866//1866 1984//1984 1988//1988 
f 1989//1989 1986//1986 1985//1985 
f 1985//1985 1864//1864 1989//1989 
f 1864//1864 1990//1990 1989//1989 
f 1864//1864 1867//1867 1990//1990 
f 1992//1992 1991//1991 1869//1869 
f 1869//1869 1991//1991 1868//1868 
f 1869//1869 1865//1865 1987//1987 
f 1869//1869 1987//1987 1992//1992 
f 1867//1867 1870//1870 1993//1993 
f 1994//1994 1867//1867 1993//1993 
f 1990//1990 1867//1867 1994//1994 
f 1871//1871 1993//1993 1870//1870 
f 1991//1991 1872//1872 1868//1868 
f 1995//1995 1872//1872 1991//1991 
f 1996//1996 1994//1994 1993//1993 
f 1993//1993 1871//1871 1996//1996 
f 1871//1871 1997//1997 1996//1996 
f 1871//1871 1874//1874 1997//1997 
f 1995//1995 1876//1876 1872//1872 
f 1998//1998 1876//1876 1995//1995 
f 1874//1874 1877//1877 1999//1999 
f 2000//2000 1874//1874 1999//1999 
f 1997//1997 1874//1874 2000//2000 
f 1878//1878 1999//1999 1877//1877 
f 1998//1998 1880//1880 1876//1876 
f 2001//2001 1880//1880 1998//1998 
f 2000//2000 1999//1999 2002//2002 
f 2000//2000 2002//2002 2003//2003 
f 1882//1882 2002//2002 1878//1878 
f 1878//1878 2002//2002 1999//1999 
f 2005//2005 1884//1884 2004//2004 
f 1884//1884 2001//2001 2004//2004 
f 1884//1884 1880//1880 2001//2001 
f 2006//2006 2005//2005 2004//2004 
f 2007//2007 2003//2003 2002//2002 
f 2009//2009 2007//2007 2008//2008 
f 2008//2008 2007//2007 1885//1885 
f 2007//2007 2002//2002 1885//1885 
f 2002//2002 1882//1882 1885//1885 
f 1886//1886 2008//2008 1885//1885 
f 2005//2005 1888//1888 1884//1884 
f 2011//2011 2010//2010 1889//1889 
f 2011//2011 1889//1889 1888//1888 
f 2006//2006 2011//2011 1888//1888 
f 2005//2005 2006//2006 1888//1888 
f 2012//2012 2010//2010 2011//2011 
f 2009//2009 2008//2008 2013//2013 
f 2009//2009 2013//2013 2014//2014 
f 1891//1891 2013//2013 1886//1886 
f 1886//1886 2013//2013 2008//2008 
f 2010//2010 1893//1893 1889//1889 
f 2016//2016 2015//2015 1894//1894 
f 2016//2016 1894//1894 1893//1893 
f 2012//2012 2016//2016 1893//1893 
f 2010//2010 2012//2012 1893//1893 
f 2018//2018 2017//2017 2015//2015 
f 2018//2018 2015//2015 2016//2016 
f 2019//2019 2017//2017 2018//2018 
f 2014//2014 2013//2013 2020//2020 
f 2014//2014 2020//2020 2021//2021 
f 1896//1896 2020//2020 1891//1891 
f 1891//1891 2020//2020 2013//2013 
f 2015//2015 1898//1898 1894//1894 
f 1898//1898 2015//2015 1900//1900 
f 1900//1900 2015//2015 2017//2017 
f 2023//2023 2022//2022 1901//1901 
f 2023//2023 1901//1901 1900//1900 
f 2019//2019 2023//2023 1900//1900 
f 2017//2017 2019//2019 1900//1900 
f 2024//2024 2022//2022 2023//2023 
f 2021//2021 2020//2020 2025//2025 
f 2021//2021 2025//2025 2026//2026 
f 1903//1903 2025//2025 1896//1896 
f 1896//1896 2025//2025 2020//2020 
f 2022//2022 1905//1905 1901//1901 
f 2028//2028 2027//2027 1907//1907 
f 2028//2028 1907//1907 1905//1905 
f 2024//2024 2028//2028 1905//1905 
f 2022//2022 2024//2024 1905//1905 
f 2029//2029 2027//2027 2028//2028 
f 2030//2030 2026//2026 2025//2025 
f 2025//2025 1903//1903 2030//2030 
f 1903//1903 2031//2031 2030//2030 
f 1903//1903 1908//1908 2031//2031 
f 2027//2027 1910//1910 1907//1907 
f 2033//2033 2032//2032 1911//1911 
f 2033//2033 1911//1911 1910//1910 
f 2029//2029 2033//2033 1910//1910 
f 2027//2027 2029//2029 1910//1910 
f 2035//2035 2034//2034 2032//2032 
f 2035//2035 2032//2032 2033//2033 
f 2036//2036 2034//2034 2035//2035 
f 1912//1912 2031//2031 1908//1908 
f 1912//1912 2037//2037 2031//2031 
f 2032//2032 1914//1914 1911//1911 
f 1914//1914 2032//2032 1916//1916 
f 1916//1916 2032//2032 2034//2034 
f 2039//2039 2038//2038 1917//1917 
f 2039//2039 1917//1917 1916//1916 
f 2036//2036 2039//2039 1916//1916 
f 2034//2034 2036//2036 1916//1916 
f 2041//2041 2040//2040 2038//2038 
f 2041//2041 2038//2038 2039//2039 
f 2042//2042 2040//2040 2041//2041 
f 2045//2045 2044//2044 2043//2043 
f 2044//2044 2037//2037 2043//2043 
f 2037//2037 1918//1918 2043//2043 
f 2037//2037 1912//1912 1918//1918 
f 2038//2038 1920//1920 1917//1917 
f 1920//1920 2038//2038 1922//1922 
f 1922//1922 2038//2038 2040//2040 
f 2047//2047 2046//2046 1923//1923 
f 2047//2047 1923//1923 1922//1922 
f 2042//2042 2047//2047 1922//1922 
f 2040//2040 2042//2042 1922//1922 
f 2049//2049 2048//2048 2046//2046 
f 2049//2049 2046//2046 2047//2047 
f 2050//2050 2048//2048 2049//2049 
f 2045//2045 2043//2043 1924//1924 
f 1925//1925 2045//2045 1924//1924 
f 2051//2051 2045//2045 1925//1925 
f 1924//1924 2043//2043 1918//1918 
f 2046//2046 1927//1927 1923//1923 
f 1927//1927 2046//2046 1928//1928 
f 2046//2046 2052//2052 1928//1928 
f 2046//2046 2048//2048 2052//2052 
f 2048//2048 2050//2050 2053//2053 
f 2054//2054 2048//2048 2053//2053 
f 2052//2052 2048//2048 2054//2054 
f 2055//2055 2054//2054 2053//2053 
f 2057//2057 2056//2056 1929//1929 
f 2057//2057 1929//1929 1930//1930 
f 1925//1925 1929//1929 2051//2051 
f 2051//2051 1929//1929 2056//2056 
f 2052//2052 1932//1932 1928//1928 
f 1932//1932 2052//2052 1934//1934 
f 1934//1934 2052//2052 2054//2054 
f 2059//2059 2058//2058 1935//1935 
f 2059//2059 1935//1935 1934//1934 
f 2055//2055 2059//2059 1934//1934 
f 2054//2054 2055//2055 1934//1934 
f 2061//2061 2060//2060 2058//2058 
f 2061//2061 2058//2058 2059//2059 
f 2062//2062 2060//2060 2061//2061 
f 2064//2064 2063//2063 1937//1937 
f 2064//2064 1937//1937 1938//1938 
f 1930//1930 1937//1937 2057//2057 
f 2057//2057 1937//1937 2063//2063 
f 2058//2058 1940//1940 1935//1935 
f 1940//1940 2058//2058 1942//1942 
f 1942//1942 2058//2058 2060//2060 
f 2066//2066 2065//2065 1943//1943 
f 2066//2066 1943//1943 1942//1942 
f 2062//2062 2066//2066 1942//1942 
f 2060//2060 2062//2062 1942//1942 
f 2068//2068 2067//2067 2065//2065 
f 2068//2068 2065//2065 2066//2066 
f 2069//2069 2067//2067 2068//2068 
f 2072//2072 2071//2071 2070//2070 
f 2071//2071 2064//2064 2070//2070 
f 2064//2064 1944//1944 2070//2070 
f 2064//2064 1938//1938 1944//1944 
f 2065//2065 1946//1946 1943//1943 
f 1946//1946 2065//2065 1948//1948 
f 1948//1948 2065//2065 2067//2067 
f 2074//2074 2073//2073 1949//1949 
f 2074//2074 1949//1949 1948//1948 
f 2069//2069 2074//2074 1948//1948 
f 2067//2067 2069//2069 1948//1948 
f 1951//1951 1952//1952 2073//2073 
f 2074//2074 1951//1951 2073//2073 
f 2075//2075 1951//1951 2074//2074 
f 2070//2070 1953//1953 2072//2072 
f 1953//1953 2075//2075 2072//2072 
f 1953//1953 1951//1951 2075//2075 
f 1953//1953 2070//2070 1944//1944 
f 2073//2073 1954//1954 1949//1949 
f 1954//1954 2073//2073 1952//1952 
f 2076//2076 1960//1960 1961//1961 
f 1962//1962 2077//2077 1961//1961 
f 1961//1961 2077//2077 2076//2076 
f 1963//1963 2078//2078 1962//1962 
f 1962//1962 2078//2078 2077//2077 
f 1964//1964 2079//2079 1963//1963 
f 1963//1963 2079//2079 2078//2078 
f 1965//1965 2080//2080 1964//1964 
f 1964//1964 2080//2080 2079//2079 
f 1966//1966 2081//2081 1965//1965 
f 1965//1965 2081//2081 2080//2080 
f 1967//1967 2081//2081 1966//1966 
f 2082//2082 1969//1969 1970//1970 
f 1971//1971 2083//2083 1970//1970 
f 1970//1970 2083//2083 2082//2082 
f 1972//1972 2084//2084 1971//1971 
f 1971//1971 2084//2084 2083//2083 
f 1973//1973 2085//2085 1972//1972 
f 1972//1972 2085//2085 2084//2084 
f 2085//2085 1973//1973 2086//2086 
f 1973//1973 2087//2087 2086//2086 
f 1973//1973 1974//1974 2087//2087 
f 2088//2088 1974//1974 1975//1975 
f 2088//2088 2087//2087 1974//1974 
f 1975//1975 1960//1960 2076//2076 
f 2089//2089 1975//1975 2076//2076 
f 2088//2088 1975//1975 2089//2089 
f 2089//2089 2076//2076 2077//2077 
f 2089//2089 2077//2077 2090//2090 
f 2090//2090 2077//2077 2078//2078 
f 2090//2090 2078//2078 2091//2091 
f 2091//2091 2078//2078 2079//2079 
f 2091//2091 2079//2079 2092//2092 
f 2092//2092 2079//2079 2080//2080 
f 2092//2092 2080//2080 2093//2093 
f 2093//2093 2080//2080 2081//2081 
f 2093//2093 2081//2081 2094//2094 
f 2094//2094 2081//2081 1967//1967 
f 1976//1976 2094//2094 1967//1967 
f 2095//2095 2094//2094 1976//1976 
f 2096//2096 1976//1976 1977//1977 
f 2096//2096 2095//2095 1976//1976 
f 1977//1977 1978//1978 2096//2096 
f 2096//2096 1978//1978 2097//2097 
f 2098//2098 1979//1979 1980//1980 
f 2098//2098 1980//1980 2099//2099 
f 1980//1980 2100//2100 2099//2099 
f 1980//1980 1981//1981 2100//2100 
f 1981//1981 1969//1969 2082//2082 
f 2101//2101 1981//1981 2082//2082 
f 2100//2100 1981//1981 2101//2101 
f 2101//2101 2082//2082 2083//2083 
f 2101//2101 2083//2083 2102//2102 
f 2102//2102 2083//2083 2084//2084 
f 2102//2102 2084//2084 2103//2103 
f 2103//2103 2084//2084 2085//2085 
f 2103//2103 2085//2085 2104//2104 
f 2104//2104 2085//2085 2086//2086 
f 1978//1978 1982//1982 2105//2105 
f 2106//2106 1978//1978 2105//2105 
f 2097//2097 1978//1978 2106//2106 
f 1983//1983 2105//2105 1982//1982 
f 2108//2108 2107//2107 2098//2098 
f 2107//2107 1979//1979 2098//2098 
f 2107//2107 1984//1984 1979//1979 
f 2108//2108 2098//2098 2099//2099 
f 2109//2109 2106//2106 2105//2105 
f 2105//2105 1983//1983 2109//2109 
f 1983//1983 2110//2110 2109//2109 
f 1983//1983 1986//1986 2110//2110 
f 2112//2112 2111//2111 1988//1988 
f 1988//1988 2111//2111 1987//1987 
f 1988//1988 1984//1984 2107//2107 
f 1988//1988 2107//2107 2112//2112 
f 1986//1986 1989//1989 2113//2113 
f 2114//2114 1986//1986 2113//2113 
f 2110//2110 1986//1986 2114//2114 
f 1990//1990 2113//2113 1989//1989 
f 2115//2115 1991//1991 1992//1992 
f 2116//2116 2115//2115 1992//1992 
f 1987//1987 2116//2116 1992//1992 
f 2111//2111 2116//2116 1987//1987 
f 2117//2117 2114//2114 2113//2113 
f 2113//2113 1990//1990 2117//2117 
f 1990//1990 2118//2118 2117//2117 
f 1990//1990 1994//1994 2118//2118 
f 2119//2119 1995//1995 2115//2115 
f 2115//2115 1995//1995 1991//1991 
f 2115//2115 2116//2116 2120//2120 
f 2115//2115 2120//2120 2119//2119 
f 1994//1994 1996//1996 2121//2121 
f 2122//2122 1994//1994 2121//2121 
f 2118//2118 1994//1994 2122//2122 
f 1997//1997 2121//2121 1996//1996 
f 2123//2123 1998//1998 2119//2119 
f 2119//2119 1998//1998 1995//1995 
f 2119//2119 2120//2120 2124//2124 
f 2119//2119 2124//2124 2123//2123 
f 2122//2122 2121//2121 2125//2125 
f 2122//2122 2125//2125 2126//2126 
f 2000//2000 2125//2125 1997//1997 
f 1997//1997 2125//2125 2121//2121 
f 2127//2127 2001//2001 2123//2123 
f 2123//2123 2001//2001 1998//1998 
f 2123//2123 2124//2124 2128//2128 
f 2123//2123 2128//2128 2127//2127 
f 2129//2129 2126//2126 2125//2125 
f 2125//2125 2000//2000 2129//2129 
f 2000//2000 2130//2130 2129//2129 
f 2000//2000 2003//2003 2130//2130 
f 2127//2127 2004//2004 2001//2001 
f 2132//2132 2131//2131 2006//2006 
f 2132//2132 2006//2006 2004//2004 
f 2128//2128 2132//2132 2004//2004 
f 2127//2127 2128//2128 2004//2004 
f 2134//2134 2133//2133 2131//2131 
f 2134//2134 2131//2131 2132//2132 
f 2135//2135 2133//2133 2134//2134 
f 2003//2003 2007//2007 2136//2136 
f 2137//2137 2003//2003 2136//2136 
f 2130//2130 2003//2003 2137//2137 
f 2009//2009 2136//2136 2007//2007 
f 2131//2131 2011//2011 2006//2006 
f 2011//2011 2131//2131 2012//2012 
f 2131//2131 2138//2138 2012//2012 
f 2131//2131 2133//2133 2138//2138 
f 2133//2133 2135//2135 2139//2139 
f 2140//2140 2133//2133 2139//2139 
f 2138//2138 2133//2133 2140//2140 
f 2141//2141 2140//2140 2139//2139 
f 2137//2137 2136//2136 2142//2142 
f 2137//2137 2142//2142 2143//2143 
f 2014//2014 2142//2142 2009//2009 
f 2009//2009 2142//2142 2136//2136 
f 2138//2138 2016//2016 2012//2012 
f 2016//2016 2138//2138 2018//2018 
f 2018//2018 2138//2138 2140//2140 
f 2145//2145 2144//2144 2019//2019 
f 2145//2145 2019//2019 2018//2018 
f 2141//2141 2145//2145 2018//2018 
f 2140//2140 2141//2141 2018//2018 
f 2146//2146 2144//2144 2145//2145 
f 2143//2143 2142//2142 2147//2147 
f 2143//2143 2147//2147 2148//2148 
f 2021//2021 2147//2147 2014//2014 
f 2014//2014 2147//2147 2142//2142 
f 2144//2144 2023//2023 2019//2019 
f 2150//2150 2149//2149 2024//2024 
f 2150//2150 2024//2024 2023//2023 
f 2146//2146 2150//2150 2023//2023 
f 2144//2144 2146//2146 2023//2023 
f 2152//2152 2151//2151 2149//2149 
f 2152//2152 2149//2149 2150//2150 
f 2153//2153 2151//2151 2152//2152 
f 2154//2154 2148//2148 2147//2147 
f 2147//2147 2021//2021 2154//2154 
f 2021//2021 2155//2155 2154//2154 
f 2021//2021 2026//2026 2155//2155 
f 2149//2149 2028//2028 2024//2024 
f 2028//2028 2149//2149 2029//2029 
f 2149//2149 2156//2156 2029//2029 
f 2149//2149 2151//2151 2156//2156 
f 2151//2151 2153//2153 2157//2157 
f 2158//2158 2151//2151 2157//2157 
f 2156//2156 2151//2151 2158//2158 
f 2159//2159 2158//2158 2157//2157 
f 2026//2026 2030//2030 2160//2160 
f 2161//2161 2026//2026 2160//2160 
f 2155//2155 2026//2026 2161//2161 
f 2031//2031 2160//2160 2030//2030 
f 2156//2156 2033//2033 2029//2029 
f 2033//2033 2156//2156 2035//2035 
f 2035//2035 2156//2156 2158//2158 
f 2163//2163 2162//2162 2036//2036 
f 2163//2163 2036//2036 2035//2035 
f 2159//2159 2163//2163 2035//2035 
f 2158//2158 2159//2159 2035//2035 
f 2165//2165 2164//2164 2162//2162 
f 2165//2165 2162//2162 2163//2163 
f 2166//2166 2164//2164 2165//2165 
f 2161//2161 2160//2160 2167//2167 
f 2161//2161 2167//2167 2168//2168 
f 2037//2037 2167//2167 2031//2031 
f 2031//2031 2167//2167 2160//2160 
f 2162//2162 2039//2039 2036//2036 
f 2039//2039 2162//2162 2041//2041 
f 2041//2041 2162//2162 2164//2164 
f 2170//2170 2169//2169 2042//2042 
f 2170//2170 2042//2042 2041//2041 
f 2166//2166 2170//2170 2041//2041 
f 2164//2164 2166//2166 2041//2041 
f 2172//2172 2171//2171 2169//2169 
f 2172//2172 2169//2169 2170//2170 
f 2173//2173 2171//2171 2172//2172 
f 2168//2168 2167//2167 2044//2044 
f 2045//2045 2168//2168 2044//2044 
f 2174//2174 2168//2168 2045//2045 
f 2044//2044 2167//2167 2037//2037 
f 2169//2169 2047//2047 2042//2042 
f 2047//2047 2169//2169 2049//2049 
f 2049//2049 2169//2169 2171//2171 
f 2176//2176 2175//2175 2050//2050 
f 2176//2176 2050//2050 2049//2049 
f 2173//2173 2176//2176 2049//2049 
f 2171//2171 2173//2173 2049//2049 
f 2178//2178 2177//2177 2175//2175 
f 2178//2178 2175//2175 2176//2176 
f 2179//2179 2177//2177 2178//2178 
f 2182//2182 2181//2181 2180//2180 
f 2181//2181 2174//2174 2180//2180 
f 2174//2174 2051//2051 2180//2180 
f 2174//2174 2045//2045 2051//2051 
f 2175//2175 2053//2053 2050//2050 
f 2053//2053 2175//2175 2055//2055 
f 2175//2175 2183//2183 2055//2055 
f 2175//2175 2177//2177 2183//2183 
f 2177//2177 2179//2179 2184//2184 
f 2185//2185 2177//2177 2184//2184 
f 2183//2183 2177//2177 2185//2185 
f 2186//2186 2185//2185 2184//2184 
f 2182//2182 2180//2180 2056//2056 
f 2057//2057 2182//2182 2056//2056 
f 2187//2187 2182//2182 2057//2057 
f 2056//2056 2180//2180 2051//2051 
f 2183//2183 2059//2059 2055//2055 
f 2059//2059 2183//2183 2061//2061 
f 2061//2061 2183//2183 2185//2185 
f 2189//2189 2188//2188 2062//2062 
f 2189//2189 2062//2062 2061//2061 
f 2186//2186 2189//2189 2061//2061 
f 2185//2185 2186//2186 2061//2061 
f 2191//2191 2190//2190 2188//2188 
f 2191//2191 2188//2188 2189//2189 
f 2192//2192 2190//2190 2191//2191 
f 2194//2194 2193//2193 2063//2063 
f 2194//2194 2063//2063 2064//2064 
f 2057//2057 2063//2063 2187//2187 
f 2187//2187 2063//2063 2193//2193 
f 2188//2188 2066//2066 2062//2062 
f 2066//2066 2188//2188 2068//2068 
f 2068//2068 2188//2188 2190//2190 
f 2196//2196 2195//2195 2069//2069 
f 2196//2196 2069//2069 2068//2068 
f 2192//2192 2196//2196 2068//2068 
f 2190//2190 2192//2192 2068//2068 
f 2198//2198 2197//2197 2195//2195 
f 2198//2198 2195//2195 2196//2196 
f 2071//2071 2072//2072 2197//2197 
f 2198//2198 2071//2071 2197//2197 
f 2199//2199 2071//2071 2198//2198 
f 2064//2064 2071//2071 2194//2194 
f 2194//2194 2071//2071 2199//2199 
f 2195//2195 2074//2074 2069//2069 
f 2074//2074 2195//2195 2075//2075 
f 2075//2075 2195//2195 2197//2197 
f 2075//2075 2197//2197 2072//2072 
f 2200//2200 2086//2086 2087//2087 
f 2088//2088 2201//2201 2087//2087 
f 2087//2087 2201//2201 2200//2200 
f 2089//2089 2202//2202 2088//2088 
f 2088//2088 2202//2202 2201//2201 
f 2090//2090 2203//2203 2089//2089 
f 2089//2089 2203//2203 2202//2202 
f 2091//2091 2204//2204 2090//2090 
f 2090//2090 2204//2204 2203//2203 
f 2092//2092 2205//2205 2091//2091 
f 2091//2091 2205//2205 2204//2204 
f 2093//2093 2206//2206 2092//2092 
f 2092//2092 2206//2206 2205//2205 
f 2206//2206 2093//2093 2207//2207 
f 2093//2093 2208//2208 2207//2207 
f 2093//2093 2094//2094 2208//2208 
f 2209//2209 2094//2094 2095//2095 
f 2209//2209 2208//2208 2094//2094 
f 2211//2211 2209//2209 2210//2210 
f 2209//2209 2096//2096 2210//2210 
f 2209//2209 2095//2095 2096//2096 
f 2097//2097 2210//2210 2096//2096 
f 2212//2212 2099//2099 2100//2100 
f 2101//2101 2213//2213 2100//2100 
f 2100//2100 2213//2213 2212//2212 
f 2213//2213 2101//2101 2214//2214 
f 2101//2101 2215//2215 2214//2214 
f 2101//2101 2102//2102 2215//2215 
f 2216//2216 2102//2102 2103//2103 
f 2216//2216 2215//2215 2102//2102 
f 2217//2217 2103//2103 2104//2104 
f 2217//2217 2216//2216 2103//2103 
f 2104//2104 2086//2086 2200//2200 
f 2218//2218 2104//2104 2200//2200 
f 2217//2217 2104//2104 2218//2218 
f 2218//2218 2200//2200 2201//2201 
f 2218//2218 2201//2201 2219//2219 
f 2219//2219 2201//2201 2202//2202 
f 2219//2219 2202//2202 2220//2220 
f 2220//2220 2202//2202 2203//2203 
f 2220//2220 2203//2203 2221//2221 
f 2221//2221 2203//2203 2204//2204 
f 2221//2221 2204//2204 2222//2222 
f 2222//2222 2204//2204 2205//2205 
f 2222//2222 2205//2205 2223//2223 
f 2223//2223 2205//2205 2206//2206 
f 2223//2223 2206//2206 2224//2224 
f 2224//2224 2206//2206 2207//2207 
f 2225//2225 2211//2211 2210//2210 
f 2210//2210 2097//2097 2225//2225 
f 2097//2097 2226//2226 2225//2225 
f 2097//2097 2106//2106 2226//2226 
f 2228//2228 2227//2227 2108//2108 
f 2108//2108 2227//2227 2107//2107 
f 2108//2108 2099//2099 2212//2212 
f 2229//2229 2108//2108 2212//2212 
f 2228//2228 2108//2108 2229//2229 
f 2229//2229 2212//2212 2213//2213 
f 2229//2229 2213//2213 2230//2230 
f 2230//2230 2213//2213 2214//2214 
f 2106//2106 2109//2109 2231//2231 
f 2232//2232 2106//2106 2231//2231 
f 2226//2226 2106//2106 2232//2232 
f 2110//2110 2231//2231 2109//2109 
f 2233//2233 2111//2111 2112//2112 
f 2234//2234 2233//2233 2112//2112 
f 2107//2107 2234//2234 2112//2112 
f 2227//2227 2234//2234 2107//2107 
f 2232//2232 2231//2231 2235//2235 
f 2232//2232 2235//2235 2236//2236 
f 2114//2114 2235//2235 2110//2110 
f 2110//2110 2235//2235 2231//2231 
f 2238//2238 2237//2237 2233//2233 
f 2237//2237 2111//2111 2233//2233 
f 2237//2237 2116//2116 2111//2111 
f 2238//2238 2233//2233 2234//2234 
f 2239//2239 2236//2236 2235//2235 
f 2241//2241 2239//2239 2240//2240 
f 2240//2240 2239//2239 2117//2117 
f 2239//2239 2235//2235 2117//2117 
f 2235//2235 2114//2114 2117//2117 
f 2118//2118 2240//2240 2117//2117 
f 2237//2237 2120//2120 2116//2116 
f 2242//2242 2120//2120 2237//2237 
f 2241//2241 2240//2240 2243//2243 
f 2241//2241 2243//2243 2244//2244 
f 2122//2122 2243//2243 2118//2118 
f 2118//2118 2243//2243 2240//2240 
f 2246//2246 2124//2124 2245//2245 
f 2124//2124 2242//2242 2245//2245 
f 2124//2124 2120//2120 2242//2242 
f 2247//2247 2246//2246 2245//2245 
f 2248//2248 2244//2244 2243//2243 
f 2243//2243 2122//2122 2248//2248 
f 2122//2122 2249//2249 2248//2248 
f 2122//2122 2126//2126 2249//2249 
f 2250//2250 2128//2128 2246//2246 
f 2246//2246 2128//2128 2124//2124 
f 2246//2246 2247//2247 2251//2251 
f 2252//2252 2246//2246 2251//2251 
f 2250//2250 2246//2246 2252//2252 
f 2253//2253 2252//2252 2251//2251 
f 2126//2126 2129//2129 2254//2254 
f 2255//2255 2126//2126 2254//2254 
f 2249//2249 2126//2126 2255//2255 
f 2130//2130 2254//2254 2129//2129 
f 2250//2250 2132//2132 2128//2128 
f 2132//2132 2250//2250 2134//2134 
f 2134//2134 2250//2250 2252//2252 
f 2257//2257 2256//2256 2135//2135 
f 2257//2257 2135//2135 2134//2134 
f 2253//2253 2257//2257 2134//2134 
f 2252//2252 2253//2253 2134//2134 
f 2258//2258 2256//2256 2257//2257 
f 2255//2255 2254//2254 2259//2259 
f 2255//2255 2259//2259 2260//2260 
f 2137//2137 2259//2259 2130//2130 
f 2130//2130 2259//2259 2254//2254 
f 2256//2256 2139//2139 2135//2135 
f 2262//2262 2261//2261 2141//2141 
f 2262//2262 2141//2141 2139//2139 
f 2258//2258 2262//2262 2139//2139 
f 2256//2256 2258//2258 2139//2139 
f 2263//2263 2261//2261 2262//2262 
f 2260//2260 2259//2259 2264//2264 
f 2260//2260 2264//2264 2265//2265 
f 2143//2143 2264//2264 2137//2137 
f 2137//2137 2264//2264 2259//2259 
f 2261//2261 2145//2145 2141//2141 
f 2267//2267 2266//2266 2146//2146 
f 2267//2267 2146//2146 2145//2145 
f 2263//2263 2267//2267 2145//2145 
f 2261//2261 2263//2263 2145//2145 
f 2269//2269 2268//2268 2266//2266 
f 2269//2269 2266//2266 2267//2267 
f 2270//2270 2268//2268 2269//2269 
f 2271//2271 2265//2265 2264//2264 
f 2264//2264 2143//2143 2271//2271 
f 2143//2143 2272//2272 2271//2271 
f 2143//2143 2148//2148 2272//2272 
f 2266//2266 2150//2150 2146//2146 
f 2150//2150 2266//2266 2152//2152 
f 2152//2152 2266//2266 2268//2268 
f 2274//2274 2273//2273 2153//2153 
f 2274//2274 2153//2153 2152//2152 
f 2270//2270 2274//2274 2152//2152 
f 2268//2268 2270//2270 2152//2152 
f 2276//2276 2275//2275 2273//2273 
f 2276//2276 2273//2273 2274//2274 
f 2277//2277 2275//2275 2276//2276 
f 2148//2148 2154//2154 2278//2278 
f 2279//2279 2148//2148 2278//2278 
f 2272//2272 2148//2148 2279//2279 
f 2155//2155 2278//2278 2154//2154 
f 2273//2273 2157//2157 2153//2153 
f 2157//2157 2273//2273 2159//2159 
f 2273//2273 2280//2280 2159//2159 
f 2273//2273 2275//2275 2280//2280 
f 2275//2275 2277//2277 2281//2281 
f 2282//2282 2275//2275 2281//2281 
f 2280//2280 2275//2275 2282//2282 
f 2283//2283 2282//2282 2281//2281 
f 2279//2279 2278//2278 2284//2284 
f 2279//2279 2284//2284 2285//2285 
f 2161//2161 2284//2284 2155//2155 
f 2155//2155 2284//2284 2278//2278 
f 2280//2280 2163//2163 2159//2159 
f 2163//2163 2280//2280 2165//2165 
f 2165//2165 2280//2280 2282//2282 
f 2287//2287 2286//2286 2166//2166 
f 2287//2287 2166//2166 2165//2165 
f 2283//2283 2287//2287 2165//2165 
f 2282//2282 2283//2283 2165//2165 
f 2289//2289 2288//2288 2286//2286 
f 2289//2289 2286//2286 2287//2287 
f 2290//2290 2288//2288 2289//2289 
f 2285//2285 2284//2284 2291//2291 
f 2285//2285 2291//2291 2292//2292 
f 2168//2168 2291//2291 2161//2161 
f 2161//2161 2291//2291 2284//2284 
f 2286//2286 2170//2170 2166//2166 
f 2170//2170 2286//2286 2172//2172 
f 2172//2172 2286//2286 2288//2288 
f 2294//2294 2293//2293 2173//2173 
f 2294//2294 2173//2173 2172//2172 
f 2290//2290 2294//2294 2172//2172 
f 2288//2288 2290//2290 2172//2172 
f 2296//2296 2295//2295 2293//2293 
f 2296//2296 2293//2293 2294//2294 
f 2297//2297 2295//2295 2296//2296 
f 2292//2292 2291//2291 2298//2298 
f 2292//2292 2298//2298 2299//2299 
f 2174//2174 2298//2298 2168//2168 
f 2168//2168 2298//2298 2291//2291 
f 2293//2293 2176//2176 2173//2173 
f 2176//2176 2293//2293 2178//2178 
f 2178//2178 2293//2293 2295//2295 
f 2301//2301 2300//2300 2179//2179 
f 2301//2301 2179//2179 2178//2178 
f 2297//2297 2301//2301 2178//2178 
f 2295//2295 2297//2297 2178//2178 
f 2303//2303 2302//2302 2300//2300 
f 2303//2303 2300//2300 2301//2301 
f 2304//2304 2302//2302 2303//2303 
f 2299//2299 2298//2298 2181//2181 
f 2182//2182 2299//2299 2181//2181 
f 2305//2305 2299//2299 2182//2182 
f 2181//2181 2298//2298 2174//2174 
f 2300//2300 2184//2184 2179//2179 
f 2184//2184 2300//2300 2186//2186 
f 2300//2300 2306//2306 2186//2186 
f 2300//2300 2302//2302 2306//2306 
f 2302//2302 2304//2304 2307//2307 
f 2308//2308 2302//2302 2307//2307 
f 2306//2306 2302//2302 2308//2308 
f 2309//2309 2308//2308 2307//2307 
f 2312//2312 2311//2311 2310//2310 
f 2311//2311 2305//2305 2310//2310 
f 2305//2305 2187//2187 2310//2310 
f 2305//2305 2182//2182 2187//2187 
f 2306//2306 2189//2189 2186//2186 
f 2189//2189 2306//2306 2191//2191 
f 2191//2191 2306//2306 2308//2308 
f 2314//2314 2313//2313 2192//2192 
f 2314//2314 2192//2192 2191//2191 
f 2309//2309 2314//2314 2191//2191 
f 2308//2308 2309//2309 2191//2191 
f 2316//2316 2315//2315 2313//2313 
f 2316//2316 2313//2313 2314//2314 
f 2318//2318 2317//2317 2315//2315 
f 2318//2318 2315//2315 2316//2316 
f 2317//2317 2318//2318 2312//2312 
f 2317//2317 2312//2312 2310//2310 
f 2194//2194 2317//2317 2310//2310 
f 2193//2193 2194//2194 2310//2310 
f 2193//2193 2310//2310 2187//2187 
f 2313//2313 2196//2196 2192//2192 
f 2196//2196 2313//2313 2198//2198 
f 2198//2198 2313//2313 2315//2315 
f 2198//2198 2315//2315 2199//2199 
f 2199//2199 2315//2315 2317//2317 
f 2199//2199 2317//2317 2194//2194 
f 2319//2319 2207//2207 2208//2208 
f 2209//2209 2320//2320 2208//2208 
f 2208//2208 2320//2320 2319//2319 
f 2211//2211 2320//2320 2209//2209 
f 2321//2321 2214//2214 2215//2215 
f 2216//2216 2322//2322 2215//2215 
f 2215//2215 2322//2322 2321//2321 
f 2217//2217 2323//2323 2216//2216 
f 2216//2216 2323//2323 2322//2322 
f 2218//2218 2324//2324 2217//2217 
f 2217//2217 2324//2324 2323//2323 
f 2219//2219 2325//2325 2218//2218 
f 2218//2218 2325//2325 2324//2324 
f 2220//2220 2326//2326 2219//2219 
f 2219//2219 2326//2326 2325//2325 
f 2221//2221 2327//2327 2220//2220 
f 2220//2220 2327//2327 2326//2326 
f 2222//2222 2328//2328 2221//2221 
f 2221//2221 2328//2328 2327//2327 
f 2328//2328 2222//2222 2329//2329 
f 2222//2222 2330//2330 2329//2329 
f 2222//2222 2223//2223 2330//2330 
f 2331//2331 2223//2223 2224//2224 
f 2331//2331 2330//2330 2223//2223 
f 2224//2224 2207//2207 2319//2319 
f 2332//2332 2224//2224 2319//2319 
f 2331//2331 2224//2224 2332//2332 
f 2334//2334 2333//2333 2332//2332 
f 2319//2319 2334//2334 2332//2332 
f 2320//2320 2334//2334 2319//2319 
f 2225//2225 2335//2335 2211//2211 
f 2335//2335 2320//2320 2211//2211 
f 2335//2335 2334//2334 2320//2320 
f 2226//2226 2335//2335 2225//2225 
f 2336//2336 2227//2227 2228//2228 
f 2229//2229 2337//2337 2228//2228 
f 2228//2228 2337//2337 2336//2336 
f 2337//2337 2229//2229 2338//2338 
f 2229//2229 2339//2339 2338//2338 
f 2229//2229 2230//2230 2339//2339 
f 2230//2230 2214//2214 2321//2321 
f 2340//2340 2230//2230 2321//2321 
f 2339//2339 2230//2230 2340//2340 
f 2340//2340 2321//2321 2322//2322 
f 2340//2340 2322//2322 2341//2341 
f 2341//2341 2322//2322 2323//2323 
f 2341//2341 2323//2323 2342//2342 
f 2342//2342 2323//2323 2324//2324 
f 2342//2342 2324//2324 2343//2343 
f 2343//2343 2324//2324 2325//2325 
f 2343//2343 2325//2325 2344//2344 
f 2344//2344 2325//2325 2326//2326 
f 2344//2344 2326//2326 2345//2345 
f 2345//2345 2326//2326 2327//2327 
f 2345//2345 2327//2327 2346//2346 
f 2346//2346 2327//2327 2328//2328 
f 2346//2346 2328//2328 2347//2347 
f 2347//2347 2328//2328 2329//2329 
f 2348//2348 2333//2333 2334//2334 
f 2350//2350 2349//2349 2348//2348 
f 2334//2334 2350//2350 2348//2348 
f 2335//2335 2350//2350 2334//2334 
f 2232//2232 2350//2350 2226//2226 
f 2226//2226 2350//2350 2335//2335 
f 2351//2351 2234//2234 2336//2336 
f 2336//2336 2234//2234 2227//2227 
f 2337//2337 2353//2353 2352//2352 
f 2351//2351 2337//2337 2352//2352 
f 2336//2336 2337//2337 2351//2351 
f 2353//2353 2337//2337 2338//2338 
f 2354//2354 2349//2349 2350//2350 
f 2350//2350 2232//2232 2354//2354 
f 2232//2232 2355//2355 2354//2354 
f 2232//2232 2236//2236 2355//2355 
f 2356//2356 2237//2237 2238//2238 
f 2357//2357 2356//2356 2238//2238 
f 2357//2357 2238//2238 2234//2234 
f 2358//2358 2357//2357 2234//2234 
f 2351//2351 2358//2358 2234//2234 
f 2358//2358 2351//2351 2352//2352 
f 2236//2236 2239//2239 2359//2359 
f 2360//2360 2236//2236 2359//2359 
f 2355//2355 2236//2236 2360//2360 
f 2241//2241 2359//2359 2239//2239 
f 2361//2361 2242//2242 2356//2356 
f 2356//2356 2242//2242 2237//2237 
f 2356//2356 2357//2357 2362//2362 
f 2356//2356 2362//2362 2361//2361 
f 2360//2360 2359//2359 2363//2363 
f 2360//2360 2363//2363 2364//2364 
f 2244//2244 2363//2363 2241//2241 
f 2241//2241 2363//2363 2359//2359 
f 2361//2361 2245//2245 2242//2242 
f 2366//2366 2365//2365 2247//2247 
f 2366//2366 2247//2247 2245//2245 
f 2362//2362 2366//2366 2245//2245 
f 2361//2361 2362//2362 2245//2245 
f 2367//2367 2365//2365 2366//2366 
f 2368//2368 2364//2364 2363//2363 
f 2370//2370 2368//2368 2369//2369 
f 2369//2369 2368//2368 2248//2248 
f 2368//2368 2363//2363 2248//2248 
f 2363//2363 2244//2244 2248//2248 
f 2249//2249 2369//2369 2248//2248 
f 2365//2365 2251//2251 2247//2247 
f 2372//2372 2371//2371 2253//2253 
f 2372//2372 2253//2253 2251//2251 
f 2367//2367 2372//2372 2251//2251 
f 2365//2365 2367//2367 2251//2251 
f 2374//2374 2373//2373 2371//2371 
f 2374//2374 2371//2371 2372//2372 
f 2375//2375 2373//2373 2374//2374 
f 2370//2370 2369//2369 2376//2376 
f 2370//2370 2376//2376 2377//2377 
f 2255//2255 2376//2376 2249//2249 
f 2249//2249 2376//2376 2369//2369 
f 2371//2371 2257//2257 2253//2253 
f 2257//2257 2371//2371 2258//2258 
f 2371//2371 2378//2378 2258//2258 
f 2371//2371 2373//2373 2378//2378 
f 2373//2373 2375//2375 2379//2379 
f 2380//2380 2373//2373 2379//2379 
f 2378//2378 2373//2373 2380//2380 
f 2381//2381 2380//2380 2379//2379 
f 2377//2377 2376//2376 2382//2382 
f 2377//2377 2382//2382 2383//2383 
f 2260//2260 2382//2382 2255//2255 
f 2255//2255 2382//2382 2376//2376 
f 2378//2378 2262//2262 2258//2258 
f 2262//2262 2378//2378 2263//2263 
f 2378//2378 2384//2384 2263//2263 
f 2378//2378 2380//2380 2384//2384 
f 2380//2380 2381//2381 2385//2385 
f 2386//2386 2380//2380 2385//2385 
f 2384//2384 2380//2380 2386//2386 
f 2387//2387 2386//2386 2385//2385 
f 2388//2388 2383//2383 2382//2382 
f 2382//2382 2260//2260 2388//2388 
f 2260//2260 2389//2389 2388//2388 
f 2260//2260 2265//2265 2389//2389 
f 2384//2384 2267//2267 2263//2263 
f 2267//2267 2384//2384 2269//2269 
f 2269//2269 2384//2384 2386//2386 
f 2391//2391 2390//2390 2270//2270 
f 2391//2391 2270//2270 2269//2269 
f 2387//2387 2391//2391 2269//2269 
f 2386//2386 2387//2387 2269//2269 
f 2393//2393 2392//2392 2390//2390 
f 2393//2393 2390//2390 2391//2391 
f 2394//2394 2392//2392 2393//2393 
f 2265//2265 2271//2271 2395//2395 
f 2396//2396 2265//2265 2395//2395 
f 2389//2389 2265//2265 2396//2396 
f 2272//2272 2395//2395 2271//2271 
f 2390//2390 2274//2274 2270//2270 
f 2274//2274 2390//2390 2276//2276 
f 2276//2276 2390//2390 2392//2392 
f 2398//2398 2397//2397 2277//2277 
f 2398//2398 2277//2277 2276//2276 
f 2394//2394 2398//2398 2276//2276 
f 2392//2392 2394//2394 2276//2276 
f 2400//2400 2399//2399 2397//2397 
f 2400//2400 2397//2397 2398//2398 
f 2401//2401 2399//2399 2400//2400 
f 2396//2396 2395//2395 2402//2402 
f 2396//2396 2402//2402 2403//2403 
f 2279//2279 2402//2402 2272//2272 
f 2272//2272 2402//2402 2395//2395 
f 2397//2397 2281//2281 2277//2277 
f 2281//2281 2397//2397 2283//2283 
f 2397//2397 2404//2404 2283//2283 
f 2397//2397 2399//2399 2404//2404 
f 2399//2399 2401//2401 2405//2405 
f 2406//2406 2399//2399 2405//2405 
f 2404//2404 2399//2399 2406//2406 
f 2407//2407 2406//2406 2405//2405 
f 2403//2403 2402//2402 2408//2408 
f 2403//2403 2408//2408 2409//2409 
f 2285//2285 2408//2408 2279//2279 
f 2279//2279 2408//2408 2402//2402 
f 2404//2404 2287//2287 2283//2283 
f 2287//2287 2404//2404 2289//2289 
f 2289//2289 2404//2404 2406//2406 
f 2411//2411 2410//2410 2290//2290 
f 2411//2411 2290//2290 2289//2289 
f 2407//2407 2411//2411 2289//2289 
f 2406//2406 2407//2407 2289//2289 
f 2413//2413 2412//2412 2410//2410 
f 2413//2413 2410//2410 2411//2411 
f 2414//2414 2412//2412 2413//2413 
f 2409//2409 2408//2408 2415//2415 
f 2409//2409 2415//2415 2416//2416 
f 2292//2292 2415//2415 2285//2285 
f 2285//2285 2415//2415 2408//2408 
f 2410//2410 2294//2294 2290//2290 
f 2294//2294 2410//2410 2296//2296 
f 2296//2296 2410//2410 2412//2412 
f 2418//2418 2417//2417 2297//2297 
f 2418//2418 2297//2297 2296//2296 
f 2414//2414 2418//2418 2296//2296 
f 2412//2412 2414//2414 2296//2296 
f 2420//2420 2419//2419 2417//2417 
f 2420//2420 2417//2417 2418//2418 
f 2421//2421 2419//2419 2420//2420 
f 2416//2416 2415//2415 2422//2422 
f 2416//2416 2422//2422 2423//2423 
f 2299//2299 2422//2422 2292//2292 
f 2292//2292 2422//2422 2415//2415 
f 2417//2417 2301//2301 2297//2297 
f 2301//2301 2417//2417 2303//2303 
f 2303//2303 2417//2417 2419//2419 
f 2425//2425 2424//2424 2304//2304 
f 2425//2425 2304//2304 2303//2303 
f 2421//2421 2425//2425 2303//2303 
f 2419//2419 2421//2421 2303//2303 
f 2427//2427 2426//2426 2424//2424 
f 2427//2427 2424//2424 2425//2425 
f 2428//2428 2426//2426 2427//2427 
f 2431//2431 2430//2430 2429//2429 
f 2429//2429 2430//2430 2423//2423 
f 2422//2422 2429//2429 2423//2423 
f 2432//2432 2429//2429 2422//2422 
f 2305//2305 2432//2432 2299//2299 
f 2299//2299 2432//2432 2422//2422 
f 2424//2424 2307//2307 2304//2304 
f 2307//2307 2424//2424 2309//2309 
f 2424//2424 2433//2433 2309//2309 
f 2424//2424 2426//2426 2433//2433 
f 2426//2426 2428//2428 2434//2434 
f 2435//2435 2426//2426 2434//2434 
f 2433//2433 2426//2426 2435//2435 
f 2435//2435 2434//2434 2431//2431 
f 2429//2429 2435//2435 2431//2431 
f 2436//2436 2435//2435 2429//2429 
f 2312//2312 2436//2436 2311//2311 
f 2436//2436 2432//2432 2311//2311 
f 2436//2436 2429//2429 2432//2432 
f 2311//2311 2432//2432 2305//2305 
f 2433//2433 2314//2314 2309//2309 
f 2314//2314 2433//2433 2316//2316 
f 2316//2316 2433//2433 2435//2435 
f 2316//2316 2435//2435 2318//2318 
f 2318//2318 2435//2435 2436//2436 
f 2318//2318 2436//2436 2312//2312 
f 2437//2437 2329//2329 2330//2330 
f 2331//2331 2438//2438 2330//2330 
f 2330//2330 2438//2438 2437//2437 
f 2332//2332 2439//2439 2331//2331 
f 2331//2331 2439//2439 2438//2438 
f 2333//2333 2439//2439 2332//2332 
f 2440//2440 2338//2338 2339//2339 
f 2340//2340 2441//2441 2339//2339 
f 2339//2339 2441//2441 2440//2440 
f 2341//2341 2442//2442 2340//2340 
f 2340//2340 2442//2442 2441//2441 
f 2342//2342 2443//2443 2341//2341 
f 2341//2341 2443//2443 2442//2442 
f 2343//2343 2444//2444 2342//2342 
f 2342//2342 2444//2444 2443//2443 
f 2344//2344 2445//2445 2343//2343 
f 2343//2343 2445//2445 2444//2444 
f 2445//2445 2344//2344 2446//2446 
f 2344//2344 2447//2447 2446//2446 
f 2344//2344 2345//2345 2447//2447 
f 2448//2448 2345//2345 2346//2346 
f 2448//2448 2447//2447 2345//2345 
f 2449//2449 2346//2346 2347//2347 
f 2449//2449 2448//2448 2346//2346 
f 2347//2347 2329//2329 2437//2437 
f 2450//2450 2347//2347 2437//2437 
f 2449//2449 2347//2347 2450//2450 
f 2450//2450 2437//2437 2438//2438 
f 2450//2450 2438//2438 2451//2451 
f 2451//2451 2438//2438 2439//2439 
f 2451//2451 2439//2439 2452//2452 
f 2454//2454 2452//2452 2453//2453 
f 2453//2453 2452//2452 2348//2348 
f 2452//2452 2439//2439 2348//2348 
f 2439//2439 2333//2333 2348//2348 
f 2349//2349 2453//2453 2348//2348 
f 2455//2455 2352//2352 2353//2353 
f 2456//2456 2455//2455 2353//2353 
f 2456//2456 2353//2353 2338//2338 
f 2457//2457 2456//2456 2338//2338 
f 2440//2440 2457//2457 2338//2338 
f 2457//2457 2440//2440 2441//2441 
f 2457//2457 2441//2441 2458//2458 
f 2458//2458 2441//2441 2442//2442 
f 2458//2458 2442//2442 2459//2459 
f 2459//2459 2442//2442 2443//2443 
f 2459//2459 2443//2443 2460//2460 
f 2460//2460 2443//2443 2444//2444 
f 2460//2460 2444//2444 2461//2461 
f 2461//2461 2444//2444 2445//2445 
f 2461//2461 2445//2445 2462//2462 
f 2462//2462 2445//2445 2446//2446 
f 2463//2463 2454//2454 2453//2453 
f 2465//2465 2463//2463 2464//2464 
f 2464//2464 2463//2463 2354//2354 
f 2463//2463 2453//2453 2354//2354 
f 2453//2453 2349//2349 2354//2354 
f 2355//2355 2464//2464 2354//2354 
f 2466//2466 2357//2357 2358//2358 
f 2352//2352 2455//2455 2358//2358 
f 2455//2455 2466//2466 2358//2358 
f 2455//2455 2467//2467 2466//2466 
f 2455//2455 2456//2456 2468//2468 
f 2455//2455 2468//2468 2467//2467 
f 2465//2465 2464//2464 2469//2469 
f 2465//2465 2469//2469 2470//2470 
f 2360//2360 2469//2469 2355//2355 
f 2355//2355 2469//2469 2464//2464 
f 2471//2471 2362//2362 2466//2466 
f 2466//2466 2362//2362 2357//2357 
f 2472//2472 2466//2466 2467//2467 
f 2471//2471 2466//2466 2472//2472 
f 2467//2467 2468//2468 2473//2473 
f 2467//2467 2473//2473 2472//2472 
f 2470//2470 2469//2469 2474//2474 
f 2470//2470 2474//2474 2475//2475 
f 2364//2364 2474//2474 2360//2360 
f 2360//2360 2474//2474 2469//2469 
f 2471//2471 2366//2366 2362//2362 
f 2366//2366 2471//2471 2367//2367 
f 2471//2471 2476//2476 2367//2367 
f 2471//2471 2472//2472 2476//2476 
f 2472//2472 2473//2473 2477//2477 
f 2478//2478 2472//2472 2477//2477 
f 2476//2476 2472//2472 2478//2478 
f 2479//2479 2478//2478 2477//2477 
f 2480//2480 2475//2475 2474//2474 
f 2482//2482 2480//2480 2481//2481 
f 2481//2481 2480//2480 2368//2368 
f 2480//2480 2474//2474 2368//2368 
f 2474//2474 2364//2364 2368//2368 
f 2370//2370 2481//2481 2368//2368 
f 2476//2476 2372//2372 2367//2367 
f 2372//2372 2476//2476 2374//2374 
f 2374//2374 2476//2476 2478//2478 
f 2484//2484 2483//2483 2375//2375 
f 2484//2484 2375//2375 2374//2374 
f 2479//2479 2484//2484 2374//2374 
f 2478//2478 2479//2479 2374//2374 
f 2485//2485 2483//2483 2484//2484 
f 2482//2482 2481//2481 2486//2486 
f 2482//2482 2486//2486 2487//2487 
f 2377//2377 2486//2486 2370//2370 
f 2370//2370 2486//2486 2481//2481 
f 2483//2483 2379//2379 2375//2375 
f 2489//2489 2488//2488 2381//2381 
f 2489//2489 2381//2381 2379//2379 
f 2485//2485 2489//2489 2379//2379 
f 2483//2483 2485//2485 2379//2379 
f 2490//2490 2488//2488 2489//2489 
f 2491//2491 2487//2487 2486//2486 
f 2486//2486 2377//2377 2491//2491 
f 2377//2377 2492//2492 2491//2491 
f 2377//2377 2383//2383 2492//2492 
f 2488//2488 2385//2385 2381//2381 
f 2494//2494 2493//2493 2387//2387 
f 2494//2494 2387//2387 2385//2385 
f 2490//2490 2494//2494 2385//2385 
f 2488//2488 2490//2490 2385//2385 
f 2496//2496 2495//2495 2493//2493 
f 2496//2496 2493//2493 2494//2494 
f 2497//2497 2495//2495 2496//2496 
f 2383//2383 2388//2388 2498//2498 
f 2499//2499 2383//2383 2498//2498 
f 2492//2492 2383//2383 2499//2499 
f 2389//2389 2498//2498 2388//2388 
f 2493//2493 2391//2391 2387//2387 
f 2391//2391 2493//2493 2393//2393 
f 2393//2393 2493//2493 2495//2495 
f 2501//2501 2500//2500 2394//2394 
f 2501//2501 2394//2394 2393//2393 
f 2497//2497 2501//2501 2393//2393 
f 2495//2495 2497//2497 2393//2393 
f 2503//2503 2502//2502 2500//2500 
f 2503//2503 2500//2500 2501//2501 
f 2504//2504 2502//2502 2503//2503 
f 2499//2499 2498//2498 2505//2505 
f 2499//2499 2505//2505 2506//2506 
f 2396//2396 2505//2505 2389//2389 
f 2389//2389 2505//2505 2498//2498 
f 2500//2500 2398//2398 2394//2394 
f 2398//2398 2500//2500 2400//2400 
f 2400//2400 2500//2500 2502//2502 
f 2508//2508 2507//2507 2401//2401 
f 2508//2508 2401//2401 2400//2400 
f 2504//2504 2508//2508 2400//2400 
f 2502//2502 2504//2504 2400//2400 
f 2510//2510 2509//2509 2507//2507 
f 2510//2510 2507//2507 2508//2508 
f 2511//2511 2509//2509 2510//2510 
f 2506//2506 2505//2505 2512//2512 
f 2506//2506 2512//2512 2513//2513 
f 2403//2403 2512//2512 2396//2396 
f 2396//2396 2512//2512 2505//2505 
f 2507//2507 2405//2405 2401//2401 
f 2405//2405 2507//2507 2407//2407 
f 2507//2507 2514//2514 2407//2407 
f 2507//2507 2509//2509 2514//2514 
f 2509//2509 2511//2511 2515//2515 
f 2516//2516 2509//2509 2515//2515 
f 2514//2514 2509//2509 2516//2516 
f 2518//2518 2517//2517 2516//2516 
f 2518//2518 2516//2516 2515//2515 
f 2519//2519 2517//2517 2518//2518 
f 2513//2513 2512//2512 2520//2520 
f 2513//2513 2520//2520 2521//2521 
f 2409//2409 2520//2520 2403//2403 
f 2403//2403 2520//2520 2512//2512 
f 2514//2514 2411//2411 2407//2407 
f 2411//2411 2514//2514 2413//2413 
f 2413//2413 2514//2514 2516//2516 
f 2413//2413 2516//2516 2414//2414 
f 2516//2516 2522//2522 2414//2414 
f 2516//2516 2517//2517 2522//2522 
f 2517//2517 2519//2519 2523//2523 
f 2524//2524 2517//2517 2523//2523 
f 2522//2522 2517//2517 2524//2524 
f 2526//2526 2525//2525 2524//2524 
f 2526//2526 2524//2524 2523//2523 
f 2527//2527 2525//2525 2526//2526 
f 2521//2521 2520//2520 2528//2528 
f 2521//2521 2528//2528 2529//2529 
f 2416//2416 2528//2528 2409//2409 
f 2409//2409 2528//2528 2520//2520 
f 2522//2522 2418//2418 2414//2414 
f 2418//2418 2522//2522 2420//2420 
f 2420//2420 2522//2522 2524//2524 
f 2420//2420 2524//2524 2421//2421 
f 2524//2524 2530//2530 2421//2421 
f 2524//2524 2525//2525 2530//2530 
f 2525//2525 2527//2527 2531//2531 
f 2532//2532 2525//2525 2531//2531 
f 2530//2530 2525//2525 2532//2532 
f 2534//2534 2533//2533 2532//2532 
f 2534//2534 2532//2532 2531//2531 
f 2533//2533 2534//2534 2529//2529 
f 2528//2528 2533//2533 2529//2529 
f 2535//2535 2533//2533 2528//2528 
f 2423//2423 2535//2535 2416//2416 
f 2416//2416 2535//2535 2528//2528 
f 2530//2530 2425//2425 2421//2421 
f 2425//2425 2530//2530 2427//2427 
f 2427//2427 2530//2530 2532//2532 
f 2427//2427 2532//2532 2428//2428 
f 2532//2532 2536//2536 2428//2428 
f 2532//2532 2533//2533 2536//2536 
f 2431//2431 2536//2536 2430//2430 
f 2536//2536 2535//2535 2430//2430 
f 2536//2536 2533//2533 2535//2535 
f 2430//2430 2535//2535 2423//2423 
f 2536//2536 2434//2434 2428//2428 
f 2434//2434 2536//2536 2431//2431 
f 2537//2537 2446//2446 2447//2447 
f 2448//2448 2538//2538 2447//2447 
f 2447//2447 2538//2538 2537//2537 
f 2449//2449 2539//2539 2448//2448 
f 2448//2448 2539//2539 2538//2538 
f 2450//2450 2540//2540 2449//2449 
f 2449//2449 2540//2540 2539//2539 
f 2451//2451 2541//2541 2450//2450 
f 2450//2450 2541//2541 2540//2540 
f 2452//2452 2542//2542 2451//2451 
f 2451//2451 2542//2542 2541//2541 
f 2454//2454 2542//2542 2452//2452 
f 2543//2543 2456//2456 2457//2457 
f 2458//2458 2544//2544 2457//2457 
f 2457//2457 2544//2544 2543//2543 
f 2459//2459 2545//2545 2458//2458 
f 2458//2458 2545//2545 2544//2544 
f 2460//2460 2546//2546 2459//2459 
f 2459//2459 2546//2546 2545//2545 
f 2546//2546 2460//2460 2547//2547 
f 2460//2460 2548//2548 2547//2547 
f 2460//2460 2461//2461 2548//2548 
f 2549//2549 2461//2461 2462//2462 
f 2549//2549 2548//2548 2461//2461 
f 2462//2462 2446//2446 2537//2537 
f 2550//2550 2462//2462 2537//2537 
f 2549//2549 2462//2462 2550//2550 
f 2550//2550 2537//2537 2538//2538 
f 2550//2550 2538//2538 2551//2551 
f 2551//2551 2538//2538 2539//2539 
f 2551//2551 2539//2539 2552//2552 
f 2552//2552 2539//2539 2540//2540 
f 2552//2552 2540//2540 2553//2553 
f 2553//2553 2540//2540 2541//2541 
f 2553//2553 2541//2541 2554//2554 
f 2556//2556 2555//2555 2554//2554 
f 2541//2541 2556//2556 2554//2554 
f 2542//2542 2556//2556 2541//2541 
f 2463//2463 2557//2557 2454//2454 
f 2557//2557 2542//2542 2454//2454 
f 2557//2557 2556//2556 2542//2542 
f 2465//2465 2557//2557 2463//2463 
f 2558//2558 2468//2468 2543//2543 
f 2543//2543 2468//2468 2456//2456 
f 2559//2559 2543//2543 2544//2544 
f 2558//2558 2543//2543 2559//2559 
f 2545//2545 2561//2561 2560//2560 
f 2559//2559 2545//2545 2560//2560 
f 2544//2544 2545//2545 2559//2559 
f 2561//2561 2545//2545 2546//2546 
f 2561//2561 2546//2546 2562//2562 
f 2562//2562 2546//2546 2547//2547 
f 2563//2563 2555//2555 2556//2556 
f 2565//2565 2564//2564 2563//2563 
f 2556//2556 2565//2565 2563//2563 
f 2557//2557 2565//2565 2556//2556 
f 2470//2470 2565//2565 2465//2465 
f 2465//2465 2565//2565 2557//2557 
f 2566//2566 2473//2473 2558//2558 
f 2558//2558 2473//2473 2468//2468 
f 2567//2567 2558//2558 2559//2559 
f 2566//2566 2558//2558 2567//2567 
f 2559//2559 2560//2560 2568//2568 
f 2559//2559 2568//2568 2567//2567 
f 2569//2569 2564//2564 2565//2565 
f 2565//2565 2470//2470 2569//2569 
f 2470//2470 2570//2570 2569//2569 
f 2470//2470 2475//2475 2570//2570 
f 2566//2566 2477//2477 2473//2473 
f 2477//2477 2566//2566 2479//2479 
f 2566//2566 2571//2571 2479//2479 
f 2566//2566 2567//2567 2571//2571 
f 2567//2567 2568//2568 2572//2572 
f 2573//2573 2567//2567 2572//2572 
f 2571//2571 2567//2567 2573//2573 
f 2574//2574 2573//2573 2572//2572 
f 2475//2475 2480//2480 2575//2575 
f 2576//2576 2475//2475 2575//2575 
f 2570//2570 2475//2475 2576//2576 
f 2482//2482 2575//2575 2480//2480 
f 2571//2571 2484//2484 2479//2479 
f 2484//2484 2571//2571 2485//2485 
f 2571//2571 2577//2577 2485//2485 
f 2571//2571 2573//2573 2577//2577 
f 2573//2573 2574//2574 2578//2578 
f 2579//2579 2573//2573 2578//2578 
f 2577//2577 2573//2573 2579//2579 
f 2580//2580 2579//2579 2578//2578 
f 2576//2576 2575//2575 2581//2581 
f 2576//2576 2581//2581 2582//2582 
f 2487//2487 2581//2581 2482//2482 
f 2482//2482 2581//2581 2575//2575 
f 2577//2577 2489//2489 2485//2485 
f 2489//2489 2577//2577 2490//2490 
f 2577//2577 2583//2583 2490//2490 
f 2577//2577 2579//2579 2583//2583 
f 2579//2579 2580//2580 2584//2584 
f 2585//2585 2579//2579 2584//2584 
f 2583//2583 2579//2579 2585//2585 
f 2586//2586 2585//2585 2584//2584 
f 2587//2587 2582//2582 2581//2581 
f 2589//2589 2587//2587 2588//2588 
f 2588//2588 2587//2587 2491//2491 
f 2587//2587 2581//2581 2491//2491 
f 2581//2581 2487//2487 2491//2491 
f 2492//2492 2588//2588 2491//2491 
f 2583//2583 2494//2494 2490//2490 
f 2494//2494 2583//2583 2496//2496 
f 2496//2496 2583//2583 2585//2585 
f 2591//2591 2590//2590 2497//2497 
f 2591//2591 2497//2497 2496//2496 
f 2586//2586 2591//2591 2496//2496 
f 2585//2585 2586//2586 2496//2496 
f 2593//2593 2592//2592 2590//2590 
f 2593//2593 2590//2590 2591//2591 
f 2594//2594 2592//2592 2593//2593 
f 2589//2589 2588//2588 2595//2595 
f 2589//2589 2595//2595 2596//2596 
f 2499//2499 2595//2595 2492//2492 
f 2492//2492 2595//2595 2588//2588 
f 2590//2590 2501//2501 2497//2497 
f 2501//2501 2590//2590 2503//2503 
f 2503//2503 2590//2590 2592//2592 
f 2598//2598 2597//2597 2504//2504 
f 2598//2598 2504//2504 2503//2503 
f 2594//2594 2598//2598 2503//2503 
f 2592//2592 2594//2594 2503//2503 
f 2600//2600 2599//2599 2597//2597 
f 2600//2600 2597//2597 2598//2598 
f 2601//2601 2599//2599 2600//2600 
f 2596//2596 2595//2595 2602//2602 
f 2596//2596 2602//2602 2603//2603 
f 2506//2506 2602//2602 2499//2499 
f 2499//2499 2602//2602 2595//2595 
f 2597//2597 2508//2508 2504//2504 
f 2508//2508 2597//2597 2510//2510 
f 2510//2510 2597//2597 2599//2599 
f 2605//2605 2604//2604 2511//2511 
f 2605//2605 2511//2511 2510//2510 
f 2601//2601 2605//2605 2510//2510 
f 2599//2599 2601//2601 2510//2510 
f 2607//2607 2606//2606 2604//2604 
f 2607//2607 2604//2604 2605//2605 
f 2608//2608 2606//2606 2607//2607 
f 2603//2603 2602//2602 2609//2609 
f 2603//2603 2609//2609 2610//2610 
f 2513//2513 2609//2609 2506//2506 
f 2506//2506 2609//2609 2602//2602 
f 2604//2604 2515//2515 2511//2511 
f 2515//2515 2604//2604 2518//2518 
f 2518//2518 2604//2604 2606//2606 
f 2612//2612 2611//2611 2519//2519 
f 2612//2612 2519//2519 2518//2518 
f 2608//2608 2612//2612 2518//2518 
f 2606//2606 2608//2608 2518//2518 
f 2614//2614 2613//2613 2611//2611 
f 2614//2614 2611//2611 2612//2612 
f 2616//2616 2615//2615 2613//2613 
f 2616//2616 2613//2613 2614//2614 
f 2615//2615 2616//2616 2610//2610 
f 2609//2609 2615//2615 2610//2610 
f 2617//2617 2615//2615 2609//2609 
f 2521//2521 2617//2617 2513//2513 
f 2513//2513 2617//2617 2609//2609 
f 2611//2611 2523//2523 2519//2519 
f 2523//2523 2611//2611 2526//2526 
f 2526//2526 2611//2611 2613//2613 
f 2526//2526 2613//2613 2527//2527 
f 2613//2613 2618//2618 2527//2527 
f 2613//2613 2615//2615 2618//2618 
f 2619//2619 2615//2615 2617//2617 
f 2618//2618 2615//2615 2619//2619 
f 2529//2529 2619//2619 2521//2521 
f 2521//2521 2619//2619 2617//2617 
f 2618//2618 2531//2531 2527//2527 
f 2531//2531 2618//2618 2534//2534 
f 2534//2534 2618//2618 2619//2619 
f 2534//2534 2619//2619 2529//2529 
f 2620//2620 2547//2547 2548//2548 
f 2549//2549 2621//2621 2548//2548 
f 2548//2548 2621//2621 2620//2620 
f 2550//2550 2622//2622 2549//2549 
f 2549//2549 2622//2622 2621//2621 
f 2551//2551 2623//2623 2550//2550 
f 2550//2550 2623//2623 2622//2622 
f 2552//2552 2624//2624 2551//2551 
f 2551//2551 2624//2624 2623//2623 
f 2553//2553 2625//2625 2552//2552 
f 2552//2552 2625//2625 2624//2624 
f 2554//2554 2626//2626 2553//2553 
f 2553//2553 2626//2626 2625//2625 
f 2555//2555 2626//2626 2554//2554 
f 2627//2627 2560//2560 2561//2561 
f 2562//2562 2628//2628 2561//2561 
f 2561//2561 2628//2628 2627//2627 
f 2547//2547 2620//2620 2562//2562 
f 2620//2620 2628//2628 2562//2562 
f 2620//2620 2629//2629 2628//2628 
f 2621//2621 2631//2631 2630//2630 
f 2629//2629 2621//2621 2630//2630 
f 2620//2620 2621//2621 2629//2629 
f 2631//2631 2621//2621 2622//2622 
f 2631//2631 2622//2622 2632//2632 
f 2632//2632 2622//2622 2623//2623 
f 2632//2632 2623//2623 2633//2633 
f 2633//2633 2623//2623 2624//2624 
f 2633//2633 2624//2624 2634//2634 
f 2634//2634 2624//2624 2625//2625 
f 2634//2634 2625//2625 2635//2635 
f 2635//2635 2625//2625 2626//2626 
f 2635//2635 2626//2626 2636//2636 
f 2638//2638 2636//2636 2637//2637 
f 2637//2637 2636//2636 2563//2563 
f 2636//2636 2626//2626 2563//2563 
f 2626//2626 2555//2555 2563//2563 
f 2564//2564 2637//2637 2563//2563 
f 2639//2639 2568//2568 2627//2627 
f 2627//2627 2568//2568 2560//2560 
f 2640//2640 2627//2627 2628//2628 
f 2639//2639 2627//2627 2640//2640 
f 2629//2629 2642//2642 2641//2641 
f 2640//2640 2629//2629 2641//2641 
f 2628//2628 2629//2629 2640//2640 
f 2642//2642 2629//2629 2630//2630 
f 2643//2643 2638//2638 2637//2637 
f 2645//2645 2643//2643 2644//2644 
f 2644//2644 2643//2643 2569//2569 
f 2643//2643 2637//2637 2569//2569 
f 2637//2637 2564//2564 2569//2569 
f 2570//2570 2644//2644 2569//2569 
f 2639//2639 2572//2572 2568//2568 
f 2572//2572 2639//2639 2574//2574 
f 2639//2639 2646//2646 2574//2574 
f 2639//2639 2640//2640 2646//2646 
f 2640//2640 2641//2641 2647//2647 
f 2648//2648 2640//2640 2647//2647 
f 2646//2646 2640//2640 2648//2648 
f 2649//2649 2648//2648 2647//2647 
f 2645//2645 2644//2644 2650//2650 
f 2645//2645 2650//2650 2651//2651 
f 2576//2576 2650//2650 2570//2570 
f 2570//2570 2650//2650 2644//2644 
f 2646//2646 2578//2578 2574//2574 
f 2578//2578 2646//2646 2580//2580 
f 2646//2646 2652//2652 2580//2580 
f 2646//2646 2648//2648 2652//2652 
f 2648//2648 2649//2649 2653//2653 
f 2654//2654 2648//2648 2653//2653 
f 2652//2652 2648//2648 2654//2654 
f 2655//2655 2654//2654 2653//2653 
f 2651//2651 2650//2650 2656//2656 
f 2651//2651 2656//2656 2657//2657 
f 2582//2582 2656//2656 2576//2576 
f 2576//2576 2656//2656 2650//2650 
f 2652//2652 2584//2584 2580//2580 
f 2584//2584 2652//2652 2586//2586 
f 2652//2652 2658//2658 2586//2586 
f 2652//2652 2654//2654 2658//2658 
f 2654//2654 2655//2655 2659//2659 
f 2660//2660 2654//2654 2659//2659 
f 2658//2658 2654//2654 2660//2660 
f 2662//2662 2661//2661 2660//2660 
f 2662//2662 2660//2660 2659//2659 
f 2663//2663 2661//2661 2662//2662 
f 2664//2664 2657//2657 2656//2656 
f 2666//2666 2664//2664 2665//2665 
f 2665//2665 2664//2664 2587//2587 
f 2664//2664 2656//2656 2587//2587 
f 2656//2656 2582//2582 2587//2587 
f 2589//2589 2665//2665 2587//2587 
f 2658//2658 2591//2591 2586//2586 
f 2591//2591 2658//2658 2593//2593 
f 2593//2593 2658//2658 2660//2660 
f 2593//2593 2660//2660 2594//2594 
f 2660//2660 2667//2667 2594//2594 
f 2660//2660 2661//2661 2667//2667 
f 2661//2661 2663//2663 2668//2668 
f 2669//2669 2661//2661 2668//2668 
f 2667//2667 2661//2661 2669//2669 
f 2671//2671 2670//2670 2669//2669 
f 2671//2671 2669//2669 2668//2668 
f 2672//2672 2670//2670 2671//2671 
f 2666//2666 2665//2665 2673//2673 
f 2666//2666 2673//2673 2674//2674 
f 2596//2596 2673//2673 2589//2589 
f 2589//2589 2673//2673 2665//2665 
f 2667//2667 2598//2598 2594//2594 
f 2598//2598 2667//2667 2600//2600 
f 2600//2600 2667//2667 2669//2669 
f 2600//2600 2669//2669 2601//2601 
f 2669//2669 2675//2675 2601//2601 
f 2669//2669 2670//2670 2675//2675 
f 2670//2670 2672//2672 2676//2676 
f 2677//2677 2670//2670 2676//2676 
f 2675//2675 2670//2670 2677//2677 
f 2679//2679 2678//2678 2677//2677 
f 2679//2679 2677//2677 2676//2676 
f 2681//2681 2680//2680 2678//2678 
f 2681//2681 2678//2678 2679//2679 
f 2680//2680 2681//2681 2674//2674 
f 2673//2673 2680//2680 2674//2674 
f 2682//2682 2680//2680 2673//2673 
f 2603//2603 2682//2682 2596//2596 
f 2596//2596 2682//2682 2673//2673 
f 2675//2675 2605//2605 2601//2601 
f 2605//2605 2675//2675 2607//2607 
f 2607//2607 2675//2675 2677//2677 
f 2607//2607 2677//2677 2608//2608 
f 2677//2677 2683//2683 2608//2608 
f 2677//2677 2678//2678 2683//2683 
f 2684//2684 2678//2678 2680//2680 
f 2683//2683 2678//2678 2684//2684 
f 2685//2685 2680//2680 2682//2682 
f 2684//2684 2680//2680 2685//2685 
f 2610//2610 2685//2685 2603//2603 
f 2603//2603 2685//2685 2682//2682 
f 2683//2683 2612//2612 2608//2608 
f 2612//2612 2683//2683 2614//2614 
f 2614//2614 2683//2683 2684//2684 
f 2614//2614 2684//2684 2616//2616 
f 2616//2616 2684//2684 2685//2685 
f 2616//2616 2685//2685 2610//2610 
f 2686//2686 2630//2630 2631//2631 
f 2632//2632 2687//2687 2631//2631 
f 2631//2631 2687//2687 2686//2686 
f 2633//2633 2688//2688 2632//2632 
f 2632//2632 2688//2688 2687//2687 
f 2634//2634 2689//2689 2633//2633 
f 2633//2633 2689//2689 2688//2688 
f 2635//2635 2690//2690 2634//2634 
f 2634//2634 2690//2690 2689//2689 
f 2636//2636 2691//2691 2635//2635 
f 2635//2635 2691//2691 2690//2690 
f 2638//2638 2691//2691 2636//2636 
f 2692//2692 2641//2641 2642//2642 
f 2630//2630 2686//2686 2642//2642 
f 2686//2686 2692//2692 2642//2642 
f 2686//2686 2693//2693 2692//2692 
f 2694//2694 2686//2686 2687//2687 
f 2693//2693 2686//2686 2694//2694 
f 2688//2688 2696//2696 2695//2695 
f 2694//2694 2688//2688 2695//2695 
f 2687//2687 2688//2688 2694//2694 
f 2696//2696 2688//2688 2689//2689 
f 2696//2696 2689//2689 2697//2697 
f 2697//2697 2689//2689 2690//2690 
f 2697//2697 2690//2690 2698//2698 
f 2700//2700 2699//2699 2698//2698 
f 2690//2690 2700//2700 2698//2698 
f 2691//2691 2700//2700 2690//2690 
f 2643//2643 2701//2701 2638//2638 
f 2701//2701 2691//2691 2638//2638 
f 2701//2701 2700//2700 2691//2691 
f 2645//2645 2701//2701 2643//2643 
f 2692//2692 2647//2647 2641//2641 
f 2647//2647 2692//2692 2649//2649 
f 2692//2692 2702//2702 2649//2649 
f 2692//2692 2693//2693 2702//2702 
f 2703//2703 2693//2693 2694//2694 
f 2702//2702 2693//2693 2703//2703 
f 2694//2694 2695//2695 2704//2704 
f 2694//2694 2704//2704 2703//2703 
f 2705//2705 2699//2699 2700//2700 
f 2707//2707 2706//2706 2705//2705 
f 2700//2700 2707//2707 2705//2705 
f 2701//2701 2707//2707 2700//2700 
f 2651//2651 2707//2707 2645//2645 
f 2645//2645 2707//2707 2701//2701 
f 2702//2702 2653//2653 2649//2649 
f 2653//2653 2702//2702 2655//2655 
f 2702//2702 2708//2708 2655//2655 
f 2702//2702 2703//2703 2708//2708 
f 2703//2703 2704//2704 2709//2709 
f 2710//2710 2703//2703 2709//2709 
f 2708//2708 2703//2703 2710//2710 
f 2712//2712 2711//2711 2710//2710 
f 2712//2712 2710//2710 2709//2709 
f 2713//2713 2711//2711 2712//2712 
f 2706//2706 2707//2707 2714//2714 
f 2706//2706 2714//2714 2715//2715 
f 2657//2657 2714//2714 2651//2651 
f 2651//2651 2714//2714 2707//2707 
f 2708//2708 2659//2659 2655//2655 
f 2659//2659 2708//2708 2662//2662 
f 2662//2662 2708//2708 2710//2710 
f 2662//2662 2710//2710 2663//2663 
f 2710//2710 2716//2716 2663//2663 
f 2710//2710 2711//2711 2716//2716 
f 2711//2711 2713//2713 2717//2717 
f 2718//2718 2711//2711 2717//2717 
f 2716//2716 2711//2711 2718//2718 
f 2720//2720 2719//2719 2718//2718 
f 2720//2720 2718//2718 2717//2717 
f 2719//2719 2720//2720 2715//2715 
f 2714//2714 2719//2719 2715//2715 
f 2721//2721 2719//2719 2714//2714 
f 2664//2664 2722//2722 2657//2657 
f 2722//2722 2714//2714 2657//2657 
f 2722//2722 2721//2721 2714//2714 
f 2666//2666 2722//2722 2664//2664 
f 2716//2716 2668//2668 2663//2663 
f 2668//2668 2716//2716 2671//2671 
f 2671//2671 2716//2716 2718//2718 
f 2671//2671 2718//2718 2672//2672 
f 2718//2718 2723//2723 2672//2672 
f 2718//2718 2719//2719 2723//2723 
f 2724//2724 2719//2719 2721//2721 
f 2723//2723 2719//2719 2724//2724 
f 2725//2725 2721//2721 2722//2722 
f 2724//2724 2721//2721 2725//2725 
f 2674//2674 2725//2725 2666//2666 
f 2666//2666 2725//2725 2722//2722 
f 2723//2723 2676//2676 2672//2672 
f 2676//2676 2723//2723 2679//2679 
f 2679//2679 2723//2723 2724//2724 
f 2679//2679 2724//2724 2681//2681 
f 2681//2681 2724//2724 2725//2725 
f 2681//2681 2725//2725 2674//2674 
f 2726//2726 2695//2695 2696//2696 
f 2697//2697 2727//2727 2696//2696 
f 2696//2696 2727//2727 2726//2726 
f 2698//2698 2728//2728 2697//2697 
f 2697//2697 2728//2728 2727//2727 
f 2699//2699 2728//2728 2698//2698 
f 2729//2729 2704//2704 2726//2726 
f 2726//2726 2704//2704 2695//2695 
f 2730//2730 2726//2726 2727//2727 
f 2729//2729 2726//2726 2730//2730 
f 2731//2731 2727//2727 2728//2728 
f 2730//2730 2727//2727 2731//2731 
f 2705//2705 2732//2732 2699//2699 
f 2732//2732 2728//2728 2699//2699 
f 2732//2732 2731//2731 2728//2728 
f 2706//2706 2732//2732 2705//2705 
f 2729//2729 2709//2709 2704//2704 
f 2709//2709 2729//2729 2712//2712 
f 2712//2712 2729//2729 2730//2730 
f 2712//2712 2730//2730 2713//2713 
f 2730//2730 2733//2733 2713//2713 
f 2730//2730 2731//2731 2733//2733 
f 2734//2734 2731//2731 2732//2732 
f 2733//2733 2731//2731 2734//2734 
f 2715//2715 2734//2734 2706//2706 
f 2706//2706 2734//2734 2732//2732 
f 2733//2733 2717//2717 2713//2713 
f 2717//2717 2733//2733 2720//2720 
f 2720//2720 2733//2733 2734//2734 
f 2720//2720 2734//2734 2715//2715 
