ISO-10303-21;
HEADER;
FILE_DESCRIPTION(('Open CASCADE Model'),'2;1');
FILE_NAME('Open CASCADE Shape Model','2026-05-02T08:42:18',('Author'),(
    'Open CASCADE'),'Open CASCADE STEP processor 7.7','Open CASCADE 7.7'
  ,'Unknown');
FILE_SCHEMA(('AUTOMOTIVE_DESIGN { 1 0 10303 214 1 1 1 1 }'));
ENDSEC;
DATA;
#1 = APPLICATION_PROTOCOL_DEFINITION('international standard',
  'automotive_design',2000,#2);
#2 = APPLICATION_CONTEXT(
  'core data for automotive mechanical design processes');
#3 = SHAPE_DEFINITION_REPRESENTATION(#4,#10);
#4 = PRODUCT_DEFINITION_SHAPE('','',#5);
#5 = PRODUCT_DEFINITION('design','',#6,#9);
#6 = PRODUCT_DEFINITION_FORMATION('','',#7);
#7 = PRODUCT('Open CASCADE STEP translator 7.7 4',
  'Open CASCADE STEP translator 7.7 4','',(#8));
#8 = PRODUCT_CONTEXT('',#2,'mechanical');
#9 = PRODUCT_DEFINITION_CONTEXT('part definition',#2,'design');
#10 = SHAPE_REPRESENTATION('',(#11,#15,#19),#23);
#11 = AXIS2_PLACEMENT_3D('',#12,#13,#14);
#12 = CARTESIAN_POINT('',(0.,0.,0.));
#13 = DIRECTION('',(0.,0.,1.));
#14 = DIRECTION('',(1.,0.,-0.));
#15 = AXIS2_PLACEMENT_3D('',#16,#17,#18);
#16 = CARTESIAN_POINT('',(0.,0.,0.));
#17 = DIRECTION('',(0.,0.,1.));
#18 = DIRECTION('',(1.,0.,-0.));
#19 = AXIS2_PLACEMENT_3D('',#20,#21,#22);
#20 = CARTESIAN_POINT('',(0.,0.,0.));
#21 = DIRECTION('',(0.,0.,1.));
#22 = DIRECTION('',(1.,0.,-0.));
#23 = ( GEOMETRIC_REPRESENTATION_CONTEXT(3) 
GLOBAL_UNCERTAINTY_ASSIGNED_CONTEXT((#27)) GLOBAL_UNIT_ASSIGNED_CONTEXT(
(#24,#25,#26)) REPRESENTATION_CONTEXT('Context #1',
  '3D Context with UNIT and UNCERTAINTY') );
#24 = ( LENGTH_UNIT() NAMED_UNIT(*) SI_UNIT(.MILLI.,.METRE.) );
#25 = ( NAMED_UNIT(*) PLANE_ANGLE_UNIT() SI_UNIT($,.RADIAN.) );
#26 = ( NAMED_UNIT(*) SI_UNIT($,.STERADIAN.) SOLID_ANGLE_UNIT() );
#27 = UNCERTAINTY_MEASURE_WITH_UNIT(LENGTH_MEASURE(1.E-07),#24,
  'distance_accuracy_value','confusion accuracy');
#28 = PRODUCT_RELATED_PRODUCT_CATEGORY('part',$,(#7));
#29 = SHAPE_DEFINITION_REPRESENTATION(#30,#36);
#30 = PRODUCT_DEFINITION_SHAPE('','',#31);
#31 = PRODUCT_DEFINITION('design','',#32,#35);
#32 = PRODUCT_DEFINITION_FORMATION('','',#33);
#33 = PRODUCT('Open CASCADE STEP translator 7.7 4.1',
  'Open CASCADE STEP translator 7.7 4.1','',(#34));
#34 = PRODUCT_CONTEXT('',#2,'mechanical');
#35 = PRODUCT_DEFINITION_CONTEXT('part definition',#2,'design');
#36 = ADVANCED_BREP_SHAPE_REPRESENTATION('',(#11,#37),#4508);
#37 = MANIFOLD_SOLID_BREP('',#38);
#38 = CLOSED_SHELL('',(#39,#211,#462,#511,#936,#985,#1035,#1090,#1231,
    #1280,#1307,#1480,#1844,#1971,#2074,#2145,#2194,#2243,#2292,#2341,
    #2469,#2501,#2554,#2706,#2755,#2782,#2861,#2910,#2959,#2986,#3035,
    #3465,#3497,#3686,#3714,#3740,#3861,#3911,#4050,#4075,#4082,#4089,
    #4116,#4304,#4309,#4335,#4362,#4389,#4440,#4447,#4474,#4501));
#39 = ADVANCED_FACE('',(#40),#54,.T.);
#40 = FACE_BOUND('',#41,.T.);
#41 = EDGE_LOOP('',(#42,#77,#105,#133,#161,#187));
#42 = ORIENTED_EDGE('',*,*,#43,.F.);
#43 = EDGE_CURVE('',#44,#46,#48,.T.);
#44 = VERTEX_POINT('',#45);
#45 = CARTESIAN_POINT('',(20.,33.,57.));
#46 = VERTEX_POINT('',#47);
#47 = CARTESIAN_POINT('',(7.738666666667,33.,39.576));
#48 = SURFACE_CURVE('',#49,(#53,#65),.PCURVE_S1.);
#49 = LINE('',#50,#51);
#50 = CARTESIAN_POINT('',(20.,33.,57.));
#51 = VECTOR('',#52,1.);
#52 = DIRECTION('',(-0.575493406175,0.,-0.817806419301));
#53 = PCURVE('',#54,#59);
#54 = PLANE('',#55);
#55 = AXIS2_PLACEMENT_3D('',#56,#57,#58);
#56 = CARTESIAN_POINT('',(20.,33.,57.));
#57 = DIRECTION('',(0.817806419301,0.,-0.575493406175));
#58 = DIRECTION('',(-0.575493406175,0.,-0.817806419301));
#59 = DEFINITIONAL_REPRESENTATION('',(#60),#64);
#60 = LINE('',#61,#62);
#61 = CARTESIAN_POINT('',(0.,0.));
#62 = VECTOR('',#63,1.);
#63 = DIRECTION('',(1.,0.));
#64 = ( GEOMETRIC_REPRESENTATION_CONTEXT(2) 
PARAMETRIC_REPRESENTATION_CONTEXT() REPRESENTATION_CONTEXT('2D SPACE',''
  ) );
#65 = PCURVE('',#66,#71);
#66 = PLANE('',#67);
#67 = AXIS2_PLACEMENT_3D('',#68,#69,#70);
#68 = CARTESIAN_POINT('',(-19.5189487661,33.,60.250445787856));
#69 = DIRECTION('',(0.,1.,0.));
#70 = DIRECTION('',(0.,0.,1.));
#71 = DEFINITIONAL_REPRESENTATION('',(#72),#76);
#72 = LINE('',#73,#74);
#73 = CARTESIAN_POINT('',(-3.250445787856,39.518948766103));
#74 = VECTOR('',#75,1.);
#75 = DIRECTION('',(-0.817806419301,-0.575493406175));
#76 = ( GEOMETRIC_REPRESENTATION_CONTEXT(2) 
PARAMETRIC_REPRESENTATION_CONTEXT() REPRESENTATION_CONTEXT('2D SPACE',''
  ) );
#77 = ORIENTED_EDGE('',*,*,#78,.T.);
#78 = EDGE_CURVE('',#44,#79,#81,.T.);
#79 = VERTEX_POINT('',#80);
#80 = CARTESIAN_POINT('',(20.,-96.,57.));
#81 = SURFACE_CURVE('',#82,(#86,#93),.PCURVE_S1.);
#82 = LINE('',#83,#84);
#83 = CARTESIAN_POINT('',(20.,33.,57.));
#84 = VECTOR('',#85,1.);
#85 = DIRECTION('',(-0.,-1.,-0.));
#86 = PCURVE('',#54,#87);
#87 = DEFINITIONAL_REPRESENTATION('',(#88),#92);
#88 = LINE('',#89,#90);
#89 = CARTESIAN_POINT('',(0.,0.));
#90 = VECTOR('',#91,1.);
#91 = DIRECTION('',(0.,-1.));
#92 = ( GEOMETRIC_REPRESENTATION_CONTEXT(2) 
PARAMETRIC_REPRESENTATION_CONTEXT() REPRESENTATION_CONTEXT('2D SPACE',''
  ) );
#93 = PCURVE('',#94,#99);
#94 = PLANE('',#95);
#95 = AXIS2_PLACEMENT_3D('',#96,#97,#98);
#96 = CARTESIAN_POINT('',(3.391894133815,33.,68.800496273342));
#97 = DIRECTION('',(0.579207132189,-0.,0.815180408266));
#98 = DIRECTION('',(0.815180408266,0.,-0.579207132189));
#99 = DEFINITIONAL_REPRESENTATION('',(#100),#104);
#100 = LINE('',#101,#102);
#101 = CARTESIAN_POINT('',(20.373534125418,0.));
#102 = VECTOR('',#103,1.);
#103 = DIRECTION('',(0.,-1.));
#104 = ( GEOMETRIC_REPRESENTATION_CONTEXT(2) 
PARAMETRIC_REPRESENTATION_CONTEXT() REPRESENTATION_CONTEXT('2D SPACE',''
  ) );
#105 = ORIENTED_EDGE('',*,*,#106,.T.);
#106 = EDGE_CURVE('',#79,#107,#109,.T.);
#107 = VERTEX_POINT('',#108);
#108 = CARTESIAN_POINT('',(1.,-96.,30.));
#109 = SURFACE_CURVE('',#110,(#114,#121),.PCURVE_S1.);
#110 = LINE('',#111,#112);
#111 = CARTESIAN_POINT('',(20.,-96.,57.));
#112 = VECTOR('',#113,1.);
#113 = DIRECTION('',(-0.575493406175,0.,-0.817806419301));
#114 = PCURVE('',#54,#115);
#115 = DEFINITIONAL_REPRESENTATION('',(#116),#120);
#116 = LINE('',#117,#118);
#117 = CARTESIAN_POINT('',(-0.,-129.));
#118 = VECTOR('',#119,1.);
#119 = DIRECTION('',(1.,0.));
#120 = ( GEOMETRIC_REPRESENTATION_CONTEXT(2) 
PARAMETRIC_REPRESENTATION_CONTEXT() REPRESENTATION_CONTEXT('2D SPACE',''
  ) );
#121 = PCURVE('',#122,#127);
#122 = PLANE('',#123);
#123 = AXIS2_PLACEMENT_3D('',#124,#125,#126);
#124 = CARTESIAN_POINT('',(-19.5189487661,-96.,60.250445787856));
#125 = DIRECTION('',(0.,1.,0.));
#126 = DIRECTION('',(0.,0.,1.));
#127 = DEFINITIONAL_REPRESENTATION('',(#128),#132);
#128 = LINE('',#129,#130);
#129 = CARTESIAN_POINT('',(-3.250445787856,39.518948766103));
#130 = VECTOR('',#131,1.);
#131 = DIRECTION('',(-0.817806419301,-0.575493406175));
#132 = ( GEOMETRIC_REPRESENTATION_CONTEXT(2) 
PARAMETRIC_REPRESENTATION_CONTEXT() REPRESENTATION_CONTEXT('2D SPACE',''
  ) );
#133 = ORIENTED_EDGE('',*,*,#134,.F.);
#134 = EDGE_CURVE('',#135,#107,#137,.T.);
#135 = VERTEX_POINT('',#136);
#136 = CARTESIAN_POINT('',(1.,-39.,30.));
#137 = SURFACE_CURVE('',#138,(#142,#149),.PCURVE_S1.);
#138 = LINE('',#139,#140);
#139 = CARTESIAN_POINT('',(1.,33.,30.));
#140 = VECTOR('',#141,1.);
#141 = DIRECTION('',(-0.,-1.,-0.));
#142 = PCURVE('',#54,#143);
#143 = DEFINITIONAL_REPRESENTATION('',(#144),#148);
#144 = LINE('',#145,#146);
#145 = CARTESIAN_POINT('',(33.015148038438,0.));
#146 = VECTOR('',#147,1.);
#147 = DIRECTION('',(0.,-1.));
#148 = ( GEOMETRIC_REPRESENTATION_CONTEXT(2) 
PARAMETRIC_REPRESENTATION_CONTEXT() REPRESENTATION_CONTEXT('2D SPACE',''
  ) );
#149 = PCURVE('',#150,#155);
#150 = PLANE('',#151);
#151 = AXIS2_PLACEMENT_3D('',#152,#153,#154);
#152 = CARTESIAN_POINT('',(1.,33.,30.));
#153 = DIRECTION('',(-0.533503331074,0.,-0.845797963897));
#154 = DIRECTION('',(-0.845797963897,0.,0.533503331074));
#155 = DEFINITIONAL_REPRESENTATION('',(#156),#160);
#156 = LINE('',#157,#158);
#157 = CARTESIAN_POINT('',(0.,0.));
#158 = VECTOR('',#159,1.);
#159 = DIRECTION('',(0.,-1.));
#160 = ( GEOMETRIC_REPRESENTATION_CONTEXT(2) 
PARAMETRIC_REPRESENTATION_CONTEXT() REPRESENTATION_CONTEXT('2D SPACE',''
  ) );
#161 = ORIENTED_EDGE('',*,*,#162,.T.);
#162 = EDGE_CURVE('',#135,#163,#165,.T.);
#163 = VERTEX_POINT('',#164);
#164 = CARTESIAN_POINT('',(7.738666666667,-39.,39.576));
#165 = SURFACE_CURVE('',#166,(#170,#176),.PCURVE_S1.);
#166 = LINE('',#167,#168);
#167 = CARTESIAN_POINT('',(0.271213067425,-39.,28.964355411604));
#168 = VECTOR('',#169,1.);
#169 = DIRECTION('',(0.575493406175,-0.,0.817806419301));
#170 = PCURVE('',#54,#171);
#171 = DEFINITIONAL_REPRESENTATION('',(#172),#175);
#172 = B_SPLINE_CURVE_WITH_KNOTS('',1,(#173,#174),.UNSPECIFIED.,.F.,.F.,
  (2,2),(1.266368866707,13.494201473536),.PIECEWISE_BEZIER_KNOTS.);
#173 = CARTESIAN_POINT('',(33.015148038438,-72.));
#174 = CARTESIAN_POINT('',(20.787315431609,-72.));
#175 = ( GEOMETRIC_REPRESENTATION_CONTEXT(2) 
PARAMETRIC_REPRESENTATION_CONTEXT() REPRESENTATION_CONTEXT('2D SPACE',''
  ) );
#176 = PCURVE('',#177,#182);
#177 = PLANE('',#178);
#178 = AXIS2_PLACEMENT_3D('',#179,#180,#181);
#179 = CARTESIAN_POINT('',(13.644232957638,-39.,-22.36515323727));
#180 = DIRECTION('',(0.,1.,0.));
#181 = DIRECTION('',(0.,0.,1.));
#182 = DEFINITIONAL_REPRESENTATION('',(#183),#186);
#183 = B_SPLINE_CURVE_WITH_KNOTS('',1,(#184,#185),.UNSPECIFIED.,.F.,.F.,
  (2,2),(1.266368866707,13.494201473536),.PIECEWISE_BEZIER_KNOTS.);
#184 = CARTESIAN_POINT('',(52.365153237272,-12.64423295763));
#185 = CARTESIAN_POINT('',(62.365153237272,-5.607195920601));
#186 = ( GEOMETRIC_REPRESENTATION_CONTEXT(2) 
PARAMETRIC_REPRESENTATION_CONTEXT() REPRESENTATION_CONTEXT('2D SPACE',''
  ) );
#187 = ORIENTED_EDGE('',*,*,#188,.F.);
#188 = EDGE_CURVE('',#46,#163,#189,.T.);
#189 = SURFACE_CURVE('',#190,(#194,#200),.PCURVE_S1.);
#190 = LINE('',#191,#192);
#191 = CARTESIAN_POINT('',(7.738666666667,33.,39.576));
#192 = VECTOR('',#193,1.);
#193 = DIRECTION('',(0.,-1.,0.));
#194 = PCURVE('',#54,#195);
#195 = DEFINITIONAL_REPRESENTATION('',(#196),#199);
#196 = B_SPLINE_CURVE_WITH_KNOTS('',1,(#197,#198),.UNSPECIFIED.,.F.,.F.,
  (2,2),(-0.,72.),.PIECEWISE_BEZIER_KNOTS.);
#197 = CARTESIAN_POINT('',(21.305775534139,0.));
#198 = CARTESIAN_POINT('',(21.305775534139,-72.));
#199 = ( GEOMETRIC_REPRESENTATION_CONTEXT(2) 
PARAMETRIC_REPRESENTATION_CONTEXT() REPRESENTATION_CONTEXT('2D SPACE',''
  ) );
#200 = PCURVE('',#201,#206);
#201 = PLANE('',#202);
#202 = AXIS2_PLACEMENT_3D('',#203,#204,#205);
#203 = CARTESIAN_POINT('',(-22.,33.,34.));
#204 = DIRECTION('',(-0.18428853505,0.,0.982872186934));
#205 = DIRECTION('',(0.982872186934,0.,0.18428853505));
#206 = DEFINITIONAL_REPRESENTATION('',(#207),#210);
#207 = B_SPLINE_CURVE_WITH_KNOTS('',1,(#208,#209),.UNSPECIFIED.,.F.,.F.,
  (2,2),(-0.,72.),.PIECEWISE_BEZIER_KNOTS.);
#208 = CARTESIAN_POINT('',(30.256901214617,0.));
#209 = CARTESIAN_POINT('',(30.256901214617,-72.));
#210 = ( GEOMETRIC_REPRESENTATION_CONTEXT(2) 
PARAMETRIC_REPRESENTATION_CONTEXT() REPRESENTATION_CONTEXT('2D SPACE',''
  ) );
#211 = ADVANCED_FACE('',(#212),#66,.T.);
#212 = FACE_BOUND('',#213,.T.);
#213 = EDGE_LOOP('',(#214,#249,#270,#271,#294,#322,#350,#379,#407,#435)
  );
#214 = ORIENTED_EDGE('',*,*,#215,.F.);
#215 = EDGE_CURVE('',#216,#218,#220,.T.);
#216 = VERTEX_POINT('',#217);
#217 = CARTESIAN_POINT('',(7.414528239526,33.,65.942308882442));
#218 = VERTEX_POINT('',#219);
#219 = CARTESIAN_POINT('',(4.309072429278,33.,66.58293837562));
#220 = SURFACE_CURVE('',#221,(#226,#237),.PCURVE_S1.);
#221 = CIRCLE('',#222,34.);
#222 = AXIS2_PLACEMENT_3D('',#223,#224,#225);
#223 = CARTESIAN_POINT('',(-1.,33.,33.));
#224 = DIRECTION('',(0.,-1.,0.));
#225 = DIRECTION('',(0.424818496869,0.,0.905278545376));
#226 = PCURVE('',#66,#227);
#227 = DEFINITIONAL_REPRESENTATION('',(#228),#236);
#228 = ( BOUNDED_CURVE() B_SPLINE_CURVE(2,(#229,#230,#231,#232,#233,#234
,#235),.UNSPECIFIED.,.T.,.F.) B_SPLINE_CURVE_WITH_KNOTS((1,2,2,2,2,1),(
    -2.094395102393,0.,2.094395102393,4.188790204786,6.28318530718,
8.377580409573),.UNSPECIFIED.) CURVE() GEOMETRIC_REPRESENTATION_ITEM() 
RATIONAL_B_SPLINE_CURVE((1.,0.5,1.,0.5,1.,0.5,1.)) REPRESENTATION_ITEM(
  '') );
#229 = CARTESIAN_POINT('',(3.529024754933,32.962777659634));
#230 = CARTESIAN_POINT('',(28.546470254358,-20.34882915054));
#231 = CARTESIAN_POINT('',(-30.13145830953,-15.35876908575));
#232 = CARTESIAN_POINT('',(-88.80938687343,-10.36870902095));
#233 = CARTESIAN_POINT('',(-55.14890380896,37.952837724429));
#234 = CARTESIAN_POINT('',(-21.48842074449,86.274384469814));
#235 = CARTESIAN_POINT('',(3.529024754933,32.962777659634));
#236 = ( GEOMETRIC_REPRESENTATION_CONTEXT(2) 
PARAMETRIC_REPRESENTATION_CONTEXT() REPRESENTATION_CONTEXT('2D SPACE',''
  ) );
#237 = PCURVE('',#238,#243);
#238 = CYLINDRICAL_SURFACE('',#239,34.);
#239 = AXIS2_PLACEMENT_3D('',#240,#241,#242);
#240 = CARTESIAN_POINT('',(-1.,33.,33.));
#241 = DIRECTION('',(-0.,-1.,-0.));
#242 = DIRECTION('',(0.,0.,1.));
#243 = DEFINITIONAL_REPRESENTATION('',(#244),#248);
#244 = LINE('',#245,#246);
#245 = CARTESIAN_POINT('',(-6.721946689118,0.));
#246 = VECTOR('',#247,1.);
#247 = DIRECTION('',(1.,-0.));
#248 = ( GEOMETRIC_REPRESENTATION_CONTEXT(2) 
PARAMETRIC_REPRESENTATION_CONTEXT() REPRESENTATION_CONTEXT('2D SPACE',''
  ) );
#249 = ORIENTED_EDGE('',*,*,#250,.T.);
#250 = EDGE_CURVE('',#216,#44,#251,.T.);
#251 = SURFACE_CURVE('',#252,(#256,#263),.PCURVE_S1.);
#252 = LINE('',#253,#254);
#253 = CARTESIAN_POINT('',(-18.,33.,84.));
#254 = VECTOR('',#255,1.);
#255 = DIRECTION('',(0.815180408266,0.,-0.579207132189));
#256 = PCURVE('',#66,#257);
#257 = DEFINITIONAL_REPRESENTATION('',(#258),#262);
#258 = LINE('',#259,#260);
#259 = CARTESIAN_POINT('',(23.749554212144,1.518948766103));
#260 = VECTOR('',#261,1.);
#261 = DIRECTION('',(-0.579207132189,0.815180408266));
#262 = ( GEOMETRIC_REPRESENTATION_CONTEXT(2) 
PARAMETRIC_REPRESENTATION_CONTEXT() REPRESENTATION_CONTEXT('2D SPACE',''
  ) );
#263 = PCURVE('',#94,#264);
#264 = DEFINITIONAL_REPRESENTATION('',(#265),#269);
#265 = LINE('',#266,#267);
#266 = CARTESIAN_POINT('',(-26.2419139578,0.));
#267 = VECTOR('',#268,1.);
#268 = DIRECTION('',(1.,0.));
#269 = ( GEOMETRIC_REPRESENTATION_CONTEXT(2) 
PARAMETRIC_REPRESENTATION_CONTEXT() REPRESENTATION_CONTEXT('2D SPACE',''
  ) );
#270 = ORIENTED_EDGE('',*,*,#43,.T.);
#271 = ORIENTED_EDGE('',*,*,#272,.T.);
#272 = EDGE_CURVE('',#46,#273,#275,.T.);
#273 = VERTEX_POINT('',#274);
#274 = CARTESIAN_POINT('',(10.,33.,40.));
#275 = SURFACE_CURVE('',#276,(#280,#287),.PCURVE_S1.);
#276 = LINE('',#277,#278);
#277 = CARTESIAN_POINT('',(-22.,33.,34.));
#278 = VECTOR('',#279,1.);
#279 = DIRECTION('',(0.982872186934,0.,0.18428853505));
#280 = PCURVE('',#66,#281);
#281 = DEFINITIONAL_REPRESENTATION('',(#282),#286);
#282 = LINE('',#283,#284);
#283 = CARTESIAN_POINT('',(-26.25044578785,-2.481051233897));
#284 = VECTOR('',#285,1.);
#285 = DIRECTION('',(0.18428853505,0.982872186934));
#286 = ( GEOMETRIC_REPRESENTATION_CONTEXT(2) 
PARAMETRIC_REPRESENTATION_CONTEXT() REPRESENTATION_CONTEXT('2D SPACE',''
  ) );
#287 = PCURVE('',#201,#288);
#288 = DEFINITIONAL_REPRESENTATION('',(#289),#293);
#289 = LINE('',#290,#291);
#290 = CARTESIAN_POINT('',(0.,0.));
#291 = VECTOR('',#292,1.);
#292 = DIRECTION('',(1.,0.));
#293 = ( GEOMETRIC_REPRESENTATION_CONTEXT(2) 
PARAMETRIC_REPRESENTATION_CONTEXT() REPRESENTATION_CONTEXT('2D SPACE',''
  ) );
#294 = ORIENTED_EDGE('',*,*,#295,.T.);
#295 = EDGE_CURVE('',#273,#296,#298,.T.);
#296 = VERTEX_POINT('',#297);
#297 = CARTESIAN_POINT('',(18.,33.,7.));
#298 = SURFACE_CURVE('',#299,(#303,#310),.PCURVE_S1.);
#299 = LINE('',#300,#301);
#300 = CARTESIAN_POINT('',(10.,33.,40.));
#301 = VECTOR('',#302,1.);
#302 = DIRECTION('',(0.235600025622,0.,-0.971850105689));
#303 = PCURVE('',#66,#304);
#304 = DEFINITIONAL_REPRESENTATION('',(#305),#309);
#305 = LINE('',#306,#307);
#306 = CARTESIAN_POINT('',(-20.25044578785,29.518948766103));
#307 = VECTOR('',#308,1.);
#308 = DIRECTION('',(-0.971850105689,0.235600025622));
#309 = ( GEOMETRIC_REPRESENTATION_CONTEXT(2) 
PARAMETRIC_REPRESENTATION_CONTEXT() REPRESENTATION_CONTEXT('2D SPACE',''
  ) );
#310 = PCURVE('',#311,#316);
#311 = PLANE('',#312);
#312 = AXIS2_PLACEMENT_3D('',#313,#314,#315);
#313 = CARTESIAN_POINT('',(10.,33.,40.));
#314 = DIRECTION('',(0.971850105689,-0.,0.235600025622));
#315 = DIRECTION('',(0.235600025622,0.,-0.971850105689));
#316 = DEFINITIONAL_REPRESENTATION('',(#317),#321);
#317 = LINE('',#318,#319);
#318 = CARTESIAN_POINT('',(0.,0.));
#319 = VECTOR('',#320,1.);
#320 = DIRECTION('',(1.,0.));
#321 = ( GEOMETRIC_REPRESENTATION_CONTEXT(2) 
PARAMETRIC_REPRESENTATION_CONTEXT() REPRESENTATION_CONTEXT('2D SPACE',''
  ) );
#322 = ORIENTED_EDGE('',*,*,#323,.T.);
#323 = EDGE_CURVE('',#296,#324,#326,.T.);
#324 = VERTEX_POINT('',#325);
#325 = CARTESIAN_POINT('',(26.216188699643,33.,12.621602794492));
#326 = SURFACE_CURVE('',#327,(#331,#338),.PCURVE_S1.);
#327 = LINE('',#328,#329);
#328 = CARTESIAN_POINT('',(18.,33.,7.));
#329 = VECTOR('',#330,1.);
#330 = DIRECTION('',(0.82530726125,0.,0.564683915592));
#331 = PCURVE('',#66,#332);
#332 = DEFINITIONAL_REPRESENTATION('',(#333),#337);
#333 = LINE('',#334,#335);
#334 = CARTESIAN_POINT('',(-53.25044578785,37.518948766103));
#335 = VECTOR('',#336,1.);
#336 = DIRECTION('',(0.564683915592,0.82530726125));
#337 = ( GEOMETRIC_REPRESENTATION_CONTEXT(2) 
PARAMETRIC_REPRESENTATION_CONTEXT() REPRESENTATION_CONTEXT('2D SPACE',''
  ) );
#338 = PCURVE('',#339,#344);
#339 = PLANE('',#340);
#340 = AXIS2_PLACEMENT_3D('',#341,#342,#343);
#341 = CARTESIAN_POINT('',(18.,33.,7.));
#342 = DIRECTION('',(-0.564683915592,0.,0.82530726125));
#343 = DIRECTION('',(0.82530726125,0.,0.564683915592));
#344 = DEFINITIONAL_REPRESENTATION('',(#345),#349);
#345 = LINE('',#346,#347);
#346 = CARTESIAN_POINT('',(0.,0.));
#347 = VECTOR('',#348,1.);
#348 = DIRECTION('',(1.,0.));
#349 = ( GEOMETRIC_REPRESENTATION_CONTEXT(2) 
PARAMETRIC_REPRESENTATION_CONTEXT() REPRESENTATION_CONTEXT('2D SPACE',''
  ) );
#350 = ORIENTED_EDGE('',*,*,#351,.T.);
#351 = EDGE_CURVE('',#324,#352,#354,.T.);
#352 = VERTEX_POINT('',#353);
#353 = CARTESIAN_POINT('',(-14.15733600815,33.,1.649011033646));
#354 = SURFACE_CURVE('',#355,(#360,#367),.PCURVE_S1.);
#355 = CIRCLE('',#356,34.);
#356 = AXIS2_PLACEMENT_3D('',#357,#358,#359);
#357 = CARTESIAN_POINT('',(-1.,33.,33.));
#358 = DIRECTION('',(0.,1.,0.));
#359 = DIRECTION('',(0.,0.,1.));
#360 = PCURVE('',#66,#361);
#361 = DEFINITIONAL_REPRESENTATION('',(#362),#366);
#362 = CIRCLE('',#363,34.);
#363 = AXIS2_PLACEMENT_2D('',#364,#365);
#364 = CARTESIAN_POINT('',(-27.25044578785,18.518948766103));
#365 = DIRECTION('',(1.,0.));
#366 = ( GEOMETRIC_REPRESENTATION_CONTEXT(2) 
PARAMETRIC_REPRESENTATION_CONTEXT() REPRESENTATION_CONTEXT('2D SPACE',''
  ) );
#367 = PCURVE('',#368,#373);
#368 = CYLINDRICAL_SURFACE('',#369,34.);
#369 = AXIS2_PLACEMENT_3D('',#370,#371,#372);
#370 = CARTESIAN_POINT('',(-1.,33.,33.));
#371 = DIRECTION('',(-0.,-1.,-0.));
#372 = DIRECTION('',(0.,0.,1.));
#373 = DEFINITIONAL_REPRESENTATION('',(#374),#378);
#374 = LINE('',#375,#376);
#375 = CARTESIAN_POINT('',(-0.,0.));
#376 = VECTOR('',#377,1.);
#377 = DIRECTION('',(-1.,0.));
#378 = ( GEOMETRIC_REPRESENTATION_CONTEXT(2) 
PARAMETRIC_REPRESENTATION_CONTEXT() REPRESENTATION_CONTEXT('2D SPACE',''
  ) );
#379 = ORIENTED_EDGE('',*,*,#380,.T.);
#380 = EDGE_CURVE('',#352,#381,#383,.T.);
#381 = VERTEX_POINT('',#382);
#382 = CARTESIAN_POINT('',(-22.,33.,34.));
#383 = SURFACE_CURVE('',#384,(#388,#395),.PCURVE_S1.);
#384 = LINE('',#385,#386);
#385 = CARTESIAN_POINT('',(-14.,33.,1.));
#386 = VECTOR('',#387,1.);
#387 = DIRECTION('',(-0.235600025622,0.,0.971850105689));
#388 = PCURVE('',#66,#389);
#389 = DEFINITIONAL_REPRESENTATION('',(#390),#394);
#390 = LINE('',#391,#392);
#391 = CARTESIAN_POINT('',(-59.25044578785,5.518948766103));
#392 = VECTOR('',#393,1.);
#393 = DIRECTION('',(0.971850105689,-0.235600025622));
#394 = ( GEOMETRIC_REPRESENTATION_CONTEXT(2) 
PARAMETRIC_REPRESENTATION_CONTEXT() REPRESENTATION_CONTEXT('2D SPACE',''
  ) );
#395 = PCURVE('',#396,#401);
#396 = PLANE('',#397);
#397 = AXIS2_PLACEMENT_3D('',#398,#399,#400);
#398 = CARTESIAN_POINT('',(-14.,33.,1.));
#399 = DIRECTION('',(-0.971850105689,0.,-0.235600025622));
#400 = DIRECTION('',(-0.235600025622,0.,0.971850105689));
#401 = DEFINITIONAL_REPRESENTATION('',(#402),#406);
#402 = LINE('',#403,#404);
#403 = CARTESIAN_POINT('',(0.,0.));
#404 = VECTOR('',#405,1.);
#405 = DIRECTION('',(1.,0.));
#406 = ( GEOMETRIC_REPRESENTATION_CONTEXT(2) 
PARAMETRIC_REPRESENTATION_CONTEXT() REPRESENTATION_CONTEXT('2D SPACE',''
  ) );
#407 = ORIENTED_EDGE('',*,*,#408,.T.);
#408 = EDGE_CURVE('',#381,#409,#411,.T.);
#409 = VERTEX_POINT('',#410);
#410 = CARTESIAN_POINT('',(-1.595258711895,33.,37.82588899152));
#411 = SURFACE_CURVE('',#412,(#416,#423),.PCURVE_S1.);
#412 = LINE('',#413,#414);
#413 = CARTESIAN_POINT('',(-22.,33.,34.));
#414 = VECTOR('',#415,1.);
#415 = DIRECTION('',(0.982872186934,0.,0.18428853505));
#416 = PCURVE('',#66,#417);
#417 = DEFINITIONAL_REPRESENTATION('',(#418),#422);
#418 = LINE('',#419,#420);
#419 = CARTESIAN_POINT('',(-26.25044578785,-2.481051233897));
#420 = VECTOR('',#421,1.);
#421 = DIRECTION('',(0.18428853505,0.982872186934));
#422 = ( GEOMETRIC_REPRESENTATION_CONTEXT(2) 
PARAMETRIC_REPRESENTATION_CONTEXT() REPRESENTATION_CONTEXT('2D SPACE',''
  ) );
#423 = PCURVE('',#424,#429);
#424 = PLANE('',#425);
#425 = AXIS2_PLACEMENT_3D('',#426,#427,#428);
#426 = CARTESIAN_POINT('',(-22.,33.,34.));
#427 = DIRECTION('',(-0.18428853505,0.,0.982872186934));
#428 = DIRECTION('',(0.982872186934,0.,0.18428853505));
#429 = DEFINITIONAL_REPRESENTATION('',(#430),#434);
#430 = LINE('',#431,#432);
#431 = CARTESIAN_POINT('',(0.,0.));
#432 = VECTOR('',#433,1.);
#433 = DIRECTION('',(1.,0.));
#434 = ( GEOMETRIC_REPRESENTATION_CONTEXT(2) 
PARAMETRIC_REPRESENTATION_CONTEXT() REPRESENTATION_CONTEXT('2D SPACE',''
  ) );
#435 = ORIENTED_EDGE('',*,*,#436,.F.);
#436 = EDGE_CURVE('',#218,#409,#437,.T.);
#437 = SURFACE_CURVE('',#438,(#443,#450),.PCURVE_S1.);
#438 = CIRCLE('',#439,28.);
#439 = AXIS2_PLACEMENT_3D('',#440,#441,#442);
#440 = CARTESIAN_POINT('',(-22.,33.,57.));
#441 = DIRECTION('',(0.,1.,0.));
#442 = DIRECTION('',(0.,0.,1.));
#443 = PCURVE('',#66,#444);
#444 = DEFINITIONAL_REPRESENTATION('',(#445),#449);
#445 = CIRCLE('',#446,28.);
#446 = AXIS2_PLACEMENT_2D('',#447,#448);
#447 = CARTESIAN_POINT('',(-3.250445787856,-2.481051233897));
#448 = DIRECTION('',(1.,0.));
#449 = ( GEOMETRIC_REPRESENTATION_CONTEXT(2) 
PARAMETRIC_REPRESENTATION_CONTEXT() REPRESENTATION_CONTEXT('2D SPACE',''
  ) );
#450 = PCURVE('',#451,#456);
#451 = CYLINDRICAL_SURFACE('',#452,28.);
#452 = AXIS2_PLACEMENT_3D('',#453,#454,#455);
#453 = CARTESIAN_POINT('',(-22.,33.,57.));
#454 = DIRECTION('',(0.,1.,0.));
#455 = DIRECTION('',(0.,0.,1.));
#456 = DEFINITIONAL_REPRESENTATION('',(#457),#461);
#457 = LINE('',#458,#459);
#458 = CARTESIAN_POINT('',(0.,0.));
#459 = VECTOR('',#460,1.);
#460 = DIRECTION('',(1.,0.));
#461 = ( GEOMETRIC_REPRESENTATION_CONTEXT(2) 
PARAMETRIC_REPRESENTATION_CONTEXT() REPRESENTATION_CONTEXT('2D SPACE',''
  ) );
#462 = ADVANCED_FACE('',(#463),#201,.T.);
#463 = FACE_BOUND('',#464,.T.);
#464 = EDGE_LOOP('',(#465,#466,#467,#490));
#465 = ORIENTED_EDGE('',*,*,#272,.F.);
#466 = ORIENTED_EDGE('',*,*,#188,.T.);
#467 = ORIENTED_EDGE('',*,*,#468,.T.);
#468 = EDGE_CURVE('',#163,#469,#471,.T.);
#469 = VERTEX_POINT('',#470);
#470 = CARTESIAN_POINT('',(10.,-39.,40.));
#471 = SURFACE_CURVE('',#472,(#476,#483),.PCURVE_S1.);
#472 = LINE('',#473,#474);
#473 = CARTESIAN_POINT('',(-22.,-39.,34.));
#474 = VECTOR('',#475,1.);
#475 = DIRECTION('',(0.982872186934,0.,0.18428853505));
#476 = PCURVE('',#201,#477);
#477 = DEFINITIONAL_REPRESENTATION('',(#478),#482);
#478 = LINE('',#479,#480);
#479 = CARTESIAN_POINT('',(0.,-72.));
#480 = VECTOR('',#481,1.);
#481 = DIRECTION('',(1.,0.));
#482 = ( GEOMETRIC_REPRESENTATION_CONTEXT(2) 
PARAMETRIC_REPRESENTATION_CONTEXT() REPRESENTATION_CONTEXT('2D SPACE',''
  ) );
#483 = PCURVE('',#177,#484);
#484 = DEFINITIONAL_REPRESENTATION('',(#485),#489);
#485 = LINE('',#486,#487);
#486 = CARTESIAN_POINT('',(56.365153237272,-35.64423295763));
#487 = VECTOR('',#488,1.);
#488 = DIRECTION('',(0.18428853505,0.982872186934));
#489 = ( GEOMETRIC_REPRESENTATION_CONTEXT(2) 
PARAMETRIC_REPRESENTATION_CONTEXT() REPRESENTATION_CONTEXT('2D SPACE',''
  ) );
#490 = ORIENTED_EDGE('',*,*,#491,.F.);
#491 = EDGE_CURVE('',#273,#469,#492,.T.);
#492 = SURFACE_CURVE('',#493,(#497,#504),.PCURVE_S1.);
#493 = LINE('',#494,#495);
#494 = CARTESIAN_POINT('',(10.,33.,40.));
#495 = VECTOR('',#496,1.);
#496 = DIRECTION('',(-0.,-1.,-0.));
#497 = PCURVE('',#201,#498);
#498 = DEFINITIONAL_REPRESENTATION('',(#499),#503);
#499 = LINE('',#500,#501);
#500 = CARTESIAN_POINT('',(32.557641192199,0.));
#501 = VECTOR('',#502,1.);
#502 = DIRECTION('',(0.,-1.));
#503 = ( GEOMETRIC_REPRESENTATION_CONTEXT(2) 
PARAMETRIC_REPRESENTATION_CONTEXT() REPRESENTATION_CONTEXT('2D SPACE',''
  ) );
#504 = PCURVE('',#311,#505);
#505 = DEFINITIONAL_REPRESENTATION('',(#506),#510);
#506 = LINE('',#507,#508);
#507 = CARTESIAN_POINT('',(0.,0.));
#508 = VECTOR('',#509,1.);
#509 = DIRECTION('',(0.,-1.));
#510 = ( GEOMETRIC_REPRESENTATION_CONTEXT(2) 
PARAMETRIC_REPRESENTATION_CONTEXT() REPRESENTATION_CONTEXT('2D SPACE',''
  ) );
#511 = ADVANCED_FACE('',(#512),#177,.F.);
#512 = FACE_BOUND('',#513,.F.);
#513 = EDGE_LOOP('',(#514,#544,#572,#600,#628,#656,#679,#702,#726,#745,
    #746,#747,#770,#798,#826,#854,#882,#910));
#514 = ORIENTED_EDGE('',*,*,#515,.T.);
#515 = EDGE_CURVE('',#516,#518,#520,.T.);
#516 = VERTEX_POINT('',#517);
#517 = CARTESIAN_POINT('',(38.,-39.,-81.));
#518 = VERTEX_POINT('',#519);
#519 = CARTESIAN_POINT('',(19.,-39.,-86.));
#520 = SURFACE_CURVE('',#521,(#525,#532),.PCURVE_S1.);
#521 = LINE('',#522,#523);
#522 = CARTESIAN_POINT('',(38.,-39.,-81.));
#523 = VECTOR('',#524,1.);
#524 = DIRECTION('',(-0.967074537263,0.,-0.25449329928));
#525 = PCURVE('',#177,#526);
#526 = DEFINITIONAL_REPRESENTATION('',(#527),#531);
#527 = LINE('',#528,#529);
#528 = CARTESIAN_POINT('',(-58.63484676272,24.355767042362));
#529 = VECTOR('',#530,1.);
#530 = DIRECTION('',(-0.25449329928,-0.967074537263));
#531 = ( GEOMETRIC_REPRESENTATION_CONTEXT(2) 
PARAMETRIC_REPRESENTATION_CONTEXT() REPRESENTATION_CONTEXT('2D SPACE',''
  ) );
#532 = PCURVE('',#533,#538);
#533 = PLANE('',#534);
#534 = AXIS2_PLACEMENT_3D('',#535,#536,#537);
#535 = CARTESIAN_POINT('',(38.,33.,-81.));
#536 = DIRECTION('',(0.25449329928,0.,-0.967074537263));
#537 = DIRECTION('',(-0.967074537263,0.,-0.25449329928));
#538 = DEFINITIONAL_REPRESENTATION('',(#539),#543);
#539 = LINE('',#540,#541);
#540 = CARTESIAN_POINT('',(-0.,-72.));
#541 = VECTOR('',#542,1.);
#542 = DIRECTION('',(1.,0.));
#543 = ( GEOMETRIC_REPRESENTATION_CONTEXT(2) 
PARAMETRIC_REPRESENTATION_CONTEXT() REPRESENTATION_CONTEXT('2D SPACE',''
  ) );
#544 = ORIENTED_EDGE('',*,*,#545,.T.);
#545 = EDGE_CURVE('',#518,#546,#548,.T.);
#546 = VERTEX_POINT('',#547);
#547 = CARTESIAN_POINT('',(11.,-39.,-53.));
#548 = SURFACE_CURVE('',#549,(#553,#560),.PCURVE_S1.);
#549 = LINE('',#550,#551);
#550 = CARTESIAN_POINT('',(19.,-39.,-86.));
#551 = VECTOR('',#552,1.);
#552 = DIRECTION('',(-0.235600025622,0.,0.971850105689));
#553 = PCURVE('',#177,#554);
#554 = DEFINITIONAL_REPRESENTATION('',(#555),#559);
#555 = LINE('',#556,#557);
#556 = CARTESIAN_POINT('',(-63.63484676272,5.355767042362));
#557 = VECTOR('',#558,1.);
#558 = DIRECTION('',(0.971850105689,-0.235600025622));
#559 = ( GEOMETRIC_REPRESENTATION_CONTEXT(2) 
PARAMETRIC_REPRESENTATION_CONTEXT() REPRESENTATION_CONTEXT('2D SPACE',''
  ) );
#560 = PCURVE('',#561,#566);
#561 = PLANE('',#562);
#562 = AXIS2_PLACEMENT_3D('',#563,#564,#565);
#563 = CARTESIAN_POINT('',(19.,33.,-86.));
#564 = DIRECTION('',(-0.971850105689,0.,-0.235600025622));
#565 = DIRECTION('',(-0.235600025622,0.,0.971850105689));
#566 = DEFINITIONAL_REPRESENTATION('',(#567),#571);
#567 = LINE('',#568,#569);
#568 = CARTESIAN_POINT('',(0.,-72.));
#569 = VECTOR('',#570,1.);
#570 = DIRECTION('',(1.,0.));
#571 = ( GEOMETRIC_REPRESENTATION_CONTEXT(2) 
PARAMETRIC_REPRESENTATION_CONTEXT() REPRESENTATION_CONTEXT('2D SPACE',''
  ) );
#572 = ORIENTED_EDGE('',*,*,#573,.T.);
#573 = EDGE_CURVE('',#546,#574,#576,.T.);
#574 = VERTEX_POINT('',#575);
#575 = CARTESIAN_POINT('',(-8.,-39.,-66.));
#576 = SURFACE_CURVE('',#577,(#581,#588),.PCURVE_S1.);
#577 = LINE('',#578,#579);
#578 = CARTESIAN_POINT('',(11.,-39.,-53.));
#579 = VECTOR('',#580,1.);
#580 = DIRECTION('',(-0.82530726125,0.,-0.564683915592));
#581 = PCURVE('',#177,#582);
#582 = DEFINITIONAL_REPRESENTATION('',(#583),#587);
#583 = LINE('',#584,#585);
#584 = CARTESIAN_POINT('',(-30.63484676272,-2.644232957638));
#585 = VECTOR('',#586,1.);
#586 = DIRECTION('',(-0.564683915592,-0.82530726125));
#587 = ( GEOMETRIC_REPRESENTATION_CONTEXT(2) 
PARAMETRIC_REPRESENTATION_CONTEXT() REPRESENTATION_CONTEXT('2D SPACE',''
  ) );
#588 = PCURVE('',#589,#594);
#589 = PLANE('',#590);
#590 = AXIS2_PLACEMENT_3D('',#591,#592,#593);
#591 = CARTESIAN_POINT('',(11.,33.,-53.));
#592 = DIRECTION('',(0.564683915592,0.,-0.82530726125));
#593 = DIRECTION('',(-0.82530726125,0.,-0.564683915592));
#594 = DEFINITIONAL_REPRESENTATION('',(#595),#599);
#595 = LINE('',#596,#597);
#596 = CARTESIAN_POINT('',(-0.,-72.));
#597 = VECTOR('',#598,1.);
#598 = DIRECTION('',(1.,0.));
#599 = ( GEOMETRIC_REPRESENTATION_CONTEXT(2) 
PARAMETRIC_REPRESENTATION_CONTEXT() REPRESENTATION_CONTEXT('2D SPACE',''
  ) );
#600 = ORIENTED_EDGE('',*,*,#601,.T.);
#601 = EDGE_CURVE('',#574,#602,#604,.T.);
#602 = VERTEX_POINT('',#603);
#603 = CARTESIAN_POINT('',(-24.,-39.,-2.));
#604 = SURFACE_CURVE('',#605,(#609,#616),.PCURVE_S1.);
#605 = LINE('',#606,#607);
#606 = CARTESIAN_POINT('',(-8.,-39.,-66.));
#607 = VECTOR('',#608,1.);
#608 = DIRECTION('',(-0.242535625036,0.,0.970142500145));
#609 = PCURVE('',#177,#610);
#610 = DEFINITIONAL_REPRESENTATION('',(#611),#615);
#611 = LINE('',#612,#613);
#612 = CARTESIAN_POINT('',(-43.63484676272,-21.64423295763));
#613 = VECTOR('',#614,1.);
#614 = DIRECTION('',(0.970142500145,-0.242535625036));
#615 = ( GEOMETRIC_REPRESENTATION_CONTEXT(2) 
PARAMETRIC_REPRESENTATION_CONTEXT() REPRESENTATION_CONTEXT('2D SPACE',''
  ) );
#616 = PCURVE('',#617,#622);
#617 = PLANE('',#618);
#618 = AXIS2_PLACEMENT_3D('',#619,#620,#621);
#619 = CARTESIAN_POINT('',(-8.,33.,-66.));
#620 = DIRECTION('',(-0.970142500145,0.,-0.242535625036));
#621 = DIRECTION('',(-0.242535625036,0.,0.970142500145));
#622 = DEFINITIONAL_REPRESENTATION('',(#623),#627);
#623 = LINE('',#624,#625);
#624 = CARTESIAN_POINT('',(0.,-72.));
#625 = VECTOR('',#626,1.);
#626 = DIRECTION('',(1.,0.));
#627 = ( GEOMETRIC_REPRESENTATION_CONTEXT(2) 
PARAMETRIC_REPRESENTATION_CONTEXT() REPRESENTATION_CONTEXT('2D SPACE',''
  ) );
#628 = ORIENTED_EDGE('',*,*,#629,.T.);
#629 = EDGE_CURVE('',#602,#630,#632,.T.);
#630 = VERTEX_POINT('',#631);
#631 = CARTESIAN_POINT('',(-14.,-39.,1.));
#632 = SURFACE_CURVE('',#633,(#637,#644),.PCURVE_S1.);
#633 = LINE('',#634,#635);
#634 = CARTESIAN_POINT('',(-24.,-39.,-2.));
#635 = VECTOR('',#636,1.);
#636 = DIRECTION('',(0.957826285221,0.,0.287347885566));
#637 = PCURVE('',#177,#638);
#638 = DEFINITIONAL_REPRESENTATION('',(#639),#643);
#639 = LINE('',#640,#641);
#640 = CARTESIAN_POINT('',(20.365153237272,-37.64423295763));
#641 = VECTOR('',#642,1.);
#642 = DIRECTION('',(0.287347885566,0.957826285221));
#643 = ( GEOMETRIC_REPRESENTATION_CONTEXT(2) 
PARAMETRIC_REPRESENTATION_CONTEXT() REPRESENTATION_CONTEXT('2D SPACE',''
  ) );
#644 = PCURVE('',#645,#650);
#645 = PLANE('',#646);
#646 = AXIS2_PLACEMENT_3D('',#647,#648,#649);
#647 = CARTESIAN_POINT('',(-24.,33.,-2.));
#648 = DIRECTION('',(-0.287347885566,0.,0.957826285221));
#649 = DIRECTION('',(0.957826285221,0.,0.287347885566));
#650 = DEFINITIONAL_REPRESENTATION('',(#651),#655);
#651 = LINE('',#652,#653);
#652 = CARTESIAN_POINT('',(0.,-72.));
#653 = VECTOR('',#654,1.);
#654 = DIRECTION('',(1.,0.));
#655 = ( GEOMETRIC_REPRESENTATION_CONTEXT(2) 
PARAMETRIC_REPRESENTATION_CONTEXT() REPRESENTATION_CONTEXT('2D SPACE',''
  ) );
#656 = ORIENTED_EDGE('',*,*,#657,.T.);
#657 = EDGE_CURVE('',#630,#658,#660,.T.);
#658 = VERTEX_POINT('',#659);
#659 = CARTESIAN_POINT('',(-22.,-39.,34.));
#660 = SURFACE_CURVE('',#661,(#665,#672),.PCURVE_S1.);
#661 = LINE('',#662,#663);
#662 = CARTESIAN_POINT('',(-14.,-39.,1.));
#663 = VECTOR('',#664,1.);
#664 = DIRECTION('',(-0.235600025622,0.,0.971850105689));
#665 = PCURVE('',#177,#666);
#666 = DEFINITIONAL_REPRESENTATION('',(#667),#671);
#667 = LINE('',#668,#669);
#668 = CARTESIAN_POINT('',(23.365153237272,-27.64423295763));
#669 = VECTOR('',#670,1.);
#670 = DIRECTION('',(0.971850105689,-0.235600025622));
#671 = ( GEOMETRIC_REPRESENTATION_CONTEXT(2) 
PARAMETRIC_REPRESENTATION_CONTEXT() REPRESENTATION_CONTEXT('2D SPACE',''
  ) );
#672 = PCURVE('',#396,#673);
#673 = DEFINITIONAL_REPRESENTATION('',(#674),#678);
#674 = LINE('',#675,#676);
#675 = CARTESIAN_POINT('',(0.,-72.));
#676 = VECTOR('',#677,1.);
#677 = DIRECTION('',(1.,0.));
#678 = ( GEOMETRIC_REPRESENTATION_CONTEXT(2) 
PARAMETRIC_REPRESENTATION_CONTEXT() REPRESENTATION_CONTEXT('2D SPACE',''
  ) );
#679 = ORIENTED_EDGE('',*,*,#680,.T.);
#680 = EDGE_CURVE('',#658,#681,#683,.T.);
#681 = VERTEX_POINT('',#682);
#682 = CARTESIAN_POINT('',(-1.595258711896,-39.,37.82588899152));
#683 = SURFACE_CURVE('',#684,(#688,#695),.PCURVE_S1.);
#684 = LINE('',#685,#686);
#685 = CARTESIAN_POINT('',(-22.,-39.,34.));
#686 = VECTOR('',#687,1.);
#687 = DIRECTION('',(0.982872186934,0.,0.18428853505));
#688 = PCURVE('',#177,#689);
#689 = DEFINITIONAL_REPRESENTATION('',(#690),#694);
#690 = LINE('',#691,#692);
#691 = CARTESIAN_POINT('',(56.365153237272,-35.64423295763));
#692 = VECTOR('',#693,1.);
#693 = DIRECTION('',(0.18428853505,0.982872186934));
#694 = ( GEOMETRIC_REPRESENTATION_CONTEXT(2) 
PARAMETRIC_REPRESENTATION_CONTEXT() REPRESENTATION_CONTEXT('2D SPACE',''
  ) );
#695 = PCURVE('',#424,#696);
#696 = DEFINITIONAL_REPRESENTATION('',(#697),#701);
#697 = LINE('',#698,#699);
#698 = CARTESIAN_POINT('',(0.,-72.));
#699 = VECTOR('',#700,1.);
#700 = DIRECTION('',(1.,0.));
#701 = ( GEOMETRIC_REPRESENTATION_CONTEXT(2) 
PARAMETRIC_REPRESENTATION_CONTEXT() REPRESENTATION_CONTEXT('2D SPACE',''
  ) );
#702 = ORIENTED_EDGE('',*,*,#703,.T.);
#703 = EDGE_CURVE('',#681,#704,#706,.T.);
#704 = VERTEX_POINT('',#705);
#705 = CARTESIAN_POINT('',(-5.705512973547,-39.,34.229631260237));
#706 = SURFACE_CURVE('',#707,(#712,#719),.PCURVE_S1.);
#707 = CIRCLE('',#708,28.);
#708 = AXIS2_PLACEMENT_3D('',#709,#710,#711);
#709 = CARTESIAN_POINT('',(-22.,-39.,57.));
#710 = DIRECTION('',(0.,1.,0.));
#711 = DIRECTION('',(0.,-0.,1.));
#712 = PCURVE('',#177,#713);
#713 = DEFINITIONAL_REPRESENTATION('',(#714),#718);
#714 = CIRCLE('',#715,28.);
#715 = AXIS2_PLACEMENT_2D('',#716,#717);
#716 = CARTESIAN_POINT('',(79.365153237272,-35.64423295763));
#717 = DIRECTION('',(1.,0.));
#718 = ( GEOMETRIC_REPRESENTATION_CONTEXT(2) 
PARAMETRIC_REPRESENTATION_CONTEXT() REPRESENTATION_CONTEXT('2D SPACE',''
  ) );
#719 = PCURVE('',#451,#720);
#720 = DEFINITIONAL_REPRESENTATION('',(#721),#725);
#721 = LINE('',#722,#723);
#722 = CARTESIAN_POINT('',(0.,-72.));
#723 = VECTOR('',#724,1.);
#724 = DIRECTION('',(1.,0.));
#725 = ( GEOMETRIC_REPRESENTATION_CONTEXT(2) 
PARAMETRIC_REPRESENTATION_CONTEXT() REPRESENTATION_CONTEXT('2D SPACE',''
  ) );
#726 = ORIENTED_EDGE('',*,*,#727,.T.);
#727 = EDGE_CURVE('',#704,#135,#728,.T.);
#728 = SURFACE_CURVE('',#729,(#733,#739),.PCURVE_S1.);
#729 = LINE('',#730,#731);
#730 = CARTESIAN_POINT('',(17.337200950165,-39.,19.694996323742));
#731 = VECTOR('',#732,1.);
#732 = DIRECTION('',(0.845797963897,0.,-0.533503331074));
#733 = PCURVE('',#177,#734);
#734 = DEFINITIONAL_REPRESENTATION('',(#735),#738);
#735 = B_SPLINE_CURVE_WITH_KNOTS('',1,(#736,#737),.UNSPECIFIED.,.F.,.F.,
  (2,2),(-27.24375667391,-19.31572508744),.PIECEWISE_BEZIER_KNOTS.);
#736 = CARTESIAN_POINT('',(56.594784497509,-19.34974593118));
#737 = CARTESIAN_POINT('',(52.365153237272,-12.64423295763));
#738 = ( GEOMETRIC_REPRESENTATION_CONTEXT(2) 
PARAMETRIC_REPRESENTATION_CONTEXT() REPRESENTATION_CONTEXT('2D SPACE',''
  ) );
#739 = PCURVE('',#150,#740);
#740 = DEFINITIONAL_REPRESENTATION('',(#741),#744);
#741 = B_SPLINE_CURVE_WITH_KNOTS('',1,(#742,#743),.UNSPECIFIED.,.F.,.F.,
  (2,2),(-27.24375667391,-19.31572508744),.PIECEWISE_BEZIER_KNOTS.);
#742 = CARTESIAN_POINT('',(7.928031586465,-72.));
#743 = CARTESIAN_POINT('',(0.,-72.));
#744 = ( GEOMETRIC_REPRESENTATION_CONTEXT(2) 
PARAMETRIC_REPRESENTATION_CONTEXT() REPRESENTATION_CONTEXT('2D SPACE',''
  ) );
#745 = ORIENTED_EDGE('',*,*,#162,.T.);
#746 = ORIENTED_EDGE('',*,*,#468,.T.);
#747 = ORIENTED_EDGE('',*,*,#748,.T.);
#748 = EDGE_CURVE('',#469,#749,#751,.T.);
#749 = VERTEX_POINT('',#750);
#750 = CARTESIAN_POINT('',(18.,-39.,7.));
#751 = SURFACE_CURVE('',#752,(#756,#763),.PCURVE_S1.);
#752 = LINE('',#753,#754);
#753 = CARTESIAN_POINT('',(10.,-39.,40.));
#754 = VECTOR('',#755,1.);
#755 = DIRECTION('',(0.235600025622,0.,-0.971850105689));
#756 = PCURVE('',#177,#757);
#757 = DEFINITIONAL_REPRESENTATION('',(#758),#762);
#758 = LINE('',#759,#760);
#759 = CARTESIAN_POINT('',(62.365153237272,-3.644232957638));
#760 = VECTOR('',#761,1.);
#761 = DIRECTION('',(-0.971850105689,0.235600025622));
#762 = ( GEOMETRIC_REPRESENTATION_CONTEXT(2) 
PARAMETRIC_REPRESENTATION_CONTEXT() REPRESENTATION_CONTEXT('2D SPACE',''
  ) );
#763 = PCURVE('',#311,#764);
#764 = DEFINITIONAL_REPRESENTATION('',(#765),#769);
#765 = LINE('',#766,#767);
#766 = CARTESIAN_POINT('',(0.,-72.));
#767 = VECTOR('',#768,1.);
#768 = DIRECTION('',(1.,0.));
#769 = ( GEOMETRIC_REPRESENTATION_CONTEXT(2) 
PARAMETRIC_REPRESENTATION_CONTEXT() REPRESENTATION_CONTEXT('2D SPACE',''
  ) );
#770 = ORIENTED_EDGE('',*,*,#771,.T.);
#771 = EDGE_CURVE('',#749,#772,#774,.T.);
#772 = VERTEX_POINT('',#773);
#773 = CARTESIAN_POINT('',(37.,-39.,20.));
#774 = SURFACE_CURVE('',#775,(#779,#786),.PCURVE_S1.);
#775 = LINE('',#776,#777);
#776 = CARTESIAN_POINT('',(18.,-39.,7.));
#777 = VECTOR('',#778,1.);
#778 = DIRECTION('',(0.82530726125,0.,0.564683915592));
#779 = PCURVE('',#177,#780);
#780 = DEFINITIONAL_REPRESENTATION('',(#781),#785);
#781 = LINE('',#782,#783);
#782 = CARTESIAN_POINT('',(29.365153237272,4.355767042362));
#783 = VECTOR('',#784,1.);
#784 = DIRECTION('',(0.564683915592,0.82530726125));
#785 = ( GEOMETRIC_REPRESENTATION_CONTEXT(2) 
PARAMETRIC_REPRESENTATION_CONTEXT() REPRESENTATION_CONTEXT('2D SPACE',''
  ) );
#786 = PCURVE('',#787,#792);
#787 = PLANE('',#788);
#788 = AXIS2_PLACEMENT_3D('',#789,#790,#791);
#789 = CARTESIAN_POINT('',(18.,33.,7.));
#790 = DIRECTION('',(-0.564683915592,0.,0.82530726125));
#791 = DIRECTION('',(0.82530726125,0.,0.564683915592));
#792 = DEFINITIONAL_REPRESENTATION('',(#793),#797);
#793 = LINE('',#794,#795);
#794 = CARTESIAN_POINT('',(0.,-72.));
#795 = VECTOR('',#796,1.);
#796 = DIRECTION('',(1.,0.));
#797 = ( GEOMETRIC_REPRESENTATION_CONTEXT(2) 
PARAMETRIC_REPRESENTATION_CONTEXT() REPRESENTATION_CONTEXT('2D SPACE',''
  ) );
#798 = ORIENTED_EDGE('',*,*,#799,.T.);
#799 = EDGE_CURVE('',#772,#800,#802,.T.);
#800 = VERTEX_POINT('',#801);
#801 = CARTESIAN_POINT('',(53.,-39.,-44.));
#802 = SURFACE_CURVE('',#803,(#807,#814),.PCURVE_S1.);
#803 = LINE('',#804,#805);
#804 = CARTESIAN_POINT('',(37.,-39.,20.));
#805 = VECTOR('',#806,1.);
#806 = DIRECTION('',(0.242535625036,0.,-0.970142500145));
#807 = PCURVE('',#177,#808);
#808 = DEFINITIONAL_REPRESENTATION('',(#809),#813);
#809 = LINE('',#810,#811);
#810 = CARTESIAN_POINT('',(42.365153237272,23.355767042362));
#811 = VECTOR('',#812,1.);
#812 = DIRECTION('',(-0.970142500145,0.242535625036));
#813 = ( GEOMETRIC_REPRESENTATION_CONTEXT(2) 
PARAMETRIC_REPRESENTATION_CONTEXT() REPRESENTATION_CONTEXT('2D SPACE',''
  ) );
#814 = PCURVE('',#815,#820);
#815 = PLANE('',#816);
#816 = AXIS2_PLACEMENT_3D('',#817,#818,#819);
#817 = CARTESIAN_POINT('',(37.,33.,20.));
#818 = DIRECTION('',(0.970142500145,-0.,0.242535625036));
#819 = DIRECTION('',(0.242535625036,0.,-0.970142500145));
#820 = DEFINITIONAL_REPRESENTATION('',(#821),#825);
#821 = LINE('',#822,#823);
#822 = CARTESIAN_POINT('',(0.,-72.));
#823 = VECTOR('',#824,1.);
#824 = DIRECTION('',(1.,0.));
#825 = ( GEOMETRIC_REPRESENTATION_CONTEXT(2) 
PARAMETRIC_REPRESENTATION_CONTEXT() REPRESENTATION_CONTEXT('2D SPACE',''
  ) );
#826 = ORIENTED_EDGE('',*,*,#827,.T.);
#827 = EDGE_CURVE('',#800,#828,#830,.T.);
#828 = VERTEX_POINT('',#829);
#829 = CARTESIAN_POINT('',(43.,-39.,-47.));
#830 = SURFACE_CURVE('',#831,(#835,#842),.PCURVE_S1.);
#831 = LINE('',#832,#833);
#832 = CARTESIAN_POINT('',(53.,-39.,-44.));
#833 = VECTOR('',#834,1.);
#834 = DIRECTION('',(-0.957826285221,0.,-0.287347885566));
#835 = PCURVE('',#177,#836);
#836 = DEFINITIONAL_REPRESENTATION('',(#837),#841);
#837 = LINE('',#838,#839);
#838 = CARTESIAN_POINT('',(-21.63484676272,39.355767042362));
#839 = VECTOR('',#840,1.);
#840 = DIRECTION('',(-0.287347885566,-0.957826285221));
#841 = ( GEOMETRIC_REPRESENTATION_CONTEXT(2) 
PARAMETRIC_REPRESENTATION_CONTEXT() REPRESENTATION_CONTEXT('2D SPACE',''
  ) );
#842 = PCURVE('',#843,#848);
#843 = PLANE('',#844);
#844 = AXIS2_PLACEMENT_3D('',#845,#846,#847);
#845 = CARTESIAN_POINT('',(53.,33.,-44.));
#846 = DIRECTION('',(0.287347885566,0.,-0.957826285221));
#847 = DIRECTION('',(-0.957826285221,0.,-0.287347885566));
#848 = DEFINITIONAL_REPRESENTATION('',(#849),#853);
#849 = LINE('',#850,#851);
#850 = CARTESIAN_POINT('',(-0.,-72.));
#851 = VECTOR('',#852,1.);
#852 = DIRECTION('',(1.,0.));
#853 = ( GEOMETRIC_REPRESENTATION_CONTEXT(2) 
PARAMETRIC_REPRESENTATION_CONTEXT() REPRESENTATION_CONTEXT('2D SPACE',''
  ) );
#854 = ORIENTED_EDGE('',*,*,#855,.T.);
#855 = EDGE_CURVE('',#828,#856,#858,.T.);
#856 = VERTEX_POINT('',#857);
#857 = CARTESIAN_POINT('',(47.,-39.,-58.));
#858 = SURFACE_CURVE('',#859,(#863,#870),.PCURVE_S1.);
#859 = LINE('',#860,#861);
#860 = CARTESIAN_POINT('',(43.,-39.,-47.));
#861 = VECTOR('',#862,1.);
#862 = DIRECTION('',(0.341743063087,0.,-0.939793423488));
#863 = PCURVE('',#177,#864);
#864 = DEFINITIONAL_REPRESENTATION('',(#865),#869);
#865 = LINE('',#866,#867);
#866 = CARTESIAN_POINT('',(-24.63484676272,29.355767042362));
#867 = VECTOR('',#868,1.);
#868 = DIRECTION('',(-0.939793423488,0.341743063087));
#869 = ( GEOMETRIC_REPRESENTATION_CONTEXT(2) 
PARAMETRIC_REPRESENTATION_CONTEXT() REPRESENTATION_CONTEXT('2D SPACE',''
  ) );
#870 = PCURVE('',#871,#876);
#871 = PLANE('',#872);
#872 = AXIS2_PLACEMENT_3D('',#873,#874,#875);
#873 = CARTESIAN_POINT('',(43.,33.,-47.));
#874 = DIRECTION('',(0.939793423488,-0.,0.341743063087));
#875 = DIRECTION('',(0.341743063087,0.,-0.939793423488));
#876 = DEFINITIONAL_REPRESENTATION('',(#877),#881);
#877 = LINE('',#878,#879);
#878 = CARTESIAN_POINT('',(0.,-72.));
#879 = VECTOR('',#880,1.);
#880 = DIRECTION('',(1.,0.));
#881 = ( GEOMETRIC_REPRESENTATION_CONTEXT(2) 
PARAMETRIC_REPRESENTATION_CONTEXT() REPRESENTATION_CONTEXT('2D SPACE',''
  ) );
#882 = ORIENTED_EDGE('',*,*,#883,.T.);
#883 = EDGE_CURVE('',#856,#884,#886,.T.);
#884 = VERTEX_POINT('',#885);
#885 = CARTESIAN_POINT('',(32.,-39.,-62.));
#886 = SURFACE_CURVE('',#887,(#891,#898),.PCURVE_S1.);
#887 = LINE('',#888,#889);
#888 = CARTESIAN_POINT('',(47.,-39.,-58.));
#889 = VECTOR('',#890,1.);
#890 = DIRECTION('',(-0.966234939601,0.,-0.25766265056));
#891 = PCURVE('',#177,#892);
#892 = DEFINITIONAL_REPRESENTATION('',(#893),#897);
#893 = LINE('',#894,#895);
#894 = CARTESIAN_POINT('',(-35.63484676272,33.355767042362));
#895 = VECTOR('',#896,1.);
#896 = DIRECTION('',(-0.25766265056,-0.966234939601));
#897 = ( GEOMETRIC_REPRESENTATION_CONTEXT(2) 
PARAMETRIC_REPRESENTATION_CONTEXT() REPRESENTATION_CONTEXT('2D SPACE',''
  ) );
#898 = PCURVE('',#899,#904);
#899 = PLANE('',#900);
#900 = AXIS2_PLACEMENT_3D('',#901,#902,#903);
#901 = CARTESIAN_POINT('',(47.,33.,-58.));
#902 = DIRECTION('',(0.25766265056,0.,-0.966234939601));
#903 = DIRECTION('',(-0.966234939601,0.,-0.25766265056));
#904 = DEFINITIONAL_REPRESENTATION('',(#905),#909);
#905 = LINE('',#906,#907);
#906 = CARTESIAN_POINT('',(-0.,-72.));
#907 = VECTOR('',#908,1.);
#908 = DIRECTION('',(1.,0.));
#909 = ( GEOMETRIC_REPRESENTATION_CONTEXT(2) 
PARAMETRIC_REPRESENTATION_CONTEXT() REPRESENTATION_CONTEXT('2D SPACE',''
  ) );
#910 = ORIENTED_EDGE('',*,*,#911,.T.);
#911 = EDGE_CURVE('',#884,#516,#912,.T.);
#912 = SURFACE_CURVE('',#913,(#917,#924),.PCURVE_S1.);
#913 = LINE('',#914,#915);
#914 = CARTESIAN_POINT('',(32.,-39.,-62.));
#915 = VECTOR('',#916,1.);
#916 = DIRECTION('',(0.301131367937,0.,-0.953582665134));
#917 = PCURVE('',#177,#918);
#918 = DEFINITIONAL_REPRESENTATION('',(#919),#923);
#919 = LINE('',#920,#921);
#920 = CARTESIAN_POINT('',(-39.63484676272,18.355767042362));
#921 = VECTOR('',#922,1.);
#922 = DIRECTION('',(-0.953582665134,0.301131367937));
#923 = ( GEOMETRIC_REPRESENTATION_CONTEXT(2) 
PARAMETRIC_REPRESENTATION_CONTEXT() REPRESENTATION_CONTEXT('2D SPACE',''
  ) );
#924 = PCURVE('',#925,#930);
#925 = PLANE('',#926);
#926 = AXIS2_PLACEMENT_3D('',#927,#928,#929);
#927 = CARTESIAN_POINT('',(32.,33.,-62.));
#928 = DIRECTION('',(0.953582665134,-0.,0.301131367937));
#929 = DIRECTION('',(0.301131367937,0.,-0.953582665134));
#930 = DEFINITIONAL_REPRESENTATION('',(#931),#935);
#931 = LINE('',#932,#933);
#932 = CARTESIAN_POINT('',(0.,-72.));
#933 = VECTOR('',#934,1.);
#934 = DIRECTION('',(1.,0.));
#935 = ( GEOMETRIC_REPRESENTATION_CONTEXT(2) 
PARAMETRIC_REPRESENTATION_CONTEXT() REPRESENTATION_CONTEXT('2D SPACE',''
  ) );
#936 = ADVANCED_FACE('',(#937),#150,.T.);
#937 = FACE_BOUND('',#938,.T.);
#938 = EDGE_LOOP('',(#939,#940,#941,#964));
#939 = ORIENTED_EDGE('',*,*,#727,.T.);
#940 = ORIENTED_EDGE('',*,*,#134,.T.);
#941 = ORIENTED_EDGE('',*,*,#942,.T.);
#942 = EDGE_CURVE('',#107,#943,#945,.T.);
#943 = VERTEX_POINT('',#944);
#944 = CARTESIAN_POINT('',(-5.705512973547,-96.,34.229631260237));
#945 = SURFACE_CURVE('',#946,(#950,#957),.PCURVE_S1.);
#946 = LINE('',#947,#948);
#947 = CARTESIAN_POINT('',(1.,-96.,30.));
#948 = VECTOR('',#949,1.);
#949 = DIRECTION('',(-0.845797963897,0.,0.533503331074));
#950 = PCURVE('',#150,#951);
#951 = DEFINITIONAL_REPRESENTATION('',(#952),#956);
#952 = LINE('',#953,#954);
#953 = CARTESIAN_POINT('',(0.,-129.));
#954 = VECTOR('',#955,1.);
#955 = DIRECTION('',(1.,0.));
#956 = ( GEOMETRIC_REPRESENTATION_CONTEXT(2) 
PARAMETRIC_REPRESENTATION_CONTEXT() REPRESENTATION_CONTEXT('2D SPACE',''
  ) );
#957 = PCURVE('',#122,#958);
#958 = DEFINITIONAL_REPRESENTATION('',(#959),#963);
#959 = LINE('',#960,#961);
#960 = CARTESIAN_POINT('',(-30.25044578785,20.518948766103));
#961 = VECTOR('',#962,1.);
#962 = DIRECTION('',(0.533503331074,-0.845797963897));
#963 = ( GEOMETRIC_REPRESENTATION_CONTEXT(2) 
PARAMETRIC_REPRESENTATION_CONTEXT() REPRESENTATION_CONTEXT('2D SPACE',''
  ) );
#964 = ORIENTED_EDGE('',*,*,#965,.F.);
#965 = EDGE_CURVE('',#704,#943,#966,.T.);
#966 = SURFACE_CURVE('',#967,(#971,#978),.PCURVE_S1.);
#967 = LINE('',#968,#969);
#968 = CARTESIAN_POINT('',(-5.705512973547,33.,34.229631260237));
#969 = VECTOR('',#970,1.);
#970 = DIRECTION('',(-0.,-1.,-0.));
#971 = PCURVE('',#150,#972);
#972 = DEFINITIONAL_REPRESENTATION('',(#973),#977);
#973 = LINE('',#974,#975);
#974 = CARTESIAN_POINT('',(7.928031586465,0.));
#975 = VECTOR('',#976,1.);
#976 = DIRECTION('',(0.,-1.));
#977 = ( GEOMETRIC_REPRESENTATION_CONTEXT(2) 
PARAMETRIC_REPRESENTATION_CONTEXT() REPRESENTATION_CONTEXT('2D SPACE',''
  ) );
#978 = PCURVE('',#451,#979);
#979 = DEFINITIONAL_REPRESENTATION('',(#980),#984);
#980 = LINE('',#981,#982);
#981 = CARTESIAN_POINT('',(2.520473114178,0.));
#982 = VECTOR('',#983,1.);
#983 = DIRECTION('',(0.,-1.));
#984 = ( GEOMETRIC_REPRESENTATION_CONTEXT(2) 
PARAMETRIC_REPRESENTATION_CONTEXT() REPRESENTATION_CONTEXT('2D SPACE',''
  ) );
#985 = ADVANCED_FACE('',(#986),#122,.F.);
#986 = FACE_BOUND('',#987,.F.);
#987 = EDGE_LOOP('',(#988,#989,#990,#1014));
#988 = ORIENTED_EDGE('',*,*,#106,.T.);
#989 = ORIENTED_EDGE('',*,*,#942,.T.);
#990 = ORIENTED_EDGE('',*,*,#991,.F.);
#991 = EDGE_CURVE('',#992,#943,#994,.T.);
#992 = VERTEX_POINT('',#993);
#993 = CARTESIAN_POINT('',(3.391894133815,-96.,68.800496273342));
#994 = SURFACE_CURVE('',#995,(#1000,#1007),.PCURVE_S1.);
#995 = CIRCLE('',#996,28.);
#996 = AXIS2_PLACEMENT_3D('',#997,#998,#999);
#997 = CARTESIAN_POINT('',(-22.,-96.,57.));
#998 = DIRECTION('',(0.,1.,0.));
#999 = DIRECTION('',(0.,0.,1.));
#1000 = PCURVE('',#122,#1001);
#1001 = DEFINITIONAL_REPRESENTATION('',(#1002),#1006);
#1002 = CIRCLE('',#1003,28.);
#1003 = AXIS2_PLACEMENT_2D('',#1004,#1005);
#1004 = CARTESIAN_POINT('',(-3.250445787856,-2.481051233897));
#1005 = DIRECTION('',(1.,0.));
#1006 = ( GEOMETRIC_REPRESENTATION_CONTEXT(2) 
PARAMETRIC_REPRESENTATION_CONTEXT() REPRESENTATION_CONTEXT('2D SPACE',''
  ) );
#1007 = PCURVE('',#451,#1008);
#1008 = DEFINITIONAL_REPRESENTATION('',(#1009),#1013);
#1009 = LINE('',#1010,#1011);
#1010 = CARTESIAN_POINT('',(0.,-129.));
#1011 = VECTOR('',#1012,1.);
#1012 = DIRECTION('',(1.,0.));
#1013 = ( GEOMETRIC_REPRESENTATION_CONTEXT(2) 
PARAMETRIC_REPRESENTATION_CONTEXT() REPRESENTATION_CONTEXT('2D SPACE',''
  ) );
#1014 = ORIENTED_EDGE('',*,*,#1015,.T.);
#1015 = EDGE_CURVE('',#992,#79,#1016,.T.);
#1016 = SURFACE_CURVE('',#1017,(#1021,#1028),.PCURVE_S1.);
#1017 = LINE('',#1018,#1019);
#1018 = CARTESIAN_POINT('',(-18.,-96.,84.));
#1019 = VECTOR('',#1020,1.);
#1020 = DIRECTION('',(0.815180408266,0.,-0.579207132189));
#1021 = PCURVE('',#122,#1022);
#1022 = DEFINITIONAL_REPRESENTATION('',(#1023),#1027);
#1023 = LINE('',#1024,#1025);
#1024 = CARTESIAN_POINT('',(23.749554212144,1.518948766103));
#1025 = VECTOR('',#1026,1.);
#1026 = DIRECTION('',(-0.579207132189,0.815180408266));
#1027 = ( GEOMETRIC_REPRESENTATION_CONTEXT(2) 
PARAMETRIC_REPRESENTATION_CONTEXT() REPRESENTATION_CONTEXT('2D SPACE',''
  ) );
#1028 = PCURVE('',#94,#1029);
#1029 = DEFINITIONAL_REPRESENTATION('',(#1030),#1034);
#1030 = LINE('',#1031,#1032);
#1031 = CARTESIAN_POINT('',(-26.2419139578,-129.));
#1032 = VECTOR('',#1033,1.);
#1033 = DIRECTION('',(1.,0.));
#1034 = ( GEOMETRIC_REPRESENTATION_CONTEXT(2) 
PARAMETRIC_REPRESENTATION_CONTEXT() REPRESENTATION_CONTEXT('2D SPACE',''
  ) );
#1035 = ADVANCED_FACE('',(#1036),#94,.T.);
#1036 = FACE_BOUND('',#1037,.T.);
#1037 = EDGE_LOOP('',(#1038,#1061,#1062,#1063,#1064));
#1038 = ORIENTED_EDGE('',*,*,#1039,.T.);
#1039 = EDGE_CURVE('',#1040,#992,#1042,.T.);
#1040 = VERTEX_POINT('',#1041);
#1041 = CARTESIAN_POINT('',(3.391894133815,33.,68.800496273342));
#1042 = SURFACE_CURVE('',#1043,(#1047,#1054),.PCURVE_S1.);
#1043 = LINE('',#1044,#1045);
#1044 = CARTESIAN_POINT('',(3.391894133815,33.,68.800496273342));
#1045 = VECTOR('',#1046,1.);
#1046 = DIRECTION('',(-0.,-1.,-0.));
#1047 = PCURVE('',#94,#1048);
#1048 = DEFINITIONAL_REPRESENTATION('',(#1049),#1053);
#1049 = LINE('',#1050,#1051);
#1050 = CARTESIAN_POINT('',(-5.792205174276E-15,0.));
#1051 = VECTOR('',#1052,1.);
#1052 = DIRECTION('',(0.,-1.));
#1053 = ( GEOMETRIC_REPRESENTATION_CONTEXT(2) 
PARAMETRIC_REPRESENTATION_CONTEXT() REPRESENTATION_CONTEXT('2D SPACE',''
  ) );
#1054 = PCURVE('',#451,#1055);
#1055 = DEFINITIONAL_REPRESENTATION('',(#1056),#1060);
#1056 = LINE('',#1057,#1058);
#1057 = CARTESIAN_POINT('',(1.135756746217,0.));
#1058 = VECTOR('',#1059,1.);
#1059 = DIRECTION('',(0.,-1.));
#1060 = ( GEOMETRIC_REPRESENTATION_CONTEXT(2) 
PARAMETRIC_REPRESENTATION_CONTEXT() REPRESENTATION_CONTEXT('2D SPACE',''
  ) );
#1061 = ORIENTED_EDGE('',*,*,#1015,.T.);
#1062 = ORIENTED_EDGE('',*,*,#78,.F.);
#1063 = ORIENTED_EDGE('',*,*,#250,.F.);
#1064 = ORIENTED_EDGE('',*,*,#1065,.F.);
#1065 = EDGE_CURVE('',#1040,#216,#1066,.T.);
#1066 = SURFACE_CURVE('',#1067,(#1071,#1078),.PCURVE_S1.);
#1067 = LINE('',#1068,#1069);
#1068 = CARTESIAN_POINT('',(-18.,33.,84.));
#1069 = VECTOR('',#1070,1.);
#1070 = DIRECTION('',(0.815180408266,0.,-0.579207132189));
#1071 = PCURVE('',#94,#1072);
#1072 = DEFINITIONAL_REPRESENTATION('',(#1073),#1077);
#1073 = LINE('',#1074,#1075);
#1074 = CARTESIAN_POINT('',(-26.2419139578,0.));
#1075 = VECTOR('',#1076,1.);
#1076 = DIRECTION('',(1.,0.));
#1077 = ( GEOMETRIC_REPRESENTATION_CONTEXT(2) 
PARAMETRIC_REPRESENTATION_CONTEXT() REPRESENTATION_CONTEXT('2D SPACE',''
  ) );
#1078 = PCURVE('',#1079,#1084);
#1079 = PLANE('',#1080);
#1080 = AXIS2_PLACEMENT_3D('',#1081,#1082,#1083);
#1081 = CARTESIAN_POINT('',(-0.258071170597,33.,23.516742001794));
#1082 = DIRECTION('',(0.,1.,0.));
#1083 = DIRECTION('',(0.,0.,1.));
#1084 = DEFINITIONAL_REPRESENTATION('',(#1085),#1089);
#1085 = LINE('',#1086,#1087);
#1086 = CARTESIAN_POINT('',(60.483257998206,-17.7419288294));
#1087 = VECTOR('',#1088,1.);
#1088 = DIRECTION('',(-0.579207132189,0.815180408266));
#1089 = ( GEOMETRIC_REPRESENTATION_CONTEXT(2) 
PARAMETRIC_REPRESENTATION_CONTEXT() REPRESENTATION_CONTEXT('2D SPACE',''
  ) );
#1090 = ADVANCED_FACE('',(#1091),#238,.F.);
#1091 = FACE_BOUND('',#1092,.T.);
#1092 = EDGE_LOOP('',(#1093,#1122,#1151,#1178,#1204,#1205));
#1093 = ORIENTED_EDGE('',*,*,#1094,.T.);
#1094 = EDGE_CURVE('',#1095,#1097,#1099,.T.);
#1095 = VERTEX_POINT('',#1096);
#1096 = CARTESIAN_POINT('',(-34.92065402921,33.,35.321471565727));
#1097 = VERTEX_POINT('',#1098);
#1098 = CARTESIAN_POINT('',(-34.92065402921,85.,35.321471565727));
#1099 = SURFACE_CURVE('',#1100,(#1104,#1110),.PCURVE_S1.);
#1100 = LINE('',#1101,#1102);
#1101 = CARTESIAN_POINT('',(-34.92065402921,33.,35.321471565727));
#1102 = VECTOR('',#1103,1.);
#1103 = DIRECTION('',(0.,1.,0.));
#1104 = PCURVE('',#238,#1105);
#1105 = DEFINITIONAL_REPRESENTATION('',(#1106),#1109);
#1106 = B_SPLINE_CURVE_WITH_KNOTS('',1,(#1107,#1108),.UNSPECIFIED.,.F.,
  .F.,(2,2),(0.,52.),.PIECEWISE_BEZIER_KNOTS.);
#1107 = CARTESIAN_POINT('',(-4.780720719496,0.));
#1108 = CARTESIAN_POINT('',(-4.780720719496,-52.));
#1109 = ( GEOMETRIC_REPRESENTATION_CONTEXT(2) 
PARAMETRIC_REPRESENTATION_CONTEXT() REPRESENTATION_CONTEXT('2D SPACE',''
  ) );
#1110 = PCURVE('',#1111,#1116);
#1111 = PLANE('',#1112);
#1112 = AXIS2_PLACEMENT_3D('',#1113,#1114,#1115);
#1113 = CARTESIAN_POINT('',(-34.92065402921,33.,35.321471565727));
#1114 = DIRECTION('',(0.91381154862,-0.,0.406138466053));
#1115 = DIRECTION('',(-0.406138466053,0.,0.91381154862));
#1116 = DEFINITIONAL_REPRESENTATION('',(#1117),#1121);
#1117 = LINE('',#1118,#1119);
#1118 = CARTESIAN_POINT('',(0.,0.));
#1119 = VECTOR('',#1120,1.);
#1120 = DIRECTION('',(0.,-1.));
#1121 = ( GEOMETRIC_REPRESENTATION_CONTEXT(2) 
PARAMETRIC_REPRESENTATION_CONTEXT() REPRESENTATION_CONTEXT('2D SPACE',''
  ) );
#1122 = ORIENTED_EDGE('',*,*,#1123,.T.);
#1123 = EDGE_CURVE('',#1097,#1124,#1126,.T.);
#1124 = VERTEX_POINT('',#1125);
#1125 = CARTESIAN_POINT('',(13.44382889353,85.,63.77947054279));
#1126 = SURFACE_CURVE('',#1127,(#1132,#1139),.PCURVE_S1.);
#1127 = CIRCLE('',#1128,34.);
#1128 = AXIS2_PLACEMENT_3D('',#1129,#1130,#1131);
#1129 = CARTESIAN_POINT('',(-1.,85.,33.));
#1130 = DIRECTION('',(0.,1.,0.));
#1131 = DIRECTION('',(-0.997666294977,0.,6.827857546255E-02));
#1132 = PCURVE('',#238,#1133);
#1133 = DEFINITIONAL_REPRESENTATION('',(#1134),#1138);
#1134 = LINE('',#1135,#1136);
#1135 = CARTESIAN_POINT('',(-4.780720719496,-52.));
#1136 = VECTOR('',#1137,1.);
#1137 = DIRECTION('',(-1.,0.));
#1138 = ( GEOMETRIC_REPRESENTATION_CONTEXT(2) 
PARAMETRIC_REPRESENTATION_CONTEXT() REPRESENTATION_CONTEXT('2D SPACE',''
  ) );
#1139 = PCURVE('',#1140,#1145);
#1140 = PLANE('',#1141);
#1141 = AXIS2_PLACEMENT_3D('',#1142,#1143,#1144);
#1142 = CARTESIAN_POINT('',(-0.258071170597,85.,23.516742001794));
#1143 = DIRECTION('',(0.,1.,0.));
#1144 = DIRECTION('',(0.,0.,1.));
#1145 = DEFINITIONAL_REPRESENTATION('',(#1146),#1150);
#1146 = CIRCLE('',#1147,34.);
#1147 = AXIS2_PLACEMENT_2D('',#1148,#1149);
#1148 = CARTESIAN_POINT('',(9.483257998206,-0.741928829403));
#1149 = DIRECTION('',(6.827857546255E-02,-0.997666294977));
#1150 = ( GEOMETRIC_REPRESENTATION_CONTEXT(2) 
PARAMETRIC_REPRESENTATION_CONTEXT() REPRESENTATION_CONTEXT('2D SPACE',''
  ) );
#1151 = ORIENTED_EDGE('',*,*,#1152,.F.);
#1152 = EDGE_CURVE('',#1153,#1124,#1155,.T.);
#1153 = VERTEX_POINT('',#1154);
#1154 = CARTESIAN_POINT('',(13.44382889353,33.,63.77947054279));
#1155 = SURFACE_CURVE('',#1156,(#1160,#1166),.PCURVE_S1.);
#1156 = LINE('',#1157,#1158);
#1157 = CARTESIAN_POINT('',(13.44382889353,33.,63.77947054279));
#1158 = VECTOR('',#1159,1.);
#1159 = DIRECTION('',(0.,1.,0.));
#1160 = PCURVE('',#238,#1161);
#1161 = DEFINITIONAL_REPRESENTATION('',(#1162),#1165);
#1162 = B_SPLINE_CURVE_WITH_KNOTS('',1,(#1163,#1164),.UNSPECIFIED.,.F.,
  .F.,(2,2),(0.,52.),.PIECEWISE_BEZIER_KNOTS.);
#1163 = CARTESIAN_POINT('',(-6.721946689118,0.));
#1164 = CARTESIAN_POINT('',(-6.721946689118,-52.));
#1165 = ( GEOMETRIC_REPRESENTATION_CONTEXT(2) 
PARAMETRIC_REPRESENTATION_CONTEXT() REPRESENTATION_CONTEXT('2D SPACE',''
  ) );
#1166 = PCURVE('',#1167,#1172);
#1167 = PLANE('',#1168);
#1168 = AXIS2_PLACEMENT_3D('',#1169,#1170,#1171);
#1169 = CARTESIAN_POINT('',(9.,33.,76.));
#1170 = DIRECTION('',(-0.939793423488,0.,-0.341743063087));
#1171 = DIRECTION('',(0.341743063087,0.,-0.939793423488));
#1172 = DEFINITIONAL_REPRESENTATION('',(#1173),#1177);
#1173 = LINE('',#1174,#1175);
#1174 = CARTESIAN_POINT('',(13.003420913341,0.));
#1175 = VECTOR('',#1176,1.);
#1176 = DIRECTION('',(0.,-1.));
#1177 = ( GEOMETRIC_REPRESENTATION_CONTEXT(2) 
PARAMETRIC_REPRESENTATION_CONTEXT() REPRESENTATION_CONTEXT('2D SPACE',''
  ) );
#1178 = ORIENTED_EDGE('',*,*,#1179,.T.);
#1179 = EDGE_CURVE('',#1153,#216,#1180,.T.);
#1180 = SURFACE_CURVE('',#1181,(#1186,#1193),.PCURVE_S1.);
#1181 = CIRCLE('',#1182,34.);
#1182 = AXIS2_PLACEMENT_3D('',#1183,#1184,#1185);
#1183 = CARTESIAN_POINT('',(-1.,33.,33.));
#1184 = DIRECTION('',(0.,-1.,0.));
#1185 = DIRECTION('',(0.424818496869,0.,0.905278545376));
#1186 = PCURVE('',#238,#1187);
#1187 = DEFINITIONAL_REPRESENTATION('',(#1188),#1192);
#1188 = LINE('',#1189,#1190);
#1189 = CARTESIAN_POINT('',(-6.721946689118,0.));
#1190 = VECTOR('',#1191,1.);
#1191 = DIRECTION('',(1.,-0.));
#1192 = ( GEOMETRIC_REPRESENTATION_CONTEXT(2) 
PARAMETRIC_REPRESENTATION_CONTEXT() REPRESENTATION_CONTEXT('2D SPACE',''
  ) );
#1193 = PCURVE('',#1079,#1194);
#1194 = DEFINITIONAL_REPRESENTATION('',(#1195),#1203);
#1195 = ( BOUNDED_CURVE() B_SPLINE_CURVE(2,(#1196,#1197,#1198,#1199,
#1200,#1201,#1202),.UNSPECIFIED.,.T.,.F.) B_SPLINE_CURVE_WITH_KNOTS((1,2
    ,2,2,2,1),(-2.094395102393,0.,2.094395102393,4.188790204786,
6.28318530718,8.377580409573),.UNSPECIFIED.) CURVE() 
GEOMETRIC_REPRESENTATION_ITEM() RATIONAL_B_SPLINE_CURVE((1.,0.5,1.,0.5,
1.,0.5,1.)) REPRESENTATION_ITEM('') );
#1196 = CARTESIAN_POINT('',(40.262728540995,13.701900064127));
#1197 = CARTESIAN_POINT('',(65.28017404042,-39.60970674605));
#1198 = CARTESIAN_POINT('',(6.602245476524,-34.61964668125));
#1199 = CARTESIAN_POINT('',(-52.07568308737,-29.62958661646));
#1200 = CARTESIAN_POINT('',(-18.4152000229,18.691960128922));
#1201 = CARTESIAN_POINT('',(15.245283041569,67.013506874307));
#1202 = CARTESIAN_POINT('',(40.262728540995,13.701900064127));
#1203 = ( GEOMETRIC_REPRESENTATION_CONTEXT(2) 
PARAMETRIC_REPRESENTATION_CONTEXT() REPRESENTATION_CONTEXT('2D SPACE',''
  ) );
#1204 = ORIENTED_EDGE('',*,*,#215,.T.);
#1205 = ORIENTED_EDGE('',*,*,#1206,.T.);
#1206 = EDGE_CURVE('',#218,#1095,#1207,.T.);
#1207 = SURFACE_CURVE('',#1208,(#1213,#1220),.PCURVE_S1.);
#1208 = CIRCLE('',#1209,34.);
#1209 = AXIS2_PLACEMENT_3D('',#1210,#1211,#1212);
#1210 = CARTESIAN_POINT('',(-1.,33.,33.));
#1211 = DIRECTION('',(0.,-1.,0.));
#1212 = DIRECTION('',(0.424818496869,0.,0.905278545376));
#1213 = PCURVE('',#238,#1214);
#1214 = DEFINITIONAL_REPRESENTATION('',(#1215),#1219);
#1215 = LINE('',#1216,#1217);
#1216 = CARTESIAN_POINT('',(-6.721946689118,0.));
#1217 = VECTOR('',#1218,1.);
#1218 = DIRECTION('',(1.,-0.));
#1219 = ( GEOMETRIC_REPRESENTATION_CONTEXT(2) 
PARAMETRIC_REPRESENTATION_CONTEXT() REPRESENTATION_CONTEXT('2D SPACE',''
  ) );
#1220 = PCURVE('',#1079,#1221);
#1221 = DEFINITIONAL_REPRESENTATION('',(#1222),#1230);
#1222 = ( BOUNDED_CURVE() B_SPLINE_CURVE(2,(#1223,#1224,#1225,#1226,
#1227,#1228,#1229),.UNSPECIFIED.,.T.,.F.) B_SPLINE_CURVE_WITH_KNOTS((1,2
    ,2,2,2,1),(-2.094395102393,0.,2.094395102393,4.188790204786,
6.28318530718,8.377580409573),.UNSPECIFIED.) CURVE() 
GEOMETRIC_REPRESENTATION_ITEM() RATIONAL_B_SPLINE_CURVE((1.,0.5,1.,0.5,
1.,0.5,1.)) REPRESENTATION_ITEM('') );
#1223 = CARTESIAN_POINT('',(40.262728540995,13.701900064127));
#1224 = CARTESIAN_POINT('',(65.28017404042,-39.60970674605));
#1225 = CARTESIAN_POINT('',(6.602245476524,-34.61964668125));
#1226 = CARTESIAN_POINT('',(-52.07568308737,-29.62958661646));
#1227 = CARTESIAN_POINT('',(-18.4152000229,18.691960128922));
#1228 = CARTESIAN_POINT('',(15.245283041569,67.013506874307));
#1229 = CARTESIAN_POINT('',(40.262728540995,13.701900064127));
#1230 = ( GEOMETRIC_REPRESENTATION_CONTEXT(2) 
PARAMETRIC_REPRESENTATION_CONTEXT() REPRESENTATION_CONTEXT('2D SPACE',''
  ) );
#1231 = ADVANCED_FACE('',(#1232),#451,.F.);
#1232 = FACE_BOUND('',#1233,.F.);
#1233 = EDGE_LOOP('',(#1234,#1256,#1257,#1258,#1259,#1260,#1279));
#1234 = ORIENTED_EDGE('',*,*,#1235,.F.);
#1235 = EDGE_CURVE('',#1040,#218,#1236,.T.);
#1236 = SURFACE_CURVE('',#1237,(#1242,#1249),.PCURVE_S1.);
#1237 = CIRCLE('',#1238,28.);
#1238 = AXIS2_PLACEMENT_3D('',#1239,#1240,#1241);
#1239 = CARTESIAN_POINT('',(-22.,33.,57.));
#1240 = DIRECTION('',(0.,1.,0.));
#1241 = DIRECTION('',(0.,0.,1.));
#1242 = PCURVE('',#451,#1243);
#1243 = DEFINITIONAL_REPRESENTATION('',(#1244),#1248);
#1244 = LINE('',#1245,#1246);
#1245 = CARTESIAN_POINT('',(0.,0.));
#1246 = VECTOR('',#1247,1.);
#1247 = DIRECTION('',(1.,0.));
#1248 = ( GEOMETRIC_REPRESENTATION_CONTEXT(2) 
PARAMETRIC_REPRESENTATION_CONTEXT() REPRESENTATION_CONTEXT('2D SPACE',''
  ) );
#1249 = PCURVE('',#1079,#1250);
#1250 = DEFINITIONAL_REPRESENTATION('',(#1251),#1255);
#1251 = CIRCLE('',#1252,28.);
#1252 = AXIS2_PLACEMENT_2D('',#1253,#1254);
#1253 = CARTESIAN_POINT('',(33.483257998206,-21.7419288294));
#1254 = DIRECTION('',(1.,0.));
#1255 = ( GEOMETRIC_REPRESENTATION_CONTEXT(2) 
PARAMETRIC_REPRESENTATION_CONTEXT() REPRESENTATION_CONTEXT('2D SPACE',''
  ) );
#1256 = ORIENTED_EDGE('',*,*,#1039,.T.);
#1257 = ORIENTED_EDGE('',*,*,#991,.T.);
#1258 = ORIENTED_EDGE('',*,*,#965,.F.);
#1259 = ORIENTED_EDGE('',*,*,#703,.F.);
#1260 = ORIENTED_EDGE('',*,*,#1261,.T.);
#1261 = EDGE_CURVE('',#681,#409,#1262,.T.);
#1262 = SURFACE_CURVE('',#1263,(#1267,#1273),.PCURVE_S1.);
#1263 = LINE('',#1264,#1265);
#1264 = CARTESIAN_POINT('',(-1.595258711896,33.,37.82588899152));
#1265 = VECTOR('',#1266,1.);
#1266 = DIRECTION('',(0.,1.,0.));
#1267 = PCURVE('',#451,#1268);
#1268 = DEFINITIONAL_REPRESENTATION('',(#1269),#1272);
#1269 = B_SPLINE_CURVE_WITH_KNOTS('',1,(#1270,#1271),.UNSPECIFIED.,.F.,
  .F.,(2,2),(-79.2,5.999999999062E-07),.PIECEWISE_BEZIER_KNOTS.);
#1270 = CARTESIAN_POINT('',(2.325111377516,-79.2));
#1271 = CARTESIAN_POINT('',(2.325111377516,5.999999999062E-07));
#1272 = ( GEOMETRIC_REPRESENTATION_CONTEXT(2) 
PARAMETRIC_REPRESENTATION_CONTEXT() REPRESENTATION_CONTEXT('2D SPACE',''
  ) );
#1273 = PCURVE('',#424,#1274);
#1274 = DEFINITIONAL_REPRESENTATION('',(#1275),#1278);
#1275 = B_SPLINE_CURVE_WITH_KNOTS('',1,(#1276,#1277),.UNSPECIFIED.,.F.,
  .F.,(2,2),(-79.2,5.999999999062E-07),.PIECEWISE_BEZIER_KNOTS.);
#1276 = CARTESIAN_POINT('',(20.76032017118,-79.2));
#1277 = CARTESIAN_POINT('',(20.76032017118,5.999999999062E-07));
#1278 = ( GEOMETRIC_REPRESENTATION_CONTEXT(2) 
PARAMETRIC_REPRESENTATION_CONTEXT() REPRESENTATION_CONTEXT('2D SPACE',''
  ) );
#1279 = ORIENTED_EDGE('',*,*,#436,.F.);
#1280 = ADVANCED_FACE('',(#1281),#424,.T.);
#1281 = FACE_BOUND('',#1282,.T.);
#1282 = EDGE_LOOP('',(#1283,#1284,#1305,#1306));
#1283 = ORIENTED_EDGE('',*,*,#408,.F.);
#1284 = ORIENTED_EDGE('',*,*,#1285,.T.);
#1285 = EDGE_CURVE('',#381,#658,#1286,.T.);
#1286 = SURFACE_CURVE('',#1287,(#1291,#1298),.PCURVE_S1.);
#1287 = LINE('',#1288,#1289);
#1288 = CARTESIAN_POINT('',(-22.,33.,34.));
#1289 = VECTOR('',#1290,1.);
#1290 = DIRECTION('',(-0.,-1.,-0.));
#1291 = PCURVE('',#424,#1292);
#1292 = DEFINITIONAL_REPRESENTATION('',(#1293),#1297);
#1293 = LINE('',#1294,#1295);
#1294 = CARTESIAN_POINT('',(0.,0.));
#1295 = VECTOR('',#1296,1.);
#1296 = DIRECTION('',(0.,-1.));
#1297 = ( GEOMETRIC_REPRESENTATION_CONTEXT(2) 
PARAMETRIC_REPRESENTATION_CONTEXT() REPRESENTATION_CONTEXT('2D SPACE',''
  ) );
#1298 = PCURVE('',#396,#1299);
#1299 = DEFINITIONAL_REPRESENTATION('',(#1300),#1304);
#1300 = LINE('',#1301,#1302);
#1301 = CARTESIAN_POINT('',(33.955853692699,0.));
#1302 = VECTOR('',#1303,1.);
#1303 = DIRECTION('',(0.,-1.));
#1304 = ( GEOMETRIC_REPRESENTATION_CONTEXT(2) 
PARAMETRIC_REPRESENTATION_CONTEXT() REPRESENTATION_CONTEXT('2D SPACE',''
  ) );
#1305 = ORIENTED_EDGE('',*,*,#680,.T.);
#1306 = ORIENTED_EDGE('',*,*,#1261,.T.);
#1307 = ADVANCED_FACE('',(#1308),#396,.T.);
#1308 = FACE_BOUND('',#1309,.T.);
#1309 = EDGE_LOOP('',(#1310,#1338,#1366,#1398,#1424,#1456,#1477,#1478,
    #1479));
#1310 = ORIENTED_EDGE('',*,*,#1311,.F.);
#1311 = EDGE_CURVE('',#1312,#352,#1314,.T.);
#1312 = VERTEX_POINT('',#1313);
#1313 = CARTESIAN_POINT('',(-14.,33.,1.));
#1314 = SURFACE_CURVE('',#1315,(#1319,#1326),.PCURVE_S1.);
#1315 = LINE('',#1316,#1317);
#1316 = CARTESIAN_POINT('',(-14.,33.,1.));
#1317 = VECTOR('',#1318,1.);
#1318 = DIRECTION('',(-0.235600025622,0.,0.971850105689));
#1319 = PCURVE('',#396,#1320);
#1320 = DEFINITIONAL_REPRESENTATION('',(#1321),#1325);
#1321 = LINE('',#1322,#1323);
#1322 = CARTESIAN_POINT('',(0.,0.));
#1323 = VECTOR('',#1324,1.);
#1324 = DIRECTION('',(1.,0.));
#1325 = ( GEOMETRIC_REPRESENTATION_CONTEXT(2) 
PARAMETRIC_REPRESENTATION_CONTEXT() REPRESENTATION_CONTEXT('2D SPACE',''
  ) );
#1326 = PCURVE('',#1327,#1332);
#1327 = PLANE('',#1328);
#1328 = AXIS2_PLACEMENT_3D('',#1329,#1330,#1331);
#1329 = CARTESIAN_POINT('',(-0.258071170597,33.,23.516742001794));
#1330 = DIRECTION('',(0.,1.,0.));
#1331 = DIRECTION('',(0.,0.,1.));
#1332 = DEFINITIONAL_REPRESENTATION('',(#1333),#1337);
#1333 = LINE('',#1334,#1335);
#1334 = CARTESIAN_POINT('',(-22.51674200179,-13.7419288294));
#1335 = VECTOR('',#1336,1.);
#1336 = DIRECTION('',(0.971850105689,-0.235600025622));
#1337 = ( GEOMETRIC_REPRESENTATION_CONTEXT(2) 
PARAMETRIC_REPRESENTATION_CONTEXT() REPRESENTATION_CONTEXT('2D SPACE',''
  ) );
#1338 = ORIENTED_EDGE('',*,*,#1339,.T.);
#1339 = EDGE_CURVE('',#1312,#1340,#1342,.T.);
#1340 = VERTEX_POINT('',#1341);
#1341 = CARTESIAN_POINT('',(-14.,-19.91168824543,1.));
#1342 = SURFACE_CURVE('',#1343,(#1347,#1354),.PCURVE_S1.);
#1343 = LINE('',#1344,#1345);
#1344 = CARTESIAN_POINT('',(-14.,33.,1.));
#1345 = VECTOR('',#1346,1.);
#1346 = DIRECTION('',(-0.,-1.,-0.));
#1347 = PCURVE('',#396,#1348);
#1348 = DEFINITIONAL_REPRESENTATION('',(#1349),#1353);
#1349 = LINE('',#1350,#1351);
#1350 = CARTESIAN_POINT('',(0.,0.));
#1351 = VECTOR('',#1352,1.);
#1352 = DIRECTION('',(0.,-1.));
#1353 = ( GEOMETRIC_REPRESENTATION_CONTEXT(2) 
PARAMETRIC_REPRESENTATION_CONTEXT() REPRESENTATION_CONTEXT('2D SPACE',''
  ) );
#1354 = PCURVE('',#1355,#1360);
#1355 = PLANE('',#1356);
#1356 = AXIS2_PLACEMENT_3D('',#1357,#1358,#1359);
#1357 = CARTESIAN_POINT('',(-24.,33.,-2.));
#1358 = DIRECTION('',(-0.287347885566,0.,0.957826285221));
#1359 = DIRECTION('',(0.957826285221,0.,0.287347885566));
#1360 = DEFINITIONAL_REPRESENTATION('',(#1361),#1365);
#1361 = LINE('',#1362,#1363);
#1362 = CARTESIAN_POINT('',(10.440306508911,0.));
#1363 = VECTOR('',#1364,1.);
#1364 = DIRECTION('',(0.,-1.));
#1365 = ( GEOMETRIC_REPRESENTATION_CONTEXT(2) 
PARAMETRIC_REPRESENTATION_CONTEXT() REPRESENTATION_CONTEXT('2D SPACE',''
  ) );
#1366 = ORIENTED_EDGE('',*,*,#1367,.T.);
#1367 = EDGE_CURVE('',#1340,#1368,#1370,.T.);
#1368 = VERTEX_POINT('',#1369);
#1369 = CARTESIAN_POINT('',(-21.0303030303,-16.84855201791,30.));
#1370 = SURFACE_CURVE('',#1371,(#1376,#1383),.PCURVE_S1.);
#1371 = ELLIPSE('',#1372,229.20201242572,54.);
#1372 = AXIS2_PLACEMENT_3D('',#1373,#1374,#1375);
#1373 = CARTESIAN_POINT('',(4.,31.,-73.25));
#1374 = DIRECTION('',(-0.971850105689,0.,-0.235600025622));
#1375 = DIRECTION('',(-0.235600025622,0.,0.971850105689));
#1376 = PCURVE('',#396,#1377);
#1377 = DEFINITIONAL_REPRESENTATION('',(#1378),#1382);
#1378 = ELLIPSE('',#1379,229.20201242572,54.);
#1379 = AXIS2_PLACEMENT_2D('',#1380,#1381);
#1380 = CARTESIAN_POINT('',(-76.40067080857,-2.));
#1381 = DIRECTION('',(1.,0.));
#1382 = ( GEOMETRIC_REPRESENTATION_CONTEXT(2) 
PARAMETRIC_REPRESENTATION_CONTEXT() REPRESENTATION_CONTEXT('2D SPACE',''
  ) );
#1383 = PCURVE('',#1384,#1389);
#1384 = CYLINDRICAL_SURFACE('',#1385,54.);
#1385 = AXIS2_PLACEMENT_3D('',#1386,#1387,#1388);
#1386 = CARTESIAN_POINT('',(4.,31.,30.));
#1387 = DIRECTION('',(0.,0.,1.));
#1388 = DIRECTION('',(1.,0.,0.));
#1389 = DEFINITIONAL_REPRESENTATION('',(#1390),#1397);
#1390 = B_SPLINE_CURVE_WITH_KNOTS('',5,(#1391,#1392,#1393,#1394,#1395,
    #1396),.UNSPECIFIED.,.F.,.F.,(6,6),(5.052225889839,5.194357255763),
  .PIECEWISE_BEZIER_KNOTS.);
#1391 = CARTESIAN_POINT('',(10.65573737811,-28.99999999808));
#1392 = CARTESIAN_POINT('',(10.627311104925,-23.03017806574));
#1393 = CARTESIAN_POINT('',(10.59888483174,-17.13535355998));
#1394 = CARTESIAN_POINT('',(10.570458558555,-11.32557639938));
#1395 = CARTESIAN_POINT('',(10.542032285371,-5.610643546049));
#1396 = CARTESIAN_POINT('',(10.513606012186,1.940161489104E-14));
#1397 = ( GEOMETRIC_REPRESENTATION_CONTEXT(2) 
PARAMETRIC_REPRESENTATION_CONTEXT() REPRESENTATION_CONTEXT('2D SPACE',''
  ) );
#1398 = ORIENTED_EDGE('',*,*,#1399,.F.);
#1399 = EDGE_CURVE('',#1400,#1368,#1402,.T.);
#1400 = VERTEX_POINT('',#1401);
#1401 = CARTESIAN_POINT('',(-21.0303030303,-17.97431908879,30.));
#1402 = SURFACE_CURVE('',#1403,(#1407,#1413),.PCURVE_S1.);
#1403 = LINE('',#1404,#1405);
#1404 = CARTESIAN_POINT('',(-21.0303030303,32.,30.));
#1405 = VECTOR('',#1406,1.);
#1406 = DIRECTION('',(0.,1.,-0.));
#1407 = PCURVE('',#396,#1408);
#1408 = DEFINITIONAL_REPRESENTATION('',(#1409),#1412);
#1409 = B_SPLINE_CURVE_WITH_KNOTS('',1,(#1410,#1411),.UNSPECIFIED.,.F.,
  .F.,(2,2),(-56.,1.),.PIECEWISE_BEZIER_KNOTS.);
#1410 = CARTESIAN_POINT('',(29.839992639039,-57.));
#1411 = CARTESIAN_POINT('',(29.839992639039,0.));
#1412 = ( GEOMETRIC_REPRESENTATION_CONTEXT(2) 
PARAMETRIC_REPRESENTATION_CONTEXT() REPRESENTATION_CONTEXT('2D SPACE',''
  ) );
#1413 = PCURVE('',#1414,#1419);
#1414 = PLANE('',#1415);
#1415 = AXIS2_PLACEMENT_3D('',#1416,#1417,#1418);
#1416 = CARTESIAN_POINT('',(4.,31.,30.));
#1417 = DIRECTION('',(0.,0.,1.));
#1418 = DIRECTION('',(1.,0.,0.));
#1419 = DEFINITIONAL_REPRESENTATION('',(#1420),#1423);
#1420 = B_SPLINE_CURVE_WITH_KNOTS('',1,(#1421,#1422),.UNSPECIFIED.,.F.,
  .F.,(2,2),(-56.,1.),.PIECEWISE_BEZIER_KNOTS.);
#1421 = CARTESIAN_POINT('',(-25.0303030303,-55.));
#1422 = CARTESIAN_POINT('',(-25.0303030303,2.));
#1423 = ( GEOMETRIC_REPRESENTATION_CONTEXT(2) 
PARAMETRIC_REPRESENTATION_CONTEXT() REPRESENTATION_CONTEXT('2D SPACE',''
  ) );
#1424 = ORIENTED_EDGE('',*,*,#1425,.F.);
#1425 = EDGE_CURVE('',#1426,#1400,#1428,.T.);
#1426 = VERTEX_POINT('',#1427);
#1427 = CARTESIAN_POINT('',(-14.,-20.97114584074,1.));
#1428 = SURFACE_CURVE('',#1429,(#1434,#1441),.PCURVE_S1.);
#1429 = ELLIPSE('',#1430,233.4464941373,55.);
#1430 = AXIS2_PLACEMENT_3D('',#1431,#1432,#1433);
#1431 = CARTESIAN_POINT('',(4.,31.,-73.25));
#1432 = DIRECTION('',(-0.971850105689,0.,-0.235600025622));
#1433 = DIRECTION('',(-0.235600025622,0.,0.971850105689));
#1434 = PCURVE('',#396,#1435);
#1435 = DEFINITIONAL_REPRESENTATION('',(#1436),#1440);
#1436 = ELLIPSE('',#1437,233.4464941373,55.);
#1437 = AXIS2_PLACEMENT_2D('',#1438,#1439);
#1438 = CARTESIAN_POINT('',(-76.40067080857,-2.));
#1439 = DIRECTION('',(1.,0.));
#1440 = ( GEOMETRIC_REPRESENTATION_CONTEXT(2) 
PARAMETRIC_REPRESENTATION_CONTEXT() REPRESENTATION_CONTEXT('2D SPACE',''
  ) );
#1441 = PCURVE('',#1442,#1447);
#1442 = CYLINDRICAL_SURFACE('',#1443,55.);
#1443 = AXIS2_PLACEMENT_3D('',#1444,#1445,#1446);
#1444 = CARTESIAN_POINT('',(4.,31.,30.));
#1445 = DIRECTION('',(0.,0.,1.));
#1446 = DIRECTION('',(1.,0.,0.));
#1447 = DEFINITIONAL_REPRESENTATION('',(#1448),#1455);
#1448 = B_SPLINE_CURVE_WITH_KNOTS('',5,(#1449,#1450,#1451,#1452,#1453,
    #1454),.UNSPECIFIED.,.F.,.F.,(6,6),(5.045804890594,5.184869473376),
  .PIECEWISE_BEZIER_KNOTS.);
#1449 = CARTESIAN_POINT('',(10.662158377355,-28.99999999831));
#1450 = CARTESIAN_POINT('',(10.634345460799,-23.03743978144));
#1451 = CARTESIAN_POINT('',(10.606532544242,-17.14667545288));
#1452 = CARTESIAN_POINT('',(10.578719627686,-11.33731620623));
#1453 = CARTESIAN_POINT('',(10.550906711129,-5.618739432203));
#1454 = CARTESIAN_POINT('',(10.523093794573,-4.074360962834E-14));
#1455 = ( GEOMETRIC_REPRESENTATION_CONTEXT(2) 
PARAMETRIC_REPRESENTATION_CONTEXT() REPRESENTATION_CONTEXT('2D SPACE',''
  ) );
#1456 = ORIENTED_EDGE('',*,*,#1457,.T.);
#1457 = EDGE_CURVE('',#1426,#630,#1458,.T.);
#1458 = SURFACE_CURVE('',#1459,(#1463,#1470),.PCURVE_S1.);
#1459 = LINE('',#1460,#1461);
#1460 = CARTESIAN_POINT('',(-14.,33.,1.));
#1461 = VECTOR('',#1462,1.);
#1462 = DIRECTION('',(-0.,-1.,-0.));
#1463 = PCURVE('',#396,#1464);
#1464 = DEFINITIONAL_REPRESENTATION('',(#1465),#1469);
#1465 = LINE('',#1466,#1467);
#1466 = CARTESIAN_POINT('',(0.,0.));
#1467 = VECTOR('',#1468,1.);
#1468 = DIRECTION('',(0.,-1.));
#1469 = ( GEOMETRIC_REPRESENTATION_CONTEXT(2) 
PARAMETRIC_REPRESENTATION_CONTEXT() REPRESENTATION_CONTEXT('2D SPACE',''
  ) );
#1470 = PCURVE('',#645,#1471);
#1471 = DEFINITIONAL_REPRESENTATION('',(#1472),#1476);
#1472 = LINE('',#1473,#1474);
#1473 = CARTESIAN_POINT('',(10.440306508911,0.));
#1474 = VECTOR('',#1475,1.);
#1475 = DIRECTION('',(0.,-1.));
#1476 = ( GEOMETRIC_REPRESENTATION_CONTEXT(2) 
PARAMETRIC_REPRESENTATION_CONTEXT() REPRESENTATION_CONTEXT('2D SPACE',''
  ) );
#1477 = ORIENTED_EDGE('',*,*,#657,.T.);
#1478 = ORIENTED_EDGE('',*,*,#1285,.F.);
#1479 = ORIENTED_EDGE('',*,*,#380,.F.);
#1480 = ADVANCED_FACE('',(#1481),#368,.F.);
#1481 = FACE_BOUND('',#1482,.T.);
#1482 = EDGE_LOOP('',(#1483,#1512,#1540,#1793,#1821,#1843));
#1483 = ORIENTED_EDGE('',*,*,#1484,.F.);
#1484 = EDGE_CURVE('',#1485,#324,#1487,.T.);
#1485 = VERTEX_POINT('',#1486);
#1486 = CARTESIAN_POINT('',(29.840842639315,33.,18.687682741883));
#1487 = SURFACE_CURVE('',#1488,(#1493,#1500),.PCURVE_S1.);
#1488 = CIRCLE('',#1489,34.);
#1489 = AXIS2_PLACEMENT_3D('',#1490,#1491,#1492);
#1490 = CARTESIAN_POINT('',(-1.,33.,33.));
#1491 = DIRECTION('',(0.,1.,0.));
#1492 = DIRECTION('',(0.,0.,1.));
#1493 = PCURVE('',#368,#1494);
#1494 = DEFINITIONAL_REPRESENTATION('',(#1495),#1499);
#1495 = LINE('',#1496,#1497);
#1496 = CARTESIAN_POINT('',(-0.,0.));
#1497 = VECTOR('',#1498,1.);
#1498 = DIRECTION('',(-1.,0.));
#1499 = ( GEOMETRIC_REPRESENTATION_CONTEXT(2) 
PARAMETRIC_REPRESENTATION_CONTEXT() REPRESENTATION_CONTEXT('2D SPACE',''
  ) );
#1500 = PCURVE('',#1501,#1506);
#1501 = PLANE('',#1502);
#1502 = AXIS2_PLACEMENT_3D('',#1503,#1504,#1505);
#1503 = CARTESIAN_POINT('',(-0.258071170597,33.,23.516742001794));
#1504 = DIRECTION('',(0.,1.,0.));
#1505 = DIRECTION('',(0.,0.,1.));
#1506 = DEFINITIONAL_REPRESENTATION('',(#1507),#1511);
#1507 = CIRCLE('',#1508,34.);
#1508 = AXIS2_PLACEMENT_2D('',#1509,#1510);
#1509 = CARTESIAN_POINT('',(9.483257998206,-0.741928829403));
#1510 = DIRECTION('',(1.,0.));
#1511 = ( GEOMETRIC_REPRESENTATION_CONTEXT(2) 
PARAMETRIC_REPRESENTATION_CONTEXT() REPRESENTATION_CONTEXT('2D SPACE',''
  ) );
#1512 = ORIENTED_EDGE('',*,*,#1513,.T.);
#1513 = EDGE_CURVE('',#1485,#1514,#1516,.T.);
#1514 = VERTEX_POINT('',#1515);
#1515 = CARTESIAN_POINT('',(29.840842639315,78.415723675698,
    18.687682741883));
#1516 = SURFACE_CURVE('',#1517,(#1521,#1528),.PCURVE_S1.);
#1517 = LINE('',#1518,#1519);
#1518 = CARTESIAN_POINT('',(29.840842639315,33.,18.687682741883));
#1519 = VECTOR('',#1520,1.);
#1520 = DIRECTION('',(0.,1.,0.));
#1521 = PCURVE('',#368,#1522);
#1522 = DEFINITIONAL_REPRESENTATION('',(#1523),#1527);
#1523 = LINE('',#1524,#1525);
#1524 = CARTESIAN_POINT('',(-2.005289264483,0.));
#1525 = VECTOR('',#1526,1.);
#1526 = DIRECTION('',(-0.,-1.));
#1527 = ( GEOMETRIC_REPRESENTATION_CONTEXT(2) 
PARAMETRIC_REPRESENTATION_CONTEXT() REPRESENTATION_CONTEXT('2D SPACE',''
  ) );
#1528 = PCURVE('',#1529,#1534);
#1529 = PLANE('',#1530);
#1530 = AXIS2_PLACEMENT_3D('',#1531,#1532,#1533);
#1531 = CARTESIAN_POINT('',(29.840842639315,33.,18.687682741883));
#1532 = DIRECTION('',(-0.939793423488,0.,-0.341743063087));
#1533 = DIRECTION('',(0.341743063087,0.,-0.939793423488));
#1534 = DEFINITIONAL_REPRESENTATION('',(#1535),#1539);
#1535 = LINE('',#1536,#1537);
#1536 = CARTESIAN_POINT('',(-3.338816950874E-15,0.));
#1537 = VECTOR('',#1538,1.);
#1538 = DIRECTION('',(0.,-1.));
#1539 = ( GEOMETRIC_REPRESENTATION_CONTEXT(2) 
PARAMETRIC_REPRESENTATION_CONTEXT() REPRESENTATION_CONTEXT('2D SPACE',''
  ) );
#1540 = ORIENTED_EDGE('',*,*,#1541,.T.);
#1541 = EDGE_CURVE('',#1514,#1542,#1544,.T.);
#1542 = VERTEX_POINT('',#1543);
#1543 = CARTESIAN_POINT('',(-21.87706355731,78.395965879497,
    6.164422547229));
#1544 = SURFACE_CURVE('',#1545,(#1603,#1698),.PCURVE_S1.);
#1545 = B_SPLINE_CURVE_WITH_KNOTS('',6,(#1546,#1547,#1548,#1549,#1550,
    #1551,#1552,#1553,#1554,#1555,#1556,#1557,#1558,#1559,#1560,#1561,
    #1562,#1563,#1564,#1565,#1566,#1567,#1568,#1569,#1570,#1571,#1572,
    #1573,#1574,#1575,#1576,#1577,#1578,#1579,#1580,#1581,#1582,#1583,
    #1584,#1585,#1586,#1587,#1588,#1589,#1590,#1591,#1592,#1593,#1594,
    #1595,#1596,#1597,#1598,#1599,#1600,#1601,#1602),.UNSPECIFIED.,.F.,
  .F.,(7,5,5,5,5,5,5,5,5,5,5,7),(0.,3.896934832251E-02,0.256362070255,
    0.41570293661,0.49159761633,0.53240057396,0.615068103251,
    0.693942497586,0.732136620046,0.800665896845,0.904406123422,1.),
  .UNSPECIFIED.);
#1546 = CARTESIAN_POINT('',(29.840842639315,78.415723675698,
    18.687682741883));
#1547 = CARTESIAN_POINT('',(29.700469770554,78.492224737609,
    18.38520079726));
#1548 = CARTESIAN_POINT('',(29.556339458554,78.570126745869,
    18.08394568188));
#1549 = CARTESIAN_POINT('',(29.408443517272,78.649373949078,
    17.783948573783));
#1550 = CARTESIAN_POINT('',(29.25677185408,78.729909594649,
    17.485240656669));
#1551 = CARTESIAN_POINT('',(29.101312469765,78.811675928806,
    17.187853119905));
#1552 = CARTESIAN_POINT('',(28.053604866029,79.357290031858,
    15.240363741787));
#1553 = CARTESIAN_POINT('',(27.047740300749,79.855973912671,
    13.632628466572));
#1554 = CARTESIAN_POINT('',(25.921288261539,80.380944682993,
    12.071697238416));
#1555 = CARTESIAN_POINT('',(24.669026229437,80.921491909575,
    10.562994679657));
#1556 = CARTESIAN_POINT('',(23.284275557093,81.465061486277,
    9.115179061946));
#1557 = CARTESIAN_POINT('',(20.642507107656,82.38508381233,
    6.734737247698));
#1558 = CARTESIAN_POINT('',(19.449038411893,82.767780203961,
    5.766799917951));
#1559 = CARTESIAN_POINT('',(18.17649128287,83.137790992445,
    4.843255799847));
#1560 = CARTESIAN_POINT('',(16.821997610838,83.487834991797,
    3.971165064524));
#1561 = CARTESIAN_POINT('',(15.383145172027,83.809366128163,
    3.159316777552));
#1562 = CARTESIAN_POINT('',(13.132092000019,84.227347669408,
    2.065618701665));
#1563 = CARTESIAN_POINT('',(12.386402340875,84.353476661302,
    1.728900391366));
#1564 = CARTESIAN_POINT('',(11.621823379327,84.469684152976,
    1.409825221032));
#1565 = CARTESIAN_POINT('',(10.838959412653,84.574781231254,
    1.109840696467));
#1566 = CARTESIAN_POINT('',(10.038480306682,84.667598588799,
    0.830349619922));
#1567 = CARTESIAN_POINT('',(8.781685426145,84.789686829934,
    0.434206322535));
#1568 = CARTESIAN_POINT('',(8.33744754211,84.82848935735,0.302037999986)
  );
#1569 = CARTESIAN_POINT('',(7.8886607502,84.863218504665,0.176462525398)
  );
#1570 = CARTESIAN_POINT('',(7.435585020163,84.893699077906,
    5.771159862677E-02));
#1571 = CARTESIAN_POINT('',(6.978485646862,84.919768831546,
    -5.400230751526E-02));
#1572 = CARTESIAN_POINT('',(5.58393796917,84.984857381579,-0.37017168894
    ));
#1573 = CARTESIAN_POINT('',(4.634456885738,85.009736705171,
    -0.552264858286));
#1574 = CARTESIAN_POINT('',(3.672713378785,85.0145902974,-0.702816395298
    ));
#1575 = CARTESIAN_POINT('',(2.702310498661,84.998501877297,
    -0.820498541944));
#1576 = CARTESIAN_POINT('',(1.726897381196,84.96100931887,
    -0.904581097988));
#1577 = CARTESIAN_POINT('',(-0.181798785732,84.845930456769,
    -1.002961118717));
#1578 = CARTESIAN_POINT('',(-1.114228436545,84.770307088057,
    -1.020245285064));
#1579 = CARTESIAN_POINT('',(-2.043914795292,84.675313739073,
    -1.006749781247));
#1580 = CARTESIAN_POINT('',(-2.967645687527,84.561411133105,
    -0.962940406832));
#1581 = CARTESIAN_POINT('',(-3.882231272303,84.429454959027,
    -0.889778007642));
#1582 = CARTESIAN_POINT('',(-5.221421608894,84.208659717086,
    -0.739782019018));
#1583 = CARTESIAN_POINT('',(-5.655528888064,84.132671147607,
    -0.684295186212));
#1584 = CARTESIAN_POINT('',(-6.086589748023,84.052848332744,
    -0.622405587887));
#1585 = CARTESIAN_POINT('',(-6.514370649407,83.969322780207,
    -0.554275168846));
#1586 = CARTESIAN_POINT('',(-6.938641429167,83.882238607581,
    -0.480080607489));
#1587 = CARTESIAN_POINT('',(-8.113712392167,83.629399169287,
    -0.256353683381));
#1588 = CARTESIAN_POINT('',(-8.856020689926,83.456136655768,
    -9.382601665253E-02));
#1589 = CARTESIAN_POINT('',(-9.58543725264,83.272743184505,
    8.656542709887E-02));
#1590 = CARTESIAN_POINT('',(-10.30134295023,83.080044325205,
    0.283784072366));
#1591 = CARTESIAN_POINT('',(-11.00316129905,82.878906456852,0.4967569265
    ));
#1592 = CARTESIAN_POINT('',(-12.73064068941,82.35433420783,
    1.068933896601));
#1593 = CARTESIAN_POINT('',(-13.73743095497,82.021158022372,
    1.447053200761));
#1594 = CARTESIAN_POINT('',(-14.71075605012,81.673253645941,
    1.855492698137));
#1595 = CARTESIAN_POINT('',(-15.65084198,81.313022689479,2.291332498562)
  );
#1596 = CARTESIAN_POINT('',(-16.55806953011,80.942709982051,
    2.751939821734));
#1597 = CARTESIAN_POINT('',(-18.23909271475,80.21579195289,
    3.680012477368));
#1598 = CARTESIAN_POINT('',(-19.01807153037,79.860264256846,
    4.144264408909));
#1599 = CARTESIAN_POINT('',(-19.7705833199,79.499275980423,
    4.626069180587));
#1600 = CARTESIAN_POINT('',(-20.4973952753,79.134134002224,
    5.124066542933));
#1601 = CARTESIAN_POINT('',(-21.19929565895,78.766010938348,
    5.637144775167));
#1602 = CARTESIAN_POINT('',(-21.87706355731,78.395965879497,
    6.164422547229));
#1603 = PCURVE('',#368,#1604);
#1604 = DEFINITIONAL_REPRESENTATION('',(#1605),#1697);
#1605 = B_SPLINE_CURVE_WITH_KNOTS('',3,(#1606,#1607,#1608,#1609,#1610,
    #1611,#1612,#1613,#1614,#1615,#1616,#1617,#1618,#1619,#1620,#1621,
    #1622,#1623,#1624,#1625,#1626,#1627,#1628,#1629,#1630,#1631,#1632,
    #1633,#1634,#1635,#1636,#1637,#1638,#1639,#1640,#1641,#1642,#1643,
    #1644,#1645,#1646,#1647,#1648,#1649,#1650,#1651,#1652,#1653,#1654,
    #1655,#1656,#1657,#1658,#1659,#1660,#1661,#1662,#1663,#1664,#1665,
    #1666,#1667,#1668,#1669,#1670,#1671,#1672,#1673,#1674,#1675,#1676,
    #1677,#1678,#1679,#1680,#1681,#1682,#1683,#1684,#1685,#1686,#1687,
    #1688,#1689,#1690,#1691,#1692,#1693,#1694,#1695,#1696),
  .UNSPECIFIED.,.F.,.F.,(4,1,1,1,1,1,1,1,1,1,1,1,1,1,1,1,1,1,1,1,1,1,1,1
    ,1,1,1,1,1,1,1,1,1,1,1,1,1,1,1,1,1,1,1,1,1,1,1,1,1,1,1,1,1,1,1,1,1,1
    ,1,1,1,1,1,1,1,1,1,1,1,1,1,1,1,1,1,1,1,1,1,1,1,1,1,1,1,1,1,1,4),(0.,
    1.136363636364E-02,2.272727272727E-02,3.409090909091E-02,
    4.545454545455E-02,5.681818181818E-02,6.818181818182E-02,
    7.954545454545E-02,9.090909090909E-02,0.102272727273,0.113636363636,
    0.125,0.136363636364,0.147727272727,0.159090909091,0.170454545455,
    0.181818181818,0.193181818182,0.204545454545,0.215909090909,
    0.227272727273,0.238636363636,0.25,0.261363636364,0.272727272727,
    0.284090909091,0.295454545455,0.306818181818,0.318181818182,
    0.329545454545,0.340909090909,0.352272727273,0.363636363636,0.375,
    0.386363636364,0.397727272727,0.409090909091,0.420454545455,
    0.431818181818,0.443181818182,0.454545454545,0.465909090909,
    0.477272727273,0.488636363636,0.5,0.511363636364,0.522727272727,
    0.534090909091,0.545454545455,0.556818181818,0.568181818182,
    0.579545454545,0.590909090909,0.602272727273,0.613636363636,0.625,
    0.636363636364,0.647727272727,0.659090909091,0.670454545455,
    0.681818181818,0.693181818182,0.704545454545,0.715909090909,
    0.727272727273,0.738636363636,0.75,0.761363636364,0.772727272727,
    0.784090909091,0.795454545455,0.806818181818,0.818181818182,
    0.829545454545,0.840909090909,0.852272727273,0.863636363636,0.875,
    0.886363636364,0.897727272727,0.909090909091,0.920454545455,
    0.931818181818,0.943181818182,0.954545454545,0.965909090909,
    0.977272727273,0.988636363636,1.),.QUASI_UNIFORM_KNOTS.);
#1606 = CARTESIAN_POINT('',(-2.005289264483,-45.41572367569));
#1607 = CARTESIAN_POINT('',(-2.011009293611,-45.46033956253));
#1608 = CARTESIAN_POINT('',(-2.022461035108,-45.5507634188));
#1609 = CARTESIAN_POINT('',(-2.039676794691,-45.68980549728));
#1610 = CARTESIAN_POINT('',(-2.056933705034,-45.83208453528));
#1611 = CARTESIAN_POINT('',(-2.074235099226,-45.97742903108));
#1612 = CARTESIAN_POINT('',(-2.091579712148,-46.12562434644));
#1613 = CARTESIAN_POINT('',(-2.108972960186,-46.27650791434));
#1614 = CARTESIAN_POINT('',(-2.126419158473,-46.42990521717));
#1615 = CARTESIAN_POINT('',(-2.143922912783,-46.58564082611));
#1616 = CARTESIAN_POINT('',(-2.161488750779,-46.74353511511));
#1617 = CARTESIAN_POINT('',(-2.179121224938,-46.903404805));
#1618 = CARTESIAN_POINT('',(-2.196824889039,-47.06506247312));
#1619 = CARTESIAN_POINT('',(-2.214604308503,-47.2283163318));
#1620 = CARTESIAN_POINT('',(-2.232464061686,-47.39296992653));
#1621 = CARTESIAN_POINT('',(-2.250408743661,-47.55882184752));
#1622 = CARTESIAN_POINT('',(-2.268442969381,-47.7256654289));
#1623 = CARTESIAN_POINT('',(-2.286571377352,-47.89328844466));
#1624 = CARTESIAN_POINT('',(-2.304798632635,-48.06147279094));
#1625 = CARTESIAN_POINT('',(-2.323129432977,-48.22999418696));
#1626 = CARTESIAN_POINT('',(-2.341568504321,-48.398621776));
#1627 = CARTESIAN_POINT('',(-2.360120637125,-48.56711806833));
#1628 = CARTESIAN_POINT('',(-2.378790571814,-48.73523757705));
#1629 = CARTESIAN_POINT('',(-2.397583448893,-48.90273030125));
#1630 = CARTESIAN_POINT('',(-2.416503153568,-49.06932708789));
#1631 = CARTESIAN_POINT('',(-2.435562322534,-49.23482587072));
#1632 = CARTESIAN_POINT('',(-2.454765395463,-49.398941322));
#1633 = CARTESIAN_POINT('',(-2.474117349791,-49.56138313376));
#1634 = CARTESIAN_POINT('',(-2.49362302528,-49.72184936964));
#1635 = CARTESIAN_POINT('',(-2.51328731258,-49.88002789594));
#1636 = CARTESIAN_POINT('',(-2.53311511095,-50.0355956671));
#1637 = CARTESIAN_POINT('',(-2.55311134834,-50.18821860414));
#1638 = CARTESIAN_POINT('',(-2.573280986358,-50.33755133736));
#1639 = CARTESIAN_POINT('',(-2.593629027375,-50.48323698881));
#1640 = CARTESIAN_POINT('',(-2.614160532704,-50.62490702159));
#1641 = CARTESIAN_POINT('',(-2.634880599457,-50.7621808724));
#1642 = CARTESIAN_POINT('',(-2.655794497192,-50.89466647415));
#1643 = CARTESIAN_POINT('',(-2.676907212891,-51.0219575252));
#1644 = CARTESIAN_POINT('',(-2.698225209507,-51.14364297237));
#1645 = CARTESIAN_POINT('',(-2.719748445864,-51.25926277235));
#1646 = CARTESIAN_POINT('',(-2.741472543487,-51.36833119243));
#1647 = CARTESIAN_POINT('',(-2.763394656782,-51.47037160368));
#1648 = CARTESIAN_POINT('',(-2.785511954795,-51.5649084711));
#1649 = CARTESIAN_POINT('',(-2.807822046567,-51.65147030886));
#1650 = CARTESIAN_POINT('',(-2.830322756232,-51.72958994622));
#1651 = CARTESIAN_POINT('',(-2.853012562532,-51.7988045855));
#1652 = CARTESIAN_POINT('',(-2.875875629723,-51.85862158306));
#1653 = CARTESIAN_POINT('',(-2.898900934061,-51.90859068173));
#1654 = CARTESIAN_POINT('',(-2.922075763521,-51.94828508356));
#1655 = CARTESIAN_POINT('',(-2.945393687896,-51.97731350101));
#1656 = CARTESIAN_POINT('',(-2.968833529498,-51.99529750062));
#1657 = CARTESIAN_POINT('',(-2.992373054945,-52.00191241611));
#1658 = CARTESIAN_POINT('',(-3.015990944071,-51.99688950978));
#1659 = CARTESIAN_POINT('',(-3.039666289932,-51.98001666553));
#1660 = CARTESIAN_POINT('',(-3.063378071364,-51.95114052103));
#1661 = CARTESIAN_POINT('',(-3.087107206526,-51.91016343355));
#1662 = CARTESIAN_POINT('',(-3.110828311914,-51.8570587937));
#1663 = CARTESIAN_POINT('',(-3.134508960156,-51.7918949458));
#1664 = CARTESIAN_POINT('',(-3.15813146514,-51.71477397375));
#1665 = CARTESIAN_POINT('',(-3.181674307746,-51.62586625261));
#1666 = CARTESIAN_POINT('',(-3.205116714972,-51.52540186147));
#1667 = CARTESIAN_POINT('',(-3.228437556111,-51.41367145695));
#1668 = CARTESIAN_POINT('',(-3.251614459434,-51.29103117116));
#1669 = CARTESIAN_POINT('',(-3.274627736896,-51.15788195112));
#1670 = CARTESIAN_POINT('',(-3.297470193239,-51.01459375295));
#1671 = CARTESIAN_POINT('',(-3.320129276298,-50.86159737564));
#1672 = CARTESIAN_POINT('',(-3.34259221888,-50.69935967775));
#1673 = CARTESIAN_POINT('',(-3.364846659559,-50.52837710182));
#1674 = CARTESIAN_POINT('',(-3.386891877164,-50.34907688278));
#1675 = CARTESIAN_POINT('',(-3.408724567204,-50.1619133308));
#1676 = CARTESIAN_POINT('',(-3.430341592518,-49.96734891192));
#1677 = CARTESIAN_POINT('',(-3.451739624743,-49.76585461929));
#1678 = CARTESIAN_POINT('',(-3.472913762109,-49.55792384497));
#1679 = CARTESIAN_POINT('',(-3.493864965054,-49.34399666136));
#1680 = CARTESIAN_POINT('',(-3.514598825256,-49.1244592425));
#1681 = CARTESIAN_POINT('',(-3.535119714899,-48.89970023096));
#1682 = CARTESIAN_POINT('',(-3.555432165872,-48.67009748926));
#1683 = CARTESIAN_POINT('',(-3.575540508325,-48.43602165492));
#1684 = CARTESIAN_POINT('',(-3.595449008681,-48.19783473404));
#1685 = CARTESIAN_POINT('',(-3.615161741864,-47.95589173721));
#1686 = CARTESIAN_POINT('',(-3.634683019047,-47.71053510759));
#1687 = CARTESIAN_POINT('',(-3.654015851423,-47.46211493804));
#1688 = CARTESIAN_POINT('',(-3.673170049653,-47.21088287623));
#1689 = CARTESIAN_POINT('',(-3.692151951841,-46.95712192748));
#1690 = CARTESIAN_POINT('',(-3.710967740291,-46.70110654408));
#1691 = CARTESIAN_POINT('',(-3.729623621974,-46.44310031574));
#1692 = CARTESIAN_POINT('',(-3.7481257921,-46.18335711038));
#1693 = CARTESIAN_POINT('',(-3.766480455711,-45.92212094692));
#1694 = CARTESIAN_POINT('',(-3.784693828797,-45.65962748986));
#1695 = CARTESIAN_POINT('',(-3.796746048533,-45.4839427131));
#1696 = CARTESIAN_POINT('',(-3.802750690849,-45.39596587949));
#1697 = ( GEOMETRIC_REPRESENTATION_CONTEXT(2) 
PARAMETRIC_REPRESENTATION_CONTEXT() REPRESENTATION_CONTEXT('2D SPACE',''
  ) );
#1698 = PCURVE('',#1384,#1699);
#1699 = DEFINITIONAL_REPRESENTATION('',(#1700),#1792);
#1700 = B_SPLINE_CURVE_WITH_KNOTS('',3,(#1701,#1702,#1703,#1704,#1705,
    #1706,#1707,#1708,#1709,#1710,#1711,#1712,#1713,#1714,#1715,#1716,
    #1717,#1718,#1719,#1720,#1721,#1722,#1723,#1724,#1725,#1726,#1727,
    #1728,#1729,#1730,#1731,#1732,#1733,#1734,#1735,#1736,#1737,#1738,
    #1739,#1740,#1741,#1742,#1743,#1744,#1745,#1746,#1747,#1748,#1749,
    #1750,#1751,#1752,#1753,#1754,#1755,#1756,#1757,#1758,#1759,#1760,
    #1761,#1762,#1763,#1764,#1765,#1766,#1767,#1768,#1769,#1770,#1771,
    #1772,#1773,#1774,#1775,#1776,#1777,#1778,#1779,#1780,#1781,#1782,
    #1783,#1784,#1785,#1786,#1787,#1788,#1789,#1790,#1791),
  .UNSPECIFIED.,.F.,.F.,(4,1,1,1,1,1,1,1,1,1,1,1,1,1,1,1,1,1,1,1,1,1,1,1
    ,1,1,1,1,1,1,1,1,1,1,1,1,1,1,1,1,1,1,1,1,1,1,1,1,1,1,1,1,1,1,1,1,1,1
    ,1,1,1,1,1,1,1,1,1,1,1,1,1,1,1,1,1,1,1,1,1,1,1,1,1,1,1,1,1,1,4),(0.,
    1.136363636364E-02,2.272727272727E-02,3.409090909091E-02,
    4.545454545455E-02,5.681818181818E-02,6.818181818182E-02,
    7.954545454545E-02,9.090909090909E-02,0.102272727273,0.113636363636,
    0.125,0.136363636364,0.147727272727,0.159090909091,0.170454545455,
    0.181818181818,0.193181818182,0.204545454545,0.215909090909,
    0.227272727273,0.238636363636,0.25,0.261363636364,0.272727272727,
    0.284090909091,0.295454545455,0.306818181818,0.318181818182,
    0.329545454545,0.340909090909,0.352272727273,0.363636363636,0.375,
    0.386363636364,0.397727272727,0.409090909091,0.420454545455,
    0.431818181818,0.443181818182,0.454545454545,0.465909090909,
    0.477272727273,0.488636363636,0.5,0.511363636364,0.522727272727,
    0.534090909091,0.545454545455,0.556818181818,0.568181818182,
    0.579545454545,0.590909090909,0.602272727273,0.613636363636,0.625,
    0.636363636364,0.647727272727,0.659090909091,0.670454545455,
    0.681818181818,0.693181818182,0.704545454545,0.715909090909,
    0.727272727273,0.738636363636,0.75,0.761363636364,0.772727272727,
    0.784090909091,0.795454545455,0.806818181818,0.818181818182,
    0.829545454545,0.840909090909,0.852272727273,0.863636363636,0.875,
    0.886363636364,0.897727272727,0.909090909091,0.920454545455,
    0.931818181818,0.943181818182,0.954545454545,0.965909090909,
    0.977272727273,0.988636363636,1.),.QUASI_UNIFORM_KNOTS.);
#1701 = CARTESIAN_POINT('',(7.354997115199,-11.31231725811));
#1702 = CARTESIAN_POINT('',(7.356723695878,-11.48872743428));
#1703 = CARTESIAN_POINT('',(7.360239338383,-11.84050454953));
#1704 = CARTESIAN_POINT('',(7.36569945894,-12.3649479861));
#1705 = CARTESIAN_POINT('',(7.371345395493,-12.88607558874));
#1706 = CARTESIAN_POINT('',(7.377176496791,-13.40379751394));
#1707 = CARTESIAN_POINT('',(7.383190530248,-13.91788444807));
#1708 = CARTESIAN_POINT('',(7.389387550058,-14.42830281078));
#1709 = CARTESIAN_POINT('',(7.395767359047,-14.93497914193));
#1710 = CARTESIAN_POINT('',(7.402329954667,-15.43784191705));
#1711 = CARTESIAN_POINT('',(7.409075406931,-15.93680999651));
#1712 = CARTESIAN_POINT('',(7.416003888574,-16.43179536461));
#1713 = CARTESIAN_POINT('',(7.423115664459,-16.92270203));
#1714 = CARTESIAN_POINT('',(7.430411091934,-17.40942594512));
#1715 = CARTESIAN_POINT('',(7.437890618305,-17.89185464285));
#1716 = CARTESIAN_POINT('',(7.445554779143,-18.36986693963));
#1717 = CARTESIAN_POINT('',(7.453404196416,-18.84333261002));
#1718 = CARTESIAN_POINT('',(7.461439576853,-19.31211206352));
#1719 = CARTESIAN_POINT('',(7.469661709972,-19.77605599532));
#1720 = CARTESIAN_POINT('',(7.478071467687,-20.23500509358));
#1721 = CARTESIAN_POINT('',(7.486669798514,-20.68878950109));
#1722 = CARTESIAN_POINT('',(7.495457742443,-21.13722915732));
#1723 = CARTESIAN_POINT('',(7.504436369246,-21.58013081911));
#1724 = CARTESIAN_POINT('',(7.51360700322,-22.01729744075));
#1725 = CARTESIAN_POINT('',(7.522970379659,-22.44849139239));
#1726 = CARTESIAN_POINT('',(7.532531684044,-22.87365563821));
#1727 = CARTESIAN_POINT('',(7.542292164588,-23.29252591792));
#1728 = CARTESIAN_POINT('',(7.552253343834,-23.70483668933));
#1729 = CARTESIAN_POINT('',(7.562416701134,-24.11030378849));
#1730 = CARTESIAN_POINT('',(7.572783754118,-24.50862874524));
#1731 = CARTESIAN_POINT('',(7.583356033752,-24.89949728869));
#1732 = CARTESIAN_POINT('',(7.594135088273,-25.28257939805));
#1733 = CARTESIAN_POINT('',(7.6051224803,-25.65752894209));
#1734 = CARTESIAN_POINT('',(7.616319784623,-26.02398337917));
#1735 = CARTESIAN_POINT('',(7.627728592421,-26.38156358648));
#1736 = CARTESIAN_POINT('',(7.639350491392,-26.72987307205));
#1737 = CARTESIAN_POINT('',(7.651187138122,-27.06849948682));
#1738 = CARTESIAN_POINT('',(7.663239987955,-27.39700751387));
#1739 = CARTESIAN_POINT('',(7.675511304969,-27.71496390904));
#1740 = CARTESIAN_POINT('',(7.687999539527,-28.02182085249));
#1741 = CARTESIAN_POINT('',(7.70070042759,-28.31696895796));
#1742 = CARTESIAN_POINT('',(7.713610376538,-28.59982544369));
#1743 = CARTESIAN_POINT('',(7.726725602386,-28.86981115736));
#1744 = CARTESIAN_POINT('',(7.740042385824,-29.12635629494));
#1745 = CARTESIAN_POINT('',(7.753556942583,-29.36889839498));
#1746 = CARTESIAN_POINT('',(7.767265714341,-29.59688253733));
#1747 = CARTESIAN_POINT('',(7.781156236857,-29.80963056319));
#1748 = CARTESIAN_POINT('',(7.795218628538,-30.00655300731));
#1749 = CARTESIAN_POINT('',(7.809441695371,-30.18708335202));
#1750 = CARTESIAN_POINT('',(7.823817854683,-30.3507368965));
#1751 = CARTESIAN_POINT('',(7.838330188508,-30.49696468626));
#1752 = CARTESIAN_POINT('',(7.852960785385,-30.6252880064));
#1753 = CARTESIAN_POINT('',(7.867692013777,-30.735308675));
#1754 = CARTESIAN_POINT('',(7.882506254382,-30.82670581813));
#1755 = CARTESIAN_POINT('',(7.897385608782,-30.89923486637));
#1756 = CARTESIAN_POINT('',(7.912313231661,-30.9527317217));
#1757 = CARTESIAN_POINT('',(7.927268181774,-30.98709455915));
#1758 = CARTESIAN_POINT('',(7.942224940537,-31.00231767337));
#1759 = CARTESIAN_POINT('',(7.957167228126,-30.99850227681));
#1760 = CARTESIAN_POINT('',(7.972076345376,-30.97581852902));
#1761 = CARTESIAN_POINT('',(7.986934091408,-30.93451562058));
#1762 = CARTESIAN_POINT('',(8.001722105594,-30.87491831384));
#1763 = CARTESIAN_POINT('',(8.016421340752,-30.79743080309));
#1764 = CARTESIAN_POINT('',(8.031014589416,-30.70252484035));
#1765 = CARTESIAN_POINT('',(8.045492732036,-30.59067109319));
#1766 = CARTESIAN_POINT('',(8.059843431348,-30.46239642945));
#1767 = CARTESIAN_POINT('',(8.074054409225,-30.31827127432));
#1768 = CARTESIAN_POINT('',(8.088113861613,-30.15890475186));
#1769 = CARTESIAN_POINT('',(8.10201755016,-29.98484590392));
#1770 = CARTESIAN_POINT('',(8.115759793084,-29.79666571394));
#1771 = CARTESIAN_POINT('',(8.12933521017,-29.59494247124));
#1772 = CARTESIAN_POINT('',(8.142738494043,-29.38026178949));
#1773 = CARTESIAN_POINT('',(8.155963554385,-29.15323338853));
#1774 = CARTESIAN_POINT('',(8.169008159084,-28.91440829826));
#1775 = CARTESIAN_POINT('',(8.181873102502,-28.6642710563));
#1776 = CARTESIAN_POINT('',(8.194558538329,-28.40330164896));
#1777 = CARTESIAN_POINT('',(8.207064831303,-28.1319614639));
#1778 = CARTESIAN_POINT('',(8.219392322265,-27.85069759359));
#1779 = CARTESIAN_POINT('',(8.231541405142,-27.55994162381));
#1780 = CARTESIAN_POINT('',(8.243512442714,-27.26011213125));
#1781 = CARTESIAN_POINT('',(8.255306015233,-26.9516078595));
#1782 = CARTESIAN_POINT('',(8.266921998954,-26.63483447249));
#1783 = CARTESIAN_POINT('',(8.278364395285,-26.31006726039));
#1784 = CARTESIAN_POINT('',(8.289635113599,-25.97761437028));
#1785 = CARTESIAN_POINT('',(8.300735986393,-25.63776830645));
#1786 = CARTESIAN_POINT('',(8.311668860136,-25.29080229303));
#1787 = CARTESIAN_POINT('',(8.322435565421,-24.9369717848));
#1788 = CARTESIAN_POINT('',(8.333037917864,-24.57651392137));
#1789 = CARTESIAN_POINT('',(8.34347771499,-24.20965005957));
#1790 = CARTESIAN_POINT('',(8.35033038296,-23.96093538633));
#1791 = CARTESIAN_POINT('',(8.353730212886,-23.83557745277));
#1792 = ( GEOMETRIC_REPRESENTATION_CONTEXT(2) 
PARAMETRIC_REPRESENTATION_CONTEXT() REPRESENTATION_CONTEXT('2D SPACE',''
  ) );
#1793 = ORIENTED_EDGE('',*,*,#1794,.F.);
#1794 = EDGE_CURVE('',#1795,#1542,#1797,.T.);
#1795 = VERTEX_POINT('',#1796);
#1796 = CARTESIAN_POINT('',(-21.87706355731,33.,6.164422547229));
#1797 = SURFACE_CURVE('',#1798,(#1802,#1809),.PCURVE_S1.);
#1798 = LINE('',#1799,#1800);
#1799 = CARTESIAN_POINT('',(-21.87706355731,33.,6.164422547229));
#1800 = VECTOR('',#1801,1.);
#1801 = DIRECTION('',(0.,1.,0.));
#1802 = PCURVE('',#368,#1803);
#1803 = DEFINITIONAL_REPRESENTATION('',(#1804),#1808);
#1804 = LINE('',#1805,#1806);
#1805 = CARTESIAN_POINT('',(-3.802750690849,0.));
#1806 = VECTOR('',#1807,1.);
#1807 = DIRECTION('',(-0.,-1.));
#1808 = ( GEOMETRIC_REPRESENTATION_CONTEXT(2) 
PARAMETRIC_REPRESENTATION_CONTEXT() REPRESENTATION_CONTEXT('2D SPACE',''
  ) );
#1809 = PCURVE('',#1810,#1815);
#1810 = PLANE('',#1811);
#1811 = AXIS2_PLACEMENT_3D('',#1812,#1813,#1814);
#1812 = CARTESIAN_POINT('',(-6.,33.,-30.));
#1813 = DIRECTION('',(0.915644030191,-0.,0.401990062035));
#1814 = DIRECTION('',(-0.401990062035,0.,0.915644030191));
#1815 = DEFINITIONAL_REPRESENTATION('',(#1816),#1820);
#1816 = LINE('',#1817,#1818);
#1817 = CARTESIAN_POINT('',(39.496159375029,0.));
#1818 = VECTOR('',#1819,1.);
#1819 = DIRECTION('',(0.,-1.));
#1820 = ( GEOMETRIC_REPRESENTATION_CONTEXT(2) 
PARAMETRIC_REPRESENTATION_CONTEXT() REPRESENTATION_CONTEXT('2D SPACE',''
  ) );
#1821 = ORIENTED_EDGE('',*,*,#1822,.F.);
#1822 = EDGE_CURVE('',#352,#1795,#1823,.T.);
#1823 = SURFACE_CURVE('',#1824,(#1829,#1836),.PCURVE_S1.);
#1824 = CIRCLE('',#1825,34.);
#1825 = AXIS2_PLACEMENT_3D('',#1826,#1827,#1828);
#1826 = CARTESIAN_POINT('',(-1.,33.,33.));
#1827 = DIRECTION('',(0.,1.,0.));
#1828 = DIRECTION('',(0.,0.,1.));
#1829 = PCURVE('',#368,#1830);
#1830 = DEFINITIONAL_REPRESENTATION('',(#1831),#1835);
#1831 = LINE('',#1832,#1833);
#1832 = CARTESIAN_POINT('',(-0.,0.));
#1833 = VECTOR('',#1834,1.);
#1834 = DIRECTION('',(-1.,0.));
#1835 = ( GEOMETRIC_REPRESENTATION_CONTEXT(2) 
PARAMETRIC_REPRESENTATION_CONTEXT() REPRESENTATION_CONTEXT('2D SPACE',''
  ) );
#1836 = PCURVE('',#1327,#1837);
#1837 = DEFINITIONAL_REPRESENTATION('',(#1838),#1842);
#1838 = CIRCLE('',#1839,34.);
#1839 = AXIS2_PLACEMENT_2D('',#1840,#1841);
#1840 = CARTESIAN_POINT('',(9.483257998206,-0.741928829403));
#1841 = DIRECTION('',(1.,0.));
#1842 = ( GEOMETRIC_REPRESENTATION_CONTEXT(2) 
PARAMETRIC_REPRESENTATION_CONTEXT() REPRESENTATION_CONTEXT('2D SPACE',''
  ) );
#1843 = ORIENTED_EDGE('',*,*,#351,.F.);
#1844 = ADVANCED_FACE('',(#1845),#339,.T.);
#1845 = FACE_BOUND('',#1846,.T.);
#1846 = EDGE_LOOP('',(#1847,#1848,#1871,#1899,#1922,#1950));
#1847 = ORIENTED_EDGE('',*,*,#323,.F.);
#1848 = ORIENTED_EDGE('',*,*,#1849,.T.);
#1849 = EDGE_CURVE('',#296,#1850,#1852,.T.);
#1850 = VERTEX_POINT('',#1851);
#1851 = CARTESIAN_POINT('',(18.,-21.15361924162,7.));
#1852 = SURFACE_CURVE('',#1853,(#1857,#1864),.PCURVE_S1.);
#1853 = LINE('',#1854,#1855);
#1854 = CARTESIAN_POINT('',(18.,33.,7.));
#1855 = VECTOR('',#1856,1.);
#1856 = DIRECTION('',(-0.,-1.,-0.));
#1857 = PCURVE('',#339,#1858);
#1858 = DEFINITIONAL_REPRESENTATION('',(#1859),#1863);
#1859 = LINE('',#1860,#1861);
#1860 = CARTESIAN_POINT('',(0.,0.));
#1861 = VECTOR('',#1862,1.);
#1862 = DIRECTION('',(0.,-1.));
#1863 = ( GEOMETRIC_REPRESENTATION_CONTEXT(2) 
PARAMETRIC_REPRESENTATION_CONTEXT() REPRESENTATION_CONTEXT('2D SPACE',''
  ) );
#1864 = PCURVE('',#311,#1865);
#1865 = DEFINITIONAL_REPRESENTATION('',(#1866),#1870);
#1866 = LINE('',#1867,#1868);
#1867 = CARTESIAN_POINT('',(33.955853692699,0.));
#1868 = VECTOR('',#1869,1.);
#1869 = DIRECTION('',(0.,-1.));
#1870 = ( GEOMETRIC_REPRESENTATION_CONTEXT(2) 
PARAMETRIC_REPRESENTATION_CONTEXT() REPRESENTATION_CONTEXT('2D SPACE',''
  ) );
#1871 = ORIENTED_EDGE('',*,*,#1872,.T.);
#1872 = EDGE_CURVE('',#1850,#1873,#1875,.T.);
#1873 = VERTEX_POINT('',#1874);
#1874 = CARTESIAN_POINT('',(37.,-11.74342054632,20.));
#1875 = SURFACE_CURVE('',#1876,(#1881,#1888),.PCURVE_S1.);
#1876 = ELLIPSE('',#1877,65.430176778311,54.);
#1877 = AXIS2_PLACEMENT_3D('',#1878,#1879,#1880);
#1878 = CARTESIAN_POINT('',(4.,31.,-2.578947368421));
#1879 = DIRECTION('',(-0.564683915592,0.,0.82530726125));
#1880 = DIRECTION('',(0.82530726125,0.,0.564683915592));
#1881 = PCURVE('',#339,#1882);
#1882 = DEFINITIONAL_REPRESENTATION('',(#1883),#1887);
#1883 = ELLIPSE('',#1884,65.430176778311,54.);
#1884 = AXIS2_PLACEMENT_2D('',#1885,#1886);
#1885 = CARTESIAN_POINT('',(-16.96337916474,-2.));
#1886 = DIRECTION('',(1.,0.));
#1887 = ( GEOMETRIC_REPRESENTATION_CONTEXT(2) 
PARAMETRIC_REPRESENTATION_CONTEXT() REPRESENTATION_CONTEXT('2D SPACE',''
  ) );
#1888 = PCURVE('',#1384,#1889);
#1889 = DEFINITIONAL_REPRESENTATION('',(#1890),#1898);
#1890 = B_SPLINE_CURVE_WITH_KNOTS('',6,(#1891,#1892,#1893,#1894,#1895,
    #1896,#1897),.UNSPECIFIED.,.F.,.F.,(7,7),(4.974644139261,
    5.369852536766),.PIECEWISE_BEZIER_KNOTS.);
#1891 = CARTESIAN_POINT('',(4.974644139261,-23.00000000799));
#1892 = CARTESIAN_POINT('',(5.040512205512,-20.64956030628));
#1893 = CARTESIAN_POINT('',(5.106380271763,-18.34899165455));
#1894 = CARTESIAN_POINT('',(5.172248338013,-16.11664956906));
#1895 = CARTESIAN_POINT('',(5.238116404264,-13.97024214233));
#1896 = CARTESIAN_POINT('',(5.303984470515,-11.92634439834));
#1897 = CARTESIAN_POINT('',(5.369852536766,-9.999999990432));
#1898 = ( GEOMETRIC_REPRESENTATION_CONTEXT(2) 
PARAMETRIC_REPRESENTATION_CONTEXT() REPRESENTATION_CONTEXT('2D SPACE',''
  ) );
#1899 = ORIENTED_EDGE('',*,*,#1900,.F.);
#1900 = EDGE_CURVE('',#1901,#1873,#1903,.T.);
#1901 = VERTEX_POINT('',#1902);
#1902 = CARTESIAN_POINT('',(37.,33.,20.));
#1903 = SURFACE_CURVE('',#1904,(#1908,#1915),.PCURVE_S1.);
#1904 = LINE('',#1905,#1906);
#1905 = CARTESIAN_POINT('',(37.,33.,20.));
#1906 = VECTOR('',#1907,1.);
#1907 = DIRECTION('',(-0.,-1.,-0.));
#1908 = PCURVE('',#339,#1909);
#1909 = DEFINITIONAL_REPRESENTATION('',(#1910),#1914);
#1910 = LINE('',#1911,#1912);
#1911 = CARTESIAN_POINT('',(23.021728866443,0.));
#1912 = VECTOR('',#1913,1.);
#1913 = DIRECTION('',(0.,-1.));
#1914 = ( GEOMETRIC_REPRESENTATION_CONTEXT(2) 
PARAMETRIC_REPRESENTATION_CONTEXT() REPRESENTATION_CONTEXT('2D SPACE',''
  ) );
#1915 = PCURVE('',#815,#1916);
#1916 = DEFINITIONAL_REPRESENTATION('',(#1917),#1921);
#1917 = LINE('',#1918,#1919);
#1918 = CARTESIAN_POINT('',(0.,0.));
#1919 = VECTOR('',#1920,1.);
#1920 = DIRECTION('',(0.,-1.));
#1921 = ( GEOMETRIC_REPRESENTATION_CONTEXT(2) 
PARAMETRIC_REPRESENTATION_CONTEXT() REPRESENTATION_CONTEXT('2D SPACE',''
  ) );
#1922 = ORIENTED_EDGE('',*,*,#1923,.F.);
#1923 = EDGE_CURVE('',#1924,#1901,#1926,.T.);
#1924 = VERTEX_POINT('',#1925);
#1925 = CARTESIAN_POINT('',(30.885057471264,33.,15.816091954023));
#1926 = SURFACE_CURVE('',#1927,(#1931,#1938),.PCURVE_S1.);
#1927 = LINE('',#1928,#1929);
#1928 = CARTESIAN_POINT('',(18.,33.,7.));
#1929 = VECTOR('',#1930,1.);
#1930 = DIRECTION('',(0.82530726125,0.,0.564683915592));
#1931 = PCURVE('',#339,#1932);
#1932 = DEFINITIONAL_REPRESENTATION('',(#1933),#1937);
#1933 = LINE('',#1934,#1935);
#1934 = CARTESIAN_POINT('',(0.,0.));
#1935 = VECTOR('',#1936,1.);
#1936 = DIRECTION('',(1.,0.));
#1937 = ( GEOMETRIC_REPRESENTATION_CONTEXT(2) 
PARAMETRIC_REPRESENTATION_CONTEXT() REPRESENTATION_CONTEXT('2D SPACE',''
  ) );
#1938 = PCURVE('',#1939,#1944);
#1939 = PLANE('',#1940);
#1940 = AXIS2_PLACEMENT_3D('',#1941,#1942,#1943);
#1941 = CARTESIAN_POINT('',(-19.5189487661,33.,60.250445787856));
#1942 = DIRECTION('',(0.,1.,0.));
#1943 = DIRECTION('',(0.,0.,1.));
#1944 = DEFINITIONAL_REPRESENTATION('',(#1945),#1949);
#1945 = LINE('',#1946,#1947);
#1946 = CARTESIAN_POINT('',(-53.25044578785,37.518948766103));
#1947 = VECTOR('',#1948,1.);
#1948 = DIRECTION('',(0.564683915592,0.82530726125));
#1949 = ( GEOMETRIC_REPRESENTATION_CONTEXT(2) 
PARAMETRIC_REPRESENTATION_CONTEXT() REPRESENTATION_CONTEXT('2D SPACE',''
  ) );
#1950 = ORIENTED_EDGE('',*,*,#1951,.F.);
#1951 = EDGE_CURVE('',#324,#1924,#1952,.T.);
#1952 = SURFACE_CURVE('',#1953,(#1957,#1964),.PCURVE_S1.);
#1953 = LINE('',#1954,#1955);
#1954 = CARTESIAN_POINT('',(18.,33.,7.));
#1955 = VECTOR('',#1956,1.);
#1956 = DIRECTION('',(0.82530726125,0.,0.564683915592));
#1957 = PCURVE('',#339,#1958);
#1958 = DEFINITIONAL_REPRESENTATION('',(#1959),#1963);
#1959 = LINE('',#1960,#1961);
#1960 = CARTESIAN_POINT('',(0.,0.));
#1961 = VECTOR('',#1962,1.);
#1962 = DIRECTION('',(1.,0.));
#1963 = ( GEOMETRIC_REPRESENTATION_CONTEXT(2) 
PARAMETRIC_REPRESENTATION_CONTEXT() REPRESENTATION_CONTEXT('2D SPACE',''
  ) );
#1964 = PCURVE('',#1501,#1965);
#1965 = DEFINITIONAL_REPRESENTATION('',(#1966),#1970);
#1966 = LINE('',#1967,#1968);
#1967 = CARTESIAN_POINT('',(-16.51674200179,18.258071170597));
#1968 = VECTOR('',#1969,1.);
#1969 = DIRECTION('',(0.564683915592,0.82530726125));
#1970 = ( GEOMETRIC_REPRESENTATION_CONTEXT(2) 
PARAMETRIC_REPRESENTATION_CONTEXT() REPRESENTATION_CONTEXT('2D SPACE',''
  ) );
#1971 = ADVANCED_FACE('',(#1972),#311,.T.);
#1972 = FACE_BOUND('',#1973,.T.);
#1973 = EDGE_LOOP('',(#1974,#1975,#1976,#1977,#2000,#2027,#2048,#2073));
#1974 = ORIENTED_EDGE('',*,*,#295,.F.);
#1975 = ORIENTED_EDGE('',*,*,#491,.T.);
#1976 = ORIENTED_EDGE('',*,*,#748,.T.);
#1977 = ORIENTED_EDGE('',*,*,#1978,.F.);
#1978 = EDGE_CURVE('',#1979,#749,#1981,.T.);
#1979 = VERTEX_POINT('',#1980);
#1980 = CARTESIAN_POINT('',(18.,-22.18834458788,7.));
#1981 = SURFACE_CURVE('',#1982,(#1986,#1993),.PCURVE_S1.);
#1982 = LINE('',#1983,#1984);
#1983 = CARTESIAN_POINT('',(18.,33.,7.));
#1984 = VECTOR('',#1985,1.);
#1985 = DIRECTION('',(-0.,-1.,-0.));
#1986 = PCURVE('',#311,#1987);
#1987 = DEFINITIONAL_REPRESENTATION('',(#1988),#1992);
#1988 = LINE('',#1989,#1990);
#1989 = CARTESIAN_POINT('',(33.955853692699,0.));
#1990 = VECTOR('',#1991,1.);
#1991 = DIRECTION('',(0.,-1.));
#1992 = ( GEOMETRIC_REPRESENTATION_CONTEXT(2) 
PARAMETRIC_REPRESENTATION_CONTEXT() REPRESENTATION_CONTEXT('2D SPACE',''
  ) );
#1993 = PCURVE('',#787,#1994);
#1994 = DEFINITIONAL_REPRESENTATION('',(#1995),#1999);
#1995 = LINE('',#1996,#1997);
#1996 = CARTESIAN_POINT('',(0.,0.));
#1997 = VECTOR('',#1998,1.);
#1998 = DIRECTION('',(0.,-1.));
#1999 = ( GEOMETRIC_REPRESENTATION_CONTEXT(2) 
PARAMETRIC_REPRESENTATION_CONTEXT() REPRESENTATION_CONTEXT('2D SPACE',''
  ) );
#2000 = ORIENTED_EDGE('',*,*,#2001,.F.);
#2001 = EDGE_CURVE('',#2002,#1979,#2004,.T.);
#2002 = VERTEX_POINT('',#2003);
#2003 = CARTESIAN_POINT('',(12.424242424242,-23.3510086344,30.));
#2004 = SURFACE_CURVE('',#2005,(#2010,#2017),.PCURVE_S1.);
#2005 = ELLIPSE('',#2006,233.4464941373,55.);
#2006 = AXIS2_PLACEMENT_3D('',#2007,#2008,#2009);
#2007 = CARTESIAN_POINT('',(4.,31.,64.75));
#2008 = DIRECTION('',(0.971850105689,0.,0.235600025622));
#2009 = DIRECTION('',(-0.235600025622,0.,0.971850105689));
#2010 = PCURVE('',#311,#2011);
#2011 = DEFINITIONAL_REPRESENTATION('',(#2012),#2016);
#2012 = ELLIPSE('',#2013,233.4464941373,55.);
#2013 = AXIS2_PLACEMENT_2D('',#2014,#2015);
#2014 = CARTESIAN_POINT('',(-25.46689026952,-2.));
#2015 = DIRECTION('',(-1.,0.));
#2016 = ( GEOMETRIC_REPRESENTATION_CONTEXT(2) 
PARAMETRIC_REPRESENTATION_CONTEXT() REPRESENTATION_CONTEXT('2D SPACE',''
  ) );
#2017 = PCURVE('',#1442,#2018);
#2018 = DEFINITIONAL_REPRESENTATION('',(#2019),#2026);
#2019 = B_SPLINE_CURVE_WITH_KNOTS('',5,(#2020,#2021,#2022,#2023,#2024,
    #2025),.UNSPECIFIED.,.F.,.F.,(6,6),(1.724569681826,1.828173973117),
  .PIECEWISE_BEZIER_KNOTS.);
#2020 = CARTESIAN_POINT('',(4.866162335416,3.19162741915E-14));
#2021 = CARTESIAN_POINT('',(4.886883193674,-4.645573127656));
#2022 = CARTESIAN_POINT('',(4.907604051932,-9.272496195382));
#2023 = CARTESIAN_POINT('',(4.92832491019,-13.87661377941));
#2024 = CARTESIAN_POINT('',(4.949045768448,-18.45380388513));
#2025 = CARTESIAN_POINT('',(4.969766626706,-23.00000000025));
#2026 = ( GEOMETRIC_REPRESENTATION_CONTEXT(2) 
PARAMETRIC_REPRESENTATION_CONTEXT() REPRESENTATION_CONTEXT('2D SPACE',''
  ) );
#2027 = ORIENTED_EDGE('',*,*,#2028,.F.);
#2028 = EDGE_CURVE('',#2029,#2002,#2031,.T.);
#2029 = VERTEX_POINT('',#2030);
#2030 = CARTESIAN_POINT('',(12.424242424242,-22.33884269064,30.));
#2031 = SURFACE_CURVE('',#2032,(#2036,#2042),.PCURVE_S1.);
#2032 = LINE('',#2033,#2034);
#2033 = CARTESIAN_POINT('',(12.424242424242,32.,30.));
#2034 = VECTOR('',#2035,1.);
#2035 = DIRECTION('',(-0.,-1.,0.));
#2036 = PCURVE('',#311,#2037);
#2037 = DEFINITIONAL_REPRESENTATION('',(#2038),#2041);
#2038 = B_SPLINE_CURVE_WITH_KNOTS('',1,(#2039,#2040),.UNSPECIFIED.,.F.,
  .F.,(2,2),(-1.,56.),.PIECEWISE_BEZIER_KNOTS.);
#2039 = CARTESIAN_POINT('',(10.289652634151,0.));
#2040 = CARTESIAN_POINT('',(10.289652634151,-57.));
#2041 = ( GEOMETRIC_REPRESENTATION_CONTEXT(2) 
PARAMETRIC_REPRESENTATION_CONTEXT() REPRESENTATION_CONTEXT('2D SPACE',''
  ) );
#2042 = PCURVE('',#1414,#2043);
#2043 = DEFINITIONAL_REPRESENTATION('',(#2044),#2047);
#2044 = B_SPLINE_CURVE_WITH_KNOTS('',1,(#2045,#2046),.UNSPECIFIED.,.F.,
  .F.,(2,2),(-1.,56.),.PIECEWISE_BEZIER_KNOTS.);
#2045 = CARTESIAN_POINT('',(8.424242424242,2.));
#2046 = CARTESIAN_POINT('',(8.424242424242,-55.));
#2047 = ( GEOMETRIC_REPRESENTATION_CONTEXT(2) 
PARAMETRIC_REPRESENTATION_CONTEXT() REPRESENTATION_CONTEXT('2D SPACE',''
  ) );
#2048 = ORIENTED_EDGE('',*,*,#2049,.T.);
#2049 = EDGE_CURVE('',#2029,#1850,#2050,.T.);
#2050 = SURFACE_CURVE('',#2051,(#2056,#2063),.PCURVE_S1.);
#2051 = ELLIPSE('',#2052,229.20201242572,54.);
#2052 = AXIS2_PLACEMENT_3D('',#2053,#2054,#2055);
#2053 = CARTESIAN_POINT('',(4.,31.,64.75));
#2054 = DIRECTION('',(0.971850105689,0.,0.235600025622));
#2055 = DIRECTION('',(-0.235600025622,0.,0.971850105689));
#2056 = PCURVE('',#311,#2057);
#2057 = DEFINITIONAL_REPRESENTATION('',(#2058),#2062);
#2058 = ELLIPSE('',#2059,229.20201242572,54.);
#2059 = AXIS2_PLACEMENT_2D('',#2060,#2061);
#2060 = CARTESIAN_POINT('',(-25.46689026952,-2.));
#2061 = DIRECTION('',(-1.,0.));
#2062 = ( GEOMETRIC_REPRESENTATION_CONTEXT(2) 
PARAMETRIC_REPRESENTATION_CONTEXT() REPRESENTATION_CONTEXT('2D SPACE',''
  ) );
#2063 = PCURVE('',#1384,#2064);
#2064 = DEFINITIONAL_REPRESENTATION('',(#2065),#2072);
#2065 = B_SPLINE_CURVE_WITH_KNOTS('',5,(#2066,#2067,#2068,#2069,#2070,
    #2071),.UNSPECIFIED.,.F.,.F.,(6,6),(1.727440639064,1.833051485671),
  .PIECEWISE_BEZIER_KNOTS.);
#2066 = CARTESIAN_POINT('',(4.869033292654,3.055213723847E-14));
#2067 = CARTESIAN_POINT('',(4.890155461975,-4.647357275196));
#2068 = CARTESIAN_POINT('',(4.911277631297,-9.275335085295));
#2069 = CARTESIAN_POINT('',(4.932399800618,-13.87961382783));
#2070 = CARTESIAN_POINT('',(4.953521969939,-18.45590999819));
#2071 = CARTESIAN_POINT('',(4.974644139261,-23.00000000028));
#2072 = ( GEOMETRIC_REPRESENTATION_CONTEXT(2) 
PARAMETRIC_REPRESENTATION_CONTEXT() REPRESENTATION_CONTEXT('2D SPACE',''
  ) );
#2073 = ORIENTED_EDGE('',*,*,#1849,.F.);
#2074 = ADVANCED_FACE('',(#2075),#533,.T.);
#2075 = FACE_BOUND('',#2076,.T.);
#2076 = EDGE_LOOP('',(#2077,#2100,#2101,#2124));
#2077 = ORIENTED_EDGE('',*,*,#2078,.T.);
#2078 = EDGE_CURVE('',#2079,#516,#2081,.T.);
#2079 = VERTEX_POINT('',#2080);
#2080 = CARTESIAN_POINT('',(38.,33.,-81.));
#2081 = SURFACE_CURVE('',#2082,(#2086,#2093),.PCURVE_S1.);
#2082 = LINE('',#2083,#2084);
#2083 = CARTESIAN_POINT('',(38.,33.,-81.));
#2084 = VECTOR('',#2085,1.);
#2085 = DIRECTION('',(-0.,-1.,-0.));
#2086 = PCURVE('',#533,#2087);
#2087 = DEFINITIONAL_REPRESENTATION('',(#2088),#2092);
#2088 = LINE('',#2089,#2090);
#2089 = CARTESIAN_POINT('',(0.,0.));
#2090 = VECTOR('',#2091,1.);
#2091 = DIRECTION('',(0.,-1.));
#2092 = ( GEOMETRIC_REPRESENTATION_CONTEXT(2) 
PARAMETRIC_REPRESENTATION_CONTEXT() REPRESENTATION_CONTEXT('2D SPACE',''
  ) );
#2093 = PCURVE('',#925,#2094);
#2094 = DEFINITIONAL_REPRESENTATION('',(#2095),#2099);
#2095 = LINE('',#2096,#2097);
#2096 = CARTESIAN_POINT('',(19.924858845171,0.));
#2097 = VECTOR('',#2098,1.);
#2098 = DIRECTION('',(0.,-1.));
#2099 = ( GEOMETRIC_REPRESENTATION_CONTEXT(2) 
PARAMETRIC_REPRESENTATION_CONTEXT() REPRESENTATION_CONTEXT('2D SPACE',''
  ) );
#2100 = ORIENTED_EDGE('',*,*,#515,.T.);
#2101 = ORIENTED_EDGE('',*,*,#2102,.F.);
#2102 = EDGE_CURVE('',#2103,#518,#2105,.T.);
#2103 = VERTEX_POINT('',#2104);
#2104 = CARTESIAN_POINT('',(19.,33.,-86.));
#2105 = SURFACE_CURVE('',#2106,(#2110,#2117),.PCURVE_S1.);
#2106 = LINE('',#2107,#2108);
#2107 = CARTESIAN_POINT('',(19.,33.,-86.));
#2108 = VECTOR('',#2109,1.);
#2109 = DIRECTION('',(-0.,-1.,-0.));
#2110 = PCURVE('',#533,#2111);
#2111 = DEFINITIONAL_REPRESENTATION('',(#2112),#2116);
#2112 = LINE('',#2113,#2114);
#2113 = CARTESIAN_POINT('',(19.646882704389,0.));
#2114 = VECTOR('',#2115,1.);
#2115 = DIRECTION('',(0.,-1.));
#2116 = ( GEOMETRIC_REPRESENTATION_CONTEXT(2) 
PARAMETRIC_REPRESENTATION_CONTEXT() REPRESENTATION_CONTEXT('2D SPACE',''
  ) );
#2117 = PCURVE('',#561,#2118);
#2118 = DEFINITIONAL_REPRESENTATION('',(#2119),#2123);
#2119 = LINE('',#2120,#2121);
#2120 = CARTESIAN_POINT('',(0.,0.));
#2121 = VECTOR('',#2122,1.);
#2122 = DIRECTION('',(0.,-1.));
#2123 = ( GEOMETRIC_REPRESENTATION_CONTEXT(2) 
PARAMETRIC_REPRESENTATION_CONTEXT() REPRESENTATION_CONTEXT('2D SPACE',''
  ) );
#2124 = ORIENTED_EDGE('',*,*,#2125,.F.);
#2125 = EDGE_CURVE('',#2079,#2103,#2126,.T.);
#2126 = SURFACE_CURVE('',#2127,(#2131,#2138),.PCURVE_S1.);
#2127 = LINE('',#2128,#2129);
#2128 = CARTESIAN_POINT('',(38.,33.,-81.));
#2129 = VECTOR('',#2130,1.);
#2130 = DIRECTION('',(-0.967074537263,0.,-0.25449329928));
#2131 = PCURVE('',#533,#2132);
#2132 = DEFINITIONAL_REPRESENTATION('',(#2133),#2137);
#2133 = LINE('',#2134,#2135);
#2134 = CARTESIAN_POINT('',(0.,0.));
#2135 = VECTOR('',#2136,1.);
#2136 = DIRECTION('',(1.,0.));
#2137 = ( GEOMETRIC_REPRESENTATION_CONTEXT(2) 
PARAMETRIC_REPRESENTATION_CONTEXT() REPRESENTATION_CONTEXT('2D SPACE',''
  ) );
#2138 = PCURVE('',#1939,#2139);
#2139 = DEFINITIONAL_REPRESENTATION('',(#2140),#2144);
#2140 = LINE('',#2141,#2142);
#2141 = CARTESIAN_POINT('',(-141.2504457878,57.518948766103));
#2142 = VECTOR('',#2143,1.);
#2143 = DIRECTION('',(-0.25449329928,-0.967074537263));
#2144 = ( GEOMETRIC_REPRESENTATION_CONTEXT(2) 
PARAMETRIC_REPRESENTATION_CONTEXT() REPRESENTATION_CONTEXT('2D SPACE',''
  ) );
#2145 = ADVANCED_FACE('',(#2146),#925,.T.);
#2146 = FACE_BOUND('',#2147,.T.);
#2147 = EDGE_LOOP('',(#2148,#2171,#2172,#2173));
#2148 = ORIENTED_EDGE('',*,*,#2149,.T.);
#2149 = EDGE_CURVE('',#2150,#884,#2152,.T.);
#2150 = VERTEX_POINT('',#2151);
#2151 = CARTESIAN_POINT('',(32.,33.,-62.));
#2152 = SURFACE_CURVE('',#2153,(#2157,#2164),.PCURVE_S1.);
#2153 = LINE('',#2154,#2155);
#2154 = CARTESIAN_POINT('',(32.,33.,-62.));
#2155 = VECTOR('',#2156,1.);
#2156 = DIRECTION('',(-0.,-1.,-0.));
#2157 = PCURVE('',#925,#2158);
#2158 = DEFINITIONAL_REPRESENTATION('',(#2159),#2163);
#2159 = LINE('',#2160,#2161);
#2160 = CARTESIAN_POINT('',(0.,0.));
#2161 = VECTOR('',#2162,1.);
#2162 = DIRECTION('',(0.,-1.));
#2163 = ( GEOMETRIC_REPRESENTATION_CONTEXT(2) 
PARAMETRIC_REPRESENTATION_CONTEXT() REPRESENTATION_CONTEXT('2D SPACE',''
  ) );
#2164 = PCURVE('',#899,#2165);
#2165 = DEFINITIONAL_REPRESENTATION('',(#2166),#2170);
#2166 = LINE('',#2167,#2168);
#2167 = CARTESIAN_POINT('',(15.52417469626,0.));
#2168 = VECTOR('',#2169,1.);
#2169 = DIRECTION('',(0.,-1.));
#2170 = ( GEOMETRIC_REPRESENTATION_CONTEXT(2) 
PARAMETRIC_REPRESENTATION_CONTEXT() REPRESENTATION_CONTEXT('2D SPACE',''
  ) );
#2171 = ORIENTED_EDGE('',*,*,#911,.T.);
#2172 = ORIENTED_EDGE('',*,*,#2078,.F.);
#2173 = ORIENTED_EDGE('',*,*,#2174,.F.);
#2174 = EDGE_CURVE('',#2150,#2079,#2175,.T.);
#2175 = SURFACE_CURVE('',#2176,(#2180,#2187),.PCURVE_S1.);
#2176 = LINE('',#2177,#2178);
#2177 = CARTESIAN_POINT('',(32.,33.,-62.));
#2178 = VECTOR('',#2179,1.);
#2179 = DIRECTION('',(0.301131367937,0.,-0.953582665134));
#2180 = PCURVE('',#925,#2181);
#2181 = DEFINITIONAL_REPRESENTATION('',(#2182),#2186);
#2182 = LINE('',#2183,#2184);
#2183 = CARTESIAN_POINT('',(0.,0.));
#2184 = VECTOR('',#2185,1.);
#2185 = DIRECTION('',(1.,0.));
#2186 = ( GEOMETRIC_REPRESENTATION_CONTEXT(2) 
PARAMETRIC_REPRESENTATION_CONTEXT() REPRESENTATION_CONTEXT('2D SPACE',''
  ) );
#2187 = PCURVE('',#1939,#2188);
#2188 = DEFINITIONAL_REPRESENTATION('',(#2189),#2193);
#2189 = LINE('',#2190,#2191);
#2190 = CARTESIAN_POINT('',(-122.2504457878,51.518948766103));
#2191 = VECTOR('',#2192,1.);
#2192 = DIRECTION('',(-0.953582665134,0.301131367937));
#2193 = ( GEOMETRIC_REPRESENTATION_CONTEXT(2) 
PARAMETRIC_REPRESENTATION_CONTEXT() REPRESENTATION_CONTEXT('2D SPACE',''
  ) );
#2194 = ADVANCED_FACE('',(#2195),#899,.T.);
#2195 = FACE_BOUND('',#2196,.T.);
#2196 = EDGE_LOOP('',(#2197,#2220,#2221,#2222));
#2197 = ORIENTED_EDGE('',*,*,#2198,.T.);
#2198 = EDGE_CURVE('',#2199,#856,#2201,.T.);
#2199 = VERTEX_POINT('',#2200);
#2200 = CARTESIAN_POINT('',(47.,33.,-58.));
#2201 = SURFACE_CURVE('',#2202,(#2206,#2213),.PCURVE_S1.);
#2202 = LINE('',#2203,#2204);
#2203 = CARTESIAN_POINT('',(47.,33.,-58.));
#2204 = VECTOR('',#2205,1.);
#2205 = DIRECTION('',(-0.,-1.,-0.));
#2206 = PCURVE('',#899,#2207);
#2207 = DEFINITIONAL_REPRESENTATION('',(#2208),#2212);
#2208 = LINE('',#2209,#2210);
#2209 = CARTESIAN_POINT('',(0.,0.));
#2210 = VECTOR('',#2211,1.);
#2211 = DIRECTION('',(0.,-1.));
#2212 = ( GEOMETRIC_REPRESENTATION_CONTEXT(2) 
PARAMETRIC_REPRESENTATION_CONTEXT() REPRESENTATION_CONTEXT('2D SPACE',''
  ) );
#2213 = PCURVE('',#871,#2214);
#2214 = DEFINITIONAL_REPRESENTATION('',(#2215),#2219);
#2215 = LINE('',#2216,#2217);
#2216 = CARTESIAN_POINT('',(11.70469991072,0.));
#2217 = VECTOR('',#2218,1.);
#2218 = DIRECTION('',(0.,-1.));
#2219 = ( GEOMETRIC_REPRESENTATION_CONTEXT(2) 
PARAMETRIC_REPRESENTATION_CONTEXT() REPRESENTATION_CONTEXT('2D SPACE',''
  ) );
#2220 = ORIENTED_EDGE('',*,*,#883,.T.);
#2221 = ORIENTED_EDGE('',*,*,#2149,.F.);
#2222 = ORIENTED_EDGE('',*,*,#2223,.F.);
#2223 = EDGE_CURVE('',#2199,#2150,#2224,.T.);
#2224 = SURFACE_CURVE('',#2225,(#2229,#2236),.PCURVE_S1.);
#2225 = LINE('',#2226,#2227);
#2226 = CARTESIAN_POINT('',(47.,33.,-58.));
#2227 = VECTOR('',#2228,1.);
#2228 = DIRECTION('',(-0.966234939601,0.,-0.25766265056));
#2229 = PCURVE('',#899,#2230);
#2230 = DEFINITIONAL_REPRESENTATION('',(#2231),#2235);
#2231 = LINE('',#2232,#2233);
#2232 = CARTESIAN_POINT('',(0.,0.));
#2233 = VECTOR('',#2234,1.);
#2234 = DIRECTION('',(1.,0.));
#2235 = ( GEOMETRIC_REPRESENTATION_CONTEXT(2) 
PARAMETRIC_REPRESENTATION_CONTEXT() REPRESENTATION_CONTEXT('2D SPACE',''
  ) );
#2236 = PCURVE('',#1939,#2237);
#2237 = DEFINITIONAL_REPRESENTATION('',(#2238),#2242);
#2238 = LINE('',#2239,#2240);
#2239 = CARTESIAN_POINT('',(-118.2504457878,66.518948766103));
#2240 = VECTOR('',#2241,1.);
#2241 = DIRECTION('',(-0.25766265056,-0.966234939601));
#2242 = ( GEOMETRIC_REPRESENTATION_CONTEXT(2) 
PARAMETRIC_REPRESENTATION_CONTEXT() REPRESENTATION_CONTEXT('2D SPACE',''
  ) );
#2243 = ADVANCED_FACE('',(#2244),#871,.T.);
#2244 = FACE_BOUND('',#2245,.T.);
#2245 = EDGE_LOOP('',(#2246,#2269,#2270,#2271));
#2246 = ORIENTED_EDGE('',*,*,#2247,.T.);
#2247 = EDGE_CURVE('',#2248,#828,#2250,.T.);
#2248 = VERTEX_POINT('',#2249);
#2249 = CARTESIAN_POINT('',(43.,33.,-47.));
#2250 = SURFACE_CURVE('',#2251,(#2255,#2262),.PCURVE_S1.);
#2251 = LINE('',#2252,#2253);
#2252 = CARTESIAN_POINT('',(43.,33.,-47.));
#2253 = VECTOR('',#2254,1.);
#2254 = DIRECTION('',(-0.,-1.,-0.));
#2255 = PCURVE('',#871,#2256);
#2256 = DEFINITIONAL_REPRESENTATION('',(#2257),#2261);
#2257 = LINE('',#2258,#2259);
#2258 = CARTESIAN_POINT('',(0.,0.));
#2259 = VECTOR('',#2260,1.);
#2260 = DIRECTION('',(0.,-1.));
#2261 = ( GEOMETRIC_REPRESENTATION_CONTEXT(2) 
PARAMETRIC_REPRESENTATION_CONTEXT() REPRESENTATION_CONTEXT('2D SPACE',''
  ) );
#2262 = PCURVE('',#843,#2263);
#2263 = DEFINITIONAL_REPRESENTATION('',(#2264),#2268);
#2264 = LINE('',#2265,#2266);
#2265 = CARTESIAN_POINT('',(10.440306508911,0.));
#2266 = VECTOR('',#2267,1.);
#2267 = DIRECTION('',(0.,-1.));
#2268 = ( GEOMETRIC_REPRESENTATION_CONTEXT(2) 
PARAMETRIC_REPRESENTATION_CONTEXT() REPRESENTATION_CONTEXT('2D SPACE',''
  ) );
#2269 = ORIENTED_EDGE('',*,*,#855,.T.);
#2270 = ORIENTED_EDGE('',*,*,#2198,.F.);
#2271 = ORIENTED_EDGE('',*,*,#2272,.F.);
#2272 = EDGE_CURVE('',#2248,#2199,#2273,.T.);
#2273 = SURFACE_CURVE('',#2274,(#2278,#2285),.PCURVE_S1.);
#2274 = LINE('',#2275,#2276);
#2275 = CARTESIAN_POINT('',(43.,33.,-47.));
#2276 = VECTOR('',#2277,1.);
#2277 = DIRECTION('',(0.341743063087,0.,-0.939793423488));
#2278 = PCURVE('',#871,#2279);
#2279 = DEFINITIONAL_REPRESENTATION('',(#2280),#2284);
#2280 = LINE('',#2281,#2282);
#2281 = CARTESIAN_POINT('',(0.,0.));
#2282 = VECTOR('',#2283,1.);
#2283 = DIRECTION('',(1.,0.));
#2284 = ( GEOMETRIC_REPRESENTATION_CONTEXT(2) 
PARAMETRIC_REPRESENTATION_CONTEXT() REPRESENTATION_CONTEXT('2D SPACE',''
  ) );
#2285 = PCURVE('',#1939,#2286);
#2286 = DEFINITIONAL_REPRESENTATION('',(#2287),#2291);
#2287 = LINE('',#2288,#2289);
#2288 = CARTESIAN_POINT('',(-107.2504457878,62.518948766103));
#2289 = VECTOR('',#2290,1.);
#2290 = DIRECTION('',(-0.939793423488,0.341743063087));
#2291 = ( GEOMETRIC_REPRESENTATION_CONTEXT(2) 
PARAMETRIC_REPRESENTATION_CONTEXT() REPRESENTATION_CONTEXT('2D SPACE',''
  ) );
#2292 = ADVANCED_FACE('',(#2293),#843,.T.);
#2293 = FACE_BOUND('',#2294,.T.);
#2294 = EDGE_LOOP('',(#2295,#2318,#2319,#2320));
#2295 = ORIENTED_EDGE('',*,*,#2296,.T.);
#2296 = EDGE_CURVE('',#2297,#800,#2299,.T.);
#2297 = VERTEX_POINT('',#2298);
#2298 = CARTESIAN_POINT('',(53.,33.,-44.));
#2299 = SURFACE_CURVE('',#2300,(#2304,#2311),.PCURVE_S1.);
#2300 = LINE('',#2301,#2302);
#2301 = CARTESIAN_POINT('',(53.,33.,-44.));
#2302 = VECTOR('',#2303,1.);
#2303 = DIRECTION('',(-0.,-1.,-0.));
#2304 = PCURVE('',#843,#2305);
#2305 = DEFINITIONAL_REPRESENTATION('',(#2306),#2310);
#2306 = LINE('',#2307,#2308);
#2307 = CARTESIAN_POINT('',(0.,0.));
#2308 = VECTOR('',#2309,1.);
#2309 = DIRECTION('',(0.,-1.));
#2310 = ( GEOMETRIC_REPRESENTATION_CONTEXT(2) 
PARAMETRIC_REPRESENTATION_CONTEXT() REPRESENTATION_CONTEXT('2D SPACE',''
  ) );
#2311 = PCURVE('',#815,#2312);
#2312 = DEFINITIONAL_REPRESENTATION('',(#2313),#2317);
#2313 = LINE('',#2314,#2315);
#2314 = CARTESIAN_POINT('',(65.969690009883,0.));
#2315 = VECTOR('',#2316,1.);
#2316 = DIRECTION('',(0.,-1.));
#2317 = ( GEOMETRIC_REPRESENTATION_CONTEXT(2) 
PARAMETRIC_REPRESENTATION_CONTEXT() REPRESENTATION_CONTEXT('2D SPACE',''
  ) );
#2318 = ORIENTED_EDGE('',*,*,#827,.T.);
#2319 = ORIENTED_EDGE('',*,*,#2247,.F.);
#2320 = ORIENTED_EDGE('',*,*,#2321,.F.);
#2321 = EDGE_CURVE('',#2297,#2248,#2322,.T.);
#2322 = SURFACE_CURVE('',#2323,(#2327,#2334),.PCURVE_S1.);
#2323 = LINE('',#2324,#2325);
#2324 = CARTESIAN_POINT('',(53.,33.,-44.));
#2325 = VECTOR('',#2326,1.);
#2326 = DIRECTION('',(-0.957826285221,0.,-0.287347885566));
#2327 = PCURVE('',#843,#2328);
#2328 = DEFINITIONAL_REPRESENTATION('',(#2329),#2333);
#2329 = LINE('',#2330,#2331);
#2330 = CARTESIAN_POINT('',(0.,0.));
#2331 = VECTOR('',#2332,1.);
#2332 = DIRECTION('',(1.,0.));
#2333 = ( GEOMETRIC_REPRESENTATION_CONTEXT(2) 
PARAMETRIC_REPRESENTATION_CONTEXT() REPRESENTATION_CONTEXT('2D SPACE',''
  ) );
#2334 = PCURVE('',#1939,#2335);
#2335 = DEFINITIONAL_REPRESENTATION('',(#2336),#2340);
#2336 = LINE('',#2337,#2338);
#2337 = CARTESIAN_POINT('',(-104.2504457878,72.518948766103));
#2338 = VECTOR('',#2339,1.);
#2339 = DIRECTION('',(-0.287347885566,-0.957826285221));
#2340 = ( GEOMETRIC_REPRESENTATION_CONTEXT(2) 
PARAMETRIC_REPRESENTATION_CONTEXT() REPRESENTATION_CONTEXT('2D SPACE',''
  ) );
#2341 = ADVANCED_FACE('',(#2342),#815,.T.);
#2342 = FACE_BOUND('',#2343,.T.);
#2343 = EDGE_LOOP('',(#2344,#2365,#2366,#2393,#2419,#2446,#2467,#2468));
#2344 = ORIENTED_EDGE('',*,*,#2345,.F.);
#2345 = EDGE_CURVE('',#1901,#2297,#2346,.T.);
#2346 = SURFACE_CURVE('',#2347,(#2351,#2358),.PCURVE_S1.);
#2347 = LINE('',#2348,#2349);
#2348 = CARTESIAN_POINT('',(37.,33.,20.));
#2349 = VECTOR('',#2350,1.);
#2350 = DIRECTION('',(0.242535625036,0.,-0.970142500145));
#2351 = PCURVE('',#815,#2352);
#2352 = DEFINITIONAL_REPRESENTATION('',(#2353),#2357);
#2353 = LINE('',#2354,#2355);
#2354 = CARTESIAN_POINT('',(0.,0.));
#2355 = VECTOR('',#2356,1.);
#2356 = DIRECTION('',(1.,0.));
#2357 = ( GEOMETRIC_REPRESENTATION_CONTEXT(2) 
PARAMETRIC_REPRESENTATION_CONTEXT() REPRESENTATION_CONTEXT('2D SPACE',''
  ) );
#2358 = PCURVE('',#1939,#2359);
#2359 = DEFINITIONAL_REPRESENTATION('',(#2360),#2364);
#2360 = LINE('',#2361,#2362);
#2361 = CARTESIAN_POINT('',(-40.25044578785,56.518948766103));
#2362 = VECTOR('',#2363,1.);
#2363 = DIRECTION('',(-0.970142500145,0.242535625036));
#2364 = ( GEOMETRIC_REPRESENTATION_CONTEXT(2) 
PARAMETRIC_REPRESENTATION_CONTEXT() REPRESENTATION_CONTEXT('2D SPACE',''
  ) );
#2365 = ORIENTED_EDGE('',*,*,#1900,.T.);
#2366 = ORIENTED_EDGE('',*,*,#2367,.T.);
#2367 = EDGE_CURVE('',#1873,#2368,#2370,.T.);
#2368 = VERTEX_POINT('',#2369);
#2369 = CARTESIAN_POINT('',(43.,-6.349698793966,-4.));
#2370 = SURFACE_CURVE('',#2371,(#2376,#2383),.PCURVE_S1.);
#2371 = ELLIPSE('',#2372,222.64770378335,54.);
#2372 = AXIS2_PLACEMENT_3D('',#2373,#2374,#2375);
#2373 = CARTESIAN_POINT('',(4.,31.,152.));
#2374 = DIRECTION('',(0.970142500145,0.,0.242535625036));
#2375 = DIRECTION('',(-0.242535625036,0.,0.970142500145));
#2376 = PCURVE('',#815,#2377);
#2377 = DEFINITIONAL_REPRESENTATION('',(#2378),#2382);
#2378 = ELLIPSE('',#2379,222.64770378335,54.);
#2379 = AXIS2_PLACEMENT_2D('',#2380,#2381);
#2380 = CARTESIAN_POINT('',(-136.0624856453,-2.));
#2381 = DIRECTION('',(-1.,0.));
#2382 = ( GEOMETRIC_REPRESENTATION_CONTEXT(2) 
PARAMETRIC_REPRESENTATION_CONTEXT() REPRESENTATION_CONTEXT('2D SPACE',''
  ) );
#2383 = PCURVE('',#1384,#2384);
#2384 = DEFINITIONAL_REPRESENTATION('',(#2385),#2392);
#2385 = B_SPLINE_CURVE_WITH_KNOTS('',5,(#2386,#2387,#2388,#2389,#2390,
    #2391),.UNSPECIFIED.,.F.,.F.,(6,6),(2.228259883177,2.377806157192),
  .PIECEWISE_BEZIER_KNOTS.);
#2386 = CARTESIAN_POINT('',(5.369852536766,-10.00000001248));
#2387 = CARTESIAN_POINT('',(5.399761791569,-15.11369543286));
#2388 = CARTESIAN_POINT('',(5.429671046373,-20.07978782559));
#2389 = CARTESIAN_POINT('',(5.459580301176,-24.88874696624));
#2390 = CARTESIAN_POINT('',(5.489489555979,-29.53159336781));
#2391 = CARTESIAN_POINT('',(5.519398810782,-34.));
#2392 = ( GEOMETRIC_REPRESENTATION_CONTEXT(2) 
PARAMETRIC_REPRESENTATION_CONTEXT() REPRESENTATION_CONTEXT('2D SPACE',''
  ) );
#2393 = ORIENTED_EDGE('',*,*,#2394,.T.);
#2394 = EDGE_CURVE('',#2368,#2395,#2397,.T.);
#2395 = VERTEX_POINT('',#2396);
#2396 = CARTESIAN_POINT('',(43.,-7.781438859331,-4.));
#2397 = SURFACE_CURVE('',#2398,(#2402,#2408),.PCURVE_S1.);
#2398 = LINE('',#2399,#2400);
#2399 = CARTESIAN_POINT('',(43.,32.,-4.));
#2400 = VECTOR('',#2401,1.);
#2401 = DIRECTION('',(-0.,-1.,0.));
#2402 = PCURVE('',#815,#2403);
#2403 = DEFINITIONAL_REPRESENTATION('',(#2404),#2407);
#2404 = B_SPLINE_CURVE_WITH_KNOTS('',1,(#2405,#2406),.UNSPECIFIED.,.F.,
  .F.,(2,2),(-1.,56.),.PIECEWISE_BEZIER_KNOTS.);
#2405 = CARTESIAN_POINT('',(24.738633753706,0.));
#2406 = CARTESIAN_POINT('',(24.738633753706,-57.));
#2407 = ( GEOMETRIC_REPRESENTATION_CONTEXT(2) 
PARAMETRIC_REPRESENTATION_CONTEXT() REPRESENTATION_CONTEXT('2D SPACE',''
  ) );
#2408 = PCURVE('',#2409,#2414);
#2409 = PLANE('',#2410);
#2410 = AXIS2_PLACEMENT_3D('',#2411,#2412,#2413);
#2411 = CARTESIAN_POINT('',(4.,31.,-4.));
#2412 = DIRECTION('',(0.,0.,1.));
#2413 = DIRECTION('',(1.,0.,0.));
#2414 = DEFINITIONAL_REPRESENTATION('',(#2415),#2418);
#2415 = B_SPLINE_CURVE_WITH_KNOTS('',1,(#2416,#2417),.UNSPECIFIED.,.F.,
  .F.,(2,2),(-1.,56.),.PIECEWISE_BEZIER_KNOTS.);
#2416 = CARTESIAN_POINT('',(39.,2.));
#2417 = CARTESIAN_POINT('',(39.,-55.));
#2418 = ( GEOMETRIC_REPRESENTATION_CONTEXT(2) 
PARAMETRIC_REPRESENTATION_CONTEXT() REPRESENTATION_CONTEXT('2D SPACE',''
  ) );
#2419 = ORIENTED_EDGE('',*,*,#2420,.F.);
#2420 = EDGE_CURVE('',#2421,#2395,#2423,.T.);
#2421 = VERTEX_POINT('',#2422);
#2422 = CARTESIAN_POINT('',(37.,-13.,20.));
#2423 = SURFACE_CURVE('',#2424,(#2429,#2436),.PCURVE_S1.);
#2424 = ELLIPSE('',#2425,226.77080940897,55.);
#2425 = AXIS2_PLACEMENT_3D('',#2426,#2427,#2428);
#2426 = CARTESIAN_POINT('',(4.,31.,152.));
#2427 = DIRECTION('',(0.970142500145,0.,0.242535625036));
#2428 = DIRECTION('',(-0.242535625036,0.,0.970142500145));
#2429 = PCURVE('',#815,#2430);
#2430 = DEFINITIONAL_REPRESENTATION('',(#2431),#2435);
#2431 = ELLIPSE('',#2432,226.77080940897,55.);
#2432 = AXIS2_PLACEMENT_2D('',#2433,#2434);
#2433 = CARTESIAN_POINT('',(-136.0624856453,-2.));
#2434 = DIRECTION('',(-1.,0.));
#2435 = ( GEOMETRIC_REPRESENTATION_CONTEXT(2) 
PARAMETRIC_REPRESENTATION_CONTEXT() REPRESENTATION_CONTEXT('2D SPACE',''
  ) );
#2436 = PCURVE('',#1442,#2437);
#2437 = DEFINITIONAL_REPRESENTATION('',(#2438),#2445);
#2438 = B_SPLINE_CURVE_WITH_KNOTS('',5,(#2439,#2440,#2441,#2442,#2443,
    #2444),.UNSPECIFIED.,.F.,.F.,(6,6),(2.214297435588,2.359004422339),
  .PIECEWISE_BEZIER_KNOTS.);
#2439 = CARTESIAN_POINT('',(5.355890089178,-10.00000001028));
#2440 = CARTESIAN_POINT('',(5.384831486528,-15.09368593986));
#2441 = CARTESIAN_POINT('',(5.413772883878,-20.04916709204));
#2442 = CARTESIAN_POINT('',(5.442714281228,-24.85755496845));
#2443 = CARTESIAN_POINT('',(5.471655678578,-29.51044387265));
#2444 = CARTESIAN_POINT('',(5.500597075928,-34.));
#2445 = ( GEOMETRIC_REPRESENTATION_CONTEXT(2) 
PARAMETRIC_REPRESENTATION_CONTEXT() REPRESENTATION_CONTEXT('2D SPACE',''
  ) );
#2446 = ORIENTED_EDGE('',*,*,#2447,.T.);
#2447 = EDGE_CURVE('',#2421,#772,#2448,.T.);
#2448 = SURFACE_CURVE('',#2449,(#2453,#2460),.PCURVE_S1.);
#2449 = LINE('',#2450,#2451);
#2450 = CARTESIAN_POINT('',(37.,33.,20.));
#2451 = VECTOR('',#2452,1.);
#2452 = DIRECTION('',(-0.,-1.,-0.));
#2453 = PCURVE('',#815,#2454);
#2454 = DEFINITIONAL_REPRESENTATION('',(#2455),#2459);
#2455 = LINE('',#2456,#2457);
#2456 = CARTESIAN_POINT('',(0.,0.));
#2457 = VECTOR('',#2458,1.);
#2458 = DIRECTION('',(0.,-1.));
#2459 = ( GEOMETRIC_REPRESENTATION_CONTEXT(2) 
PARAMETRIC_REPRESENTATION_CONTEXT() REPRESENTATION_CONTEXT('2D SPACE',''
  ) );
#2460 = PCURVE('',#787,#2461);
#2461 = DEFINITIONAL_REPRESENTATION('',(#2462),#2466);
#2462 = LINE('',#2463,#2464);
#2463 = CARTESIAN_POINT('',(23.021728866443,0.));
#2464 = VECTOR('',#2465,1.);
#2465 = DIRECTION('',(0.,-1.));
#2466 = ( GEOMETRIC_REPRESENTATION_CONTEXT(2) 
PARAMETRIC_REPRESENTATION_CONTEXT() REPRESENTATION_CONTEXT('2D SPACE',''
  ) );
#2467 = ORIENTED_EDGE('',*,*,#799,.T.);
#2468 = ORIENTED_EDGE('',*,*,#2296,.F.);
#2469 = ADVANCED_FACE('',(#2470),#787,.T.);
#2470 = FACE_BOUND('',#2471,.T.);
#2471 = EDGE_LOOP('',(#2472,#2498,#2499,#2500));
#2472 = ORIENTED_EDGE('',*,*,#2473,.F.);
#2473 = EDGE_CURVE('',#1979,#2421,#2474,.T.);
#2474 = SURFACE_CURVE('',#2475,(#2480,#2487),.PCURVE_S1.);
#2475 = ELLIPSE('',#2476,66.64184671865,55.);
#2476 = AXIS2_PLACEMENT_3D('',#2477,#2478,#2479);
#2477 = CARTESIAN_POINT('',(4.,31.,-2.578947368421));
#2478 = DIRECTION('',(-0.564683915592,0.,0.82530726125));
#2479 = DIRECTION('',(0.82530726125,0.,0.564683915592));
#2480 = PCURVE('',#787,#2481);
#2481 = DEFINITIONAL_REPRESENTATION('',(#2482),#2486);
#2482 = ELLIPSE('',#2483,66.64184671865,55.);
#2483 = AXIS2_PLACEMENT_2D('',#2484,#2485);
#2484 = CARTESIAN_POINT('',(-16.96337916474,-2.));
#2485 = DIRECTION('',(1.,0.));
#2486 = ( GEOMETRIC_REPRESENTATION_CONTEXT(2) 
PARAMETRIC_REPRESENTATION_CONTEXT() REPRESENTATION_CONTEXT('2D SPACE',''
  ) );
#2487 = PCURVE('',#1442,#2488);
#2488 = DEFINITIONAL_REPRESENTATION('',(#2489),#2497);
#2489 = B_SPLINE_CURVE_WITH_KNOTS('',6,(#2490,#2491,#2492,#2493,#2494,
    #2495,#2496),.UNSPECIFIED.,.F.,.F.,(7,7),(4.969766626706,
    5.355890089178),.PIECEWISE_BEZIER_KNOTS.);
#2490 = CARTESIAN_POINT('',(4.969766626706,-23.00000000696));
#2491 = CARTESIAN_POINT('',(5.034120537118,-20.65803088759));
#2492 = CARTESIAN_POINT('',(5.09847444753,-18.36366633278));
#2493 = CARTESIAN_POINT('',(5.162828357942,-16.1343645308));
#2494 = CARTESIAN_POINT('',(5.227182268354,-13.98699367831));
#2495 = CARTESIAN_POINT('',(5.291536178766,-11.93739139144));
#2496 = CARTESIAN_POINT('',(5.355890089178,-9.999999991733));
#2497 = ( GEOMETRIC_REPRESENTATION_CONTEXT(2) 
PARAMETRIC_REPRESENTATION_CONTEXT() REPRESENTATION_CONTEXT('2D SPACE',''
  ) );
#2498 = ORIENTED_EDGE('',*,*,#1978,.T.);
#2499 = ORIENTED_EDGE('',*,*,#771,.T.);
#2500 = ORIENTED_EDGE('',*,*,#2447,.F.);
#2501 = ADVANCED_FACE('',(#2502),#645,.T.);
#2502 = FACE_BOUND('',#2503,.T.);
#2503 = EDGE_LOOP('',(#2504,#2531,#2552,#2553));
#2504 = ORIENTED_EDGE('',*,*,#2505,.F.);
#2505 = EDGE_CURVE('',#2506,#1426,#2508,.T.);
#2506 = VERTEX_POINT('',#2507);
#2507 = CARTESIAN_POINT('',(-24.,-16.33920151417,-2.));
#2508 = SURFACE_CURVE('',#2509,(#2514,#2521),.PCURVE_S1.);
#2509 = ELLIPSE('',#2510,57.421685799008,55.);
#2510 = AXIS2_PLACEMENT_3D('',#2511,#2512,#2513);
#2511 = CARTESIAN_POINT('',(4.,31.,6.4));
#2512 = DIRECTION('',(-0.287347885566,0.,0.957826285221));
#2513 = DIRECTION('',(0.957826285221,0.,0.287347885566));
#2514 = PCURVE('',#645,#2515);
#2515 = DEFINITIONAL_REPRESENTATION('',(#2516),#2520);
#2516 = ELLIPSE('',#2517,57.421685799008,55.);
#2517 = AXIS2_PLACEMENT_2D('',#2518,#2519);
#2518 = CARTESIAN_POINT('',(29.23285822495,-2.));
#2519 = DIRECTION('',(1.,0.));
#2520 = ( GEOMETRIC_REPRESENTATION_CONTEXT(2) 
PARAMETRIC_REPRESENTATION_CONTEXT() REPRESENTATION_CONTEXT('2D SPACE',''
  ) );
#2521 = PCURVE('',#1442,#2522);
#2522 = DEFINITIONAL_REPRESENTATION('',(#2523),#2530);
#2523 = B_SPLINE_CURVE_WITH_KNOTS('',5,(#2524,#2525,#2526,#2527,#2528,
    #2529),.UNSPECIFIED.,.F.,.F.,(6,6),(4.178260727514,4.378973070176),
  .PIECEWISE_BEZIER_KNOTS.);
#2524 = CARTESIAN_POINT('',(10.461446034693,-32.00000000173));
#2525 = CARTESIAN_POINT('',(10.501588503226,-31.42990628375));
#2526 = CARTESIAN_POINT('',(10.541730971758,-30.84289267474));
#2527 = CARTESIAN_POINT('',(10.58187344029,-30.24087298978));
#2528 = CARTESIAN_POINT('',(10.622015908823,-29.62587503158));
#2529 = CARTESIAN_POINT('',(10.662158377355,-29.00000000145));
#2530 = ( GEOMETRIC_REPRESENTATION_CONTEXT(2) 
PARAMETRIC_REPRESENTATION_CONTEXT() REPRESENTATION_CONTEXT('2D SPACE',''
  ) );
#2531 = ORIENTED_EDGE('',*,*,#2532,.T.);
#2532 = EDGE_CURVE('',#2506,#602,#2533,.T.);
#2533 = SURFACE_CURVE('',#2534,(#2538,#2545),.PCURVE_S1.);
#2534 = LINE('',#2535,#2536);
#2535 = CARTESIAN_POINT('',(-24.,33.,-2.));
#2536 = VECTOR('',#2537,1.);
#2537 = DIRECTION('',(-0.,-1.,-0.));
#2538 = PCURVE('',#645,#2539);
#2539 = DEFINITIONAL_REPRESENTATION('',(#2540),#2544);
#2540 = LINE('',#2541,#2542);
#2541 = CARTESIAN_POINT('',(0.,0.));
#2542 = VECTOR('',#2543,1.);
#2543 = DIRECTION('',(0.,-1.));
#2544 = ( GEOMETRIC_REPRESENTATION_CONTEXT(2) 
PARAMETRIC_REPRESENTATION_CONTEXT() REPRESENTATION_CONTEXT('2D SPACE',''
  ) );
#2545 = PCURVE('',#617,#2546);
#2546 = DEFINITIONAL_REPRESENTATION('',(#2547),#2551);
#2547 = LINE('',#2548,#2549);
#2548 = CARTESIAN_POINT('',(65.969690009883,0.));
#2549 = VECTOR('',#2550,1.);
#2550 = DIRECTION('',(0.,-1.));
#2551 = ( GEOMETRIC_REPRESENTATION_CONTEXT(2) 
PARAMETRIC_REPRESENTATION_CONTEXT() REPRESENTATION_CONTEXT('2D SPACE',''
  ) );
#2552 = ORIENTED_EDGE('',*,*,#629,.T.);
#2553 = ORIENTED_EDGE('',*,*,#1457,.F.);
#2554 = ADVANCED_FACE('',(#2555),#617,.T.);
#2555 = FACE_BOUND('',#2556,.T.);
#2556 = EDGE_LOOP('',(#2557,#2582,#2603,#2604,#2605,#2632,#2658,#2685));
#2557 = ORIENTED_EDGE('',*,*,#2558,.F.);
#2558 = EDGE_CURVE('',#2559,#2561,#2563,.T.);
#2559 = VERTEX_POINT('',#2560);
#2560 = CARTESIAN_POINT('',(-8.,33.,-66.));
#2561 = VERTEX_POINT('',#2562);
#2562 = CARTESIAN_POINT('',(-24.,33.,-2.));
#2563 = SURFACE_CURVE('',#2564,(#2568,#2575),.PCURVE_S1.);
#2564 = LINE('',#2565,#2566);
#2565 = CARTESIAN_POINT('',(-8.,33.,-66.));
#2566 = VECTOR('',#2567,1.);
#2567 = DIRECTION('',(-0.242535625036,0.,0.970142500145));
#2568 = PCURVE('',#617,#2569);
#2569 = DEFINITIONAL_REPRESENTATION('',(#2570),#2574);
#2570 = LINE('',#2571,#2572);
#2571 = CARTESIAN_POINT('',(0.,0.));
#2572 = VECTOR('',#2573,1.);
#2573 = DIRECTION('',(1.,0.));
#2574 = ( GEOMETRIC_REPRESENTATION_CONTEXT(2) 
PARAMETRIC_REPRESENTATION_CONTEXT() REPRESENTATION_CONTEXT('2D SPACE',''
  ) );
#2575 = PCURVE('',#1939,#2576);
#2576 = DEFINITIONAL_REPRESENTATION('',(#2577),#2581);
#2577 = LINE('',#2578,#2579);
#2578 = CARTESIAN_POINT('',(-126.2504457878,11.518948766103));
#2579 = VECTOR('',#2580,1.);
#2580 = DIRECTION('',(0.970142500145,-0.242535625036));
#2581 = ( GEOMETRIC_REPRESENTATION_CONTEXT(2) 
PARAMETRIC_REPRESENTATION_CONTEXT() REPRESENTATION_CONTEXT('2D SPACE',''
  ) );
#2582 = ORIENTED_EDGE('',*,*,#2583,.T.);
#2583 = EDGE_CURVE('',#2559,#574,#2584,.T.);
#2584 = SURFACE_CURVE('',#2585,(#2589,#2596),.PCURVE_S1.);
#2585 = LINE('',#2586,#2587);
#2586 = CARTESIAN_POINT('',(-8.,33.,-66.));
#2587 = VECTOR('',#2588,1.);
#2588 = DIRECTION('',(-0.,-1.,-0.));
#2589 = PCURVE('',#617,#2590);
#2590 = DEFINITIONAL_REPRESENTATION('',(#2591),#2595);
#2591 = LINE('',#2592,#2593);
#2592 = CARTESIAN_POINT('',(0.,0.));
#2593 = VECTOR('',#2594,1.);
#2594 = DIRECTION('',(0.,-1.));
#2595 = ( GEOMETRIC_REPRESENTATION_CONTEXT(2) 
PARAMETRIC_REPRESENTATION_CONTEXT() REPRESENTATION_CONTEXT('2D SPACE',''
  ) );
#2596 = PCURVE('',#589,#2597);
#2597 = DEFINITIONAL_REPRESENTATION('',(#2598),#2602);
#2598 = LINE('',#2599,#2600);
#2599 = CARTESIAN_POINT('',(23.021728866443,0.));
#2600 = VECTOR('',#2601,1.);
#2601 = DIRECTION('',(0.,-1.));
#2602 = ( GEOMETRIC_REPRESENTATION_CONTEXT(2) 
PARAMETRIC_REPRESENTATION_CONTEXT() REPRESENTATION_CONTEXT('2D SPACE',''
  ) );
#2603 = ORIENTED_EDGE('',*,*,#601,.T.);
#2604 = ORIENTED_EDGE('',*,*,#2532,.F.);
#2605 = ORIENTED_EDGE('',*,*,#2606,.F.);
#2606 = EDGE_CURVE('',#2607,#2506,#2609,.T.);
#2607 = VERTEX_POINT('',#2608);
#2608 = CARTESIAN_POINT('',(-23.5,-16.63139720814,-4.));
#2609 = SURFACE_CURVE('',#2610,(#2615,#2622),.PCURVE_S1.);
#2610 = ELLIPSE('',#2611,226.77080940897,55.);
#2611 = AXIS2_PLACEMENT_3D('',#2612,#2613,#2614);
#2612 = CARTESIAN_POINT('',(4.,31.,-114.));
#2613 = DIRECTION('',(-0.970142500145,0.,-0.242535625036));
#2614 = DIRECTION('',(-0.242535625036,0.,0.970142500145));
#2615 = PCURVE('',#617,#2616);
#2616 = DEFINITIONAL_REPRESENTATION('',(#2617),#2621);
#2617 = ELLIPSE('',#2618,226.77080940897,55.);
#2618 = AXIS2_PLACEMENT_2D('',#2619,#2620);
#2619 = CARTESIAN_POINT('',(-49.47726750741,-2.));
#2620 = DIRECTION('',(1.,0.));
#2621 = ( GEOMETRIC_REPRESENTATION_CONTEXT(2) 
PARAMETRIC_REPRESENTATION_CONTEXT() REPRESENTATION_CONTEXT('2D SPACE',''
  ) );
#2622 = PCURVE('',#1442,#2623);
#2623 = DEFINITIONAL_REPRESENTATION('',(#2624),#2631);
#2624 = B_SPLINE_CURVE_WITH_KNOTS('',5,(#2625,#2626,#2627,#2628,#2629,
    #2630),.UNSPECIFIED.,.F.,.F.,(6,6),(5.235987755983,5.246517233256),
  .PIECEWISE_BEZIER_KNOTS.);
#2625 = CARTESIAN_POINT('',(10.471975511966,-34.));
#2626 = CARTESIAN_POINT('',(10.469869616511,-33.5987730285));
#2627 = CARTESIAN_POINT('',(10.467763721057,-33.1981558414));
#2628 = CARTESIAN_POINT('',(10.465657825602,-32.79815214571));
#2629 = CARTESIAN_POINT('',(10.463551930148,-32.39876563716));
#2630 = CARTESIAN_POINT('',(10.461446034693,-31.99999999999));
#2631 = ( GEOMETRIC_REPRESENTATION_CONTEXT(2) 
PARAMETRIC_REPRESENTATION_CONTEXT() REPRESENTATION_CONTEXT('2D SPACE',''
  ) );
#2632 = ORIENTED_EDGE('',*,*,#2633,.T.);
#2633 = EDGE_CURVE('',#2607,#2634,#2636,.T.);
#2634 = VERTEX_POINT('',#2635);
#2635 = CARTESIAN_POINT('',(-23.5,-15.47311050489,-4.));
#2636 = SURFACE_CURVE('',#2637,(#2641,#2647),.PCURVE_S1.);
#2637 = LINE('',#2638,#2639);
#2638 = CARTESIAN_POINT('',(-23.5,32.,-4.));
#2639 = VECTOR('',#2640,1.);
#2640 = DIRECTION('',(0.,1.,-0.));
#2641 = PCURVE('',#617,#2642);
#2642 = DEFINITIONAL_REPRESENTATION('',(#2643),#2646);
#2643 = B_SPLINE_CURVE_WITH_KNOTS('',1,(#2644,#2645),.UNSPECIFIED.,.F.,
  .F.,(2,2),(-56.,1.),.PIECEWISE_BEZIER_KNOTS.);
#2644 = CARTESIAN_POINT('',(63.908137197074,-57.));
#2645 = CARTESIAN_POINT('',(63.908137197074,0.));
#2646 = ( GEOMETRIC_REPRESENTATION_CONTEXT(2) 
PARAMETRIC_REPRESENTATION_CONTEXT() REPRESENTATION_CONTEXT('2D SPACE',''
  ) );
#2647 = PCURVE('',#2648,#2653);
#2648 = PLANE('',#2649);
#2649 = AXIS2_PLACEMENT_3D('',#2650,#2651,#2652);
#2650 = CARTESIAN_POINT('',(4.,31.,-4.));
#2651 = DIRECTION('',(0.,0.,1.));
#2652 = DIRECTION('',(1.,0.,0.));
#2653 = DEFINITIONAL_REPRESENTATION('',(#2654),#2657);
#2654 = B_SPLINE_CURVE_WITH_KNOTS('',1,(#2655,#2656),.UNSPECIFIED.,.F.,
  .F.,(2,2),(-56.,1.),.PIECEWISE_BEZIER_KNOTS.);
#2655 = CARTESIAN_POINT('',(-27.5,-55.));
#2656 = CARTESIAN_POINT('',(-27.5,2.));
#2657 = ( GEOMETRIC_REPRESENTATION_CONTEXT(2) 
PARAMETRIC_REPRESENTATION_CONTEXT() REPRESENTATION_CONTEXT('2D SPACE',''
  ) );
#2658 = ORIENTED_EDGE('',*,*,#2659,.T.);
#2659 = EDGE_CURVE('',#2634,#2660,#2662,.T.);
#2660 = VERTEX_POINT('',#2661);
#2661 = CARTESIAN_POINT('',(-24.,-15.17358552246,-2.));
#2662 = SURFACE_CURVE('',#2663,(#2668,#2675),.PCURVE_S1.);
#2663 = ELLIPSE('',#2664,222.64770378335,54.);
#2664 = AXIS2_PLACEMENT_3D('',#2665,#2666,#2667);
#2665 = CARTESIAN_POINT('',(4.,31.,-114.));
#2666 = DIRECTION('',(-0.970142500145,0.,-0.242535625036));
#2667 = DIRECTION('',(-0.242535625036,0.,0.970142500145));
#2668 = PCURVE('',#617,#2669);
#2669 = DEFINITIONAL_REPRESENTATION('',(#2670),#2674);
#2670 = ELLIPSE('',#2671,222.64770378335,54.);
#2671 = AXIS2_PLACEMENT_2D('',#2672,#2673);
#2672 = CARTESIAN_POINT('',(-49.47726750741,-2.));
#2673 = DIRECTION('',(1.,0.));
#2674 = ( GEOMETRIC_REPRESENTATION_CONTEXT(2) 
PARAMETRIC_REPRESENTATION_CONTEXT() REPRESENTATION_CONTEXT('2D SPACE',''
  ) );
#2675 = PCURVE('',#1384,#2676);
#2676 = DEFINITIONAL_REPRESENTATION('',(#2677),#2684);
#2677 = B_SPLINE_CURVE_WITH_KNOTS('',5,(#2678,#2679,#2680,#2681,#2682,
    #2683),.UNSPECIFIED.,.F.,.F.,(6,6),(5.246712838477,5.257506426747),
  .PIECEWISE_BEZIER_KNOTS.);
#2678 = CARTESIAN_POINT('',(10.461250429472,-34.));
#2679 = CARTESIAN_POINT('',(10.459091711818,-33.59871070365));
#2680 = CARTESIAN_POINT('',(10.456932994164,-33.19806216582));
#2681 = CARTESIAN_POINT('',(10.45477427651,-32.79805828241));
#2682 = CARTESIAN_POINT('',(10.452615558856,-32.39870293687));
#2683 = CARTESIAN_POINT('',(10.450456841202,-31.99999999999));
#2684 = ( GEOMETRIC_REPRESENTATION_CONTEXT(2) 
PARAMETRIC_REPRESENTATION_CONTEXT() REPRESENTATION_CONTEXT('2D SPACE',''
  ) );
#2685 = ORIENTED_EDGE('',*,*,#2686,.F.);
#2686 = EDGE_CURVE('',#2561,#2660,#2687,.T.);
#2687 = SURFACE_CURVE('',#2688,(#2692,#2699),.PCURVE_S1.);
#2688 = LINE('',#2689,#2690);
#2689 = CARTESIAN_POINT('',(-24.,33.,-2.));
#2690 = VECTOR('',#2691,1.);
#2691 = DIRECTION('',(-0.,-1.,-0.));
#2692 = PCURVE('',#617,#2693);
#2693 = DEFINITIONAL_REPRESENTATION('',(#2694),#2698);
#2694 = LINE('',#2695,#2696);
#2695 = CARTESIAN_POINT('',(65.969690009883,0.));
#2696 = VECTOR('',#2697,1.);
#2697 = DIRECTION('',(0.,-1.));
#2698 = ( GEOMETRIC_REPRESENTATION_CONTEXT(2) 
PARAMETRIC_REPRESENTATION_CONTEXT() REPRESENTATION_CONTEXT('2D SPACE',''
  ) );
#2699 = PCURVE('',#1355,#2700);
#2700 = DEFINITIONAL_REPRESENTATION('',(#2701),#2705);
#2701 = LINE('',#2702,#2703);
#2702 = CARTESIAN_POINT('',(0.,0.));
#2703 = VECTOR('',#2704,1.);
#2704 = DIRECTION('',(0.,-1.));
#2705 = ( GEOMETRIC_REPRESENTATION_CONTEXT(2) 
PARAMETRIC_REPRESENTATION_CONTEXT() REPRESENTATION_CONTEXT('2D SPACE',''
  ) );
#2706 = ADVANCED_FACE('',(#2707),#589,.T.);
#2707 = FACE_BOUND('',#2708,.T.);
#2708 = EDGE_LOOP('',(#2709,#2732,#2733,#2734));
#2709 = ORIENTED_EDGE('',*,*,#2710,.T.);
#2710 = EDGE_CURVE('',#2711,#546,#2713,.T.);
#2711 = VERTEX_POINT('',#2712);
#2712 = CARTESIAN_POINT('',(11.,33.,-53.));
#2713 = SURFACE_CURVE('',#2714,(#2718,#2725),.PCURVE_S1.);
#2714 = LINE('',#2715,#2716);
#2715 = CARTESIAN_POINT('',(11.,33.,-53.));
#2716 = VECTOR('',#2717,1.);
#2717 = DIRECTION('',(-0.,-1.,-0.));
#2718 = PCURVE('',#589,#2719);
#2719 = DEFINITIONAL_REPRESENTATION('',(#2720),#2724);
#2720 = LINE('',#2721,#2722);
#2721 = CARTESIAN_POINT('',(0.,0.));
#2722 = VECTOR('',#2723,1.);
#2723 = DIRECTION('',(0.,-1.));
#2724 = ( GEOMETRIC_REPRESENTATION_CONTEXT(2) 
PARAMETRIC_REPRESENTATION_CONTEXT() REPRESENTATION_CONTEXT('2D SPACE',''
  ) );
#2725 = PCURVE('',#561,#2726);
#2726 = DEFINITIONAL_REPRESENTATION('',(#2727),#2731);
#2727 = LINE('',#2728,#2729);
#2728 = CARTESIAN_POINT('',(33.955853692699,0.));
#2729 = VECTOR('',#2730,1.);
#2730 = DIRECTION('',(0.,-1.));
#2731 = ( GEOMETRIC_REPRESENTATION_CONTEXT(2) 
PARAMETRIC_REPRESENTATION_CONTEXT() REPRESENTATION_CONTEXT('2D SPACE',''
  ) );
#2732 = ORIENTED_EDGE('',*,*,#573,.T.);
#2733 = ORIENTED_EDGE('',*,*,#2583,.F.);
#2734 = ORIENTED_EDGE('',*,*,#2735,.F.);
#2735 = EDGE_CURVE('',#2711,#2559,#2736,.T.);
#2736 = SURFACE_CURVE('',#2737,(#2741,#2748),.PCURVE_S1.);
#2737 = LINE('',#2738,#2739);
#2738 = CARTESIAN_POINT('',(11.,33.,-53.));
#2739 = VECTOR('',#2740,1.);
#2740 = DIRECTION('',(-0.82530726125,0.,-0.564683915592));
#2741 = PCURVE('',#589,#2742);
#2742 = DEFINITIONAL_REPRESENTATION('',(#2743),#2747);
#2743 = LINE('',#2744,#2745);
#2744 = CARTESIAN_POINT('',(0.,0.));
#2745 = VECTOR('',#2746,1.);
#2746 = DIRECTION('',(1.,0.));
#2747 = ( GEOMETRIC_REPRESENTATION_CONTEXT(2) 
PARAMETRIC_REPRESENTATION_CONTEXT() REPRESENTATION_CONTEXT('2D SPACE',''
  ) );
#2748 = PCURVE('',#1939,#2749);
#2749 = DEFINITIONAL_REPRESENTATION('',(#2750),#2754);
#2750 = LINE('',#2751,#2752);
#2751 = CARTESIAN_POINT('',(-113.2504457878,30.518948766103));
#2752 = VECTOR('',#2753,1.);
#2753 = DIRECTION('',(-0.564683915592,-0.82530726125));
#2754 = ( GEOMETRIC_REPRESENTATION_CONTEXT(2) 
PARAMETRIC_REPRESENTATION_CONTEXT() REPRESENTATION_CONTEXT('2D SPACE',''
  ) );
#2755 = ADVANCED_FACE('',(#2756),#561,.T.);
#2756 = FACE_BOUND('',#2757,.T.);
#2757 = EDGE_LOOP('',(#2758,#2759,#2760,#2761));
#2758 = ORIENTED_EDGE('',*,*,#2102,.T.);
#2759 = ORIENTED_EDGE('',*,*,#545,.T.);
#2760 = ORIENTED_EDGE('',*,*,#2710,.F.);
#2761 = ORIENTED_EDGE('',*,*,#2762,.F.);
#2762 = EDGE_CURVE('',#2103,#2711,#2763,.T.);
#2763 = SURFACE_CURVE('',#2764,(#2768,#2775),.PCURVE_S1.);
#2764 = LINE('',#2765,#2766);
#2765 = CARTESIAN_POINT('',(19.,33.,-86.));
#2766 = VECTOR('',#2767,1.);
#2767 = DIRECTION('',(-0.235600025622,0.,0.971850105689));
#2768 = PCURVE('',#561,#2769);
#2769 = DEFINITIONAL_REPRESENTATION('',(#2770),#2774);
#2770 = LINE('',#2771,#2772);
#2771 = CARTESIAN_POINT('',(0.,0.));
#2772 = VECTOR('',#2773,1.);
#2773 = DIRECTION('',(1.,0.));
#2774 = ( GEOMETRIC_REPRESENTATION_CONTEXT(2) 
PARAMETRIC_REPRESENTATION_CONTEXT() REPRESENTATION_CONTEXT('2D SPACE',''
  ) );
#2775 = PCURVE('',#1939,#2776);
#2776 = DEFINITIONAL_REPRESENTATION('',(#2777),#2781);
#2777 = LINE('',#2778,#2779);
#2778 = CARTESIAN_POINT('',(-146.2504457878,38.518948766103));
#2779 = VECTOR('',#2780,1.);
#2780 = DIRECTION('',(0.971850105689,-0.235600025622));
#2781 = ( GEOMETRIC_REPRESENTATION_CONTEXT(2) 
PARAMETRIC_REPRESENTATION_CONTEXT() REPRESENTATION_CONTEXT('2D SPACE',''
  ) );
#2782 = ADVANCED_FACE('',(#2783),#1079,.F.);
#2783 = FACE_BOUND('',#2784,.F.);
#2784 = EDGE_LOOP('',(#2785,#2815,#2836,#2837,#2838,#2839,#2840));
#2785 = ORIENTED_EDGE('',*,*,#2786,.T.);
#2786 = EDGE_CURVE('',#2787,#2789,#2791,.T.);
#2787 = VERTEX_POINT('',#2788);
#2788 = CARTESIAN_POINT('',(-45.,33.,58.));
#2789 = VERTEX_POINT('',#2790);
#2790 = CARTESIAN_POINT('',(9.,33.,76.));
#2791 = SURFACE_CURVE('',#2792,(#2796,#2803),.PCURVE_S1.);
#2792 = LINE('',#2793,#2794);
#2793 = CARTESIAN_POINT('',(-45.,33.,58.));
#2794 = VECTOR('',#2795,1.);
#2795 = DIRECTION('',(0.948683298051,0.,0.316227766017));
#2796 = PCURVE('',#1079,#2797);
#2797 = DEFINITIONAL_REPRESENTATION('',(#2798),#2802);
#2798 = LINE('',#2799,#2800);
#2799 = CARTESIAN_POINT('',(34.483257998206,-44.7419288294));
#2800 = VECTOR('',#2801,1.);
#2801 = DIRECTION('',(0.316227766017,0.948683298051));
#2802 = ( GEOMETRIC_REPRESENTATION_CONTEXT(2) 
PARAMETRIC_REPRESENTATION_CONTEXT() REPRESENTATION_CONTEXT('2D SPACE',''
  ) );
#2803 = PCURVE('',#2804,#2809);
#2804 = PLANE('',#2805);
#2805 = AXIS2_PLACEMENT_3D('',#2806,#2807,#2808);
#2806 = CARTESIAN_POINT('',(-45.,33.,58.));
#2807 = DIRECTION('',(0.316227766017,0.,-0.948683298051));
#2808 = DIRECTION('',(0.948683298051,0.,0.316227766017));
#2809 = DEFINITIONAL_REPRESENTATION('',(#2810),#2814);
#2810 = LINE('',#2811,#2812);
#2811 = CARTESIAN_POINT('',(0.,0.));
#2812 = VECTOR('',#2813,1.);
#2813 = DIRECTION('',(1.,0.));
#2814 = ( GEOMETRIC_REPRESENTATION_CONTEXT(2) 
PARAMETRIC_REPRESENTATION_CONTEXT() REPRESENTATION_CONTEXT('2D SPACE',''
  ) );
#2815 = ORIENTED_EDGE('',*,*,#2816,.T.);
#2816 = EDGE_CURVE('',#2789,#1153,#2817,.T.);
#2817 = SURFACE_CURVE('',#2818,(#2822,#2829),.PCURVE_S1.);
#2818 = LINE('',#2819,#2820);
#2819 = CARTESIAN_POINT('',(9.,33.,76.));
#2820 = VECTOR('',#2821,1.);
#2821 = DIRECTION('',(0.341743063087,0.,-0.939793423488));
#2822 = PCURVE('',#1079,#2823);
#2823 = DEFINITIONAL_REPRESENTATION('',(#2824),#2828);
#2824 = LINE('',#2825,#2826);
#2825 = CARTESIAN_POINT('',(52.483257998206,9.258071170597));
#2826 = VECTOR('',#2827,1.);
#2827 = DIRECTION('',(-0.939793423488,0.341743063087));
#2828 = ( GEOMETRIC_REPRESENTATION_CONTEXT(2) 
PARAMETRIC_REPRESENTATION_CONTEXT() REPRESENTATION_CONTEXT('2D SPACE',''
  ) );
#2829 = PCURVE('',#1167,#2830);
#2830 = DEFINITIONAL_REPRESENTATION('',(#2831),#2835);
#2831 = LINE('',#2832,#2833);
#2832 = CARTESIAN_POINT('',(0.,0.));
#2833 = VECTOR('',#2834,1.);
#2834 = DIRECTION('',(1.,0.));
#2835 = ( GEOMETRIC_REPRESENTATION_CONTEXT(2) 
PARAMETRIC_REPRESENTATION_CONTEXT() REPRESENTATION_CONTEXT('2D SPACE',''
  ) );
#2836 = ORIENTED_EDGE('',*,*,#1179,.T.);
#2837 = ORIENTED_EDGE('',*,*,#1065,.F.);
#2838 = ORIENTED_EDGE('',*,*,#1235,.T.);
#2839 = ORIENTED_EDGE('',*,*,#1206,.T.);
#2840 = ORIENTED_EDGE('',*,*,#2841,.T.);
#2841 = EDGE_CURVE('',#1095,#2787,#2842,.T.);
#2842 = SURFACE_CURVE('',#2843,(#2847,#2854),.PCURVE_S1.);
#2843 = LINE('',#2844,#2845);
#2844 = CARTESIAN_POINT('',(-25.,33.,13.));
#2845 = VECTOR('',#2846,1.);
#2846 = DIRECTION('',(-0.406138466053,0.,0.91381154862));
#2847 = PCURVE('',#1079,#2848);
#2848 = DEFINITIONAL_REPRESENTATION('',(#2849),#2853);
#2849 = LINE('',#2850,#2851);
#2850 = CARTESIAN_POINT('',(-10.51674200179,-24.7419288294));
#2851 = VECTOR('',#2852,1.);
#2852 = DIRECTION('',(0.91381154862,-0.406138466053));
#2853 = ( GEOMETRIC_REPRESENTATION_CONTEXT(2) 
PARAMETRIC_REPRESENTATION_CONTEXT() REPRESENTATION_CONTEXT('2D SPACE',''
  ) );
#2854 = PCURVE('',#1111,#2855);
#2855 = DEFINITIONAL_REPRESENTATION('',(#2856),#2860);
#2856 = LINE('',#2857,#2858);
#2857 = CARTESIAN_POINT('',(-24.42677770863,-0.));
#2858 = VECTOR('',#2859,1.);
#2859 = DIRECTION('',(1.,0.));
#2860 = ( GEOMETRIC_REPRESENTATION_CONTEXT(2) 
PARAMETRIC_REPRESENTATION_CONTEXT() REPRESENTATION_CONTEXT('2D SPACE',''
  ) );
#2861 = ADVANCED_FACE('',(#2862),#1111,.F.);
#2862 = FACE_BOUND('',#2863,.F.);
#2863 = EDGE_LOOP('',(#2864,#2865,#2888,#2909));
#2864 = ORIENTED_EDGE('',*,*,#1094,.T.);
#2865 = ORIENTED_EDGE('',*,*,#2866,.T.);
#2866 = EDGE_CURVE('',#1097,#2867,#2869,.T.);
#2867 = VERTEX_POINT('',#2868);
#2868 = CARTESIAN_POINT('',(-45.,85.,58.));
#2869 = SURFACE_CURVE('',#2870,(#2874,#2881),.PCURVE_S1.);
#2870 = LINE('',#2871,#2872);
#2871 = CARTESIAN_POINT('',(-25.,85.,13.));
#2872 = VECTOR('',#2873,1.);
#2873 = DIRECTION('',(-0.406138466053,0.,0.91381154862));
#2874 = PCURVE('',#1111,#2875);
#2875 = DEFINITIONAL_REPRESENTATION('',(#2876),#2880);
#2876 = LINE('',#2877,#2878);
#2877 = CARTESIAN_POINT('',(-24.42677770863,-52.));
#2878 = VECTOR('',#2879,1.);
#2879 = DIRECTION('',(1.,0.));
#2880 = ( GEOMETRIC_REPRESENTATION_CONTEXT(2) 
PARAMETRIC_REPRESENTATION_CONTEXT() REPRESENTATION_CONTEXT('2D SPACE',''
  ) );
#2881 = PCURVE('',#1140,#2882);
#2882 = DEFINITIONAL_REPRESENTATION('',(#2883),#2887);
#2883 = LINE('',#2884,#2885);
#2884 = CARTESIAN_POINT('',(-10.51674200179,-24.7419288294));
#2885 = VECTOR('',#2886,1.);
#2886 = DIRECTION('',(0.91381154862,-0.406138466053));
#2887 = ( GEOMETRIC_REPRESENTATION_CONTEXT(2) 
PARAMETRIC_REPRESENTATION_CONTEXT() REPRESENTATION_CONTEXT('2D SPACE',''
  ) );
#2888 = ORIENTED_EDGE('',*,*,#2889,.F.);
#2889 = EDGE_CURVE('',#2787,#2867,#2890,.T.);
#2890 = SURFACE_CURVE('',#2891,(#2895,#2902),.PCURVE_S1.);
#2891 = LINE('',#2892,#2893);
#2892 = CARTESIAN_POINT('',(-45.,33.,58.));
#2893 = VECTOR('',#2894,1.);
#2894 = DIRECTION('',(0.,1.,0.));
#2895 = PCURVE('',#1111,#2896);
#2896 = DEFINITIONAL_REPRESENTATION('',(#2897),#2901);
#2897 = LINE('',#2898,#2899);
#2898 = CARTESIAN_POINT('',(24.81751130035,0.));
#2899 = VECTOR('',#2900,1.);
#2900 = DIRECTION('',(0.,-1.));
#2901 = ( GEOMETRIC_REPRESENTATION_CONTEXT(2) 
PARAMETRIC_REPRESENTATION_CONTEXT() REPRESENTATION_CONTEXT('2D SPACE',''
  ) );
#2902 = PCURVE('',#2804,#2903);
#2903 = DEFINITIONAL_REPRESENTATION('',(#2904),#2908);
#2904 = LINE('',#2905,#2906);
#2905 = CARTESIAN_POINT('',(0.,0.));
#2906 = VECTOR('',#2907,1.);
#2907 = DIRECTION('',(0.,-1.));
#2908 = ( GEOMETRIC_REPRESENTATION_CONTEXT(2) 
PARAMETRIC_REPRESENTATION_CONTEXT() REPRESENTATION_CONTEXT('2D SPACE',''
  ) );
#2909 = ORIENTED_EDGE('',*,*,#2841,.F.);
#2910 = ADVANCED_FACE('',(#2911),#1140,.T.);
#2911 = FACE_BOUND('',#2912,.T.);
#2912 = EDGE_LOOP('',(#2913,#2936,#2937,#2938));
#2913 = ORIENTED_EDGE('',*,*,#2914,.T.);
#2914 = EDGE_CURVE('',#2915,#1124,#2917,.T.);
#2915 = VERTEX_POINT('',#2916);
#2916 = CARTESIAN_POINT('',(9.,85.,76.));
#2917 = SURFACE_CURVE('',#2918,(#2922,#2929),.PCURVE_S1.);
#2918 = LINE('',#2919,#2920);
#2919 = CARTESIAN_POINT('',(9.,85.,76.));
#2920 = VECTOR('',#2921,1.);
#2921 = DIRECTION('',(0.341743063087,0.,-0.939793423488));
#2922 = PCURVE('',#1140,#2923);
#2923 = DEFINITIONAL_REPRESENTATION('',(#2924),#2928);
#2924 = LINE('',#2925,#2926);
#2925 = CARTESIAN_POINT('',(52.483257998206,9.258071170597));
#2926 = VECTOR('',#2927,1.);
#2927 = DIRECTION('',(-0.939793423488,0.341743063087));
#2928 = ( GEOMETRIC_REPRESENTATION_CONTEXT(2) 
PARAMETRIC_REPRESENTATION_CONTEXT() REPRESENTATION_CONTEXT('2D SPACE',''
  ) );
#2929 = PCURVE('',#1167,#2930);
#2930 = DEFINITIONAL_REPRESENTATION('',(#2931),#2935);
#2931 = LINE('',#2932,#2933);
#2932 = CARTESIAN_POINT('',(0.,-52.));
#2933 = VECTOR('',#2934,1.);
#2934 = DIRECTION('',(1.,0.));
#2935 = ( GEOMETRIC_REPRESENTATION_CONTEXT(2) 
PARAMETRIC_REPRESENTATION_CONTEXT() REPRESENTATION_CONTEXT('2D SPACE',''
  ) );
#2936 = ORIENTED_EDGE('',*,*,#1123,.F.);
#2937 = ORIENTED_EDGE('',*,*,#2866,.T.);
#2938 = ORIENTED_EDGE('',*,*,#2939,.T.);
#2939 = EDGE_CURVE('',#2867,#2915,#2940,.T.);
#2940 = SURFACE_CURVE('',#2941,(#2945,#2952),.PCURVE_S1.);
#2941 = LINE('',#2942,#2943);
#2942 = CARTESIAN_POINT('',(-45.,85.,58.));
#2943 = VECTOR('',#2944,1.);
#2944 = DIRECTION('',(0.948683298051,0.,0.316227766017));
#2945 = PCURVE('',#1140,#2946);
#2946 = DEFINITIONAL_REPRESENTATION('',(#2947),#2951);
#2947 = LINE('',#2948,#2949);
#2948 = CARTESIAN_POINT('',(34.483257998206,-44.7419288294));
#2949 = VECTOR('',#2950,1.);
#2950 = DIRECTION('',(0.316227766017,0.948683298051));
#2951 = ( GEOMETRIC_REPRESENTATION_CONTEXT(2) 
PARAMETRIC_REPRESENTATION_CONTEXT() REPRESENTATION_CONTEXT('2D SPACE',''
  ) );
#2952 = PCURVE('',#2804,#2953);
#2953 = DEFINITIONAL_REPRESENTATION('',(#2954),#2958);
#2954 = LINE('',#2955,#2956);
#2955 = CARTESIAN_POINT('',(0.,-52.));
#2956 = VECTOR('',#2957,1.);
#2957 = DIRECTION('',(1.,0.));
#2958 = ( GEOMETRIC_REPRESENTATION_CONTEXT(2) 
PARAMETRIC_REPRESENTATION_CONTEXT() REPRESENTATION_CONTEXT('2D SPACE',''
  ) );
#2959 = ADVANCED_FACE('',(#2960),#1167,.F.);
#2960 = FACE_BOUND('',#2961,.F.);
#2961 = EDGE_LOOP('',(#2962,#2983,#2984,#2985));
#2962 = ORIENTED_EDGE('',*,*,#2963,.T.);
#2963 = EDGE_CURVE('',#2789,#2915,#2964,.T.);
#2964 = SURFACE_CURVE('',#2965,(#2969,#2976),.PCURVE_S1.);
#2965 = LINE('',#2966,#2967);
#2966 = CARTESIAN_POINT('',(9.,33.,76.));
#2967 = VECTOR('',#2968,1.);
#2968 = DIRECTION('',(0.,1.,0.));
#2969 = PCURVE('',#1167,#2970);
#2970 = DEFINITIONAL_REPRESENTATION('',(#2971),#2975);
#2971 = LINE('',#2972,#2973);
#2972 = CARTESIAN_POINT('',(0.,0.));
#2973 = VECTOR('',#2974,1.);
#2974 = DIRECTION('',(0.,-1.));
#2975 = ( GEOMETRIC_REPRESENTATION_CONTEXT(2) 
PARAMETRIC_REPRESENTATION_CONTEXT() REPRESENTATION_CONTEXT('2D SPACE',''
  ) );
#2976 = PCURVE('',#2804,#2977);
#2977 = DEFINITIONAL_REPRESENTATION('',(#2978),#2982);
#2978 = LINE('',#2979,#2980);
#2979 = CARTESIAN_POINT('',(56.920997883031,0.));
#2980 = VECTOR('',#2981,1.);
#2981 = DIRECTION('',(0.,-1.));
#2982 = ( GEOMETRIC_REPRESENTATION_CONTEXT(2) 
PARAMETRIC_REPRESENTATION_CONTEXT() REPRESENTATION_CONTEXT('2D SPACE',''
  ) );
#2983 = ORIENTED_EDGE('',*,*,#2914,.T.);
#2984 = ORIENTED_EDGE('',*,*,#1152,.F.);
#2985 = ORIENTED_EDGE('',*,*,#2816,.F.);
#2986 = ADVANCED_FACE('',(#2987),#1327,.F.);
#2987 = FACE_BOUND('',#2988,.F.);
#2988 = EDGE_LOOP('',(#2989,#3012,#3033,#3034));
#2989 = ORIENTED_EDGE('',*,*,#2990,.F.);
#2990 = EDGE_CURVE('',#2991,#1312,#2993,.T.);
#2991 = VERTEX_POINT('',#2992);
#2992 = CARTESIAN_POINT('',(-18.95689655172,33.,-0.487068965517));
#2993 = SURFACE_CURVE('',#2994,(#2998,#3005),.PCURVE_S1.);
#2994 = LINE('',#2995,#2996);
#2995 = CARTESIAN_POINT('',(-24.,33.,-2.));
#2996 = VECTOR('',#2997,1.);
#2997 = DIRECTION('',(0.957826285221,0.,0.287347885566));
#2998 = PCURVE('',#1327,#2999);
#2999 = DEFINITIONAL_REPRESENTATION('',(#3000),#3004);
#3000 = LINE('',#3001,#3002);
#3001 = CARTESIAN_POINT('',(-25.51674200179,-23.7419288294));
#3002 = VECTOR('',#3003,1.);
#3003 = DIRECTION('',(0.287347885566,0.957826285221));
#3004 = ( GEOMETRIC_REPRESENTATION_CONTEXT(2) 
PARAMETRIC_REPRESENTATION_CONTEXT() REPRESENTATION_CONTEXT('2D SPACE',''
  ) );
#3005 = PCURVE('',#1355,#3006);
#3006 = DEFINITIONAL_REPRESENTATION('',(#3007),#3011);
#3007 = LINE('',#3008,#3009);
#3008 = CARTESIAN_POINT('',(0.,0.));
#3009 = VECTOR('',#3010,1.);
#3010 = DIRECTION('',(1.,0.));
#3011 = ( GEOMETRIC_REPRESENTATION_CONTEXT(2) 
PARAMETRIC_REPRESENTATION_CONTEXT() REPRESENTATION_CONTEXT('2D SPACE',''
  ) );
#3012 = ORIENTED_EDGE('',*,*,#3013,.T.);
#3013 = EDGE_CURVE('',#2991,#1795,#3014,.T.);
#3014 = SURFACE_CURVE('',#3015,(#3019,#3026),.PCURVE_S1.);
#3015 = LINE('',#3016,#3017);
#3016 = CARTESIAN_POINT('',(-6.,33.,-30.));
#3017 = VECTOR('',#3018,1.);
#3018 = DIRECTION('',(-0.401990062035,0.,0.915644030191));
#3019 = PCURVE('',#1327,#3020);
#3020 = DEFINITIONAL_REPRESENTATION('',(#3021),#3025);
#3021 = LINE('',#3022,#3023);
#3022 = CARTESIAN_POINT('',(-53.51674200179,-5.741928829403));
#3023 = VECTOR('',#3024,1.);
#3024 = DIRECTION('',(0.915644030191,-0.401990062035));
#3025 = ( GEOMETRIC_REPRESENTATION_CONTEXT(2) 
PARAMETRIC_REPRESENTATION_CONTEXT() REPRESENTATION_CONTEXT('2D SPACE',''
  ) );
#3026 = PCURVE('',#1810,#3027);
#3027 = DEFINITIONAL_REPRESENTATION('',(#3028),#3032);
#3028 = LINE('',#3029,#3030);
#3029 = CARTESIAN_POINT('',(0.,0.));
#3030 = VECTOR('',#3031,1.);
#3031 = DIRECTION('',(1.,0.));
#3032 = ( GEOMETRIC_REPRESENTATION_CONTEXT(2) 
PARAMETRIC_REPRESENTATION_CONTEXT() REPRESENTATION_CONTEXT('2D SPACE',''
  ) );
#3033 = ORIENTED_EDGE('',*,*,#1822,.F.);
#3034 = ORIENTED_EDGE('',*,*,#1311,.F.);
#3035 = ADVANCED_FACE('',(#3036),#1442,.T.);
#3036 = FACE_BOUND('',#3037,.T.);
#3037 = EDGE_LOOP('',(#3038,#3064,#3065,#3066,#3067,#3091,#3117,#3149,
    #3181,#3266,#3292,#3320,#3341,#3414,#3441,#3462,#3463,#3464));
#3038 = ORIENTED_EDGE('',*,*,#3039,.T.);
#3039 = EDGE_CURVE('',#1400,#2002,#3040,.T.);
#3040 = SURFACE_CURVE('',#3041,(#3046,#3053),.PCURVE_S1.);
#3041 = CIRCLE('',#3042,55.);
#3042 = AXIS2_PLACEMENT_3D('',#3043,#3044,#3045);
#3043 = CARTESIAN_POINT('',(4.,31.,30.));
#3044 = DIRECTION('',(-0.,0.,-1.));
#3045 = DIRECTION('',(-0.455096418733,-0.890442165251,0.));
#3046 = PCURVE('',#1442,#3047);
#3047 = DEFINITIONAL_REPRESENTATION('',(#3048),#3052);
#3048 = LINE('',#3049,#3050);
#3049 = CARTESIAN_POINT('',(10.523093794573,0.));
#3050 = VECTOR('',#3051,1.);
#3051 = DIRECTION('',(-1.,-0.));
#3052 = ( GEOMETRIC_REPRESENTATION_CONTEXT(2) 
PARAMETRIC_REPRESENTATION_CONTEXT() REPRESENTATION_CONTEXT('2D SPACE',''
  ) );
#3053 = PCURVE('',#1414,#3054);
#3054 = DEFINITIONAL_REPRESENTATION('',(#3055),#3063);
#3055 = ( BOUNDED_CURVE() B_SPLINE_CURVE(2,(#3056,#3057,#3058,#3059,
#3060,#3061,#3062),.UNSPECIFIED.,.T.,.F.) B_SPLINE_CURVE_WITH_KNOTS((1,2
    ,2,2,2,1),(-2.094395102393,0.,2.094395102393,4.188790204786,
6.28318530718,8.377580409573),.UNSPECIFIED.) CURVE() 
GEOMETRIC_REPRESENTATION_ITEM() RATIONAL_B_SPLINE_CURVE((1.,0.5,1.,0.5,
1.,0.5,1.)) REPRESENTATION_ITEM('') );
#3056 = CARTESIAN_POINT('',(-25.0303030303,-48.97431908879));
#3057 = CARTESIAN_POINT('',(-109.8563119581,-5.620562511466));
#3058 = CARTESIAN_POINT('',(-29.89785294879,46.164037833063));
#3059 = CARTESIAN_POINT('',(50.060606060606,97.948638177592));
#3060 = CARTESIAN_POINT('',(54.928155979094,2.810281255733));
#3061 = CARTESIAN_POINT('',(59.795705897582,-92.32807566612));
#3062 = CARTESIAN_POINT('',(-25.0303030303,-48.97431908879));
#3063 = ( GEOMETRIC_REPRESENTATION_CONTEXT(2) 
PARAMETRIC_REPRESENTATION_CONTEXT() REPRESENTATION_CONTEXT('2D SPACE',''
  ) );
#3064 = ORIENTED_EDGE('',*,*,#2001,.T.);
#3065 = ORIENTED_EDGE('',*,*,#2473,.T.);
#3066 = ORIENTED_EDGE('',*,*,#2420,.T.);
#3067 = ORIENTED_EDGE('',*,*,#3068,.T.);
#3068 = EDGE_CURVE('',#2395,#3069,#3071,.T.);
#3069 = VERTEX_POINT('',#3070);
#3070 = CARTESIAN_POINT('',(42.,70.761790704142,-4.));
#3071 = SURFACE_CURVE('',#3072,(#3077,#3084),.PCURVE_S1.);
#3072 = CIRCLE('',#3073,55.);
#3073 = AXIS2_PLACEMENT_3D('',#3074,#3075,#3076);
#3074 = CARTESIAN_POINT('',(4.,31.,-4.));
#3075 = DIRECTION('',(0.,0.,1.));
#3076 = DIRECTION('',(0.709090909091,-0.70511707017,0.));
#3077 = PCURVE('',#1442,#3078);
#3078 = DEFINITIONAL_REPRESENTATION('',(#3079),#3083);
#3079 = LINE('',#3080,#3081);
#3080 = CARTESIAN_POINT('',(5.500597075928,-34.));
#3081 = VECTOR('',#3082,1.);
#3082 = DIRECTION('',(1.,0.));
#3083 = ( GEOMETRIC_REPRESENTATION_CONTEXT(2) 
PARAMETRIC_REPRESENTATION_CONTEXT() REPRESENTATION_CONTEXT('2D SPACE',''
  ) );
#3084 = PCURVE('',#2409,#3085);
#3085 = DEFINITIONAL_REPRESENTATION('',(#3086),#3090);
#3086 = CIRCLE('',#3087,55.);
#3087 = AXIS2_PLACEMENT_2D('',#3088,#3089);
#3088 = CARTESIAN_POINT('',(3.10862446895E-15,-3.552713678801E-15));
#3089 = DIRECTION('',(0.709090909091,-0.70511707017));
#3090 = ( GEOMETRIC_REPRESENTATION_CONTEXT(2) 
PARAMETRIC_REPRESENTATION_CONTEXT() REPRESENTATION_CONTEXT('2D SPACE',''
  ) );
#3091 = ORIENTED_EDGE('',*,*,#3092,.T.);
#3092 = EDGE_CURVE('',#3069,#3093,#3095,.T.);
#3093 = VERTEX_POINT('',#3094);
#3094 = CARTESIAN_POINT('',(42.,70.761790704142,-1.));
#3095 = SURFACE_CURVE('',#3096,(#3100,#3106),.PCURVE_S1.);
#3096 = LINE('',#3097,#3098);
#3097 = CARTESIAN_POINT('',(42.,70.761790704142,30.));
#3098 = VECTOR('',#3099,1.);
#3099 = DIRECTION('',(0.,0.,1.));
#3100 = PCURVE('',#1442,#3101);
#3101 = DEFINITIONAL_REPRESENTATION('',(#3102),#3105);
#3102 = B_SPLINE_CURVE_WITH_KNOTS('',1,(#3103,#3104),.UNSPECIFIED.,.F.,
  .F.,(2,2),(-34.,-31.),.PIECEWISE_BEZIER_KNOTS.);
#3103 = CARTESIAN_POINT('',(7.091235846959,-34.));
#3104 = CARTESIAN_POINT('',(7.091235846959,-31.));
#3105 = ( GEOMETRIC_REPRESENTATION_CONTEXT(2) 
PARAMETRIC_REPRESENTATION_CONTEXT() REPRESENTATION_CONTEXT('2D SPACE',''
  ) );
#3106 = PCURVE('',#3107,#3112);
#3107 = PLANE('',#3108);
#3108 = AXIS2_PLACEMENT_3D('',#3109,#3110,#3111);
#3109 = CARTESIAN_POINT('',(42.,33.,-1.));
#3110 = DIRECTION('',(-1.,0.,0.));
#3111 = DIRECTION('',(0.,0.,-1.));
#3112 = DEFINITIONAL_REPRESENTATION('',(#3113),#3116);
#3113 = B_SPLINE_CURVE_WITH_KNOTS('',1,(#3114,#3115),.UNSPECIFIED.,.F.,
  .F.,(2,2),(-34.0000006,-30.6),.PIECEWISE_BEZIER_KNOTS.);
#3114 = CARTESIAN_POINT('',(3.0000006,-37.76179070414));
#3115 = CARTESIAN_POINT('',(-0.4,-37.76179070414));
#3116 = ( GEOMETRIC_REPRESENTATION_CONTEXT(2) 
PARAMETRIC_REPRESENTATION_CONTEXT() REPRESENTATION_CONTEXT('2D SPACE',''
  ) );
#3117 = ORIENTED_EDGE('',*,*,#3118,.T.);
#3118 = EDGE_CURVE('',#3093,#3119,#3121,.T.);
#3119 = VERTEX_POINT('',#3120);
#3120 = CARTESIAN_POINT('',(37.,75.,-1.));
#3121 = SURFACE_CURVE('',#3122,(#3127,#3133),.PCURVE_S1.);
#3122 = CIRCLE('',#3123,55.);
#3123 = AXIS2_PLACEMENT_3D('',#3124,#3125,#3126);
#3124 = CARTESIAN_POINT('',(4.,31.,-1.));
#3125 = DIRECTION('',(0.,0.,1.));
#3126 = DIRECTION('',(1.,0.,-0.));
#3127 = PCURVE('',#1442,#3128);
#3128 = DEFINITIONAL_REPRESENTATION('',(#3129),#3132);
#3129 = B_SPLINE_CURVE_WITH_KNOTS('',1,(#3130,#3131),.UNSPECIFIED.,.F.,
  .F.,(2,2),(0.80805053978,0.927295218002),.PIECEWISE_BEZIER_KNOTS.);
#3130 = CARTESIAN_POINT('',(7.091235846959,-31.));
#3131 = CARTESIAN_POINT('',(7.210480525181,-31.));
#3132 = ( GEOMETRIC_REPRESENTATION_CONTEXT(2) 
PARAMETRIC_REPRESENTATION_CONTEXT() REPRESENTATION_CONTEXT('2D SPACE',''
  ) );
#3133 = PCURVE('',#3134,#3139);
#3134 = PLANE('',#3135);
#3135 = AXIS2_PLACEMENT_3D('',#3136,#3137,#3138);
#3136 = CARTESIAN_POINT('',(37.,33.,-1.));
#3137 = DIRECTION('',(0.,0.,-1.));
#3138 = DIRECTION('',(1.,0.,0.));
#3139 = DEFINITIONAL_REPRESENTATION('',(#3140),#3148);
#3140 = ( BOUNDED_CURVE() B_SPLINE_CURVE(2,(#3141,#3142,#3143,#3144,
#3145,#3146,#3147),.UNSPECIFIED.,.T.,.F.) B_SPLINE_CURVE_WITH_KNOTS((1,2
    ,2,2,2,1),(-2.094395102393,0.,2.094395102393,4.188790204786,
6.28318530718,8.377580409573),.UNSPECIFIED.) CURVE() 
GEOMETRIC_REPRESENTATION_ITEM() RATIONAL_B_SPLINE_CURVE((1.,0.5,1.,0.5,
1.,0.5,1.)) REPRESENTATION_ITEM('') );
#3141 = CARTESIAN_POINT('',(22.,2.));
#3142 = CARTESIAN_POINT('',(22.,-93.26279441628));
#3143 = CARTESIAN_POINT('',(-60.5,-45.63139720814));
#3144 = CARTESIAN_POINT('',(-143.,2.));
#3145 = CARTESIAN_POINT('',(-60.5,49.631397208144));
#3146 = CARTESIAN_POINT('',(22.,97.262794416288));
#3147 = CARTESIAN_POINT('',(22.,2.));
#3148 = ( GEOMETRIC_REPRESENTATION_CONTEXT(2) 
PARAMETRIC_REPRESENTATION_CONTEXT() REPRESENTATION_CONTEXT('2D SPACE',''
  ) );
#3149 = ORIENTED_EDGE('',*,*,#3150,.F.);
#3150 = EDGE_CURVE('',#3151,#3119,#3153,.T.);
#3151 = VERTEX_POINT('',#3152);
#3152 = CARTESIAN_POINT('',(29.840842639315,79.551527799753,
    18.687682741883));
#3153 = SURFACE_CURVE('',#3154,(#3159,#3169),.PCURVE_S1.);
#3154 = ELLIPSE('',#3155,160.93962377239,55.);
#3155 = AXIS2_PLACEMENT_3D('',#3156,#3157,#3158);
#3156 = CARTESIAN_POINT('',(4.,31.,89.75));
#3157 = DIRECTION('',(-0.939793423488,0.,-0.341743063087));
#3158 = DIRECTION('',(-0.341743063087,0.,0.939793423488));
#3159 = PCURVE('',#1442,#3160);
#3160 = DEFINITIONAL_REPRESENTATION('',(#3161),#3168);
#3161 = B_SPLINE_CURVE_WITH_KNOTS('',5,(#3162,#3163,#3164,#3165,#3166,
    #3167),.UNSPECIFIED.,.F.,.F.,(6,6),(2.059898484165,2.214297435588),
  .PIECEWISE_BEZIER_KNOTS.);
#3162 = CARTESIAN_POINT('',(7.364879476604,-11.31231726163));
#3163 = CARTESIAN_POINT('',(7.333999686319,-15.43528501206));
#3164 = CARTESIAN_POINT('',(7.303119896035,-19.47354990009));
#3165 = CARTESIAN_POINT('',(7.27224010575,-23.41892113829));
#3166 = CARTESIAN_POINT('',(7.241360315466,-27.26354538975));
#3167 = CARTESIAN_POINT('',(7.210480525181,-31.00000000416));
#3168 = ( GEOMETRIC_REPRESENTATION_CONTEXT(2) 
PARAMETRIC_REPRESENTATION_CONTEXT() REPRESENTATION_CONTEXT('2D SPACE',''
  ) );
#3169 = PCURVE('',#3170,#3175);
#3170 = PLANE('',#3171);
#3171 = AXIS2_PLACEMENT_3D('',#3172,#3173,#3174);
#3172 = CARTESIAN_POINT('',(29.840842639315,33.,18.687682741883));
#3173 = DIRECTION('',(-0.939793423488,0.,-0.341743063087));
#3174 = DIRECTION('',(0.341743063087,0.,-0.939793423488));
#3175 = DEFINITIONAL_REPRESENTATION('',(#3176),#3180);
#3176 = ELLIPSE('',#3177,160.93962377239,55.);
#3177 = AXIS2_PLACEMENT_2D('',#3178,#3179);
#3178 = CARTESIAN_POINT('',(-75.61482713332,2.));
#3179 = DIRECTION('',(-1.,-0.));
#3180 = ( GEOMETRIC_REPRESENTATION_CONTEXT(2) 
PARAMETRIC_REPRESENTATION_CONTEXT() REPRESENTATION_CONTEXT('2D SPACE',''
  ) );
#3181 = ORIENTED_EDGE('',*,*,#3182,.T.);
#3182 = EDGE_CURVE('',#3151,#3183,#3185,.T.);
#3183 = VERTEX_POINT('',#3184);
#3184 = CARTESIAN_POINT('',(14.440306508911,85.,2.708137480325));
#3185 = SURFACE_CURVE('',#3186,(#3209,#3235),.PCURVE_S1.);
#3186 = B_SPLINE_CURVE_WITH_KNOTS('',6,(#3187,#3188,#3189,#3190,#3191,
    #3192,#3193,#3194,#3195,#3196,#3197,#3198,#3199,#3200,#3201,#3202,
    #3203,#3204,#3205,#3206,#3207,#3208),.UNSPECIFIED.,.F.,.F.,(7,5,5,5,
    7),(0.,8.109174819263E-02,0.403486297642,0.769021702209,1.),
  .UNSPECIFIED.);
#3187 = CARTESIAN_POINT('',(29.840842639315,79.551527799753,
    18.687682741883));
#3188 = CARTESIAN_POINT('',(29.722464849101,79.614532652278,
    18.432596808965));
#3189 = CARTESIAN_POINT('',(29.601410719185,79.678517479606,
    18.178374374622));
#3190 = CARTESIAN_POINT('',(29.47767507805,79.743449953168,
    17.925034512164));
#3191 = CARTESIAN_POINT('',(29.351251832595,79.809297206076,
    17.672596305869));
#3192 = CARTESIAN_POINT('',(29.222133968135,79.876025833122,
    17.42107885098));
#3193 = CARTESIAN_POINT('',(28.566238216746,80.21226242834,
    16.174285814088));
#3194 = CARTESIAN_POINT('',(27.999553504046,80.494262842303,
    15.193130086623));
#3195 = CARTESIAN_POINT('',(27.389652377322,80.787529810946,
    14.227964058514));
#3196 = CARTESIAN_POINT('',(26.735710724243,81.089840432308,
    13.279963599135));
#3197 = CARTESIAN_POINT('',(26.03672388754,81.398769637018,
    12.350623172835));
#3198 = CARTESIAN_POINT('',(24.446647016238,82.066371631298,
    10.411424625661));
#3199 = CARTESIAN_POINT('',(23.542375625636,82.426165002511,
    9.407443870945));
#3200 = CARTESIAN_POINT('',(22.576560850113,82.787317106889,
    8.432029466995));
#3201 = CARTESIAN_POINT('',(21.546716938434,83.145654120934,
    7.488270722269));
#3202 = CARTESIAN_POINT('',(20.450243780007,83.496302928132,
    6.580376166205));
#3203 = CARTESIAN_POINT('',(18.548105721921,84.046588056376,
    5.166318102018));
#3204 = CARTESIAN_POINT('',(17.783801426852,84.254347488636,
    4.635172602297));
#3205 = CARTESIAN_POINT('',(16.991242679418,84.455282360858,
    4.121959574979));
#3206 = CARTESIAN_POINT('',(16.17001886787,84.647747883358,3.62840531864
    ));
#3207 = CARTESIAN_POINT('',(15.31979326793,84.829960953643,
    3.156427567555));
#3208 = CARTESIAN_POINT('',(14.440303405553,85.0000006,2.708135898488));
#3209 = PCURVE('',#1442,#3210);
#3210 = DEFINITIONAL_REPRESENTATION('',(#3211),#3234);
#3211 = B_SPLINE_CURVE_WITH_KNOTS('',6,(#3212,#3213,#3214,#3215,#3216,
    #3217,#3218,#3219,#3220,#3221,#3222,#3223,#3224,#3225,#3226,#3227,
    #3228,#3229,#3230,#3231,#3232,#3233),.UNSPECIFIED.,.F.,.F.,(7,5,5,5,
    7),(0.,8.109174819263E-02,0.403486297642,0.769021702209,
    0.999999864162),.UNSPECIFIED.);
#3212 = CARTESIAN_POINT('',(7.364879476604,-11.31231725811));
#3213 = CARTESIAN_POINT('',(7.367317665381,-11.56740319103));
#3214 = CARTESIAN_POINT('',(7.369807181158,-11.82162562537));
#3215 = CARTESIAN_POINT('',(7.372347856452,-12.07496548783));
#3216 = CARTESIAN_POINT('',(7.374939540144,-12.32740369413));
#3217 = CARTESIAN_POINT('',(7.377582097484,-12.57892114902));
#3218 = CARTESIAN_POINT('',(7.39098314943,-13.82571418591));
#3219 = CARTESIAN_POINT('',(7.402490934522,-14.80686991337));
#3220 = CARTESIAN_POINT('',(7.414793631121,-15.77203594148));
#3221 = CARTESIAN_POINT('',(7.427889938389,-16.72003640086));
#3222 = CARTESIAN_POINT('',(7.44178229115,-17.64937682716));
#3223 = CARTESIAN_POINT('',(7.473137556854,-19.58857537433));
#3224 = CARTESIAN_POINT('',(7.490829339151,-20.59255612905));
#3225 = CARTESIAN_POINT('',(7.509570729241,-21.567970533));
#3226 = CARTESIAN_POINT('',(7.529387515082,-22.51172927773));
#3227 = CARTESIAN_POINT('',(7.550309851899,-23.41962383379));
#3228 = CARTESIAN_POINT('',(7.586312336334,-24.83368157597));
#3229 = CARTESIAN_POINT('',(7.60071113808,-25.36482677297));
#3230 = CARTESIAN_POINT('',(7.615573820841,-25.87803951956));
#3231 = CARTESIAN_POINT('',(7.630905709878,-26.37159352032));
#3232 = CARTESIAN_POINT('',(7.646712161522,-26.84357104459));
#3233 = CARTESIAN_POINT('',(7.662998999654,-27.29186251967));
#3234 = ( GEOMETRIC_REPRESENTATION_CONTEXT(2) 
PARAMETRIC_REPRESENTATION_CONTEXT() REPRESENTATION_CONTEXT('2D SPACE',''
  ) );
#3235 = PCURVE('',#3236,#3241);
#3236 = CYLINDRICAL_SURFACE('',#3237,34.);
#3237 = AXIS2_PLACEMENT_3D('',#3238,#3239,#3240);
#3238 = CARTESIAN_POINT('',(-1.,33.,33.));
#3239 = DIRECTION('',(-0.,-1.,-0.));
#3240 = DIRECTION('',(0.,0.,1.));
#3241 = DEFINITIONAL_REPRESENTATION('',(#3242),#3265);
#3242 = B_SPLINE_CURVE_WITH_KNOTS('',6,(#3243,#3244,#3245,#3246,#3247,
    #3248,#3249,#3250,#3251,#3252,#3253,#3254,#3255,#3256,#3257,#3258,
    #3259,#3260,#3261,#3262,#3263,#3264),.UNSPECIFIED.,.F.,.F.,(7,5,5,5,
    7),(0.,8.109174819263E-02,0.403486297642,0.769021702209,1.),
  .UNSPECIFIED.);
#3243 = CARTESIAN_POINT('',(-2.005289264483,-46.55152779975));
#3244 = CARTESIAN_POINT('',(-2.013560307396,-46.61453265227));
#3245 = CARTESIAN_POINT('',(-2.021841449027,-46.6785174796));
#3246 = CARTESIAN_POINT('',(-2.030133261696,-46.74344995316));
#3247 = CARTESIAN_POINT('',(-2.038436343452,-46.80929720607));
#3248 = CARTESIAN_POINT('',(-2.046751318071,-46.87602583312));
#3249 = CARTESIAN_POINT('',(-2.088186347815,-47.21226242834));
#3250 = CARTESIAN_POINT('',(-2.12148531224,-47.4942628423));
#3251 = CARTESIAN_POINT('',(-2.155025216946,-47.78752981094));
#3252 = CARTESIAN_POINT('',(-2.188855724723,-48.0898404323));
#3253 = CARTESIAN_POINT('',(-2.223027601405,-48.39876963701));
#3254 = CARTESIAN_POINT('',(-2.296785103293,-49.06637163129));
#3255 = CARTESIAN_POINT('',(-2.336482894236,-49.42616500251));
#3256 = CARTESIAN_POINT('',(-2.376787031778,-49.78731710689));
#3257 = CARTESIAN_POINT('',(-2.41779606794,-50.14565412093));
#3258 = CARTESIAN_POINT('',(-2.459608212007,-50.49630292813));
#3259 = CARTESIAN_POINT('',(-2.529318992431,-51.04658805637));
#3260 = CARTESIAN_POINT('',(-2.556679719244,-51.25434748863));
#3261 = CARTESIAN_POINT('',(-2.584428123843,-51.45528236085));
#3262 = CARTESIAN_POINT('',(-2.612583773711,-51.64774788335));
#3263 = CARTESIAN_POINT('',(-2.64116716955,-51.82996095364));
#3264 = CARTESIAN_POINT('',(-2.670201033542,-52.0000006));
#3265 = ( GEOMETRIC_REPRESENTATION_CONTEXT(2) 
PARAMETRIC_REPRESENTATION_CONTEXT() REPRESENTATION_CONTEXT('2D SPACE',''
  ) );
#3266 = ORIENTED_EDGE('',*,*,#3267,.F.);
#3267 = EDGE_CURVE('',#3268,#3183,#3270,.T.);
#3268 = VERTEX_POINT('',#3269);
#3269 = CARTESIAN_POINT('',(14.440306508911,85.,-4.));
#3270 = SURFACE_CURVE('',#3271,(#3275,#3281),.PCURVE_S1.);
#3271 = LINE('',#3272,#3273);
#3272 = CARTESIAN_POINT('',(14.440306508911,85.,30.));
#3273 = VECTOR('',#3274,1.);
#3274 = DIRECTION('',(0.,0.,1.));
#3275 = PCURVE('',#1442,#3276);
#3276 = DEFINITIONAL_REPRESENTATION('',(#3277),#3280);
#3277 = B_SPLINE_CURVE_WITH_KNOTS('',1,(#3278,#3279),.UNSPECIFIED.,.F.,
  .F.,(2,2),(-34.,-27.29186251967),.PIECEWISE_BEZIER_KNOTS.);
#3278 = CARTESIAN_POINT('',(7.662998999654,-34.));
#3279 = CARTESIAN_POINT('',(7.662998999654,-27.29186251967));
#3280 = ( GEOMETRIC_REPRESENTATION_CONTEXT(2) 
PARAMETRIC_REPRESENTATION_CONTEXT() REPRESENTATION_CONTEXT('2D SPACE',''
  ) );
#3281 = PCURVE('',#3282,#3287);
#3282 = PLANE('',#3283);
#3283 = AXIS2_PLACEMENT_3D('',#3284,#3285,#3286);
#3284 = CARTESIAN_POINT('',(-0.258071170597,85.,23.516742001794));
#3285 = DIRECTION('',(0.,1.,0.));
#3286 = DIRECTION('',(0.,0.,1.));
#3287 = DEFINITIONAL_REPRESENTATION('',(#3288),#3291);
#3288 = B_SPLINE_CURVE_WITH_KNOTS('',1,(#3289,#3290),.UNSPECIFIED.,.F.,
  .F.,(2,2),(-34.0000006,-6.443548983929),.PIECEWISE_BEZIER_KNOTS.);
#3289 = CARTESIAN_POINT('',(-27.51674260179,14.698377679507));
#3290 = CARTESIAN_POINT('',(3.9709014277E-02,14.698377679507));
#3291 = ( GEOMETRIC_REPRESENTATION_CONTEXT(2) 
PARAMETRIC_REPRESENTATION_CONTEXT() REPRESENTATION_CONTEXT('2D SPACE',''
  ) );
#3292 = ORIENTED_EDGE('',*,*,#3293,.T.);
#3293 = EDGE_CURVE('',#3268,#3294,#3296,.T.);
#3294 = VERTEX_POINT('',#3295);
#3295 = CARTESIAN_POINT('',(-6.440306508911,85.,-4.));
#3296 = SURFACE_CURVE('',#3297,(#3302,#3308),.PCURVE_S1.);
#3297 = CIRCLE('',#3298,55.);
#3298 = AXIS2_PLACEMENT_3D('',#3299,#3300,#3301);
#3299 = CARTESIAN_POINT('',(4.,31.,-4.));
#3300 = DIRECTION('',(0.,0.,1.));
#3301 = DIRECTION('',(1.,0.,0.));
#3302 = PCURVE('',#1442,#3303);
#3303 = DEFINITIONAL_REPRESENTATION('',(#3304),#3307);
#3304 = B_SPLINE_CURVE_WITH_KNOTS('',1,(#3305,#3306),.UNSPECIFIED.,.F.,
  .F.,(2,2),(1.379813692474,1.761778961116),.PIECEWISE_BEZIER_KNOTS.);
#3305 = CARTESIAN_POINT('',(7.662998999654,-34.));
#3306 = CARTESIAN_POINT('',(8.044964268295,-34.));
#3307 = ( GEOMETRIC_REPRESENTATION_CONTEXT(2) 
PARAMETRIC_REPRESENTATION_CONTEXT() REPRESENTATION_CONTEXT('2D SPACE',''
  ) );
#3308 = PCURVE('',#3309,#3314);
#3309 = PLANE('',#3310);
#3310 = AXIS2_PLACEMENT_3D('',#3311,#3312,#3313);
#3311 = CARTESIAN_POINT('',(4.,31.,-4.));
#3312 = DIRECTION('',(0.,0.,1.));
#3313 = DIRECTION('',(1.,0.,0.));
#3314 = DEFINITIONAL_REPRESENTATION('',(#3315),#3319);
#3315 = CIRCLE('',#3316,55.);
#3316 = AXIS2_PLACEMENT_2D('',#3317,#3318);
#3317 = CARTESIAN_POINT('',(3.182406126637E-15,-4.119626454838E-15));
#3318 = DIRECTION('',(1.,0.));
#3319 = ( GEOMETRIC_REPRESENTATION_CONTEXT(2) 
PARAMETRIC_REPRESENTATION_CONTEXT() REPRESENTATION_CONTEXT('2D SPACE',''
  ) );
#3320 = ORIENTED_EDGE('',*,*,#3321,.T.);
#3321 = EDGE_CURVE('',#3294,#3322,#3324,.T.);
#3322 = VERTEX_POINT('',#3323);
#3323 = CARTESIAN_POINT('',(-6.440306508911,85.,-0.561928804661));
#3324 = SURFACE_CURVE('',#3325,(#3329,#3335),.PCURVE_S1.);
#3325 = LINE('',#3326,#3327);
#3326 = CARTESIAN_POINT('',(-6.440306508911,85.,30.));
#3327 = VECTOR('',#3328,1.);
#3328 = DIRECTION('',(0.,0.,1.));
#3329 = PCURVE('',#1442,#3330);
#3330 = DEFINITIONAL_REPRESENTATION('',(#3331),#3334);
#3331 = B_SPLINE_CURVE_WITH_KNOTS('',1,(#3332,#3333),.UNSPECIFIED.,.F.,
  .F.,(2,2),(-34.,-30.56192880466),.PIECEWISE_BEZIER_KNOTS.);
#3332 = CARTESIAN_POINT('',(8.044964268295,-34.));
#3333 = CARTESIAN_POINT('',(8.044964268295,-30.56192880466));
#3334 = ( GEOMETRIC_REPRESENTATION_CONTEXT(2) 
PARAMETRIC_REPRESENTATION_CONTEXT() REPRESENTATION_CONTEXT('2D SPACE',''
  ) );
#3335 = PCURVE('',#3282,#3336);
#3336 = DEFINITIONAL_REPRESENTATION('',(#3337),#3340);
#3337 = B_SPLINE_CURVE_WITH_KNOTS('',1,(#3338,#3339),.UNSPECIFIED.,.F.,
  .F.,(2,2),(-34.0000006,-6.443548983929),.PIECEWISE_BEZIER_KNOTS.);
#3338 = CARTESIAN_POINT('',(-27.51674260179,-6.182235338314));
#3339 = CARTESIAN_POINT('',(3.9709014277E-02,-6.182235338314));
#3340 = ( GEOMETRIC_REPRESENTATION_CONTEXT(2) 
PARAMETRIC_REPRESENTATION_CONTEXT() REPRESENTATION_CONTEXT('2D SPACE',''
  ) );
#3341 = ORIENTED_EDGE('',*,*,#3342,.T.);
#3342 = EDGE_CURVE('',#3322,#3343,#3345,.T.);
#3343 = VERTEX_POINT('',#3344);
#3344 = CARTESIAN_POINT('',(-21.87706355731,79.532232399205,
    6.164422547229));
#3345 = SURFACE_CURVE('',#3346,(#3365,#3387),.PCURVE_S1.);
#3346 = B_SPLINE_CURVE_WITH_KNOTS('',5,(#3347,#3348,#3349,#3350,#3351,
    #3352,#3353,#3354,#3355,#3356,#3357,#3358,#3359,#3360,#3361,#3362,
    #3363,#3364),.UNSPECIFIED.,.F.,.F.,(6,4,4,4,6),(0.,0.233512955956,
    0.399333795949,0.650244438251,1.),.UNSPECIFIED.);
#3347 = CARTESIAN_POINT('',(-6.440303405553,85.0000006,-0.561929307707)
  );
#3348 = CARTESIAN_POINT('',(-7.320725656306,84.829780686653,
    -0.419215099439));
#3349 = CARTESIAN_POINT('',(-8.18582877505,84.643908716742,
    -0.249355566362));
#3350 = CARTESIAN_POINT('',(-9.034100438275,84.443679188572,
    -5.402837167642E-02));
#3351 = CARTESIAN_POINT('',(-9.864136325664,84.230564333438,
    0.164929294256));
#3352 = CARTESIAN_POINT('',(-11.25018030614,83.846841368454,
    0.576332091697));
#3353 = CARTESIAN_POINT('',(-11.81599549839,83.681786166816,
    0.758098870906));
#3354 = CARTESIAN_POINT('',(-12.37192865806,83.511499449312,
    0.95018304835));
#3355 = CARTESIAN_POINT('',(-12.91785363666,83.336464118864,
    1.151980437242));
#3356 = CARTESIAN_POINT('',(-14.26443512134,82.885849330825,
    1.682050524405));
#3357 = CARTESIAN_POINT('',(-15.05203713908,82.604771282361,
    2.022079434908));
#3358 = CARTESIAN_POINT('',(-15.81666817171,82.31540839254,2.3811481326)
  );
#3359 = CARTESIAN_POINT('',(-16.55861041414,82.019139012774,
    2.757620751414));
#3360 = CARTESIAN_POINT('',(-18.28134478283,81.296371902962,
    3.697088835775));
#3361 = CARTESIAN_POINT('',(-19.24122875402,80.864490194573,
    4.275215920329));
#3362 = CARTESIAN_POINT('',(-20.15936951345,80.424775554433,
    4.880833635929));
#3363 = CARTESIAN_POINT('',(-21.03743404207,79.979917272878,
    5.511222563539));
#3364 = CARTESIAN_POINT('',(-21.87706355731,79.532232399205,
    6.164422547229));
#3365 = PCURVE('',#1442,#3366);
#3366 = DEFINITIONAL_REPRESENTATION('',(#3367),#3386);
#3367 = B_SPLINE_CURVE_WITH_KNOTS('',5,(#3368,#3369,#3370,#3371,#3372,
    #3373,#3374,#3375,#3376,#3377,#3378,#3379,#3380,#3381,#3382,#3383,
    #3384,#3385),.UNSPECIFIED.,.F.,.F.,(6,4,4,4,6),(1.646196981488E-07,
    0.233512955956,0.399333795949,0.650244438251,1.),.UNSPECIFIED.);
#3368 = CARTESIAN_POINT('',(8.044964268295,-30.56192880466));
#3369 = CARTESIAN_POINT('',(8.061268371756,-30.41921462045));
#3370 = CARTESIAN_POINT('',(8.077353029581,-30.24935515326));
#3371 = CARTESIAN_POINT('',(8.093195812517,-30.05402806295));
#3372 = CARTESIAN_POINT('',(8.108774120947,-29.83507053615));
#3373 = CARTESIAN_POINT('',(8.134922834389,-29.4236679083));
#3374 = CARTESIAN_POINT('',(8.145638150085,-29.24190112909));
#3375 = CARTESIAN_POINT('',(8.156208348307,-29.04981695165));
#3376 = CARTESIAN_POINT('',(8.166631128028,-28.84801956275));
#3377 = CARTESIAN_POINT('',(8.192448896156,-28.31794947559));
#3378 = CARTESIAN_POINT('',(8.207650525489,-27.97792056509));
#3379 = CARTESIAN_POINT('',(8.222511714973,-27.6188518674));
#3380 = CARTESIAN_POINT('',(8.237035132949,-27.24237924858));
#3381 = CARTESIAN_POINT('',(8.271002574823,-26.30291116422));
#3382 = CARTESIAN_POINT('',(8.290133926965,-25.72478407967));
#3383 = CARTESIAN_POINT('',(8.308636610124,-25.11916636407));
#3384 = CARTESIAN_POINT('',(8.326529518893,-24.48877743646));
#3385 = CARTESIAN_POINT('',(8.343829970031,-23.83557745277));
#3386 = ( GEOMETRIC_REPRESENTATION_CONTEXT(2) 
PARAMETRIC_REPRESENTATION_CONTEXT() REPRESENTATION_CONTEXT('2D SPACE',''
  ) );
#3387 = PCURVE('',#3388,#3393);
#3388 = CYLINDRICAL_SURFACE('',#3389,34.);
#3389 = AXIS2_PLACEMENT_3D('',#3390,#3391,#3392);
#3390 = CARTESIAN_POINT('',(-1.,33.,33.));
#3391 = DIRECTION('',(-0.,-1.,-0.));
#3392 = DIRECTION('',(0.,0.,1.));
#3393 = DEFINITIONAL_REPRESENTATION('',(#3394),#3413);
#3394 = B_SPLINE_CURVE_WITH_KNOTS('',5,(#3395,#3396,#3397,#3398,#3399,
    #3400,#3401,#3402,#3403,#3404,#3405,#3406,#3407,#3408,#3409,#3410,
    #3411,#3412),.UNSPECIFIED.,.F.,.F.,(6,4,4,4,6),(0.,0.233512955956,
    0.399333795949,0.650244438251,1.),.UNSPECIFIED.);
#3395 = CARTESIAN_POINT('',(-3.302292346705,-52.0000006));
#3396 = CARTESIAN_POINT('',(-3.328525113084,-51.82978068665));
#3397 = CARTESIAN_POINT('',(-3.354440872916,-51.64390871674));
#3398 = CARTESIAN_POINT('',(-3.380025426015,-51.44367918857));
#3399 = CARTESIAN_POINT('',(-3.405261532733,-51.23056433343));
#3400 = CARTESIAN_POINT('',(-3.447785393098,-50.84684136845));
#3401 = CARTESIAN_POINT('',(-3.465260306373,-50.68178616681));
#3402 = CARTESIAN_POINT('',(-3.482554379364,-50.51149944931));
#3403 = CARTESIAN_POINT('',(-3.499669094004,-50.33646411886));
#3404 = CARTESIAN_POINT('',(-3.542232460079,-49.88584933082));
#3405 = CARTESIAN_POINT('',(-3.567450500069,-49.60477128236));
#3406 = CARTESIAN_POINT('',(-3.592280044328,-49.31540839254));
#3407 = CARTESIAN_POINT('',(-3.616739594675,-49.01913901277));
#3408 = CARTESIAN_POINT('',(-3.674452746962,-48.29637190296));
#3409 = CARTESIAN_POINT('',(-3.707379548929,-47.86449019457));
#3410 = CARTESIAN_POINT('',(-3.739694577761,-47.42477555443));
#3411 = CARTESIAN_POINT('',(-3.771462766573,-46.97991727287));
#3412 = CARTESIAN_POINT('',(-3.802750690849,-46.5322323992));
#3413 = ( GEOMETRIC_REPRESENTATION_CONTEXT(2) 
PARAMETRIC_REPRESENTATION_CONTEXT() REPRESENTATION_CONTEXT('2D SPACE',''
  ) );
#3414 = ORIENTED_EDGE('',*,*,#3415,.F.);
#3415 = EDGE_CURVE('',#3416,#3343,#3418,.T.);
#3416 = VERTEX_POINT('',#3417);
#3417 = CARTESIAN_POINT('',(-17.41463414634,81.659781329753,-4.));
#3418 = SURFACE_CURVE('',#3419,(#3424,#3434),.PCURVE_S1.);
#3419 = ELLIPSE('',#3420,136.81930274978,55.);
#3420 = AXIS2_PLACEMENT_3D('',#3421,#3422,#3423);
#3421 = CARTESIAN_POINT('',(4.,31.,-52.77777777777));
#3422 = DIRECTION('',(0.915644030191,0.,0.401990062035));
#3423 = DIRECTION('',(-0.401990062035,0.,0.915644030191));
#3424 = PCURVE('',#1442,#3425);
#3425 = DEFINITIONAL_REPRESENTATION('',(#3426),#3433);
#3426 = B_SPLINE_CURVE_WITH_KNOTS('',5,(#3427,#3428,#3429,#3430,#3431,
    #3432),.UNSPECIFIED.,.F.,.F.,(6,6),(5.112322364855,5.202237316442),
  .PIECEWISE_BEZIER_KNOTS.);
#3427 = CARTESIAN_POINT('',(8.253915018445,-34.));
#3428 = CARTESIAN_POINT('',(8.271898008762,-31.92491174209));
#3429 = CARTESIAN_POINT('',(8.28988099908,-29.8695411625));
#3430 = CARTESIAN_POINT('',(8.307863989397,-27.8352863145));
#3431 = CARTESIAN_POINT('',(8.325846979714,-25.82351863518));
#3432 = CARTESIAN_POINT('',(8.343829970031,-23.83557745254));
#3433 = ( GEOMETRIC_REPRESENTATION_CONTEXT(2) 
PARAMETRIC_REPRESENTATION_CONTEXT() REPRESENTATION_CONTEXT('2D SPACE',''
  ) );
#3434 = PCURVE('',#1810,#3435);
#3435 = DEFINITIONAL_REPRESENTATION('',(#3436),#3440);
#3436 = ELLIPSE('',#3437,136.81930274978,55.);
#3437 = AXIS2_PLACEMENT_2D('',#3438,#3439);
#3438 = CARTESIAN_POINT('',(-24.87623686359,2.));
#3439 = DIRECTION('',(1.,0.));
#3440 = ( GEOMETRIC_REPRESENTATION_CONTEXT(2) 
PARAMETRIC_REPRESENTATION_CONTEXT() REPRESENTATION_CONTEXT('2D SPACE',''
  ) );
#3441 = ORIENTED_EDGE('',*,*,#3442,.T.);
#3442 = EDGE_CURVE('',#3416,#2607,#3443,.T.);
#3443 = SURFACE_CURVE('',#3444,(#3449,#3455),.PCURVE_S1.);
#3444 = CIRCLE('',#3445,55.);
#3445 = AXIS2_PLACEMENT_3D('',#3446,#3447,#3448);
#3446 = CARTESIAN_POINT('',(4.,31.,-4.));
#3447 = DIRECTION('',(0.,0.,1.));
#3448 = DIRECTION('',(1.,0.,0.));
#3449 = PCURVE('',#1442,#3450);
#3450 = DEFINITIONAL_REPRESENTATION('',(#3451),#3454);
#3451 = B_SPLINE_CURVE_WITH_KNOTS('',1,(#3452,#3453),.UNSPECIFIED.,.F.,
  .F.,(2,2),(1.970729711266,4.188790204786),.PIECEWISE_BEZIER_KNOTS.);
#3452 = CARTESIAN_POINT('',(8.253915018445,-34.));
#3453 = CARTESIAN_POINT('',(10.471975511966,-34.));
#3454 = ( GEOMETRIC_REPRESENTATION_CONTEXT(2) 
PARAMETRIC_REPRESENTATION_CONTEXT() REPRESENTATION_CONTEXT('2D SPACE',''
  ) );
#3455 = PCURVE('',#2648,#3456);
#3456 = DEFINITIONAL_REPRESENTATION('',(#3457),#3461);
#3457 = CIRCLE('',#3458,55.);
#3458 = AXIS2_PLACEMENT_2D('',#3459,#3460);
#3459 = CARTESIAN_POINT('',(3.182406126637E-15,-4.119626454838E-15));
#3460 = DIRECTION('',(1.,0.));
#3461 = ( GEOMETRIC_REPRESENTATION_CONTEXT(2) 
PARAMETRIC_REPRESENTATION_CONTEXT() REPRESENTATION_CONTEXT('2D SPACE',''
  ) );
#3462 = ORIENTED_EDGE('',*,*,#2606,.T.);
#3463 = ORIENTED_EDGE('',*,*,#2505,.T.);
#3464 = ORIENTED_EDGE('',*,*,#1425,.T.);
#3465 = ADVANCED_FACE('',(#3466),#1414,.T.);
#3466 = FACE_BOUND('',#3467,.T.);
#3467 = EDGE_LOOP('',(#3468,#3469,#3470,#3471));
#3468 = ORIENTED_EDGE('',*,*,#2028,.T.);
#3469 = ORIENTED_EDGE('',*,*,#3039,.F.);
#3470 = ORIENTED_EDGE('',*,*,#1399,.T.);
#3471 = ORIENTED_EDGE('',*,*,#3472,.T.);
#3472 = EDGE_CURVE('',#1368,#2029,#3473,.T.);
#3473 = SURFACE_CURVE('',#3474,(#3479,#3490),.PCURVE_S1.);
#3474 = CIRCLE('',#3475,54.);
#3475 = AXIS2_PLACEMENT_3D('',#3476,#3477,#3478);
#3476 = CARTESIAN_POINT('',(4.,31.,30.));
#3477 = DIRECTION('',(-0.,0.,-1.));
#3478 = DIRECTION('',(-0.463524130191,-0.886084296628,0.));
#3479 = PCURVE('',#1414,#3480);
#3480 = DEFINITIONAL_REPRESENTATION('',(#3481),#3489);
#3481 = ( BOUNDED_CURVE() B_SPLINE_CURVE(2,(#3482,#3483,#3484,#3485,
#3486,#3487,#3488),.UNSPECIFIED.,.T.,.F.) B_SPLINE_CURVE_WITH_KNOTS((1,2
    ,2,2,2,1),(-2.094395102393,0.,2.094395102393,4.188790204786,
6.28318530718,8.377580409573),.UNSPECIFIED.) CURVE() 
GEOMETRIC_REPRESENTATION_ITEM() RATIONAL_B_SPLINE_CURVE((1.,0.5,1.,0.5,
1.,0.5,1.)) REPRESENTATION_ITEM('') );
#3482 = CARTESIAN_POINT('',(-25.0303030303,-47.84855201791));
#3483 = CARTESIAN_POINT('',(-107.9064261939,-4.494795440586));
#3484 = CARTESIAN_POINT('',(-28.92291006666,45.601154297623));
#3485 = CARTESIAN_POINT('',(50.060606060606,95.697104035832));
#3486 = CARTESIAN_POINT('',(53.953213096968,2.247397720293));
#3487 = CARTESIAN_POINT('',(57.84582013333,-91.20230859524));
#3488 = CARTESIAN_POINT('',(-25.0303030303,-47.84855201791));
#3489 = ( GEOMETRIC_REPRESENTATION_CONTEXT(2) 
PARAMETRIC_REPRESENTATION_CONTEXT() REPRESENTATION_CONTEXT('2D SPACE',''
  ) );
#3490 = PCURVE('',#1384,#3491);
#3491 = DEFINITIONAL_REPRESENTATION('',(#3492),#3496);
#3492 = LINE('',#3493,#3494);
#3493 = CARTESIAN_POINT('',(10.513606012186,0.));
#3494 = VECTOR('',#3495,1.);
#3495 = DIRECTION('',(-1.,-0.));
#3496 = ( GEOMETRIC_REPRESENTATION_CONTEXT(2) 
PARAMETRIC_REPRESENTATION_CONTEXT() REPRESENTATION_CONTEXT('2D SPACE',''
  ) );
#3497 = ADVANCED_FACE('',(#3498),#1384,.F.);
#3498 = FACE_BOUND('',#3499,.F.);
#3499 = EDGE_LOOP('',(#3500,#3501,#3502,#3503,#3504,#3532,#3553,#3585,
    #3610,#3611,#3638,#3659,#3660,#3685));
#3500 = ORIENTED_EDGE('',*,*,#3472,.T.);
#3501 = ORIENTED_EDGE('',*,*,#2049,.T.);
#3502 = ORIENTED_EDGE('',*,*,#1872,.T.);
#3503 = ORIENTED_EDGE('',*,*,#2367,.T.);
#3504 = ORIENTED_EDGE('',*,*,#3505,.F.);
#3505 = EDGE_CURVE('',#3506,#2368,#3508,.T.);
#3506 = VERTEX_POINT('',#3507);
#3507 = CARTESIAN_POINT('',(42.,69.366652186502,-4.));
#3508 = SURFACE_CURVE('',#3509,(#3514,#3521),.PCURVE_S1.);
#3509 = CIRCLE('',#3510,54.);
#3510 = AXIS2_PLACEMENT_3D('',#3511,#3512,#3513);
#3511 = CARTESIAN_POINT('',(4.,31.,-4.));
#3512 = DIRECTION('',(0.,0.,-1.));
#3513 = DIRECTION('',(0.703703703704,0.710493559009,0.));
#3514 = PCURVE('',#1384,#3515);
#3515 = DEFINITIONAL_REPRESENTATION('',(#3516),#3520);
#3516 = LINE('',#3517,#3518);
#3517 = CARTESIAN_POINT('',(7.073384641752,-34.));
#3518 = VECTOR('',#3519,1.);
#3519 = DIRECTION('',(-1.,-0.));
#3520 = ( GEOMETRIC_REPRESENTATION_CONTEXT(2) 
PARAMETRIC_REPRESENTATION_CONTEXT() REPRESENTATION_CONTEXT('2D SPACE',''
  ) );
#3521 = PCURVE('',#2409,#3522);
#3522 = DEFINITIONAL_REPRESENTATION('',(#3523),#3531);
#3523 = ( BOUNDED_CURVE() B_SPLINE_CURVE(2,(#3524,#3525,#3526,#3527,
#3528,#3529,#3530),.UNSPECIFIED.,.T.,.F.) B_SPLINE_CURVE_WITH_KNOTS((1,2
    ,2,2,2,1),(-2.094395102393,0.,2.094395102393,4.188790204786,
6.28318530718,8.377580409573),.UNSPECIFIED.) CURVE() 
GEOMETRIC_REPRESENTATION_ITEM() RATIONAL_B_SPLINE_CURVE((1.,0.5,1.,0.5,
1.,0.5,1.)) REPRESENTATION_ITEM('') );
#3524 = CARTESIAN_POINT('',(38.,38.366652186502));
#3525 = CARTESIAN_POINT('',(104.45299090334,-27.45127850111));
#3526 = CARTESIAN_POINT('',(14.226495451672,-52.09229143706));
#3527 = CARTESIAN_POINT('',(-76.,-76.733304373));
#3528 = CARTESIAN_POINT('',(-52.22649545167,13.725639250558));
#3529 = CARTESIAN_POINT('',(-28.45299090334,104.18458287411));
#3530 = CARTESIAN_POINT('',(38.,38.366652186502));
#3531 = ( GEOMETRIC_REPRESENTATION_CONTEXT(2) 
PARAMETRIC_REPRESENTATION_CONTEXT() REPRESENTATION_CONTEXT('2D SPACE',''
  ) );
#3532 = ORIENTED_EDGE('',*,*,#3533,.T.);
#3533 = EDGE_CURVE('',#3506,#3534,#3536,.T.);
#3534 = VERTEX_POINT('',#3535);
#3535 = CARTESIAN_POINT('',(42.,69.366652186502,-1.));
#3536 = SURFACE_CURVE('',#3537,(#3541,#3547),.PCURVE_S1.);
#3537 = LINE('',#3538,#3539);
#3538 = CARTESIAN_POINT('',(42.,69.366652186502,30.));
#3539 = VECTOR('',#3540,1.);
#3540 = DIRECTION('',(0.,0.,1.));
#3541 = PCURVE('',#1384,#3542);
#3542 = DEFINITIONAL_REPRESENTATION('',(#3543),#3546);
#3543 = B_SPLINE_CURVE_WITH_KNOTS('',1,(#3544,#3545),.UNSPECIFIED.,.F.,
  .F.,(2,2),(-34.,-31.),.PIECEWISE_BEZIER_KNOTS.);
#3544 = CARTESIAN_POINT('',(7.073384641752,-34.));
#3545 = CARTESIAN_POINT('',(7.073384641752,-31.));
#3546 = ( GEOMETRIC_REPRESENTATION_CONTEXT(2) 
PARAMETRIC_REPRESENTATION_CONTEXT() REPRESENTATION_CONTEXT('2D SPACE',''
  ) );
#3547 = PCURVE('',#3107,#3548);
#3548 = DEFINITIONAL_REPRESENTATION('',(#3549),#3552);
#3549 = B_SPLINE_CURVE_WITH_KNOTS('',1,(#3550,#3551),.UNSPECIFIED.,.F.,
  .F.,(2,2),(-34.0000006,-30.6),.PIECEWISE_BEZIER_KNOTS.);
#3550 = CARTESIAN_POINT('',(3.0000006,-36.3666521865));
#3551 = CARTESIAN_POINT('',(-0.4,-36.3666521865));
#3552 = ( GEOMETRIC_REPRESENTATION_CONTEXT(2) 
PARAMETRIC_REPRESENTATION_CONTEXT() REPRESENTATION_CONTEXT('2D SPACE',''
  ) );
#3553 = ORIENTED_EDGE('',*,*,#3554,.T.);
#3554 = EDGE_CURVE('',#3534,#3555,#3557,.T.);
#3555 = VERTEX_POINT('',#3556);
#3556 = CARTESIAN_POINT('',(37.,73.743420546325,-1.));
#3557 = SURFACE_CURVE('',#3558,(#3563,#3569),.PCURVE_S1.);
#3558 = CIRCLE('',#3559,54.);
#3559 = AXIS2_PLACEMENT_3D('',#3560,#3561,#3562);
#3560 = CARTESIAN_POINT('',(4.,31.,-1.));
#3561 = DIRECTION('',(0.,0.,1.));
#3562 = DIRECTION('',(1.,0.,-0.));
#3563 = PCURVE('',#1384,#3564);
#3564 = DEFINITIONAL_REPRESENTATION('',(#3565),#3568);
#3565 = B_SPLINE_CURVE_WITH_KNOTS('',1,(#3566,#3567),.UNSPECIFIED.,.F.,
  .F.,(2,2),(0.790199334573,0.913332770413),.PIECEWISE_BEZIER_KNOTS.);
#3566 = CARTESIAN_POINT('',(7.073384641752,-31.));
#3567 = CARTESIAN_POINT('',(7.196518077593,-31.));
#3568 = ( GEOMETRIC_REPRESENTATION_CONTEXT(2) 
PARAMETRIC_REPRESENTATION_CONTEXT() REPRESENTATION_CONTEXT('2D SPACE',''
  ) );
#3569 = PCURVE('',#3570,#3575);
#3570 = PLANE('',#3571);
#3571 = AXIS2_PLACEMENT_3D('',#3572,#3573,#3574);
#3572 = CARTESIAN_POINT('',(37.,33.,-1.));
#3573 = DIRECTION('',(0.,0.,-1.));
#3574 = DIRECTION('',(1.,0.,0.));
#3575 = DEFINITIONAL_REPRESENTATION('',(#3576),#3584);
#3576 = ( BOUNDED_CURVE() B_SPLINE_CURVE(2,(#3577,#3578,#3579,#3580,
#3581,#3582,#3583),.UNSPECIFIED.,.T.,.F.) B_SPLINE_CURVE_WITH_KNOTS((1,2
    ,2,2,2,1),(-2.094395102393,0.,2.094395102393,4.188790204786,
6.28318530718,8.377580409573),.UNSPECIFIED.) CURVE() 
GEOMETRIC_REPRESENTATION_ITEM() RATIONAL_B_SPLINE_CURVE((1.,0.5,1.,0.5,
1.,0.5,1.)) REPRESENTATION_ITEM('') );
#3577 = CARTESIAN_POINT('',(21.,2.));
#3578 = CARTESIAN_POINT('',(21.,-91.53074360871));
#3579 = CARTESIAN_POINT('',(-60.,-44.76537180436));
#3580 = CARTESIAN_POINT('',(-141.,2.));
#3581 = CARTESIAN_POINT('',(-60.,48.76537180436));
#3582 = CARTESIAN_POINT('',(21.,95.530743608719));
#3583 = CARTESIAN_POINT('',(21.,2.));
#3584 = ( GEOMETRIC_REPRESENTATION_CONTEXT(2) 
PARAMETRIC_REPRESENTATION_CONTEXT() REPRESENTATION_CONTEXT('2D SPACE',''
  ) );
#3585 = ORIENTED_EDGE('',*,*,#3586,.F.);
#3586 = EDGE_CURVE('',#1514,#3555,#3587,.T.);
#3587 = SURFACE_CURVE('',#3588,(#3593,#3603),.PCURVE_S1.);
#3588 = ELLIPSE('',#3589,158.01344879471,54.);
#3589 = AXIS2_PLACEMENT_3D('',#3590,#3591,#3592);
#3590 = CARTESIAN_POINT('',(4.,31.,89.75));
#3591 = DIRECTION('',(-0.939793423488,0.,-0.341743063087));
#3592 = DIRECTION('',(-0.341743063087,0.,0.939793423488));
#3593 = PCURVE('',#1384,#3594);
#3594 = DEFINITIONAL_REPRESENTATION('',(#3595),#3602);
#3595 = B_SPLINE_CURVE_WITH_KNOTS('',5,(#3596,#3597,#3598,#3599,#3600,
    #3601),.UNSPECIFIED.,.F.,.F.,(6,6),(2.06978084557,2.228259883177),
  .PIECEWISE_BEZIER_KNOTS.);
#3596 = CARTESIAN_POINT('',(7.354997115199,-11.31231726222));
#3597 = CARTESIAN_POINT('',(7.323301307678,-15.44523631469));
#3598 = CARTESIAN_POINT('',(7.291605500157,-19.48891670597));
#3599 = CARTESIAN_POINT('',(7.259909692635,-23.43470818937));
#3600 = CARTESIAN_POINT('',(7.228213885114,-27.27433513289));
#3601 = CARTESIAN_POINT('',(7.196518077593,-31.00000000489));
#3602 = ( GEOMETRIC_REPRESENTATION_CONTEXT(2) 
PARAMETRIC_REPRESENTATION_CONTEXT() REPRESENTATION_CONTEXT('2D SPACE',''
  ) );
#3603 = PCURVE('',#1529,#3604);
#3604 = DEFINITIONAL_REPRESENTATION('',(#3605),#3609);
#3605 = ELLIPSE('',#3606,158.01344879471,54.);
#3606 = AXIS2_PLACEMENT_2D('',#3607,#3608);
#3607 = CARTESIAN_POINT('',(-75.61482713332,2.));
#3608 = DIRECTION('',(-1.,-0.));
#3609 = ( GEOMETRIC_REPRESENTATION_CONTEXT(2) 
PARAMETRIC_REPRESENTATION_CONTEXT() REPRESENTATION_CONTEXT('2D SPACE',''
  ) );
#3610 = ORIENTED_EDGE('',*,*,#1541,.T.);
#3611 = ORIENTED_EDGE('',*,*,#3612,.F.);
#3612 = EDGE_CURVE('',#3613,#1542,#3615,.T.);
#3613 = VERTEX_POINT('',#3614);
#3614 = CARTESIAN_POINT('',(-17.41463414634,80.572305215497,-4.));
#3615 = SURFACE_CURVE('',#3616,(#3621,#3631),.PCURVE_S1.);
#3616 = ELLIPSE('',#3617,134.33167906342,54.);
#3617 = AXIS2_PLACEMENT_3D('',#3618,#3619,#3620);
#3618 = CARTESIAN_POINT('',(4.,31.,-52.77777777777));
#3619 = DIRECTION('',(0.915644030191,0.,0.401990062035));
#3620 = DIRECTION('',(-0.401990062035,0.,0.915644030191));
#3621 = PCURVE('',#1384,#3622);
#3622 = DEFINITIONAL_REPRESENTATION('',(#3623),#3630);
#3623 = B_SPLINE_CURVE_WITH_KNOTS('',5,(#3624,#3625,#3626,#3627,#3628,
    #3629),.UNSPECIFIED.,.F.,.F.,(6,6),(5.120163490029,5.212137559297),
  .PIECEWISE_BEZIER_KNOTS.);
#3624 = CARTESIAN_POINT('',(8.261756143619,-34.));
#3625 = CARTESIAN_POINT('',(8.280150957473,-31.92295520023));
#3626 = CARTESIAN_POINT('',(8.298545771326,-29.86654151757));
#3627 = CARTESIAN_POINT('',(8.31694058518,-27.83222315209));
#3628 = CARTESIAN_POINT('',(8.335335399033,-25.82143516202));
#3629 = CARTESIAN_POINT('',(8.353730212886,-23.8355774525));
#3630 = ( GEOMETRIC_REPRESENTATION_CONTEXT(2) 
PARAMETRIC_REPRESENTATION_CONTEXT() REPRESENTATION_CONTEXT('2D SPACE',''
  ) );
#3631 = PCURVE('',#1810,#3632);
#3632 = DEFINITIONAL_REPRESENTATION('',(#3633),#3637);
#3633 = ELLIPSE('',#3634,134.33167906342,54.);
#3634 = AXIS2_PLACEMENT_2D('',#3635,#3636);
#3635 = CARTESIAN_POINT('',(-24.87623686359,2.));
#3636 = DIRECTION('',(1.,0.));
#3637 = ( GEOMETRIC_REPRESENTATION_CONTEXT(2) 
PARAMETRIC_REPRESENTATION_CONTEXT() REPRESENTATION_CONTEXT('2D SPACE',''
  ) );
#3638 = ORIENTED_EDGE('',*,*,#3639,.T.);
#3639 = EDGE_CURVE('',#3613,#2634,#3640,.T.);
#3640 = SURFACE_CURVE('',#3641,(#3646,#3652),.PCURVE_S1.);
#3641 = CIRCLE('',#3642,54.);
#3642 = AXIS2_PLACEMENT_3D('',#3643,#3644,#3645);
#3643 = CARTESIAN_POINT('',(4.,31.,-4.));
#3644 = DIRECTION('',(0.,0.,1.));
#3645 = DIRECTION('',(1.,0.,0.));
#3646 = PCURVE('',#1384,#3647);
#3647 = DEFINITIONAL_REPRESENTATION('',(#3648),#3651);
#3648 = B_SPLINE_CURVE_WITH_KNOTS('',1,(#3649,#3650),.UNSPECIFIED.,.F.,
  .F.,(2,2),(1.97857083644,4.178065122293),.PIECEWISE_BEZIER_KNOTS.);
#3649 = CARTESIAN_POINT('',(8.261756143619,-34.));
#3650 = CARTESIAN_POINT('',(10.461250429472,-34.));
#3651 = ( GEOMETRIC_REPRESENTATION_CONTEXT(2) 
PARAMETRIC_REPRESENTATION_CONTEXT() REPRESENTATION_CONTEXT('2D SPACE',''
  ) );
#3652 = PCURVE('',#2648,#3653);
#3653 = DEFINITIONAL_REPRESENTATION('',(#3654),#3658);
#3654 = CIRCLE('',#3655,54.);
#3655 = AXIS2_PLACEMENT_2D('',#3656,#3657);
#3656 = CARTESIAN_POINT('',(3.182406126637E-15,-4.119626454838E-15));
#3657 = DIRECTION('',(1.,0.));
#3658 = ( GEOMETRIC_REPRESENTATION_CONTEXT(2) 
PARAMETRIC_REPRESENTATION_CONTEXT() REPRESENTATION_CONTEXT('2D SPACE',''
  ) );
#3659 = ORIENTED_EDGE('',*,*,#2659,.T.);
#3660 = ORIENTED_EDGE('',*,*,#3661,.T.);
#3661 = EDGE_CURVE('',#2660,#1340,#3662,.T.);
#3662 = SURFACE_CURVE('',#3663,(#3668,#3678),.PCURVE_S1.);
#3663 = ELLIPSE('',#3664,56.377655148117,54.);
#3664 = AXIS2_PLACEMENT_3D('',#3665,#3666,#3667);
#3665 = CARTESIAN_POINT('',(4.,31.,6.4));
#3666 = DIRECTION('',(-0.287347885566,0.,0.957826285221));
#3667 = DIRECTION('',(0.957826285221,0.,0.287347885566));
#3668 = PCURVE('',#1384,#3669);
#3669 = DEFINITIONAL_REPRESENTATION('',(#3670),#3677);
#3670 = B_SPLINE_CURVE_WITH_KNOTS('',5,(#3671,#3672,#3673,#3674,#3675,
    #3676),.UNSPECIFIED.,.F.,.F.,(6,6),(4.167271534022,4.372552070931),
  .PIECEWISE_BEZIER_KNOTS.);
#3671 = CARTESIAN_POINT('',(10.450456841202,-32.00000000199));
#3672 = CARTESIAN_POINT('',(10.491512948584,-31.43128770113));
#3673 = CARTESIAN_POINT('',(10.532569055965,-30.84487655373));
#3674 = CARTESIAN_POINT('',(10.573625163347,-30.24276362615));
#3675 = CARTESIAN_POINT('',(10.614681270729,-29.62707072832));
#3676 = CARTESIAN_POINT('',(10.65573737811,-29.00000000165));
#3677 = ( GEOMETRIC_REPRESENTATION_CONTEXT(2) 
PARAMETRIC_REPRESENTATION_CONTEXT() REPRESENTATION_CONTEXT('2D SPACE',''
  ) );
#3678 = PCURVE('',#1355,#3679);
#3679 = DEFINITIONAL_REPRESENTATION('',(#3680),#3684);
#3680 = ELLIPSE('',#3681,56.377655148117,54.);
#3681 = AXIS2_PLACEMENT_2D('',#3682,#3683);
#3682 = CARTESIAN_POINT('',(29.23285822495,-2.));
#3683 = DIRECTION('',(1.,0.));
#3684 = ( GEOMETRIC_REPRESENTATION_CONTEXT(2) 
PARAMETRIC_REPRESENTATION_CONTEXT() REPRESENTATION_CONTEXT('2D SPACE',''
  ) );
#3685 = ORIENTED_EDGE('',*,*,#1367,.T.);
#3686 = ADVANCED_FACE('',(#3687),#1355,.T.);
#3687 = FACE_BOUND('',#3688,.T.);
#3688 = EDGE_LOOP('',(#3689,#3710,#3711,#3712,#3713));
#3689 = ORIENTED_EDGE('',*,*,#3690,.F.);
#3690 = EDGE_CURVE('',#2561,#2991,#3691,.T.);
#3691 = SURFACE_CURVE('',#3692,(#3696,#3703),.PCURVE_S1.);
#3692 = LINE('',#3693,#3694);
#3693 = CARTESIAN_POINT('',(-24.,33.,-2.));
#3694 = VECTOR('',#3695,1.);
#3695 = DIRECTION('',(0.957826285221,0.,0.287347885566));
#3696 = PCURVE('',#1355,#3697);
#3697 = DEFINITIONAL_REPRESENTATION('',(#3698),#3702);
#3698 = LINE('',#3699,#3700);
#3699 = CARTESIAN_POINT('',(0.,0.));
#3700 = VECTOR('',#3701,1.);
#3701 = DIRECTION('',(1.,0.));
#3702 = ( GEOMETRIC_REPRESENTATION_CONTEXT(2) 
PARAMETRIC_REPRESENTATION_CONTEXT() REPRESENTATION_CONTEXT('2D SPACE',''
  ) );
#3703 = PCURVE('',#1939,#3704);
#3704 = DEFINITIONAL_REPRESENTATION('',(#3705),#3709);
#3705 = LINE('',#3706,#3707);
#3706 = CARTESIAN_POINT('',(-62.25044578785,-4.481051233897));
#3707 = VECTOR('',#3708,1.);
#3708 = DIRECTION('',(0.287347885566,0.957826285221));
#3709 = ( GEOMETRIC_REPRESENTATION_CONTEXT(2) 
PARAMETRIC_REPRESENTATION_CONTEXT() REPRESENTATION_CONTEXT('2D SPACE',''
  ) );
#3710 = ORIENTED_EDGE('',*,*,#2686,.T.);
#3711 = ORIENTED_EDGE('',*,*,#3661,.T.);
#3712 = ORIENTED_EDGE('',*,*,#1339,.F.);
#3713 = ORIENTED_EDGE('',*,*,#2990,.F.);
#3714 = ADVANCED_FACE('',(#3715),#1501,.F.);
#3715 = FACE_BOUND('',#3716,.F.);
#3716 = EDGE_LOOP('',(#3717,#3718,#3719));
#3717 = ORIENTED_EDGE('',*,*,#1951,.F.);
#3718 = ORIENTED_EDGE('',*,*,#1484,.F.);
#3719 = ORIENTED_EDGE('',*,*,#3720,.T.);
#3720 = EDGE_CURVE('',#1485,#1924,#3721,.T.);
#3721 = SURFACE_CURVE('',#3722,(#3726,#3733),.PCURVE_S1.);
#3722 = LINE('',#3723,#3724);
#3723 = CARTESIAN_POINT('',(9.,33.,76.));
#3724 = VECTOR('',#3725,1.);
#3725 = DIRECTION('',(0.341743063087,0.,-0.939793423488));
#3726 = PCURVE('',#1501,#3727);
#3727 = DEFINITIONAL_REPRESENTATION('',(#3728),#3732);
#3728 = LINE('',#3729,#3730);
#3729 = CARTESIAN_POINT('',(52.483257998206,9.258071170597));
#3730 = VECTOR('',#3731,1.);
#3731 = DIRECTION('',(-0.939793423488,0.341743063087));
#3732 = ( GEOMETRIC_REPRESENTATION_CONTEXT(2) 
PARAMETRIC_REPRESENTATION_CONTEXT() REPRESENTATION_CONTEXT('2D SPACE',''
  ) );
#3733 = PCURVE('',#1529,#3734);
#3734 = DEFINITIONAL_REPRESENTATION('',(#3735),#3739);
#3735 = LINE('',#3736,#3737);
#3736 = CARTESIAN_POINT('',(-60.98395224492,-0.));
#3737 = VECTOR('',#3738,1.);
#3738 = DIRECTION('',(1.,0.));
#3739 = ( GEOMETRIC_REPRESENTATION_CONTEXT(2) 
PARAMETRIC_REPRESENTATION_CONTEXT() REPRESENTATION_CONTEXT('2D SPACE',''
  ) );
#3740 = ADVANCED_FACE('',(#3741),#1810,.F.);
#3741 = FACE_BOUND('',#3742,.F.);
#3742 = EDGE_LOOP('',(#3743,#3766,#3794,#3817,#3838,#3839,#3858,#3859,
    #3860));
#3743 = ORIENTED_EDGE('',*,*,#3744,.F.);
#3744 = EDGE_CURVE('',#3745,#2991,#3747,.T.);
#3745 = VERTEX_POINT('',#3746);
#3746 = CARTESIAN_POINT('',(-6.,33.,-30.));
#3747 = SURFACE_CURVE('',#3748,(#3752,#3759),.PCURVE_S1.);
#3748 = LINE('',#3749,#3750);
#3749 = CARTESIAN_POINT('',(-6.,33.,-30.));
#3750 = VECTOR('',#3751,1.);
#3751 = DIRECTION('',(-0.401990062035,0.,0.915644030191));
#3752 = PCURVE('',#1810,#3753);
#3753 = DEFINITIONAL_REPRESENTATION('',(#3754),#3758);
#3754 = LINE('',#3755,#3756);
#3755 = CARTESIAN_POINT('',(0.,0.));
#3756 = VECTOR('',#3757,1.);
#3757 = DIRECTION('',(1.,0.));
#3758 = ( GEOMETRIC_REPRESENTATION_CONTEXT(2) 
PARAMETRIC_REPRESENTATION_CONTEXT() REPRESENTATION_CONTEXT('2D SPACE',''
  ) );
#3759 = PCURVE('',#1939,#3760);
#3760 = DEFINITIONAL_REPRESENTATION('',(#3761),#3765);
#3761 = LINE('',#3762,#3763);
#3762 = CARTESIAN_POINT('',(-90.25044578785,13.518948766103));
#3763 = VECTOR('',#3764,1.);
#3764 = DIRECTION('',(0.915644030191,-0.401990062035));
#3765 = ( GEOMETRIC_REPRESENTATION_CONTEXT(2) 
PARAMETRIC_REPRESENTATION_CONTEXT() REPRESENTATION_CONTEXT('2D SPACE',''
  ) );
#3766 = ORIENTED_EDGE('',*,*,#3767,.T.);
#3767 = EDGE_CURVE('',#3745,#3768,#3770,.T.);
#3768 = VERTEX_POINT('',#3769);
#3769 = CARTESIAN_POINT('',(-6.,85.,-30.));
#3770 = SURFACE_CURVE('',#3771,(#3775,#3782),.PCURVE_S1.);
#3771 = LINE('',#3772,#3773);
#3772 = CARTESIAN_POINT('',(-6.,33.,-30.));
#3773 = VECTOR('',#3774,1.);
#3774 = DIRECTION('',(0.,1.,0.));
#3775 = PCURVE('',#1810,#3776);
#3776 = DEFINITIONAL_REPRESENTATION('',(#3777),#3781);
#3777 = LINE('',#3778,#3779);
#3778 = CARTESIAN_POINT('',(0.,0.));
#3779 = VECTOR('',#3780,1.);
#3780 = DIRECTION('',(0.,-1.));
#3781 = ( GEOMETRIC_REPRESENTATION_CONTEXT(2) 
PARAMETRIC_REPRESENTATION_CONTEXT() REPRESENTATION_CONTEXT('2D SPACE',''
  ) );
#3782 = PCURVE('',#3783,#3788);
#3783 = PLANE('',#3784);
#3784 = AXIS2_PLACEMENT_3D('',#3785,#3786,#3787);
#3785 = CARTESIAN_POINT('',(42.,33.,-9.));
#3786 = DIRECTION('',(-0.40081883402,0.,0.916157334902));
#3787 = DIRECTION('',(-0.916157334902,0.,-0.40081883402));
#3788 = DEFINITIONAL_REPRESENTATION('',(#3789),#3793);
#3789 = LINE('',#3790,#3791);
#3790 = CARTESIAN_POINT('',(52.392747589719,0.));
#3791 = VECTOR('',#3792,1.);
#3792 = DIRECTION('',(0.,-1.));
#3793 = ( GEOMETRIC_REPRESENTATION_CONTEXT(2) 
PARAMETRIC_REPRESENTATION_CONTEXT() REPRESENTATION_CONTEXT('2D SPACE',''
  ) );
#3794 = ORIENTED_EDGE('',*,*,#3795,.T.);
#3795 = EDGE_CURVE('',#3768,#3796,#3798,.T.);
#3796 = VERTEX_POINT('',#3797);
#3797 = CARTESIAN_POINT('',(-21.87706355731,85.,6.164422547229));
#3798 = SURFACE_CURVE('',#3799,(#3803,#3810),.PCURVE_S1.);
#3799 = LINE('',#3800,#3801);
#3800 = CARTESIAN_POINT('',(-6.,85.,-30.));
#3801 = VECTOR('',#3802,1.);
#3802 = DIRECTION('',(-0.401990062035,0.,0.915644030191));
#3803 = PCURVE('',#1810,#3804);
#3804 = DEFINITIONAL_REPRESENTATION('',(#3805),#3809);
#3805 = LINE('',#3806,#3807);
#3806 = CARTESIAN_POINT('',(0.,-52.));
#3807 = VECTOR('',#3808,1.);
#3808 = DIRECTION('',(1.,0.));
#3809 = ( GEOMETRIC_REPRESENTATION_CONTEXT(2) 
PARAMETRIC_REPRESENTATION_CONTEXT() REPRESENTATION_CONTEXT('2D SPACE',''
  ) );
#3810 = PCURVE('',#3282,#3811);
#3811 = DEFINITIONAL_REPRESENTATION('',(#3812),#3816);
#3812 = LINE('',#3813,#3814);
#3813 = CARTESIAN_POINT('',(-53.51674200179,-5.741928829403));
#3814 = VECTOR('',#3815,1.);
#3815 = DIRECTION('',(0.915644030191,-0.401990062035));
#3816 = ( GEOMETRIC_REPRESENTATION_CONTEXT(2) 
PARAMETRIC_REPRESENTATION_CONTEXT() REPRESENTATION_CONTEXT('2D SPACE',''
  ) );
#3817 = ORIENTED_EDGE('',*,*,#3818,.F.);
#3818 = EDGE_CURVE('',#3343,#3796,#3819,.T.);
#3819 = SURFACE_CURVE('',#3820,(#3824,#3831),.PCURVE_S1.);
#3820 = LINE('',#3821,#3822);
#3821 = CARTESIAN_POINT('',(-21.87706355731,33.,6.164422547229));
#3822 = VECTOR('',#3823,1.);
#3823 = DIRECTION('',(0.,1.,0.));
#3824 = PCURVE('',#1810,#3825);
#3825 = DEFINITIONAL_REPRESENTATION('',(#3826),#3830);
#3826 = LINE('',#3827,#3828);
#3827 = CARTESIAN_POINT('',(39.496159375029,0.));
#3828 = VECTOR('',#3829,1.);
#3829 = DIRECTION('',(0.,-1.));
#3830 = ( GEOMETRIC_REPRESENTATION_CONTEXT(2) 
PARAMETRIC_REPRESENTATION_CONTEXT() REPRESENTATION_CONTEXT('2D SPACE',''
  ) );
#3831 = PCURVE('',#3388,#3832);
#3832 = DEFINITIONAL_REPRESENTATION('',(#3833),#3837);
#3833 = LINE('',#3834,#3835);
#3834 = CARTESIAN_POINT('',(-3.802750690849,0.));
#3835 = VECTOR('',#3836,1.);
#3836 = DIRECTION('',(-0.,-1.));
#3837 = ( GEOMETRIC_REPRESENTATION_CONTEXT(2) 
PARAMETRIC_REPRESENTATION_CONTEXT() REPRESENTATION_CONTEXT('2D SPACE',''
  ) );
#3838 = ORIENTED_EDGE('',*,*,#3415,.F.);
#3839 = ORIENTED_EDGE('',*,*,#3840,.T.);
#3840 = EDGE_CURVE('',#3416,#3613,#3841,.T.);
#3841 = SURFACE_CURVE('',#3842,(#3846,#3852),.PCURVE_S1.);
#3842 = LINE('',#3843,#3844);
#3843 = CARTESIAN_POINT('',(-17.41463414634,32.,-4.));
#3844 = VECTOR('',#3845,1.);
#3845 = DIRECTION('',(-0.,-1.,0.));
#3846 = PCURVE('',#1810,#3847);
#3847 = DEFINITIONAL_REPRESENTATION('',(#3848),#3851);
#3848 = B_SPLINE_CURVE_WITH_KNOTS('',1,(#3849,#3850),.UNSPECIFIED.,.F.,
  .F.,(2,2),(-53.,-1.),.PIECEWISE_BEZIER_KNOTS.);
#3849 = CARTESIAN_POINT('',(28.39531427357,-52.));
#3850 = CARTESIAN_POINT('',(28.39531427357,0.));
#3851 = ( GEOMETRIC_REPRESENTATION_CONTEXT(2) 
PARAMETRIC_REPRESENTATION_CONTEXT() REPRESENTATION_CONTEXT('2D SPACE',''
  ) );
#3852 = PCURVE('',#2648,#3853);
#3853 = DEFINITIONAL_REPRESENTATION('',(#3854),#3857);
#3854 = B_SPLINE_CURVE_WITH_KNOTS('',1,(#3855,#3856),.UNSPECIFIED.,.F.,
  .F.,(2,2),(-53.,-1.),.PIECEWISE_BEZIER_KNOTS.);
#3855 = CARTESIAN_POINT('',(-21.41463414634,54.));
#3856 = CARTESIAN_POINT('',(-21.41463414634,2.));
#3857 = ( GEOMETRIC_REPRESENTATION_CONTEXT(2) 
PARAMETRIC_REPRESENTATION_CONTEXT() REPRESENTATION_CONTEXT('2D SPACE',''
  ) );
#3858 = ORIENTED_EDGE('',*,*,#3612,.T.);
#3859 = ORIENTED_EDGE('',*,*,#1794,.F.);
#3860 = ORIENTED_EDGE('',*,*,#3013,.F.);
#3861 = ADVANCED_FACE('',(#3862),#1529,.F.);
#3862 = FACE_BOUND('',#3863,.F.);
#3863 = EDGE_LOOP('',(#3864,#3865,#3866,#3867,#3890));
#3864 = ORIENTED_EDGE('',*,*,#3720,.F.);
#3865 = ORIENTED_EDGE('',*,*,#1513,.T.);
#3866 = ORIENTED_EDGE('',*,*,#3586,.T.);
#3867 = ORIENTED_EDGE('',*,*,#3868,.F.);
#3868 = EDGE_CURVE('',#3869,#3555,#3871,.T.);
#3869 = VERTEX_POINT('',#3870);
#3870 = CARTESIAN_POINT('',(37.,33.,-1.));
#3871 = SURFACE_CURVE('',#3872,(#3876,#3883),.PCURVE_S1.);
#3872 = LINE('',#3873,#3874);
#3873 = CARTESIAN_POINT('',(37.,33.,-1.));
#3874 = VECTOR('',#3875,1.);
#3875 = DIRECTION('',(0.,1.,0.));
#3876 = PCURVE('',#1529,#3877);
#3877 = DEFINITIONAL_REPRESENTATION('',(#3878),#3882);
#3878 = LINE('',#3879,#3880);
#3879 = CARTESIAN_POINT('',(20.948947130109,0.));
#3880 = VECTOR('',#3881,1.);
#3881 = DIRECTION('',(0.,-1.));
#3882 = ( GEOMETRIC_REPRESENTATION_CONTEXT(2) 
PARAMETRIC_REPRESENTATION_CONTEXT() REPRESENTATION_CONTEXT('2D SPACE',''
  ) );
#3883 = PCURVE('',#3570,#3884);
#3884 = DEFINITIONAL_REPRESENTATION('',(#3885),#3889);
#3885 = LINE('',#3886,#3887);
#3886 = CARTESIAN_POINT('',(0.,0.));
#3887 = VECTOR('',#3888,1.);
#3888 = DIRECTION('',(0.,-1.));
#3889 = ( GEOMETRIC_REPRESENTATION_CONTEXT(2) 
PARAMETRIC_REPRESENTATION_CONTEXT() REPRESENTATION_CONTEXT('2D SPACE',''
  ) );
#3890 = ORIENTED_EDGE('',*,*,#3891,.F.);
#3891 = EDGE_CURVE('',#1924,#3869,#3892,.T.);
#3892 = SURFACE_CURVE('',#3893,(#3897,#3904),.PCURVE_S1.);
#3893 = LINE('',#3894,#3895);
#3894 = CARTESIAN_POINT('',(9.,33.,76.));
#3895 = VECTOR('',#3896,1.);
#3896 = DIRECTION('',(0.341743063087,0.,-0.939793423488));
#3897 = PCURVE('',#1529,#3898);
#3898 = DEFINITIONAL_REPRESENTATION('',(#3899),#3903);
#3899 = LINE('',#3900,#3901);
#3900 = CARTESIAN_POINT('',(-60.98395224492,-0.));
#3901 = VECTOR('',#3902,1.);
#3902 = DIRECTION('',(1.,0.));
#3903 = ( GEOMETRIC_REPRESENTATION_CONTEXT(2) 
PARAMETRIC_REPRESENTATION_CONTEXT() REPRESENTATION_CONTEXT('2D SPACE',''
  ) );
#3904 = PCURVE('',#1939,#3905);
#3905 = DEFINITIONAL_REPRESENTATION('',(#3906),#3910);
#3906 = LINE('',#3907,#3908);
#3907 = CARTESIAN_POINT('',(15.749554212144,28.518948766103));
#3908 = VECTOR('',#3909,1.);
#3909 = DIRECTION('',(-0.939793423488,0.341743063087));
#3910 = ( GEOMETRIC_REPRESENTATION_CONTEXT(2) 
PARAMETRIC_REPRESENTATION_CONTEXT() REPRESENTATION_CONTEXT('2D SPACE',''
  ) );
#3911 = ADVANCED_FACE('',(#3912),#1939,.T.);
#3912 = FACE_BOUND('',#3913,.T.);
#3913 = EDGE_LOOP('',(#3914,#3915,#3916,#3939,#3967,#3995,#4018,#4039,
    #4040,#4041,#4042,#4043,#4044,#4045,#4046,#4047,#4048,#4049));
#3914 = ORIENTED_EDGE('',*,*,#3690,.T.);
#3915 = ORIENTED_EDGE('',*,*,#3744,.F.);
#3916 = ORIENTED_EDGE('',*,*,#3917,.F.);
#3917 = EDGE_CURVE('',#3918,#3745,#3920,.T.);
#3918 = VERTEX_POINT('',#3919);
#3919 = CARTESIAN_POINT('',(42.,33.,-9.));
#3920 = SURFACE_CURVE('',#3921,(#3925,#3932),.PCURVE_S1.);
#3921 = LINE('',#3922,#3923);
#3922 = CARTESIAN_POINT('',(42.,33.,-9.));
#3923 = VECTOR('',#3924,1.);
#3924 = DIRECTION('',(-0.916157334902,0.,-0.40081883402));
#3925 = PCURVE('',#1939,#3926);
#3926 = DEFINITIONAL_REPRESENTATION('',(#3927),#3931);
#3927 = LINE('',#3928,#3929);
#3928 = CARTESIAN_POINT('',(-69.25044578785,61.518948766103));
#3929 = VECTOR('',#3930,1.);
#3930 = DIRECTION('',(-0.40081883402,-0.916157334902));
#3931 = ( GEOMETRIC_REPRESENTATION_CONTEXT(2) 
PARAMETRIC_REPRESENTATION_CONTEXT() REPRESENTATION_CONTEXT('2D SPACE',''
  ) );
#3932 = PCURVE('',#3783,#3933);
#3933 = DEFINITIONAL_REPRESENTATION('',(#3934),#3938);
#3934 = LINE('',#3935,#3936);
#3935 = CARTESIAN_POINT('',(0.,0.));
#3936 = VECTOR('',#3937,1.);
#3937 = DIRECTION('',(1.,0.));
#3938 = ( GEOMETRIC_REPRESENTATION_CONTEXT(2) 
PARAMETRIC_REPRESENTATION_CONTEXT() REPRESENTATION_CONTEXT('2D SPACE',''
  ) );
#3939 = ORIENTED_EDGE('',*,*,#3940,.F.);
#3940 = EDGE_CURVE('',#3941,#3918,#3943,.T.);
#3941 = VERTEX_POINT('',#3942);
#3942 = CARTESIAN_POINT('',(40.,33.,-5.));
#3943 = SURFACE_CURVE('',#3944,(#3948,#3955),.PCURVE_S1.);
#3944 = LINE('',#3945,#3946);
#3945 = CARTESIAN_POINT('',(40.,33.,-5.));
#3946 = VECTOR('',#3947,1.);
#3947 = DIRECTION('',(0.4472135955,0.,-0.894427191));
#3948 = PCURVE('',#1939,#3949);
#3949 = DEFINITIONAL_REPRESENTATION('',(#3950),#3954);
#3950 = LINE('',#3951,#3952);
#3951 = CARTESIAN_POINT('',(-65.25044578785,59.518948766103));
#3952 = VECTOR('',#3953,1.);
#3953 = DIRECTION('',(-0.894427191,0.4472135955));
#3954 = ( GEOMETRIC_REPRESENTATION_CONTEXT(2) 
PARAMETRIC_REPRESENTATION_CONTEXT() REPRESENTATION_CONTEXT('2D SPACE',''
  ) );
#3955 = PCURVE('',#3956,#3961);
#3956 = PLANE('',#3957);
#3957 = AXIS2_PLACEMENT_3D('',#3958,#3959,#3960);
#3958 = CARTESIAN_POINT('',(40.,33.,-5.));
#3959 = DIRECTION('',(-0.894427191,0.,-0.4472135955));
#3960 = DIRECTION('',(0.4472135955,0.,-0.894427191));
#3961 = DEFINITIONAL_REPRESENTATION('',(#3962),#3966);
#3962 = LINE('',#3963,#3964);
#3963 = CARTESIAN_POINT('',(0.,0.));
#3964 = VECTOR('',#3965,1.);
#3965 = DIRECTION('',(1.,0.));
#3966 = ( GEOMETRIC_REPRESENTATION_CONTEXT(2) 
PARAMETRIC_REPRESENTATION_CONTEXT() REPRESENTATION_CONTEXT('2D SPACE',''
  ) );
#3967 = ORIENTED_EDGE('',*,*,#3968,.F.);
#3968 = EDGE_CURVE('',#3969,#3941,#3971,.T.);
#3969 = VERTEX_POINT('',#3970);
#3970 = CARTESIAN_POINT('',(42.,33.,-5.));
#3971 = SURFACE_CURVE('',#3972,(#3976,#3983),.PCURVE_S1.);
#3972 = LINE('',#3973,#3974);
#3973 = CARTESIAN_POINT('',(42.,33.,-5.));
#3974 = VECTOR('',#3975,1.);
#3975 = DIRECTION('',(-1.,0.,0.));
#3976 = PCURVE('',#1939,#3977);
#3977 = DEFINITIONAL_REPRESENTATION('',(#3978),#3982);
#3978 = LINE('',#3979,#3980);
#3979 = CARTESIAN_POINT('',(-65.25044578785,61.518948766103));
#3980 = VECTOR('',#3981,1.);
#3981 = DIRECTION('',(0.,-1.));
#3982 = ( GEOMETRIC_REPRESENTATION_CONTEXT(2) 
PARAMETRIC_REPRESENTATION_CONTEXT() REPRESENTATION_CONTEXT('2D SPACE',''
  ) );
#3983 = PCURVE('',#3984,#3989);
#3984 = PLANE('',#3985);
#3985 = AXIS2_PLACEMENT_3D('',#3986,#3987,#3988);
#3986 = CARTESIAN_POINT('',(42.,33.,-5.));
#3987 = DIRECTION('',(0.,-0.,1.));
#3988 = DIRECTION('',(-1.,0.,0.));
#3989 = DEFINITIONAL_REPRESENTATION('',(#3990),#3994);
#3990 = LINE('',#3991,#3992);
#3991 = CARTESIAN_POINT('',(0.,0.));
#3992 = VECTOR('',#3993,1.);
#3993 = DIRECTION('',(1.,0.));
#3994 = ( GEOMETRIC_REPRESENTATION_CONTEXT(2) 
PARAMETRIC_REPRESENTATION_CONTEXT() REPRESENTATION_CONTEXT('2D SPACE',''
  ) );
#3995 = ORIENTED_EDGE('',*,*,#3996,.F.);
#3996 = EDGE_CURVE('',#3997,#3969,#3999,.T.);
#3997 = VERTEX_POINT('',#3998);
#3998 = CARTESIAN_POINT('',(42.,33.,-1.));
#3999 = SURFACE_CURVE('',#4000,(#4004,#4011),.PCURVE_S1.);
#4000 = LINE('',#4001,#4002);
#4001 = CARTESIAN_POINT('',(42.,33.,-1.));
#4002 = VECTOR('',#4003,1.);
#4003 = DIRECTION('',(0.,0.,-1.));
#4004 = PCURVE('',#1939,#4005);
#4005 = DEFINITIONAL_REPRESENTATION('',(#4006),#4010);
#4006 = LINE('',#4007,#4008);
#4007 = CARTESIAN_POINT('',(-61.25044578785,61.518948766103));
#4008 = VECTOR('',#4009,1.);
#4009 = DIRECTION('',(-1.,0.));
#4010 = ( GEOMETRIC_REPRESENTATION_CONTEXT(2) 
PARAMETRIC_REPRESENTATION_CONTEXT() REPRESENTATION_CONTEXT('2D SPACE',''
  ) );
#4011 = PCURVE('',#3107,#4012);
#4012 = DEFINITIONAL_REPRESENTATION('',(#4013),#4017);
#4013 = LINE('',#4014,#4015);
#4014 = CARTESIAN_POINT('',(0.,-0.));
#4015 = VECTOR('',#4016,1.);
#4016 = DIRECTION('',(1.,0.));
#4017 = ( GEOMETRIC_REPRESENTATION_CONTEXT(2) 
PARAMETRIC_REPRESENTATION_CONTEXT() REPRESENTATION_CONTEXT('2D SPACE',''
  ) );
#4018 = ORIENTED_EDGE('',*,*,#4019,.F.);
#4019 = EDGE_CURVE('',#3869,#3997,#4020,.T.);
#4020 = SURFACE_CURVE('',#4021,(#4025,#4032),.PCURVE_S1.);
#4021 = LINE('',#4022,#4023);
#4022 = CARTESIAN_POINT('',(37.,33.,-1.));
#4023 = VECTOR('',#4024,1.);
#4024 = DIRECTION('',(1.,0.,0.));
#4025 = PCURVE('',#1939,#4026);
#4026 = DEFINITIONAL_REPRESENTATION('',(#4027),#4031);
#4027 = LINE('',#4028,#4029);
#4028 = CARTESIAN_POINT('',(-61.25044578785,56.518948766103));
#4029 = VECTOR('',#4030,1.);
#4030 = DIRECTION('',(0.,1.));
#4031 = ( GEOMETRIC_REPRESENTATION_CONTEXT(2) 
PARAMETRIC_REPRESENTATION_CONTEXT() REPRESENTATION_CONTEXT('2D SPACE',''
  ) );
#4032 = PCURVE('',#3570,#4033);
#4033 = DEFINITIONAL_REPRESENTATION('',(#4034),#4038);
#4034 = LINE('',#4035,#4036);
#4035 = CARTESIAN_POINT('',(0.,0.));
#4036 = VECTOR('',#4037,1.);
#4037 = DIRECTION('',(1.,0.));
#4038 = ( GEOMETRIC_REPRESENTATION_CONTEXT(2) 
PARAMETRIC_REPRESENTATION_CONTEXT() REPRESENTATION_CONTEXT('2D SPACE',''
  ) );
#4039 = ORIENTED_EDGE('',*,*,#3891,.F.);
#4040 = ORIENTED_EDGE('',*,*,#1923,.T.);
#4041 = ORIENTED_EDGE('',*,*,#2345,.T.);
#4042 = ORIENTED_EDGE('',*,*,#2321,.T.);
#4043 = ORIENTED_EDGE('',*,*,#2272,.T.);
#4044 = ORIENTED_EDGE('',*,*,#2223,.T.);
#4045 = ORIENTED_EDGE('',*,*,#2174,.T.);
#4046 = ORIENTED_EDGE('',*,*,#2125,.T.);
#4047 = ORIENTED_EDGE('',*,*,#2762,.T.);
#4048 = ORIENTED_EDGE('',*,*,#2735,.T.);
#4049 = ORIENTED_EDGE('',*,*,#2558,.T.);
#4050 = ADVANCED_FACE('',(#4051),#2409,.F.);
#4051 = FACE_BOUND('',#4052,.F.);
#4052 = EDGE_LOOP('',(#4053,#4054,#4073,#4074));
#4053 = ORIENTED_EDGE('',*,*,#3068,.T.);
#4054 = ORIENTED_EDGE('',*,*,#4055,.F.);
#4055 = EDGE_CURVE('',#3506,#3069,#4056,.T.);
#4056 = SURFACE_CURVE('',#4057,(#4061,#4067),.PCURVE_S1.);
#4057 = LINE('',#4058,#4059);
#4058 = CARTESIAN_POINT('',(42.,32.,-4.));
#4059 = VECTOR('',#4060,1.);
#4060 = DIRECTION('',(0.,1.,-0.));
#4061 = PCURVE('',#2409,#4062);
#4062 = DEFINITIONAL_REPRESENTATION('',(#4063),#4066);
#4063 = B_SPLINE_CURVE_WITH_KNOTS('',1,(#4064,#4065),.UNSPECIFIED.,.F.,
  .F.,(2,2),(1.,53.),.PIECEWISE_BEZIER_KNOTS.);
#4064 = CARTESIAN_POINT('',(38.,2.));
#4065 = CARTESIAN_POINT('',(38.,54.));
#4066 = ( GEOMETRIC_REPRESENTATION_CONTEXT(2) 
PARAMETRIC_REPRESENTATION_CONTEXT() REPRESENTATION_CONTEXT('2D SPACE',''
  ) );
#4067 = PCURVE('',#3107,#4068);
#4068 = DEFINITIONAL_REPRESENTATION('',(#4069),#4072);
#4069 = B_SPLINE_CURVE_WITH_KNOTS('',1,(#4070,#4071),.UNSPECIFIED.,.F.,
  .F.,(2,2),(1.,53.),.PIECEWISE_BEZIER_KNOTS.);
#4070 = CARTESIAN_POINT('',(3.,0.));
#4071 = CARTESIAN_POINT('',(3.,-52.));
#4072 = ( GEOMETRIC_REPRESENTATION_CONTEXT(2) 
PARAMETRIC_REPRESENTATION_CONTEXT() REPRESENTATION_CONTEXT('2D SPACE',''
  ) );
#4073 = ORIENTED_EDGE('',*,*,#3505,.T.);
#4074 = ORIENTED_EDGE('',*,*,#2394,.T.);
#4075 = ADVANCED_FACE('',(#4076),#2648,.F.);
#4076 = FACE_BOUND('',#4077,.F.);
#4077 = EDGE_LOOP('',(#4078,#4079,#4080,#4081));
#4078 = ORIENTED_EDGE('',*,*,#3442,.T.);
#4079 = ORIENTED_EDGE('',*,*,#2633,.T.);
#4080 = ORIENTED_EDGE('',*,*,#3639,.F.);
#4081 = ORIENTED_EDGE('',*,*,#3840,.F.);
#4082 = ADVANCED_FACE('',(#4083),#2804,.F.);
#4083 = FACE_BOUND('',#4084,.F.);
#4084 = EDGE_LOOP('',(#4085,#4086,#4087,#4088));
#4085 = ORIENTED_EDGE('',*,*,#2889,.T.);
#4086 = ORIENTED_EDGE('',*,*,#2939,.T.);
#4087 = ORIENTED_EDGE('',*,*,#2963,.F.);
#4088 = ORIENTED_EDGE('',*,*,#2786,.F.);
#4089 = ADVANCED_FACE('',(#4090),#3388,.F.);
#4090 = FACE_BOUND('',#4091,.T.);
#4091 = EDGE_LOOP('',(#4092,#4093,#4115));
#4092 = ORIENTED_EDGE('',*,*,#3342,.F.);
#4093 = ORIENTED_EDGE('',*,*,#4094,.T.);
#4094 = EDGE_CURVE('',#3322,#3796,#4095,.T.);
#4095 = SURFACE_CURVE('',#4096,(#4101,#4108),.PCURVE_S1.);
#4096 = CIRCLE('',#4097,34.);
#4097 = AXIS2_PLACEMENT_3D('',#4098,#4099,#4100);
#4098 = CARTESIAN_POINT('',(-1.,85.,33.));
#4099 = DIRECTION('',(0.,1.,0.));
#4100 = DIRECTION('',(0.,0.,1.));
#4101 = PCURVE('',#3388,#4102);
#4102 = DEFINITIONAL_REPRESENTATION('',(#4103),#4107);
#4103 = LINE('',#4104,#4105);
#4104 = CARTESIAN_POINT('',(-0.,-52.));
#4105 = VECTOR('',#4106,1.);
#4106 = DIRECTION('',(-1.,0.));
#4107 = ( GEOMETRIC_REPRESENTATION_CONTEXT(2) 
PARAMETRIC_REPRESENTATION_CONTEXT() REPRESENTATION_CONTEXT('2D SPACE',''
  ) );
#4108 = PCURVE('',#3282,#4109);
#4109 = DEFINITIONAL_REPRESENTATION('',(#4110),#4114);
#4110 = CIRCLE('',#4111,34.);
#4111 = AXIS2_PLACEMENT_2D('',#4112,#4113);
#4112 = CARTESIAN_POINT('',(9.483257998206,-0.741928829403));
#4113 = DIRECTION('',(1.,0.));
#4114 = ( GEOMETRIC_REPRESENTATION_CONTEXT(2) 
PARAMETRIC_REPRESENTATION_CONTEXT() REPRESENTATION_CONTEXT('2D SPACE',''
  ) );
#4115 = ORIENTED_EDGE('',*,*,#3818,.F.);
#4116 = ADVANCED_FACE('',(#4117),#3282,.T.);
#4117 = FACE_BOUND('',#4118,.T.);
#4118 = EDGE_LOOP('',(#4119,#4144,#4165,#4166,#4167,#4168,#4189,#4190,
    #4214,#4237,#4260,#4283));
#4119 = ORIENTED_EDGE('',*,*,#4120,.T.);
#4120 = EDGE_CURVE('',#4121,#4123,#4125,.T.);
#4121 = VERTEX_POINT('',#4122);
#4122 = CARTESIAN_POINT('',(40.,85.,-5.));
#4123 = VERTEX_POINT('',#4124);
#4124 = CARTESIAN_POINT('',(42.,85.,-9.));
#4125 = SURFACE_CURVE('',#4126,(#4130,#4137),.PCURVE_S1.);
#4126 = LINE('',#4127,#4128);
#4127 = CARTESIAN_POINT('',(40.,85.,-5.));
#4128 = VECTOR('',#4129,1.);
#4129 = DIRECTION('',(0.4472135955,0.,-0.894427191));
#4130 = PCURVE('',#3282,#4131);
#4131 = DEFINITIONAL_REPRESENTATION('',(#4132),#4136);
#4132 = LINE('',#4133,#4134);
#4133 = CARTESIAN_POINT('',(-28.51674200179,40.258071170597));
#4134 = VECTOR('',#4135,1.);
#4135 = DIRECTION('',(-0.894427191,0.4472135955));
#4136 = ( GEOMETRIC_REPRESENTATION_CONTEXT(2) 
PARAMETRIC_REPRESENTATION_CONTEXT() REPRESENTATION_CONTEXT('2D SPACE',''
  ) );
#4137 = PCURVE('',#3956,#4138);
#4138 = DEFINITIONAL_REPRESENTATION('',(#4139),#4143);
#4139 = LINE('',#4140,#4141);
#4140 = CARTESIAN_POINT('',(0.,-52.));
#4141 = VECTOR('',#4142,1.);
#4142 = DIRECTION('',(1.,0.));
#4143 = ( GEOMETRIC_REPRESENTATION_CONTEXT(2) 
PARAMETRIC_REPRESENTATION_CONTEXT() REPRESENTATION_CONTEXT('2D SPACE',''
  ) );
#4144 = ORIENTED_EDGE('',*,*,#4145,.T.);
#4145 = EDGE_CURVE('',#4123,#3768,#4146,.T.);
#4146 = SURFACE_CURVE('',#4147,(#4151,#4158),.PCURVE_S1.);
#4147 = LINE('',#4148,#4149);
#4148 = CARTESIAN_POINT('',(42.,85.,-9.));
#4149 = VECTOR('',#4150,1.);
#4150 = DIRECTION('',(-0.916157334902,0.,-0.40081883402));
#4151 = PCURVE('',#3282,#4152);
#4152 = DEFINITIONAL_REPRESENTATION('',(#4153),#4157);
#4153 = LINE('',#4154,#4155);
#4154 = CARTESIAN_POINT('',(-32.51674200179,42.258071170597));
#4155 = VECTOR('',#4156,1.);
#4156 = DIRECTION('',(-0.40081883402,-0.916157334902));
#4157 = ( GEOMETRIC_REPRESENTATION_CONTEXT(2) 
PARAMETRIC_REPRESENTATION_CONTEXT() REPRESENTATION_CONTEXT('2D SPACE',''
  ) );
#4158 = PCURVE('',#3783,#4159);
#4159 = DEFINITIONAL_REPRESENTATION('',(#4160),#4164);
#4160 = LINE('',#4161,#4162);
#4161 = CARTESIAN_POINT('',(0.,-52.));
#4162 = VECTOR('',#4163,1.);
#4163 = DIRECTION('',(1.,0.));
#4164 = ( GEOMETRIC_REPRESENTATION_CONTEXT(2) 
PARAMETRIC_REPRESENTATION_CONTEXT() REPRESENTATION_CONTEXT('2D SPACE',''
  ) );
#4165 = ORIENTED_EDGE('',*,*,#3795,.T.);
#4166 = ORIENTED_EDGE('',*,*,#4094,.F.);
#4167 = ORIENTED_EDGE('',*,*,#3321,.F.);
#4168 = ORIENTED_EDGE('',*,*,#4169,.T.);
#4169 = EDGE_CURVE('',#3294,#3268,#4170,.T.);
#4170 = SURFACE_CURVE('',#4171,(#4175,#4182),.PCURVE_S1.);
#4171 = LINE('',#4172,#4173);
#4172 = CARTESIAN_POINT('',(-6.440306508911,85.,-4.));
#4173 = VECTOR('',#4174,1.);
#4174 = DIRECTION('',(1.,0.,0.));
#4175 = PCURVE('',#3282,#4176);
#4176 = DEFINITIONAL_REPRESENTATION('',(#4177),#4181);
#4177 = LINE('',#4178,#4179);
#4178 = CARTESIAN_POINT('',(-27.51674200179,-6.182235338314));
#4179 = VECTOR('',#4180,1.);
#4180 = DIRECTION('',(0.,1.));
#4181 = ( GEOMETRIC_REPRESENTATION_CONTEXT(2) 
PARAMETRIC_REPRESENTATION_CONTEXT() REPRESENTATION_CONTEXT('2D SPACE',''
  ) );
#4182 = PCURVE('',#3309,#4183);
#4183 = DEFINITIONAL_REPRESENTATION('',(#4184),#4188);
#4184 = LINE('',#4185,#4186);
#4185 = CARTESIAN_POINT('',(-10.44030650891,54.));
#4186 = VECTOR('',#4187,1.);
#4187 = DIRECTION('',(1.,0.));
#4188 = ( GEOMETRIC_REPRESENTATION_CONTEXT(2) 
PARAMETRIC_REPRESENTATION_CONTEXT() REPRESENTATION_CONTEXT('2D SPACE',''
  ) );
#4189 = ORIENTED_EDGE('',*,*,#3267,.T.);
#4190 = ORIENTED_EDGE('',*,*,#4191,.F.);
#4191 = EDGE_CURVE('',#4192,#3183,#4194,.T.);
#4192 = VERTEX_POINT('',#4193);
#4193 = CARTESIAN_POINT('',(29.840842639315,85.,18.687682741883));
#4194 = SURFACE_CURVE('',#4195,(#4200,#4207),.PCURVE_S1.);
#4195 = CIRCLE('',#4196,34.);
#4196 = AXIS2_PLACEMENT_3D('',#4197,#4198,#4199);
#4197 = CARTESIAN_POINT('',(-1.,85.,33.));
#4198 = DIRECTION('',(0.,1.,0.));
#4199 = DIRECTION('',(0.,0.,1.));
#4200 = PCURVE('',#3282,#4201);
#4201 = DEFINITIONAL_REPRESENTATION('',(#4202),#4206);
#4202 = CIRCLE('',#4203,34.);
#4203 = AXIS2_PLACEMENT_2D('',#4204,#4205);
#4204 = CARTESIAN_POINT('',(9.483257998206,-0.741928829403));
#4205 = DIRECTION('',(1.,0.));
#4206 = ( GEOMETRIC_REPRESENTATION_CONTEXT(2) 
PARAMETRIC_REPRESENTATION_CONTEXT() REPRESENTATION_CONTEXT('2D SPACE',''
  ) );
#4207 = PCURVE('',#3236,#4208);
#4208 = DEFINITIONAL_REPRESENTATION('',(#4209),#4213);
#4209 = LINE('',#4210,#4211);
#4210 = CARTESIAN_POINT('',(-0.,-52.));
#4211 = VECTOR('',#4212,1.);
#4212 = DIRECTION('',(-1.,0.));
#4213 = ( GEOMETRIC_REPRESENTATION_CONTEXT(2) 
PARAMETRIC_REPRESENTATION_CONTEXT() REPRESENTATION_CONTEXT('2D SPACE',''
  ) );
#4214 = ORIENTED_EDGE('',*,*,#4215,.T.);
#4215 = EDGE_CURVE('',#4192,#4216,#4218,.T.);
#4216 = VERTEX_POINT('',#4217);
#4217 = CARTESIAN_POINT('',(37.,85.,-1.));
#4218 = SURFACE_CURVE('',#4219,(#4223,#4230),.PCURVE_S1.);
#4219 = LINE('',#4220,#4221);
#4220 = CARTESIAN_POINT('',(9.,85.,76.));
#4221 = VECTOR('',#4222,1.);
#4222 = DIRECTION('',(0.341743063087,0.,-0.939793423488));
#4223 = PCURVE('',#3282,#4224);
#4224 = DEFINITIONAL_REPRESENTATION('',(#4225),#4229);
#4225 = LINE('',#4226,#4227);
#4226 = CARTESIAN_POINT('',(52.483257998206,9.258071170597));
#4227 = VECTOR('',#4228,1.);
#4228 = DIRECTION('',(-0.939793423488,0.341743063087));
#4229 = ( GEOMETRIC_REPRESENTATION_CONTEXT(2) 
PARAMETRIC_REPRESENTATION_CONTEXT() REPRESENTATION_CONTEXT('2D SPACE',''
  ) );
#4230 = PCURVE('',#3170,#4231);
#4231 = DEFINITIONAL_REPRESENTATION('',(#4232),#4236);
#4232 = LINE('',#4233,#4234);
#4233 = CARTESIAN_POINT('',(-60.98395224492,-52.));
#4234 = VECTOR('',#4235,1.);
#4235 = DIRECTION('',(1.,0.));
#4236 = ( GEOMETRIC_REPRESENTATION_CONTEXT(2) 
PARAMETRIC_REPRESENTATION_CONTEXT() REPRESENTATION_CONTEXT('2D SPACE',''
  ) );
#4237 = ORIENTED_EDGE('',*,*,#4238,.T.);
#4238 = EDGE_CURVE('',#4216,#4239,#4241,.T.);
#4239 = VERTEX_POINT('',#4240);
#4240 = CARTESIAN_POINT('',(42.,85.,-1.));
#4241 = SURFACE_CURVE('',#4242,(#4246,#4253),.PCURVE_S1.);
#4242 = LINE('',#4243,#4244);
#4243 = CARTESIAN_POINT('',(37.,85.,-1.));
#4244 = VECTOR('',#4245,1.);
#4245 = DIRECTION('',(1.,0.,0.));
#4246 = PCURVE('',#3282,#4247);
#4247 = DEFINITIONAL_REPRESENTATION('',(#4248),#4252);
#4248 = LINE('',#4249,#4250);
#4249 = CARTESIAN_POINT('',(-24.51674200179,37.258071170597));
#4250 = VECTOR('',#4251,1.);
#4251 = DIRECTION('',(0.,1.));
#4252 = ( GEOMETRIC_REPRESENTATION_CONTEXT(2) 
PARAMETRIC_REPRESENTATION_CONTEXT() REPRESENTATION_CONTEXT('2D SPACE',''
  ) );
#4253 = PCURVE('',#3134,#4254);
#4254 = DEFINITIONAL_REPRESENTATION('',(#4255),#4259);
#4255 = LINE('',#4256,#4257);
#4256 = CARTESIAN_POINT('',(0.,-52.));
#4257 = VECTOR('',#4258,1.);
#4258 = DIRECTION('',(1.,0.));
#4259 = ( GEOMETRIC_REPRESENTATION_CONTEXT(2) 
PARAMETRIC_REPRESENTATION_CONTEXT() REPRESENTATION_CONTEXT('2D SPACE',''
  ) );
#4260 = ORIENTED_EDGE('',*,*,#4261,.T.);
#4261 = EDGE_CURVE('',#4239,#4262,#4264,.T.);
#4262 = VERTEX_POINT('',#4263);
#4263 = CARTESIAN_POINT('',(42.,85.,-5.));
#4264 = SURFACE_CURVE('',#4265,(#4269,#4276),.PCURVE_S1.);
#4265 = LINE('',#4266,#4267);
#4266 = CARTESIAN_POINT('',(42.,85.,-1.));
#4267 = VECTOR('',#4268,1.);
#4268 = DIRECTION('',(0.,0.,-1.));
#4269 = PCURVE('',#3282,#4270);
#4270 = DEFINITIONAL_REPRESENTATION('',(#4271),#4275);
#4271 = LINE('',#4272,#4273);
#4272 = CARTESIAN_POINT('',(-24.51674200179,42.258071170597));
#4273 = VECTOR('',#4274,1.);
#4274 = DIRECTION('',(-1.,0.));
#4275 = ( GEOMETRIC_REPRESENTATION_CONTEXT(2) 
PARAMETRIC_REPRESENTATION_CONTEXT() REPRESENTATION_CONTEXT('2D SPACE',''
  ) );
#4276 = PCURVE('',#3107,#4277);
#4277 = DEFINITIONAL_REPRESENTATION('',(#4278),#4282);
#4278 = LINE('',#4279,#4280);
#4279 = CARTESIAN_POINT('',(0.,-52.));
#4280 = VECTOR('',#4281,1.);
#4281 = DIRECTION('',(1.,0.));
#4282 = ( GEOMETRIC_REPRESENTATION_CONTEXT(2) 
PARAMETRIC_REPRESENTATION_CONTEXT() REPRESENTATION_CONTEXT('2D SPACE',''
  ) );
#4283 = ORIENTED_EDGE('',*,*,#4284,.T.);
#4284 = EDGE_CURVE('',#4262,#4121,#4285,.T.);
#4285 = SURFACE_CURVE('',#4286,(#4290,#4297),.PCURVE_S1.);
#4286 = LINE('',#4287,#4288);
#4287 = CARTESIAN_POINT('',(42.,85.,-5.));
#4288 = VECTOR('',#4289,1.);
#4289 = DIRECTION('',(-1.,0.,0.));
#4290 = PCURVE('',#3282,#4291);
#4291 = DEFINITIONAL_REPRESENTATION('',(#4292),#4296);
#4292 = LINE('',#4293,#4294);
#4293 = CARTESIAN_POINT('',(-28.51674200179,42.258071170597));
#4294 = VECTOR('',#4295,1.);
#4295 = DIRECTION('',(0.,-1.));
#4296 = ( GEOMETRIC_REPRESENTATION_CONTEXT(2) 
PARAMETRIC_REPRESENTATION_CONTEXT() REPRESENTATION_CONTEXT('2D SPACE',''
  ) );
#4297 = PCURVE('',#3984,#4298);
#4298 = DEFINITIONAL_REPRESENTATION('',(#4299),#4303);
#4299 = LINE('',#4300,#4301);
#4300 = CARTESIAN_POINT('',(0.,-52.));
#4301 = VECTOR('',#4302,1.);
#4302 = DIRECTION('',(1.,0.));
#4303 = ( GEOMETRIC_REPRESENTATION_CONTEXT(2) 
PARAMETRIC_REPRESENTATION_CONTEXT() REPRESENTATION_CONTEXT('2D SPACE',''
  ) );
#4304 = ADVANCED_FACE('',(#4305),#3309,.F.);
#4305 = FACE_BOUND('',#4306,.F.);
#4306 = EDGE_LOOP('',(#4307,#4308));
#4307 = ORIENTED_EDGE('',*,*,#4169,.T.);
#4308 = ORIENTED_EDGE('',*,*,#3293,.T.);
#4309 = ADVANCED_FACE('',(#4310),#3236,.F.);
#4310 = FACE_BOUND('',#4311,.T.);
#4311 = EDGE_LOOP('',(#4312,#4313,#4334));
#4312 = ORIENTED_EDGE('',*,*,#3182,.F.);
#4313 = ORIENTED_EDGE('',*,*,#4314,.T.);
#4314 = EDGE_CURVE('',#3151,#4192,#4315,.T.);
#4315 = SURFACE_CURVE('',#4316,(#4320,#4327),.PCURVE_S1.);
#4316 = LINE('',#4317,#4318);
#4317 = CARTESIAN_POINT('',(29.840842639315,33.,18.687682741883));
#4318 = VECTOR('',#4319,1.);
#4319 = DIRECTION('',(0.,1.,0.));
#4320 = PCURVE('',#3236,#4321);
#4321 = DEFINITIONAL_REPRESENTATION('',(#4322),#4326);
#4322 = LINE('',#4323,#4324);
#4323 = CARTESIAN_POINT('',(-2.005289264483,0.));
#4324 = VECTOR('',#4325,1.);
#4325 = DIRECTION('',(-0.,-1.));
#4326 = ( GEOMETRIC_REPRESENTATION_CONTEXT(2) 
PARAMETRIC_REPRESENTATION_CONTEXT() REPRESENTATION_CONTEXT('2D SPACE',''
  ) );
#4327 = PCURVE('',#3170,#4328);
#4328 = DEFINITIONAL_REPRESENTATION('',(#4329),#4333);
#4329 = LINE('',#4330,#4331);
#4330 = CARTESIAN_POINT('',(-3.338816950874E-15,0.));
#4331 = VECTOR('',#4332,1.);
#4332 = DIRECTION('',(0.,-1.));
#4333 = ( GEOMETRIC_REPRESENTATION_CONTEXT(2) 
PARAMETRIC_REPRESENTATION_CONTEXT() REPRESENTATION_CONTEXT('2D SPACE',''
  ) );
#4334 = ORIENTED_EDGE('',*,*,#4191,.T.);
#4335 = ADVANCED_FACE('',(#4336),#3170,.F.);
#4336 = FACE_BOUND('',#4337,.F.);
#4337 = EDGE_LOOP('',(#4338,#4339,#4340,#4341));
#4338 = ORIENTED_EDGE('',*,*,#3150,.F.);
#4339 = ORIENTED_EDGE('',*,*,#4314,.T.);
#4340 = ORIENTED_EDGE('',*,*,#4215,.T.);
#4341 = ORIENTED_EDGE('',*,*,#4342,.F.);
#4342 = EDGE_CURVE('',#3119,#4216,#4343,.T.);
#4343 = SURFACE_CURVE('',#4344,(#4348,#4355),.PCURVE_S1.);
#4344 = LINE('',#4345,#4346);
#4345 = CARTESIAN_POINT('',(37.,33.,-1.));
#4346 = VECTOR('',#4347,1.);
#4347 = DIRECTION('',(0.,1.,0.));
#4348 = PCURVE('',#3170,#4349);
#4349 = DEFINITIONAL_REPRESENTATION('',(#4350),#4354);
#4350 = LINE('',#4351,#4352);
#4351 = CARTESIAN_POINT('',(20.948947130109,0.));
#4352 = VECTOR('',#4353,1.);
#4353 = DIRECTION('',(0.,-1.));
#4354 = ( GEOMETRIC_REPRESENTATION_CONTEXT(2) 
PARAMETRIC_REPRESENTATION_CONTEXT() REPRESENTATION_CONTEXT('2D SPACE',''
  ) );
#4355 = PCURVE('',#3134,#4356);
#4356 = DEFINITIONAL_REPRESENTATION('',(#4357),#4361);
#4357 = LINE('',#4358,#4359);
#4358 = CARTESIAN_POINT('',(0.,0.));
#4359 = VECTOR('',#4360,1.);
#4360 = DIRECTION('',(0.,-1.));
#4361 = ( GEOMETRIC_REPRESENTATION_CONTEXT(2) 
PARAMETRIC_REPRESENTATION_CONTEXT() REPRESENTATION_CONTEXT('2D SPACE',''
  ) );
#4362 = ADVANCED_FACE('',(#4363),#3134,.F.);
#4363 = FACE_BOUND('',#4364,.F.);
#4364 = EDGE_LOOP('',(#4365,#4366,#4367,#4368));
#4365 = ORIENTED_EDGE('',*,*,#3118,.T.);
#4366 = ORIENTED_EDGE('',*,*,#4342,.T.);
#4367 = ORIENTED_EDGE('',*,*,#4238,.T.);
#4368 = ORIENTED_EDGE('',*,*,#4369,.F.);
#4369 = EDGE_CURVE('',#3093,#4239,#4370,.T.);
#4370 = SURFACE_CURVE('',#4371,(#4375,#4382),.PCURVE_S1.);
#4371 = LINE('',#4372,#4373);
#4372 = CARTESIAN_POINT('',(42.,33.,-1.));
#4373 = VECTOR('',#4374,1.);
#4374 = DIRECTION('',(0.,1.,0.));
#4375 = PCURVE('',#3134,#4376);
#4376 = DEFINITIONAL_REPRESENTATION('',(#4377),#4381);
#4377 = LINE('',#4378,#4379);
#4378 = CARTESIAN_POINT('',(5.,0.));
#4379 = VECTOR('',#4380,1.);
#4380 = DIRECTION('',(0.,-1.));
#4381 = ( GEOMETRIC_REPRESENTATION_CONTEXT(2) 
PARAMETRIC_REPRESENTATION_CONTEXT() REPRESENTATION_CONTEXT('2D SPACE',''
  ) );
#4382 = PCURVE('',#3107,#4383);
#4383 = DEFINITIONAL_REPRESENTATION('',(#4384),#4388);
#4384 = LINE('',#4385,#4386);
#4385 = CARTESIAN_POINT('',(0.,-0.));
#4386 = VECTOR('',#4387,1.);
#4387 = DIRECTION('',(0.,-1.));
#4388 = ( GEOMETRIC_REPRESENTATION_CONTEXT(2) 
PARAMETRIC_REPRESENTATION_CONTEXT() REPRESENTATION_CONTEXT('2D SPACE',''
  ) );
#4389 = ADVANCED_FACE('',(#4390),#3107,.F.);
#4390 = FACE_BOUND('',#4391,.F.);
#4391 = EDGE_LOOP('',(#4392,#4393,#4414,#4415,#4416,#4417,#4418,#4419));
#4392 = ORIENTED_EDGE('',*,*,#3996,.F.);
#4393 = ORIENTED_EDGE('',*,*,#4394,.T.);
#4394 = EDGE_CURVE('',#3997,#3534,#4395,.T.);
#4395 = SURFACE_CURVE('',#4396,(#4400,#4407),.PCURVE_S1.);
#4396 = LINE('',#4397,#4398);
#4397 = CARTESIAN_POINT('',(42.,33.,-1.));
#4398 = VECTOR('',#4399,1.);
#4399 = DIRECTION('',(0.,1.,0.));
#4400 = PCURVE('',#3107,#4401);
#4401 = DEFINITIONAL_REPRESENTATION('',(#4402),#4406);
#4402 = LINE('',#4403,#4404);
#4403 = CARTESIAN_POINT('',(0.,-0.));
#4404 = VECTOR('',#4405,1.);
#4405 = DIRECTION('',(0.,-1.));
#4406 = ( GEOMETRIC_REPRESENTATION_CONTEXT(2) 
PARAMETRIC_REPRESENTATION_CONTEXT() REPRESENTATION_CONTEXT('2D SPACE',''
  ) );
#4407 = PCURVE('',#3570,#4408);
#4408 = DEFINITIONAL_REPRESENTATION('',(#4409),#4413);
#4409 = LINE('',#4410,#4411);
#4410 = CARTESIAN_POINT('',(5.,0.));
#4411 = VECTOR('',#4412,1.);
#4412 = DIRECTION('',(0.,-1.));
#4413 = ( GEOMETRIC_REPRESENTATION_CONTEXT(2) 
PARAMETRIC_REPRESENTATION_CONTEXT() REPRESENTATION_CONTEXT('2D SPACE',''
  ) );
#4414 = ORIENTED_EDGE('',*,*,#3533,.F.);
#4415 = ORIENTED_EDGE('',*,*,#4055,.T.);
#4416 = ORIENTED_EDGE('',*,*,#3092,.T.);
#4417 = ORIENTED_EDGE('',*,*,#4369,.T.);
#4418 = ORIENTED_EDGE('',*,*,#4261,.T.);
#4419 = ORIENTED_EDGE('',*,*,#4420,.F.);
#4420 = EDGE_CURVE('',#3969,#4262,#4421,.T.);
#4421 = SURFACE_CURVE('',#4422,(#4426,#4433),.PCURVE_S1.);
#4422 = LINE('',#4423,#4424);
#4423 = CARTESIAN_POINT('',(42.,33.,-5.));
#4424 = VECTOR('',#4425,1.);
#4425 = DIRECTION('',(0.,1.,0.));
#4426 = PCURVE('',#3107,#4427);
#4427 = DEFINITIONAL_REPRESENTATION('',(#4428),#4432);
#4428 = LINE('',#4429,#4430);
#4429 = CARTESIAN_POINT('',(4.,0.));
#4430 = VECTOR('',#4431,1.);
#4431 = DIRECTION('',(0.,-1.));
#4432 = ( GEOMETRIC_REPRESENTATION_CONTEXT(2) 
PARAMETRIC_REPRESENTATION_CONTEXT() REPRESENTATION_CONTEXT('2D SPACE',''
  ) );
#4433 = PCURVE('',#3984,#4434);
#4434 = DEFINITIONAL_REPRESENTATION('',(#4435),#4439);
#4435 = LINE('',#4436,#4437);
#4436 = CARTESIAN_POINT('',(0.,0.));
#4437 = VECTOR('',#4438,1.);
#4438 = DIRECTION('',(0.,-1.));
#4439 = ( GEOMETRIC_REPRESENTATION_CONTEXT(2) 
PARAMETRIC_REPRESENTATION_CONTEXT() REPRESENTATION_CONTEXT('2D SPACE',''
  ) );
#4440 = ADVANCED_FACE('',(#4441),#3570,.F.);
#4441 = FACE_BOUND('',#4442,.F.);
#4442 = EDGE_LOOP('',(#4443,#4444,#4445,#4446));
#4443 = ORIENTED_EDGE('',*,*,#4019,.F.);
#4444 = ORIENTED_EDGE('',*,*,#3868,.T.);
#4445 = ORIENTED_EDGE('',*,*,#3554,.F.);
#4446 = ORIENTED_EDGE('',*,*,#4394,.F.);
#4447 = ADVANCED_FACE('',(#4448),#3783,.F.);
#4448 = FACE_BOUND('',#4449,.F.);
#4449 = EDGE_LOOP('',(#4450,#4471,#4472,#4473));
#4450 = ORIENTED_EDGE('',*,*,#4451,.T.);
#4451 = EDGE_CURVE('',#3918,#4123,#4452,.T.);
#4452 = SURFACE_CURVE('',#4453,(#4457,#4464),.PCURVE_S1.);
#4453 = LINE('',#4454,#4455);
#4454 = CARTESIAN_POINT('',(42.,33.,-9.));
#4455 = VECTOR('',#4456,1.);
#4456 = DIRECTION('',(0.,1.,0.));
#4457 = PCURVE('',#3783,#4458);
#4458 = DEFINITIONAL_REPRESENTATION('',(#4459),#4463);
#4459 = LINE('',#4460,#4461);
#4460 = CARTESIAN_POINT('',(0.,0.));
#4461 = VECTOR('',#4462,1.);
#4462 = DIRECTION('',(0.,-1.));
#4463 = ( GEOMETRIC_REPRESENTATION_CONTEXT(2) 
PARAMETRIC_REPRESENTATION_CONTEXT() REPRESENTATION_CONTEXT('2D SPACE',''
  ) );
#4464 = PCURVE('',#3956,#4465);
#4465 = DEFINITIONAL_REPRESENTATION('',(#4466),#4470);
#4466 = LINE('',#4467,#4468);
#4467 = CARTESIAN_POINT('',(4.472135955,0.));
#4468 = VECTOR('',#4469,1.);
#4469 = DIRECTION('',(0.,-1.));
#4470 = ( GEOMETRIC_REPRESENTATION_CONTEXT(2) 
PARAMETRIC_REPRESENTATION_CONTEXT() REPRESENTATION_CONTEXT('2D SPACE',''
  ) );
#4471 = ORIENTED_EDGE('',*,*,#4145,.T.);
#4472 = ORIENTED_EDGE('',*,*,#3767,.F.);
#4473 = ORIENTED_EDGE('',*,*,#3917,.F.);
#4474 = ADVANCED_FACE('',(#4475),#3984,.F.);
#4475 = FACE_BOUND('',#4476,.F.);
#4476 = EDGE_LOOP('',(#4477,#4478,#4479,#4500));
#4477 = ORIENTED_EDGE('',*,*,#4420,.T.);
#4478 = ORIENTED_EDGE('',*,*,#4284,.T.);
#4479 = ORIENTED_EDGE('',*,*,#4480,.F.);
#4480 = EDGE_CURVE('',#3941,#4121,#4481,.T.);
#4481 = SURFACE_CURVE('',#4482,(#4486,#4493),.PCURVE_S1.);
#4482 = LINE('',#4483,#4484);
#4483 = CARTESIAN_POINT('',(40.,33.,-5.));
#4484 = VECTOR('',#4485,1.);
#4485 = DIRECTION('',(0.,1.,0.));
#4486 = PCURVE('',#3984,#4487);
#4487 = DEFINITIONAL_REPRESENTATION('',(#4488),#4492);
#4488 = LINE('',#4489,#4490);
#4489 = CARTESIAN_POINT('',(2.,0.));
#4490 = VECTOR('',#4491,1.);
#4491 = DIRECTION('',(0.,-1.));
#4492 = ( GEOMETRIC_REPRESENTATION_CONTEXT(2) 
PARAMETRIC_REPRESENTATION_CONTEXT() REPRESENTATION_CONTEXT('2D SPACE',''
  ) );
#4493 = PCURVE('',#3956,#4494);
#4494 = DEFINITIONAL_REPRESENTATION('',(#4495),#4499);
#4495 = LINE('',#4496,#4497);
#4496 = CARTESIAN_POINT('',(0.,0.));
#4497 = VECTOR('',#4498,1.);
#4498 = DIRECTION('',(0.,-1.));
#4499 = ( GEOMETRIC_REPRESENTATION_CONTEXT(2) 
PARAMETRIC_REPRESENTATION_CONTEXT() REPRESENTATION_CONTEXT('2D SPACE',''
  ) );
#4500 = ORIENTED_EDGE('',*,*,#3968,.F.);
#4501 = ADVANCED_FACE('',(#4502),#3956,.F.);
#4502 = FACE_BOUND('',#4503,.F.);
#4503 = EDGE_LOOP('',(#4504,#4505,#4506,#4507));
#4504 = ORIENTED_EDGE('',*,*,#4480,.T.);
#4505 = ORIENTED_EDGE('',*,*,#4120,.T.);
#4506 = ORIENTED_EDGE('',*,*,#4451,.F.);
#4507 = ORIENTED_EDGE('',*,*,#3940,.F.);
#4508 = ( GEOMETRIC_REPRESENTATION_CONTEXT(3) 
GLOBAL_UNCERTAINTY_ASSIGNED_CONTEXT((#4512)) 
GLOBAL_UNIT_ASSIGNED_CONTEXT((#4509,#4510,#4511)) REPRESENTATION_CONTEXT
('Context #1','3D Context with UNIT and UNCERTAINTY') );
#4509 = ( LENGTH_UNIT() NAMED_UNIT(*) SI_UNIT(.MILLI.,.METRE.) );
#4510 = ( NAMED_UNIT(*) PLANE_ANGLE_UNIT() SI_UNIT($,.RADIAN.) );
#4511 = ( NAMED_UNIT(*) SI_UNIT($,.STERADIAN.) SOLID_ANGLE_UNIT() );
#4512 = UNCERTAINTY_MEASURE_WITH_UNIT(LENGTH_MEASURE(1.E-07),#4509,
  'distance_accuracy_value','confusion accuracy');
#4513 = CONTEXT_DEPENDENT_SHAPE_REPRESENTATION(#4514,#4516);
#4514 = ( REPRESENTATION_RELATIONSHIP('','',#36,#10) 
REPRESENTATION_RELATIONSHIP_WITH_TRANSFORMATION(#4515) 
SHAPE_REPRESENTATION_RELATIONSHIP() );
#4515 = ITEM_DEFINED_TRANSFORMATION('','',#11,#15);
#4516 = PRODUCT_DEFINITION_SHAPE('Placement','Placement of an item',
  #4517);
#4517 = NEXT_ASSEMBLY_USAGE_OCCURRENCE('3','','',#5,#31,$);
#4518 = PRODUCT_RELATED_PRODUCT_CATEGORY('part',$,(#33));
#4519 = SHAPE_DEFINITION_REPRESENTATION(#4520,#4526);
#4520 = PRODUCT_DEFINITION_SHAPE('','',#4521);
#4521 = PRODUCT_DEFINITION('design','',#4522,#4525);
#4522 = PRODUCT_DEFINITION_FORMATION('','',#4523);
#4523 = PRODUCT('Open CASCADE STEP translator 7.7 4.2',
  'Open CASCADE STEP translator 7.7 4.2','',(#4524));
#4524 = PRODUCT_CONTEXT('',#2,'mechanical');
#4525 = PRODUCT_DEFINITION_CONTEXT('part definition',#2,'design');
#4526 = ADVANCED_BREP_SHAPE_REPRESENTATION('',(#11,#4527),#4781);
#4527 = MANIFOLD_SOLID_BREP('',#4528);
#4528 = CLOSED_SHELL('',(#4529,#4651,#4722,#4769,#4775));
#4529 = ADVANCED_FACE('',(#4530),#4544,.F.);
#4530 = FACE_BOUND('',#4531,.F.);
#4531 = EDGE_LOOP('',(#4532,#4567,#4596,#4624));
#4532 = ORIENTED_EDGE('',*,*,#4533,.T.);
#4533 = EDGE_CURVE('',#4534,#4536,#4538,.T.);
#4534 = VERTEX_POINT('',#4535);
#4535 = CARTESIAN_POINT('',(-49.56844571253,33.,61.897019603292));
#4536 = VERTEX_POINT('',#4537);
#4537 = CARTESIAN_POINT('',(-49.56844571253,-96.,61.897019603292));
#4538 = SURFACE_CURVE('',#4539,(#4543,#4555),.PCURVE_S1.);
#4539 = LINE('',#4540,#4541);
#4540 = CARTESIAN_POINT('',(-49.56844571253,33.,61.897019603292));
#4541 = VECTOR('',#4542,1.);
#4542 = DIRECTION('',(-0.,-1.,-0.));
#4543 = PCURVE('',#4544,#4549);
#4544 = CYLINDRICAL_SURFACE('',#4545,28.);
#4545 = AXIS2_PLACEMENT_3D('',#4546,#4547,#4548);
#4546 = CARTESIAN_POINT('',(-22.,33.,57.));
#4547 = DIRECTION('',(0.,1.,0.));
#4548 = DIRECTION('',(0.,0.,1.));
#4549 = DEFINITIONAL_REPRESENTATION('',(#4550),#4554);
#4550 = LINE('',#4551,#4552);
#4551 = CARTESIAN_POINT('',(4.888186638524,0.));
#4552 = VECTOR('',#4553,1.);
#4553 = DIRECTION('',(0.,-1.));
#4554 = ( GEOMETRIC_REPRESENTATION_CONTEXT(2) 
PARAMETRIC_REPRESENTATION_CONTEXT() REPRESENTATION_CONTEXT('2D SPACE',''
  ) );
#4555 = PCURVE('',#4556,#4561);
#4556 = PLANE('',#4557);
#4557 = AXIS2_PLACEMENT_3D('',#4558,#4559,#4560);
#4558 = CARTESIAN_POINT('',(-49.56844571253,33.,61.897019603291));
#4559 = DIRECTION('',(-0.533503331074,0.,-0.845797963897));
#4560 = DIRECTION('',(-0.845797963897,0.,0.533503331074));
#4561 = DEFINITIONAL_REPRESENTATION('',(#4562),#4566);
#4562 = LINE('',#4563,#4564);
#4563 = CARTESIAN_POINT('',(0.,0.));
#4564 = VECTOR('',#4565,1.);
#4565 = DIRECTION('',(0.,-1.));
#4566 = ( GEOMETRIC_REPRESENTATION_CONTEXT(2) 
PARAMETRIC_REPRESENTATION_CONTEXT() REPRESENTATION_CONTEXT('2D SPACE',''
  ) );
#4567 = ORIENTED_EDGE('',*,*,#4568,.T.);
#4568 = EDGE_CURVE('',#4536,#4569,#4571,.T.);
#4569 = VERTEX_POINT('',#4570);
#4570 = CARTESIAN_POINT('',(-41.10367577912,-96.,77.47070032329));
#4571 = SURFACE_CURVE('',#4572,(#4577,#4584),.PCURVE_S1.);
#4572 = CIRCLE('',#4573,28.);
#4573 = AXIS2_PLACEMENT_3D('',#4574,#4575,#4576);
#4574 = CARTESIAN_POINT('',(-22.,-96.,57.));
#4575 = DIRECTION('',(0.,1.,0.));
#4576 = DIRECTION('',(0.,0.,1.));
#4577 = PCURVE('',#4544,#4578);
#4578 = DEFINITIONAL_REPRESENTATION('',(#4579),#4583);
#4579 = LINE('',#4580,#4581);
#4580 = CARTESIAN_POINT('',(0.,-129.));
#4581 = VECTOR('',#4582,1.);
#4582 = DIRECTION('',(1.,0.));
#4583 = ( GEOMETRIC_REPRESENTATION_CONTEXT(2) 
PARAMETRIC_REPRESENTATION_CONTEXT() REPRESENTATION_CONTEXT('2D SPACE',''
  ) );
#4584 = PCURVE('',#4585,#4590);
#4585 = PLANE('',#4586);
#4586 = AXIS2_PLACEMENT_3D('',#4587,#4588,#4589);
#4587 = CARTESIAN_POINT('',(-19.5189487661,-96.,60.250445787856));
#4588 = DIRECTION('',(0.,1.,0.));
#4589 = DIRECTION('',(0.,0.,1.));
#4590 = DEFINITIONAL_REPRESENTATION('',(#4591),#4595);
#4591 = CIRCLE('',#4592,28.);
#4592 = AXIS2_PLACEMENT_2D('',#4593,#4594);
#4593 = CARTESIAN_POINT('',(-3.250445787856,-2.481051233897));
#4594 = DIRECTION('',(1.,0.));
#4595 = ( GEOMETRIC_REPRESENTATION_CONTEXT(2) 
PARAMETRIC_REPRESENTATION_CONTEXT() REPRESENTATION_CONTEXT('2D SPACE',''
  ) );
#4596 = ORIENTED_EDGE('',*,*,#4597,.F.);
#4597 = EDGE_CURVE('',#4598,#4569,#4600,.T.);
#4598 = VERTEX_POINT('',#4599);
#4599 = CARTESIAN_POINT('',(-41.10367577912,33.,77.47070032329));
#4600 = SURFACE_CURVE('',#4601,(#4605,#4612),.PCURVE_S1.);
#4601 = LINE('',#4602,#4603);
#4602 = CARTESIAN_POINT('',(-41.10367577912,33.,77.47070032329));
#4603 = VECTOR('',#4604,1.);
#4604 = DIRECTION('',(-0.,-1.,-0.));
#4605 = PCURVE('',#4544,#4606);
#4606 = DEFINITIONAL_REPRESENTATION('',(#4607),#4611);
#4607 = LINE('',#4608,#4609);
#4608 = CARTESIAN_POINT('',(5.532316587892,0.));
#4609 = VECTOR('',#4610,1.);
#4610 = DIRECTION('',(0.,-1.));
#4611 = ( GEOMETRIC_REPRESENTATION_CONTEXT(2) 
PARAMETRIC_REPRESENTATION_CONTEXT() REPRESENTATION_CONTEXT('2D SPACE',''
  ) );
#4612 = PCURVE('',#4613,#4618);
#4613 = PLANE('',#4614);
#4614 = AXIS2_PLACEMENT_3D('',#4615,#4616,#4617);
#4615 = CARTESIAN_POINT('',(-64.,33.,71.));
#4616 = DIRECTION('',(-0.271957005226,0.,0.962309403107));
#4617 = DIRECTION('',(0.962309403107,0.,0.271957005226));
#4618 = DEFINITIONAL_REPRESENTATION('',(#4619),#4623);
#4619 = LINE('',#4620,#4621);
#4620 = CARTESIAN_POINT('',(23.793100375973,0.));
#4621 = VECTOR('',#4622,1.);
#4622 = DIRECTION('',(0.,-1.));
#4623 = ( GEOMETRIC_REPRESENTATION_CONTEXT(2) 
PARAMETRIC_REPRESENTATION_CONTEXT() REPRESENTATION_CONTEXT('2D SPACE',''
  ) );
#4624 = ORIENTED_EDGE('',*,*,#4625,.F.);
#4625 = EDGE_CURVE('',#4534,#4598,#4626,.T.);
#4626 = SURFACE_CURVE('',#4627,(#4632,#4639),.PCURVE_S1.);
#4627 = CIRCLE('',#4628,28.);
#4628 = AXIS2_PLACEMENT_3D('',#4629,#4630,#4631);
#4629 = CARTESIAN_POINT('',(-22.,33.,57.));
#4630 = DIRECTION('',(0.,1.,0.));
#4631 = DIRECTION('',(0.,0.,1.));
#4632 = PCURVE('',#4544,#4633);
#4633 = DEFINITIONAL_REPRESENTATION('',(#4634),#4638);
#4634 = LINE('',#4635,#4636);
#4635 = CARTESIAN_POINT('',(0.,0.));
#4636 = VECTOR('',#4637,1.);
#4637 = DIRECTION('',(1.,0.));
#4638 = ( GEOMETRIC_REPRESENTATION_CONTEXT(2) 
PARAMETRIC_REPRESENTATION_CONTEXT() REPRESENTATION_CONTEXT('2D SPACE',''
  ) );
#4639 = PCURVE('',#4640,#4645);
#4640 = PLANE('',#4641);
#4641 = AXIS2_PLACEMENT_3D('',#4642,#4643,#4644);
#4642 = CARTESIAN_POINT('',(-19.5189487661,33.,60.250445787856));
#4643 = DIRECTION('',(0.,1.,0.));
#4644 = DIRECTION('',(0.,0.,1.));
#4645 = DEFINITIONAL_REPRESENTATION('',(#4646),#4650);
#4646 = CIRCLE('',#4647,28.);
#4647 = AXIS2_PLACEMENT_2D('',#4648,#4649);
#4648 = CARTESIAN_POINT('',(-3.250445787856,-2.481051233897));
#4649 = DIRECTION('',(1.,0.));
#4650 = ( GEOMETRIC_REPRESENTATION_CONTEXT(2) 
PARAMETRIC_REPRESENTATION_CONTEXT() REPRESENTATION_CONTEXT('2D SPACE',''
  ) );
#4651 = ADVANCED_FACE('',(#4652),#4613,.T.);
#4652 = FACE_BOUND('',#4653,.T.);
#4653 = EDGE_LOOP('',(#4654,#4679,#4700,#4701));
#4654 = ORIENTED_EDGE('',*,*,#4655,.T.);
#4655 = EDGE_CURVE('',#4656,#4658,#4660,.T.);
#4656 = VERTEX_POINT('',#4657);
#4657 = CARTESIAN_POINT('',(-64.,33.,71.));
#4658 = VERTEX_POINT('',#4659);
#4659 = CARTESIAN_POINT('',(-64.,-96.,71.));
#4660 = SURFACE_CURVE('',#4661,(#4665,#4672),.PCURVE_S1.);
#4661 = LINE('',#4662,#4663);
#4662 = CARTESIAN_POINT('',(-64.,33.,71.));
#4663 = VECTOR('',#4664,1.);
#4664 = DIRECTION('',(-0.,-1.,-0.));
#4665 = PCURVE('',#4613,#4666);
#4666 = DEFINITIONAL_REPRESENTATION('',(#4667),#4671);
#4667 = LINE('',#4668,#4669);
#4668 = CARTESIAN_POINT('',(0.,0.));
#4669 = VECTOR('',#4670,1.);
#4670 = DIRECTION('',(0.,-1.));
#4671 = ( GEOMETRIC_REPRESENTATION_CONTEXT(2) 
PARAMETRIC_REPRESENTATION_CONTEXT() REPRESENTATION_CONTEXT('2D SPACE',''
  ) );
#4672 = PCURVE('',#4556,#4673);
#4673 = DEFINITIONAL_REPRESENTATION('',(#4674),#4678);
#4674 = LINE('',#4675,#4676);
#4675 = CARTESIAN_POINT('',(17.062649596558,0.));
#4676 = VECTOR('',#4677,1.);
#4677 = DIRECTION('',(0.,-1.));
#4678 = ( GEOMETRIC_REPRESENTATION_CONTEXT(2) 
PARAMETRIC_REPRESENTATION_CONTEXT() REPRESENTATION_CONTEXT('2D SPACE',''
  ) );
#4679 = ORIENTED_EDGE('',*,*,#4680,.T.);
#4680 = EDGE_CURVE('',#4658,#4569,#4681,.T.);
#4681 = SURFACE_CURVE('',#4682,(#4686,#4693),.PCURVE_S1.);
#4682 = LINE('',#4683,#4684);
#4683 = CARTESIAN_POINT('',(-64.,-96.,71.));
#4684 = VECTOR('',#4685,1.);
#4685 = DIRECTION('',(0.962309403107,0.,0.271957005226));
#4686 = PCURVE('',#4613,#4687);
#4687 = DEFINITIONAL_REPRESENTATION('',(#4688),#4692);
#4688 = LINE('',#4689,#4690);
#4689 = CARTESIAN_POINT('',(0.,-129.));
#4690 = VECTOR('',#4691,1.);
#4691 = DIRECTION('',(1.,0.));
#4692 = ( GEOMETRIC_REPRESENTATION_CONTEXT(2) 
PARAMETRIC_REPRESENTATION_CONTEXT() REPRESENTATION_CONTEXT('2D SPACE',''
  ) );
#4693 = PCURVE('',#4585,#4694);
#4694 = DEFINITIONAL_REPRESENTATION('',(#4695),#4699);
#4695 = LINE('',#4696,#4697);
#4696 = CARTESIAN_POINT('',(10.749554212144,-44.48105123389));
#4697 = VECTOR('',#4698,1.);
#4698 = DIRECTION('',(0.271957005226,0.962309403107));
#4699 = ( GEOMETRIC_REPRESENTATION_CONTEXT(2) 
PARAMETRIC_REPRESENTATION_CONTEXT() REPRESENTATION_CONTEXT('2D SPACE',''
  ) );
#4700 = ORIENTED_EDGE('',*,*,#4597,.F.);
#4701 = ORIENTED_EDGE('',*,*,#4702,.F.);
#4702 = EDGE_CURVE('',#4656,#4598,#4703,.T.);
#4703 = SURFACE_CURVE('',#4704,(#4708,#4715),.PCURVE_S1.);
#4704 = LINE('',#4705,#4706);
#4705 = CARTESIAN_POINT('',(-64.,33.,71.));
#4706 = VECTOR('',#4707,1.);
#4707 = DIRECTION('',(0.962309403107,0.,0.271957005226));
#4708 = PCURVE('',#4613,#4709);
#4709 = DEFINITIONAL_REPRESENTATION('',(#4710),#4714);
#4710 = LINE('',#4711,#4712);
#4711 = CARTESIAN_POINT('',(0.,0.));
#4712 = VECTOR('',#4713,1.);
#4713 = DIRECTION('',(1.,0.));
#4714 = ( GEOMETRIC_REPRESENTATION_CONTEXT(2) 
PARAMETRIC_REPRESENTATION_CONTEXT() REPRESENTATION_CONTEXT('2D SPACE',''
  ) );
#4715 = PCURVE('',#4640,#4716);
#4716 = DEFINITIONAL_REPRESENTATION('',(#4717),#4721);
#4717 = LINE('',#4718,#4719);
#4718 = CARTESIAN_POINT('',(10.749554212144,-44.48105123389));
#4719 = VECTOR('',#4720,1.);
#4720 = DIRECTION('',(0.271957005226,0.962309403107));
#4721 = ( GEOMETRIC_REPRESENTATION_CONTEXT(2) 
PARAMETRIC_REPRESENTATION_CONTEXT() REPRESENTATION_CONTEXT('2D SPACE',''
  ) );
#4722 = ADVANCED_FACE('',(#4723),#4556,.T.);
#4723 = FACE_BOUND('',#4724,.T.);
#4724 = EDGE_LOOP('',(#4725,#4726,#4747,#4748));
#4725 = ORIENTED_EDGE('',*,*,#4533,.T.);
#4726 = ORIENTED_EDGE('',*,*,#4727,.T.);
#4727 = EDGE_CURVE('',#4536,#4658,#4728,.T.);
#4728 = SURFACE_CURVE('',#4729,(#4733,#4740),.PCURVE_S1.);
#4729 = LINE('',#4730,#4731);
#4730 = CARTESIAN_POINT('',(1.,-96.,30.));
#4731 = VECTOR('',#4732,1.);
#4732 = DIRECTION('',(-0.845797963897,0.,0.533503331074));
#4733 = PCURVE('',#4556,#4734);
#4734 = DEFINITIONAL_REPRESENTATION('',(#4735),#4739);
#4735 = LINE('',#4736,#4737);
#4736 = CARTESIAN_POINT('',(-59.7878546308,-129.));
#4737 = VECTOR('',#4738,1.);
#4738 = DIRECTION('',(1.,0.));
#4739 = ( GEOMETRIC_REPRESENTATION_CONTEXT(2) 
PARAMETRIC_REPRESENTATION_CONTEXT() REPRESENTATION_CONTEXT('2D SPACE',''
  ) );
#4740 = PCURVE('',#4585,#4741);
#4741 = DEFINITIONAL_REPRESENTATION('',(#4742),#4746);
#4742 = LINE('',#4743,#4744);
#4743 = CARTESIAN_POINT('',(-30.25044578785,20.518948766103));
#4744 = VECTOR('',#4745,1.);
#4745 = DIRECTION('',(0.533503331074,-0.845797963897));
#4746 = ( GEOMETRIC_REPRESENTATION_CONTEXT(2) 
PARAMETRIC_REPRESENTATION_CONTEXT() REPRESENTATION_CONTEXT('2D SPACE',''
  ) );
#4747 = ORIENTED_EDGE('',*,*,#4655,.F.);
#4748 = ORIENTED_EDGE('',*,*,#4749,.F.);
#4749 = EDGE_CURVE('',#4534,#4656,#4750,.T.);
#4750 = SURFACE_CURVE('',#4751,(#4755,#4762),.PCURVE_S1.);
#4751 = LINE('',#4752,#4753);
#4752 = CARTESIAN_POINT('',(1.,33.,30.));
#4753 = VECTOR('',#4754,1.);
#4754 = DIRECTION('',(-0.845797963897,0.,0.533503331074));
#4755 = PCURVE('',#4556,#4756);
#4756 = DEFINITIONAL_REPRESENTATION('',(#4757),#4761);
#4757 = LINE('',#4758,#4759);
#4758 = CARTESIAN_POINT('',(-59.7878546308,0.));
#4759 = VECTOR('',#4760,1.);
#4760 = DIRECTION('',(1.,0.));
#4761 = ( GEOMETRIC_REPRESENTATION_CONTEXT(2) 
PARAMETRIC_REPRESENTATION_CONTEXT() REPRESENTATION_CONTEXT('2D SPACE',''
  ) );
#4762 = PCURVE('',#4640,#4763);
#4763 = DEFINITIONAL_REPRESENTATION('',(#4764),#4768);
#4764 = LINE('',#4765,#4766);
#4765 = CARTESIAN_POINT('',(-30.25044578785,20.518948766103));
#4766 = VECTOR('',#4767,1.);
#4767 = DIRECTION('',(0.533503331074,-0.845797963897));
#4768 = ( GEOMETRIC_REPRESENTATION_CONTEXT(2) 
PARAMETRIC_REPRESENTATION_CONTEXT() REPRESENTATION_CONTEXT('2D SPACE',''
  ) );
#4769 = ADVANCED_FACE('',(#4770),#4640,.T.);
#4770 = FACE_BOUND('',#4771,.T.);
#4771 = EDGE_LOOP('',(#4772,#4773,#4774));
#4772 = ORIENTED_EDGE('',*,*,#4625,.F.);
#4773 = ORIENTED_EDGE('',*,*,#4749,.T.);
#4774 = ORIENTED_EDGE('',*,*,#4702,.T.);
#4775 = ADVANCED_FACE('',(#4776),#4585,.F.);
#4776 = FACE_BOUND('',#4777,.F.);
#4777 = EDGE_LOOP('',(#4778,#4779,#4780));
#4778 = ORIENTED_EDGE('',*,*,#4568,.F.);
#4779 = ORIENTED_EDGE('',*,*,#4727,.T.);
#4780 = ORIENTED_EDGE('',*,*,#4680,.T.);
#4781 = ( GEOMETRIC_REPRESENTATION_CONTEXT(3) 
GLOBAL_UNCERTAINTY_ASSIGNED_CONTEXT((#4785)) 
GLOBAL_UNIT_ASSIGNED_CONTEXT((#4782,#4783,#4784)) REPRESENTATION_CONTEXT
('Context #1','3D Context with UNIT and UNCERTAINTY') );
#4782 = ( LENGTH_UNIT() NAMED_UNIT(*) SI_UNIT(.MILLI.,.METRE.) );
#4783 = ( NAMED_UNIT(*) PLANE_ANGLE_UNIT() SI_UNIT($,.RADIAN.) );
#4784 = ( NAMED_UNIT(*) SI_UNIT($,.STERADIAN.) SOLID_ANGLE_UNIT() );
#4785 = UNCERTAINTY_MEASURE_WITH_UNIT(LENGTH_MEASURE(1.E-07),#4782,
  'distance_accuracy_value','confusion accuracy');
#4786 = CONTEXT_DEPENDENT_SHAPE_REPRESENTATION(#4787,#4789);
#4787 = ( REPRESENTATION_RELATIONSHIP('','',#4526,#10) 
REPRESENTATION_RELATIONSHIP_WITH_TRANSFORMATION(#4788) 
SHAPE_REPRESENTATION_RELATIONSHIP() );
#4788 = ITEM_DEFINED_TRANSFORMATION('','',#11,#19);
#4789 = PRODUCT_DEFINITION_SHAPE('Placement','Placement of an item',
  #4790);
#4790 = NEXT_ASSEMBLY_USAGE_OCCURRENCE('4','','',#5,#4521,$);
#4791 = PRODUCT_RELATED_PRODUCT_CATEGORY('part',$,(#4523));
ENDSEC;
END-ISO-10303-21;
