ISO-10303-21;
HEADER;
FILE_DESCRIPTION(('Open CASCADE Model'),'2;1');
FILE_NAME('Open CASCADE Shape Model','2026-05-02T08:51:29',('Author'),(
    'Open CASCADE'),'Open CASCADE STEP processor 7.7','Open CASCADE 7.7'
  ,'Unknown');
FILE_SCHEMA(('AUTOMOTIVE_DESIGN { 1 0 10303 214 1 1 1 1 }'));
ENDSEC;
DATA;
#1 = APPLICATION_PROTOCOL_DEFINITION('international standard',
  'automotive_design',2000,#2);
#2 = APPLICATION_CONTEXT(
  'core data for automotive mechanical design processes');
#3 = SHAPE_DEFINITION_REPRESENTATION(#4,#10);
#4 = PRODUCT_DEFINITION_SHAPE('','',#5);
#5 = PRODUCT_DEFINITION('design','',#6,#9);
#6 = PRODUCT_DEFINITION_FORMATION('','',#7);
#7 = PRODUCT('Open CASCADE STEP translator 7.7 6',
  'Open CASCADE STEP translator 7.7 6','',(#8));
#8 = PRODUCT_CONTEXT('',#2,'mechanical');
#9 = PRODUCT_DEFINITION_CONTEXT('part definition',#2,'design');
#10 = ADVANCED_BREP_SHAPE_REPRESENTATION('',(#11,#15),#2343);
#11 = AXIS2_PLACEMENT_3D('',#12,#13,#14);
#12 = CARTESIAN_POINT('',(0.,0.,0.));
#13 = DIRECTION('',(0.,0.,1.));
#14 = DIRECTION('',(1.,0.,-0.));
#15 = MANIFOLD_SOLID_BREP('',#16);
#16 = CLOSED_SHELL('',(#17,#137,#269,#396,#529,#894,#944,#1271,#1347,
    #1374,#1450,#1606,#1633,#1665,#1671,#1698,#1725,#1752,#1779,#1806,
    #1833,#1840,#1913,#1944,#1976,#1982,#2138,#2220,#2247,#2276,#2303,
    #2330,#2337));
#17 = ADVANCED_FACE('',(#18),#32,.T.);
#18 = FACE_BOUND('',#19,.T.);
#19 = EDGE_LOOP('',(#20,#55,#83,#111));
#20 = ORIENTED_EDGE('',*,*,#21,.T.);
#21 = EDGE_CURVE('',#22,#24,#26,.T.);
#22 = VERTEX_POINT('',#23);
#23 = CARTESIAN_POINT('',(-61.,-29.,-58.));
#24 = VERTEX_POINT('',#25);
#25 = CARTESIAN_POINT('',(-61.,-29.,-72.));
#26 = SURFACE_CURVE('',#27,(#31,#43),.PCURVE_S1.);
#27 = LINE('',#28,#29);
#28 = CARTESIAN_POINT('',(-61.,-29.,-58.));
#29 = VECTOR('',#30,1.);
#30 = DIRECTION('',(-0.,-0.,-1.));
#31 = PCURVE('',#32,#37);
#32 = PLANE('',#33);
#33 = AXIS2_PLACEMENT_3D('',#34,#35,#36);
#34 = CARTESIAN_POINT('',(-61.,-29.,-58.));
#35 = DIRECTION('',(-0.657753205758,-0.75323350982,0.));
#36 = DIRECTION('',(0.75323350982,-0.657753205758,0.));
#37 = DEFINITIONAL_REPRESENTATION('',(#38),#42);
#38 = LINE('',#39,#40);
#39 = CARTESIAN_POINT('',(0.,0.));
#40 = VECTOR('',#41,1.);
#41 = DIRECTION('',(0.,-1.));
#42 = ( GEOMETRIC_REPRESENTATION_CONTEXT(2) 
PARAMETRIC_REPRESENTATION_CONTEXT() REPRESENTATION_CONTEXT('2D SPACE',''
  ) );
#43 = PCURVE('',#44,#49);
#44 = PLANE('',#45);
#45 = AXIS2_PLACEMENT_3D('',#46,#47,#48);
#46 = CARTESIAN_POINT('',(-41.,28.,-58.));
#47 = DIRECTION('',(-0.943599982133,0.331087713029,0.));
#48 = DIRECTION('',(-0.331087713029,-0.943599982133,0.));
#49 = DEFINITIONAL_REPRESENTATION('',(#50),#54);
#50 = LINE('',#51,#52);
#51 = CARTESIAN_POINT('',(60.406953242156,0.));
#52 = VECTOR('',#53,1.);
#53 = DIRECTION('',(0.,-1.));
#54 = ( GEOMETRIC_REPRESENTATION_CONTEXT(2) 
PARAMETRIC_REPRESENTATION_CONTEXT() REPRESENTATION_CONTEXT('2D SPACE',''
  ) );
#55 = ORIENTED_EDGE('',*,*,#56,.T.);
#56 = EDGE_CURVE('',#24,#57,#59,.T.);
#57 = VERTEX_POINT('',#58);
#58 = CARTESIAN_POINT('',(10.,-91.,-72.));
#59 = SURFACE_CURVE('',#60,(#64,#71),.PCURVE_S1.);
#60 = LINE('',#61,#62);
#61 = CARTESIAN_POINT('',(-61.,-29.,-72.));
#62 = VECTOR('',#63,1.);
#63 = DIRECTION('',(0.75323350982,-0.657753205758,0.));
#64 = PCURVE('',#32,#65);
#65 = DEFINITIONAL_REPRESENTATION('',(#66),#70);
#66 = LINE('',#67,#68);
#67 = CARTESIAN_POINT('',(0.,-14.));
#68 = VECTOR('',#69,1.);
#69 = DIRECTION('',(1.,0.));
#70 = ( GEOMETRIC_REPRESENTATION_CONTEXT(2) 
PARAMETRIC_REPRESENTATION_CONTEXT() REPRESENTATION_CONTEXT('2D SPACE',''
  ) );
#71 = PCURVE('',#72,#77);
#72 = PLANE('',#73);
#73 = AXIS2_PLACEMENT_3D('',#74,#75,#76);
#74 = CARTESIAN_POINT('',(-9.282880794391,-10.20611754004,-72.));
#75 = DIRECTION('',(0.,0.,1.));
#76 = DIRECTION('',(1.,0.,0.));
#77 = DEFINITIONAL_REPRESENTATION('',(#78),#82);
#78 = LINE('',#79,#80);
#79 = CARTESIAN_POINT('',(-51.7171192056,-18.79388245995));
#80 = VECTOR('',#81,1.);
#81 = DIRECTION('',(0.75323350982,-0.657753205758));
#82 = ( GEOMETRIC_REPRESENTATION_CONTEXT(2) 
PARAMETRIC_REPRESENTATION_CONTEXT() REPRESENTATION_CONTEXT('2D SPACE',''
  ) );
#83 = ORIENTED_EDGE('',*,*,#84,.F.);
#84 = EDGE_CURVE('',#85,#57,#87,.T.);
#85 = VERTEX_POINT('',#86);
#86 = CARTESIAN_POINT('',(10.,-91.,-58.));
#87 = SURFACE_CURVE('',#88,(#92,#99),.PCURVE_S1.);
#88 = LINE('',#89,#90);
#89 = CARTESIAN_POINT('',(10.,-91.,-58.));
#90 = VECTOR('',#91,1.);
#91 = DIRECTION('',(-0.,-0.,-1.));
#92 = PCURVE('',#32,#93);
#93 = DEFINITIONAL_REPRESENTATION('',(#94),#98);
#94 = LINE('',#95,#96);
#95 = CARTESIAN_POINT('',(94.260277954184,0.));
#96 = VECTOR('',#97,1.);
#97 = DIRECTION('',(0.,-1.));
#98 = ( GEOMETRIC_REPRESENTATION_CONTEXT(2) 
PARAMETRIC_REPRESENTATION_CONTEXT() REPRESENTATION_CONTEXT('2D SPACE',''
  ) );
#99 = PCURVE('',#100,#105);
#100 = PLANE('',#101);
#101 = AXIS2_PLACEMENT_3D('',#102,#103,#104);
#102 = CARTESIAN_POINT('',(10.,-91.,-58.));
#103 = DIRECTION('',(0.707106781187,-0.707106781187,0.));
#104 = DIRECTION('',(0.707106781187,0.707106781187,0.));
#105 = DEFINITIONAL_REPRESENTATION('',(#106),#110);
#106 = LINE('',#107,#108);
#107 = CARTESIAN_POINT('',(0.,0.));
#108 = VECTOR('',#109,1.);
#109 = DIRECTION('',(0.,-1.));
#110 = ( GEOMETRIC_REPRESENTATION_CONTEXT(2) 
PARAMETRIC_REPRESENTATION_CONTEXT() REPRESENTATION_CONTEXT('2D SPACE',''
  ) );
#111 = ORIENTED_EDGE('',*,*,#112,.F.);
#112 = EDGE_CURVE('',#22,#85,#113,.T.);
#113 = SURFACE_CURVE('',#114,(#118,#125),.PCURVE_S1.);
#114 = LINE('',#115,#116);
#115 = CARTESIAN_POINT('',(-61.,-29.,-58.));
#116 = VECTOR('',#117,1.);
#117 = DIRECTION('',(0.75323350982,-0.657753205758,0.));
#118 = PCURVE('',#32,#119);
#119 = DEFINITIONAL_REPRESENTATION('',(#120),#124);
#120 = LINE('',#121,#122);
#121 = CARTESIAN_POINT('',(0.,0.));
#122 = VECTOR('',#123,1.);
#123 = DIRECTION('',(1.,0.));
#124 = ( GEOMETRIC_REPRESENTATION_CONTEXT(2) 
PARAMETRIC_REPRESENTATION_CONTEXT() REPRESENTATION_CONTEXT('2D SPACE',''
  ) );
#125 = PCURVE('',#126,#131);
#126 = PLANE('',#127);
#127 = AXIS2_PLACEMENT_3D('',#128,#129,#130);
#128 = CARTESIAN_POINT('',(-9.282880794391,-10.20611754004,-58.));
#129 = DIRECTION('',(0.,0.,1.));
#130 = DIRECTION('',(1.,0.,0.));
#131 = DEFINITIONAL_REPRESENTATION('',(#132),#136);
#132 = LINE('',#133,#134);
#133 = CARTESIAN_POINT('',(-51.7171192056,-18.79388245995));
#134 = VECTOR('',#135,1.);
#135 = DIRECTION('',(0.75323350982,-0.657753205758));
#136 = ( GEOMETRIC_REPRESENTATION_CONTEXT(2) 
PARAMETRIC_REPRESENTATION_CONTEXT() REPRESENTATION_CONTEXT('2D SPACE',''
  ) );
#137 = ADVANCED_FACE('',(#138),#44,.T.);
#138 = FACE_BOUND('',#139,.T.);
#139 = EDGE_LOOP('',(#140,#170,#191,#192,#215,#243));
#140 = ORIENTED_EDGE('',*,*,#141,.T.);
#141 = EDGE_CURVE('',#142,#144,#146,.T.);
#142 = VERTEX_POINT('',#143);
#143 = CARTESIAN_POINT('',(-41.,28.,-58.));
#144 = VERTEX_POINT('',#145);
#145 = CARTESIAN_POINT('',(-41.,28.,-72.));
#146 = SURFACE_CURVE('',#147,(#151,#158),.PCURVE_S1.);
#147 = LINE('',#148,#149);
#148 = CARTESIAN_POINT('',(-41.,28.,-58.));
#149 = VECTOR('',#150,1.);
#150 = DIRECTION('',(-0.,-0.,-1.));
#151 = PCURVE('',#44,#152);
#152 = DEFINITIONAL_REPRESENTATION('',(#153),#157);
#153 = LINE('',#154,#155);
#154 = CARTESIAN_POINT('',(0.,0.));
#155 = VECTOR('',#156,1.);
#156 = DIRECTION('',(0.,-1.));
#157 = ( GEOMETRIC_REPRESENTATION_CONTEXT(2) 
PARAMETRIC_REPRESENTATION_CONTEXT() REPRESENTATION_CONTEXT('2D SPACE',''
  ) );
#158 = PCURVE('',#159,#164);
#159 = CYLINDRICAL_SURFACE('',#160,19.91230775174);
#160 = AXIS2_PLACEMENT_3D('',#161,#162,#163);
#161 = CARTESIAN_POINT('',(-31.5,45.5,-58.));
#162 = DIRECTION('',(0.,0.,1.));
#163 = DIRECTION('',(-0.778413039475,-0.62775245119,0.));
#164 = DEFINITIONAL_REPRESENTATION('',(#165),#169);
#165 = LINE('',#166,#167);
#166 = CARTESIAN_POINT('',(0.3947911197,0.));
#167 = VECTOR('',#168,1.);
#168 = DIRECTION('',(0.,-1.));
#169 = ( GEOMETRIC_REPRESENTATION_CONTEXT(2) 
PARAMETRIC_REPRESENTATION_CONTEXT() REPRESENTATION_CONTEXT('2D SPACE',''
  ) );
#170 = ORIENTED_EDGE('',*,*,#171,.T.);
#171 = EDGE_CURVE('',#144,#24,#172,.T.);
#172 = SURFACE_CURVE('',#173,(#177,#184),.PCURVE_S1.);
#173 = LINE('',#174,#175);
#174 = CARTESIAN_POINT('',(-41.,28.,-72.));
#175 = VECTOR('',#176,1.);
#176 = DIRECTION('',(-0.331087713029,-0.943599982133,0.));
#177 = PCURVE('',#44,#178);
#178 = DEFINITIONAL_REPRESENTATION('',(#179),#183);
#179 = LINE('',#180,#181);
#180 = CARTESIAN_POINT('',(-0.,-14.));
#181 = VECTOR('',#182,1.);
#182 = DIRECTION('',(1.,0.));
#183 = ( GEOMETRIC_REPRESENTATION_CONTEXT(2) 
PARAMETRIC_REPRESENTATION_CONTEXT() REPRESENTATION_CONTEXT('2D SPACE',''
  ) );
#184 = PCURVE('',#72,#185);
#185 = DEFINITIONAL_REPRESENTATION('',(#186),#190);
#186 = LINE('',#187,#188);
#187 = CARTESIAN_POINT('',(-31.7171192056,38.206117540048));
#188 = VECTOR('',#189,1.);
#189 = DIRECTION('',(-0.331087713029,-0.943599982133));
#190 = ( GEOMETRIC_REPRESENTATION_CONTEXT(2) 
PARAMETRIC_REPRESENTATION_CONTEXT() REPRESENTATION_CONTEXT('2D SPACE',''
  ) );
#191 = ORIENTED_EDGE('',*,*,#21,.F.);
#192 = ORIENTED_EDGE('',*,*,#193,.F.);
#193 = EDGE_CURVE('',#194,#22,#196,.T.);
#194 = VERTEX_POINT('',#195);
#195 = CARTESIAN_POINT('',(-43.73730684326,20.198675496689,-58.));
#196 = SURFACE_CURVE('',#197,(#201,#208),.PCURVE_S1.);
#197 = LINE('',#198,#199);
#198 = CARTESIAN_POINT('',(-41.,28.,-58.));
#199 = VECTOR('',#200,1.);
#200 = DIRECTION('',(-0.331087713029,-0.943599982133,0.));
#201 = PCURVE('',#44,#202);
#202 = DEFINITIONAL_REPRESENTATION('',(#203),#207);
#203 = LINE('',#204,#205);
#204 = CARTESIAN_POINT('',(0.,0.));
#205 = VECTOR('',#206,1.);
#206 = DIRECTION('',(1.,0.));
#207 = ( GEOMETRIC_REPRESENTATION_CONTEXT(2) 
PARAMETRIC_REPRESENTATION_CONTEXT() REPRESENTATION_CONTEXT('2D SPACE',''
  ) );
#208 = PCURVE('',#126,#209);
#209 = DEFINITIONAL_REPRESENTATION('',(#210),#214);
#210 = LINE('',#211,#212);
#211 = CARTESIAN_POINT('',(-31.7171192056,38.206117540048));
#212 = VECTOR('',#213,1.);
#213 = DIRECTION('',(-0.331087713029,-0.943599982133));
#214 = ( GEOMETRIC_REPRESENTATION_CONTEXT(2) 
PARAMETRIC_REPRESENTATION_CONTEXT() REPRESENTATION_CONTEXT('2D SPACE',''
  ) );
#215 = ORIENTED_EDGE('',*,*,#216,.F.);
#216 = EDGE_CURVE('',#217,#194,#219,.T.);
#217 = VERTEX_POINT('',#218);
#218 = CARTESIAN_POINT('',(-42.6629874908,23.260485651214,-58.));
#219 = SURFACE_CURVE('',#220,(#224,#231),.PCURVE_S1.);
#220 = LINE('',#221,#222);
#221 = CARTESIAN_POINT('',(-41.,28.,-58.));
#222 = VECTOR('',#223,1.);
#223 = DIRECTION('',(-0.331087713029,-0.943599982133,0.));
#224 = PCURVE('',#44,#225);
#225 = DEFINITIONAL_REPRESENTATION('',(#226),#230);
#226 = LINE('',#227,#228);
#227 = CARTESIAN_POINT('',(0.,0.));
#228 = VECTOR('',#229,1.);
#229 = DIRECTION('',(1.,0.));
#230 = ( GEOMETRIC_REPRESENTATION_CONTEXT(2) 
PARAMETRIC_REPRESENTATION_CONTEXT() REPRESENTATION_CONTEXT('2D SPACE',''
  ) );
#231 = PCURVE('',#232,#237);
#232 = PLANE('',#233);
#233 = AXIS2_PLACEMENT_3D('',#234,#235,#236);
#234 = CARTESIAN_POINT('',(-9.,-17.5,-58.));
#235 = DIRECTION('',(0.,0.,1.));
#236 = DIRECTION('',(1.,0.,0.));
#237 = DEFINITIONAL_REPRESENTATION('',(#238),#242);
#238 = LINE('',#239,#240);
#239 = CARTESIAN_POINT('',(-32.,45.5));
#240 = VECTOR('',#241,1.);
#241 = DIRECTION('',(-0.331087713029,-0.943599982133));
#242 = ( GEOMETRIC_REPRESENTATION_CONTEXT(2) 
PARAMETRIC_REPRESENTATION_CONTEXT() REPRESENTATION_CONTEXT('2D SPACE',''
  ) );
#243 = ORIENTED_EDGE('',*,*,#244,.F.);
#244 = EDGE_CURVE('',#142,#217,#245,.T.);
#245 = SURFACE_CURVE('',#246,(#250,#257),.PCURVE_S1.);
#246 = LINE('',#247,#248);
#247 = CARTESIAN_POINT('',(-41.,28.,-58.));
#248 = VECTOR('',#249,1.);
#249 = DIRECTION('',(-0.331087713029,-0.943599982133,0.));
#250 = PCURVE('',#44,#251);
#251 = DEFINITIONAL_REPRESENTATION('',(#252),#256);
#252 = LINE('',#253,#254);
#253 = CARTESIAN_POINT('',(0.,0.));
#254 = VECTOR('',#255,1.);
#255 = DIRECTION('',(1.,0.));
#256 = ( GEOMETRIC_REPRESENTATION_CONTEXT(2) 
PARAMETRIC_REPRESENTATION_CONTEXT() REPRESENTATION_CONTEXT('2D SPACE',''
  ) );
#257 = PCURVE('',#258,#263);
#258 = PLANE('',#259);
#259 = AXIS2_PLACEMENT_3D('',#260,#261,#262);
#260 = CARTESIAN_POINT('',(-9.282880794391,-10.20611754004,-58.));
#261 = DIRECTION('',(0.,0.,1.));
#262 = DIRECTION('',(1.,0.,0.));
#263 = DEFINITIONAL_REPRESENTATION('',(#264),#268);
#264 = LINE('',#265,#266);
#265 = CARTESIAN_POINT('',(-31.7171192056,38.206117540048));
#266 = VECTOR('',#267,1.);
#267 = DIRECTION('',(-0.331087713029,-0.943599982133));
#268 = ( GEOMETRIC_REPRESENTATION_CONTEXT(2) 
PARAMETRIC_REPRESENTATION_CONTEXT() REPRESENTATION_CONTEXT('2D SPACE',''
  ) );
#269 = ADVANCED_FACE('',(#270),#100,.T.);
#270 = FACE_BOUND('',#271,.T.);
#271 = EDGE_LOOP('',(#272,#273,#296,#324,#347,#375));
#272 = ORIENTED_EDGE('',*,*,#84,.T.);
#273 = ORIENTED_EDGE('',*,*,#274,.T.);
#274 = EDGE_CURVE('',#57,#275,#277,.T.);
#275 = VERTEX_POINT('',#276);
#276 = CARTESIAN_POINT('',(63.,-38.,-72.));
#277 = SURFACE_CURVE('',#278,(#282,#289),.PCURVE_S1.);
#278 = LINE('',#279,#280);
#279 = CARTESIAN_POINT('',(10.,-91.,-72.));
#280 = VECTOR('',#281,1.);
#281 = DIRECTION('',(0.707106781187,0.707106781187,0.));
#282 = PCURVE('',#100,#283);
#283 = DEFINITIONAL_REPRESENTATION('',(#284),#288);
#284 = LINE('',#285,#286);
#285 = CARTESIAN_POINT('',(0.,-14.));
#286 = VECTOR('',#287,1.);
#287 = DIRECTION('',(1.,0.));
#288 = ( GEOMETRIC_REPRESENTATION_CONTEXT(2) 
PARAMETRIC_REPRESENTATION_CONTEXT() REPRESENTATION_CONTEXT('2D SPACE',''
  ) );
#289 = PCURVE('',#72,#290);
#290 = DEFINITIONAL_REPRESENTATION('',(#291),#295);
#291 = LINE('',#292,#293);
#292 = CARTESIAN_POINT('',(19.282880794391,-80.79388245995));
#293 = VECTOR('',#294,1.);
#294 = DIRECTION('',(0.707106781187,0.707106781187));
#295 = ( GEOMETRIC_REPRESENTATION_CONTEXT(2) 
PARAMETRIC_REPRESENTATION_CONTEXT() REPRESENTATION_CONTEXT('2D SPACE',''
  ) );
#296 = ORIENTED_EDGE('',*,*,#297,.F.);
#297 = EDGE_CURVE('',#298,#275,#300,.T.);
#298 = VERTEX_POINT('',#299);
#299 = CARTESIAN_POINT('',(63.,-38.,-58.));
#300 = SURFACE_CURVE('',#301,(#305,#312),.PCURVE_S1.);
#301 = LINE('',#302,#303);
#302 = CARTESIAN_POINT('',(63.,-38.,-58.));
#303 = VECTOR('',#304,1.);
#304 = DIRECTION('',(-0.,-0.,-1.));
#305 = PCURVE('',#100,#306);
#306 = DEFINITIONAL_REPRESENTATION('',(#307),#311);
#307 = LINE('',#308,#309);
#308 = CARTESIAN_POINT('',(74.953318805774,0.));
#309 = VECTOR('',#310,1.);
#310 = DIRECTION('',(0.,-1.));
#311 = ( GEOMETRIC_REPRESENTATION_CONTEXT(2) 
PARAMETRIC_REPRESENTATION_CONTEXT() REPRESENTATION_CONTEXT('2D SPACE',''
  ) );
#312 = PCURVE('',#313,#318);
#313 = PLANE('',#314);
#314 = AXIS2_PLACEMENT_3D('',#315,#316,#317);
#315 = CARTESIAN_POINT('',(63.,-38.,-58.));
#316 = DIRECTION('',(0.701238976117,0.712926292386,-0.));
#317 = DIRECTION('',(-0.712926292386,0.701238976117,0.));
#318 = DEFINITIONAL_REPRESENTATION('',(#319),#323);
#319 = LINE('',#320,#321);
#320 = CARTESIAN_POINT('',(0.,0.));
#321 = VECTOR('',#322,1.);
#322 = DIRECTION('',(0.,-1.));
#323 = ( GEOMETRIC_REPRESENTATION_CONTEXT(2) 
PARAMETRIC_REPRESENTATION_CONTEXT() REPRESENTATION_CONTEXT('2D SPACE',''
  ) );
#324 = ORIENTED_EDGE('',*,*,#325,.F.);
#325 = EDGE_CURVE('',#326,#298,#328,.T.);
#326 = VERTEX_POINT('',#327);
#327 = CARTESIAN_POINT('',(35.082191780822,-65.91780821917,-58.));
#328 = SURFACE_CURVE('',#329,(#333,#340),.PCURVE_S1.);
#329 = LINE('',#330,#331);
#330 = CARTESIAN_POINT('',(10.,-91.,-58.));
#331 = VECTOR('',#332,1.);
#332 = DIRECTION('',(0.707106781187,0.707106781187,0.));
#333 = PCURVE('',#100,#334);
#334 = DEFINITIONAL_REPRESENTATION('',(#335),#339);
#335 = LINE('',#336,#337);
#336 = CARTESIAN_POINT('',(0.,0.));
#337 = VECTOR('',#338,1.);
#338 = DIRECTION('',(1.,0.));
#339 = ( GEOMETRIC_REPRESENTATION_CONTEXT(2) 
PARAMETRIC_REPRESENTATION_CONTEXT() REPRESENTATION_CONTEXT('2D SPACE',''
  ) );
#340 = PCURVE('',#258,#341);
#341 = DEFINITIONAL_REPRESENTATION('',(#342),#346);
#342 = LINE('',#343,#344);
#343 = CARTESIAN_POINT('',(19.282880794391,-80.79388245995));
#344 = VECTOR('',#345,1.);
#345 = DIRECTION('',(0.707106781187,0.707106781187));
#346 = ( GEOMETRIC_REPRESENTATION_CONTEXT(2) 
PARAMETRIC_REPRESENTATION_CONTEXT() REPRESENTATION_CONTEXT('2D SPACE',''
  ) );
#347 = ORIENTED_EDGE('',*,*,#348,.F.);
#348 = EDGE_CURVE('',#349,#326,#351,.T.);
#349 = VERTEX_POINT('',#350);
#350 = CARTESIAN_POINT('',(33.082191780822,-67.91780821917,-58.));
#351 = SURFACE_CURVE('',#352,(#356,#363),.PCURVE_S1.);
#352 = LINE('',#353,#354);
#353 = CARTESIAN_POINT('',(10.,-91.,-58.));
#354 = VECTOR('',#355,1.);
#355 = DIRECTION('',(0.707106781187,0.707106781187,0.));
#356 = PCURVE('',#100,#357);
#357 = DEFINITIONAL_REPRESENTATION('',(#358),#362);
#358 = LINE('',#359,#360);
#359 = CARTESIAN_POINT('',(0.,0.));
#360 = VECTOR('',#361,1.);
#361 = DIRECTION('',(1.,0.));
#362 = ( GEOMETRIC_REPRESENTATION_CONTEXT(2) 
PARAMETRIC_REPRESENTATION_CONTEXT() REPRESENTATION_CONTEXT('2D SPACE',''
  ) );
#363 = PCURVE('',#364,#369);
#364 = PLANE('',#365);
#365 = AXIS2_PLACEMENT_3D('',#366,#367,#368);
#366 = CARTESIAN_POINT('',(-9.,-17.5,-58.));
#367 = DIRECTION('',(0.,0.,1.));
#368 = DIRECTION('',(1.,0.,0.));
#369 = DEFINITIONAL_REPRESENTATION('',(#370),#374);
#370 = LINE('',#371,#372);
#371 = CARTESIAN_POINT('',(19.,-73.5));
#372 = VECTOR('',#373,1.);
#373 = DIRECTION('',(0.707106781187,0.707106781187));
#374 = ( GEOMETRIC_REPRESENTATION_CONTEXT(2) 
PARAMETRIC_REPRESENTATION_CONTEXT() REPRESENTATION_CONTEXT('2D SPACE',''
  ) );
#375 = ORIENTED_EDGE('',*,*,#376,.F.);
#376 = EDGE_CURVE('',#85,#349,#377,.T.);
#377 = SURFACE_CURVE('',#378,(#382,#389),.PCURVE_S1.);
#378 = LINE('',#379,#380);
#379 = CARTESIAN_POINT('',(10.,-91.,-58.));
#380 = VECTOR('',#381,1.);
#381 = DIRECTION('',(0.707106781187,0.707106781187,0.));
#382 = PCURVE('',#100,#383);
#383 = DEFINITIONAL_REPRESENTATION('',(#384),#388);
#384 = LINE('',#385,#386);
#385 = CARTESIAN_POINT('',(0.,0.));
#386 = VECTOR('',#387,1.);
#387 = DIRECTION('',(1.,0.));
#388 = ( GEOMETRIC_REPRESENTATION_CONTEXT(2) 
PARAMETRIC_REPRESENTATION_CONTEXT() REPRESENTATION_CONTEXT('2D SPACE',''
  ) );
#389 = PCURVE('',#126,#390);
#390 = DEFINITIONAL_REPRESENTATION('',(#391),#395);
#391 = LINE('',#392,#393);
#392 = CARTESIAN_POINT('',(19.282880794391,-80.79388245995));
#393 = VECTOR('',#394,1.);
#394 = DIRECTION('',(0.707106781187,0.707106781187));
#395 = ( GEOMETRIC_REPRESENTATION_CONTEXT(2) 
PARAMETRIC_REPRESENTATION_CONTEXT() REPRESENTATION_CONTEXT('2D SPACE',''
  ) );
#396 = ADVANCED_FACE('',(#397),#126,.T.);
#397 = FACE_BOUND('',#398,.T.);
#398 = EDGE_LOOP('',(#399,#427,#428,#429,#430,#453,#479,#505));
#399 = ORIENTED_EDGE('',*,*,#400,.F.);
#400 = EDGE_CURVE('',#194,#401,#403,.T.);
#401 = VERTEX_POINT('',#402);
#402 = CARTESIAN_POINT('',(-26.15499007275,3.072390698758E-02,-58.));
#403 = SURFACE_CURVE('',#404,(#408,#415),.PCURVE_S1.);
#404 = LINE('',#405,#406);
#405 = CARTESIAN_POINT('',(-61.,40.,-58.));
#406 = VECTOR('',#407,1.);
#407 = DIRECTION('',(0.657135200432,-0.753772729908,0.));
#408 = PCURVE('',#126,#409);
#409 = DEFINITIONAL_REPRESENTATION('',(#410),#414);
#410 = LINE('',#411,#412);
#411 = CARTESIAN_POINT('',(-51.7171192056,50.206117540048));
#412 = VECTOR('',#413,1.);
#413 = DIRECTION('',(0.657135200432,-0.753772729908));
#414 = ( GEOMETRIC_REPRESENTATION_CONTEXT(2) 
PARAMETRIC_REPRESENTATION_CONTEXT() REPRESENTATION_CONTEXT('2D SPACE',''
  ) );
#415 = PCURVE('',#416,#421);
#416 = PLANE('',#417);
#417 = AXIS2_PLACEMENT_3D('',#418,#419,#420);
#418 = CARTESIAN_POINT('',(-61.,40.,-58.));
#419 = DIRECTION('',(0.753772729908,0.657135200432,-0.));
#420 = DIRECTION('',(0.657135200432,-0.753772729908,0.));
#421 = DEFINITIONAL_REPRESENTATION('',(#422),#426);
#422 = LINE('',#423,#424);
#423 = CARTESIAN_POINT('',(0.,0.));
#424 = VECTOR('',#425,1.);
#425 = DIRECTION('',(1.,0.));
#426 = ( GEOMETRIC_REPRESENTATION_CONTEXT(2) 
PARAMETRIC_REPRESENTATION_CONTEXT() REPRESENTATION_CONTEXT('2D SPACE',''
  ) );
#427 = ORIENTED_EDGE('',*,*,#193,.T.);
#428 = ORIENTED_EDGE('',*,*,#112,.T.);
#429 = ORIENTED_EDGE('',*,*,#376,.T.);
#430 = ORIENTED_EDGE('',*,*,#431,.F.);
#431 = EDGE_CURVE('',#432,#349,#434,.T.);
#432 = VERTEX_POINT('',#433);
#433 = CARTESIAN_POINT('',(-9.414068064195,-19.17209839695,-58.));
#434 = SURFACE_CURVE('',#435,(#439,#446),.PCURVE_S1.);
#435 = LINE('',#436,#437);
#436 = CARTESIAN_POINT('',(-61.,40.,-58.));
#437 = VECTOR('',#438,1.);
#438 = DIRECTION('',(0.657135200432,-0.753772729908,0.));
#439 = PCURVE('',#126,#440);
#440 = DEFINITIONAL_REPRESENTATION('',(#441),#445);
#441 = LINE('',#442,#443);
#442 = CARTESIAN_POINT('',(-51.7171192056,50.206117540048));
#443 = VECTOR('',#444,1.);
#444 = DIRECTION('',(0.657135200432,-0.753772729908));
#445 = ( GEOMETRIC_REPRESENTATION_CONTEXT(2) 
PARAMETRIC_REPRESENTATION_CONTEXT() REPRESENTATION_CONTEXT('2D SPACE',''
  ) );
#446 = PCURVE('',#416,#447);
#447 = DEFINITIONAL_REPRESENTATION('',(#448),#452);
#448 = LINE('',#449,#450);
#449 = CARTESIAN_POINT('',(0.,0.));
#450 = VECTOR('',#451,1.);
#451 = DIRECTION('',(1.,0.));
#452 = ( GEOMETRIC_REPRESENTATION_CONTEXT(2) 
PARAMETRIC_REPRESENTATION_CONTEXT() REPRESENTATION_CONTEXT('2D SPACE',''
  ) );
#453 = ORIENTED_EDGE('',*,*,#454,.T.);
#454 = EDGE_CURVE('',#432,#455,#457,.T.);
#455 = VERTEX_POINT('',#456);
#456 = CARTESIAN_POINT('',(-9.414068064195,-24.,-58.));
#457 = SURFACE_CURVE('',#458,(#462,#468),.PCURVE_S1.);
#458 = LINE('',#459,#460);
#459 = CARTESIAN_POINT('',(-9.414068064195,-24.,-58.));
#460 = VECTOR('',#461,1.);
#461 = DIRECTION('',(0.,-1.,0.));
#462 = PCURVE('',#126,#463);
#463 = DEFINITIONAL_REPRESENTATION('',(#464),#467);
#464 = B_SPLINE_CURVE_WITH_KNOTS('',1,(#465,#466),.UNSPECIFIED.,.F.,.F.,
  (2,2),(-41.0000006,5.999999999062E-07),.PIECEWISE_BEZIER_KNOTS.);
#465 = CARTESIAN_POINT('',(-0.131187269804,27.206118140048));
#466 = CARTESIAN_POINT('',(-0.131187269804,-13.79388305995));
#467 = ( GEOMETRIC_REPRESENTATION_CONTEXT(2) 
PARAMETRIC_REPRESENTATION_CONTEXT() REPRESENTATION_CONTEXT('2D SPACE',''
  ) );
#468 = PCURVE('',#469,#474);
#469 = CYLINDRICAL_SURFACE('',#470,138.81008229187);
#470 = AXIS2_PLACEMENT_3D('',#471,#472,#473);
#471 = CARTESIAN_POINT('',(129.26885346413,-24.,-52.05977927651));
#472 = DIRECTION('',(0.,-1.,0.));
#473 = DIRECTION('',(-0.44859027843,0.,0.893737524164));
#474 = DEFINITIONAL_REPRESENTATION('',(#475),#478);
#475 = B_SPLINE_CURVE_WITH_KNOTS('',1,(#476,#477),.UNSPECIFIED.,.F.,.F.,
  (2,2),(-41.0000006,5.999999999062E-07),.PIECEWISE_BEZIER_KNOTS.);
#476 = CARTESIAN_POINT('',(1.148415889215,-41.0000006));
#477 = CARTESIAN_POINT('',(1.148415889215,5.999999999062E-07));
#478 = ( GEOMETRIC_REPRESENTATION_CONTEXT(2) 
PARAMETRIC_REPRESENTATION_CONTEXT() REPRESENTATION_CONTEXT('2D SPACE',''
  ) );
#479 = ORIENTED_EDGE('',*,*,#480,.T.);
#480 = EDGE_CURVE('',#455,#481,#483,.T.);
#481 = VERTEX_POINT('',#482);
#482 = CARTESIAN_POINT('',(-26.15499007275,-24.,-58.));
#483 = SURFACE_CURVE('',#484,(#488,#494),.PCURVE_S1.);
#484 = LINE('',#485,#486);
#485 = CARTESIAN_POINT('',(-1.449874703749,-24.,-58.));
#486 = VECTOR('',#487,1.);
#487 = DIRECTION('',(-1.,0.,0.));
#488 = PCURVE('',#126,#489);
#489 = DEFINITIONAL_REPRESENTATION('',(#490),#493);
#490 = B_SPLINE_CURVE_WITH_KNOTS('',1,(#491,#492),.UNSPECIFIED.,.F.,.F.,
  (2,2),(-34.53206648457,29.040957349463),.PIECEWISE_BEZIER_KNOTS.);
#491 = CARTESIAN_POINT('',(42.365072575213,-13.79388245995));
#492 = CARTESIAN_POINT('',(-21.20795125882,-13.79388245995));
#493 = ( GEOMETRIC_REPRESENTATION_CONTEXT(2) 
PARAMETRIC_REPRESENTATION_CONTEXT() REPRESENTATION_CONTEXT('2D SPACE',''
  ) );
#494 = PCURVE('',#495,#500);
#495 = PLANE('',#496);
#496 = AXIS2_PLACEMENT_3D('',#497,#498,#499);
#497 = CARTESIAN_POINT('',(6.383131386893,-24.,-3.477051943656));
#498 = DIRECTION('',(0.,1.,0.));
#499 = DIRECTION('',(0.,0.,1.));
#500 = DEFINITIONAL_REPRESENTATION('',(#501),#504);
#501 = B_SPLINE_CURVE_WITH_KNOTS('',1,(#502,#503),.UNSPECIFIED.,.F.,.F.,
  (2,2),(-34.53206648457,29.040957349463),.PIECEWISE_BEZIER_KNOTS.);
#502 = CARTESIAN_POINT('',(-54.52294805634,26.699060393928));
#503 = CARTESIAN_POINT('',(-54.52294805634,-36.8739634401));
#504 = ( GEOMETRIC_REPRESENTATION_CONTEXT(2) 
PARAMETRIC_REPRESENTATION_CONTEXT() REPRESENTATION_CONTEXT('2D SPACE',''
  ) );
#505 = ORIENTED_EDGE('',*,*,#506,.F.);
#506 = EDGE_CURVE('',#401,#481,#507,.T.);
#507 = SURFACE_CURVE('',#508,(#512,#518),.PCURVE_S1.);
#508 = LINE('',#509,#510);
#509 = CARTESIAN_POINT('',(-26.15499007275,-24.,-58.));
#510 = VECTOR('',#511,1.);
#511 = DIRECTION('',(-0.,-1.,-0.));
#512 = PCURVE('',#126,#513);
#513 = DEFINITIONAL_REPRESENTATION('',(#514),#517);
#514 = B_SPLINE_CURVE_WITH_KNOTS('',1,(#515,#516),.UNSPECIFIED.,.F.,.F.,
  (2,2),(-41.0000006,5.999999999062E-07),.PIECEWISE_BEZIER_KNOTS.);
#515 = CARTESIAN_POINT('',(-16.87210927836,27.206118140048));
#516 = CARTESIAN_POINT('',(-16.87210927836,-13.79388305995));
#517 = ( GEOMETRIC_REPRESENTATION_CONTEXT(2) 
PARAMETRIC_REPRESENTATION_CONTEXT() REPRESENTATION_CONTEXT('2D SPACE',''
  ) );
#518 = PCURVE('',#519,#524);
#519 = CYLINDRICAL_SURFACE('',#520,100.80780913057);
#520 = AXIS2_PLACEMENT_3D('',#521,#522,#523);
#521 = CARTESIAN_POINT('',(70.316977077364,-24.,-28.7532234957));
#522 = DIRECTION('',(-0.,-1.,-0.));
#523 = DIRECTION('',(-0.707454885613,0.,-0.706758505306));
#524 = DEFINITIONAL_REPRESENTATION('',(#525),#528);
#525 = B_SPLINE_CURVE_WITH_KNOTS('',1,(#526,#527),.UNSPECIFIED.,.F.,.F.,
  (2,2),(-41.0000006,5.999999999062E-07),.PIECEWISE_BEZIER_KNOTS.);
#526 = CARTESIAN_POINT('',(-0.490549218722,-41.0000006));
#527 = CARTESIAN_POINT('',(-0.490549218722,5.999999999062E-07));
#528 = ( GEOMETRIC_REPRESENTATION_CONTEXT(2) 
PARAMETRIC_REPRESENTATION_CONTEXT() REPRESENTATION_CONTEXT('2D SPACE',''
  ) );
#529 = ADVANCED_FACE('',(#530,#788),#72,.F.);
#530 = FACE_BOUND('',#531,.F.);
#531 = EDGE_LOOP('',(#532,#533,#534,#557,#590,#618,#646,#674,#703,#736,
    #765,#787));
#532 = ORIENTED_EDGE('',*,*,#56,.T.);
#533 = ORIENTED_EDGE('',*,*,#274,.T.);
#534 = ORIENTED_EDGE('',*,*,#535,.T.);
#535 = EDGE_CURVE('',#275,#536,#538,.T.);
#536 = VERTEX_POINT('',#537);
#537 = CARTESIAN_POINT('',(2.,22.,-72.));
#538 = SURFACE_CURVE('',#539,(#543,#550),.PCURVE_S1.);
#539 = LINE('',#540,#541);
#540 = CARTESIAN_POINT('',(63.,-38.,-72.));
#541 = VECTOR('',#542,1.);
#542 = DIRECTION('',(-0.712926292386,0.701238976117,0.));
#543 = PCURVE('',#72,#544);
#544 = DEFINITIONAL_REPRESENTATION('',(#545),#549);
#545 = LINE('',#546,#547);
#546 = CARTESIAN_POINT('',(72.282880794391,-27.79388245995));
#547 = VECTOR('',#548,1.);
#548 = DIRECTION('',(-0.712926292386,0.701238976117));
#549 = ( GEOMETRIC_REPRESENTATION_CONTEXT(2) 
PARAMETRIC_REPRESENTATION_CONTEXT() REPRESENTATION_CONTEXT('2D SPACE',''
  ) );
#550 = PCURVE('',#313,#551);
#551 = DEFINITIONAL_REPRESENTATION('',(#552),#556);
#552 = LINE('',#553,#554);
#553 = CARTESIAN_POINT('',(0.,-14.));
#554 = VECTOR('',#555,1.);
#555 = DIRECTION('',(1.,0.));
#556 = ( GEOMETRIC_REPRESENTATION_CONTEXT(2) 
PARAMETRIC_REPRESENTATION_CONTEXT() REPRESENTATION_CONTEXT('2D SPACE',''
  ) );
#557 = ORIENTED_EDGE('',*,*,#558,.T.);
#558 = EDGE_CURVE('',#536,#559,#561,.T.);
#559 = VERTEX_POINT('',#560);
#560 = CARTESIAN_POINT('',(-17.,58.,-72.));
#561 = SURFACE_CURVE('',#562,(#567,#578),.PCURVE_S1.);
#562 = CIRCLE('',#563,59.85373392632);
#563 = AXIS2_PLACEMENT_3D('',#564,#565,#566);
#564 = CARTESIAN_POINT('',(42.279310344828,66.272413793103,-72.));
#565 = DIRECTION('',(0.,0.,-1.));
#566 = DIRECTION('',(-0.672962365128,-0.739676723387,-0.));
#567 = PCURVE('',#72,#568);
#568 = DEFINITIONAL_REPRESENTATION('',(#569),#577);
#569 = ( BOUNDED_CURVE() B_SPLINE_CURVE(2,(#570,#571,#572,#573,#574,#575
,#576),.UNSPECIFIED.,.T.,.F.) B_SPLINE_CURVE_WITH_KNOTS((1,2,2,2,2,1),(
    -2.094395102393,0.,2.094395102393,4.188790204786,6.28318530718,
8.377580409573),.UNSPECIFIED.) CURVE() GEOMETRIC_REPRESENTATION_ITEM() 
RATIONAL_B_SPLINE_CURVE((1.,0.5,1.,0.5,1.,0.5,1.)) REPRESENTATION_ITEM(
  '') );
#570 = CARTESIAN_POINT('',(11.282880794391,32.206117540048));
#571 = CARTESIAN_POINT('',(-65.39918926897,101.97192955112));
#572 = CARTESIAN_POINT('',(33.360811279948,133.49764423524));
#573 = CARTESIAN_POINT('',(132.12081182887,165.02335891935));
#574 = CARTESIAN_POINT('',(110.04288134331,63.731832224165));
#575 = CARTESIAN_POINT('',(87.96495085776,-37.55969447102));
#576 = CARTESIAN_POINT('',(11.282880794391,32.206117540048));
#577 = ( GEOMETRIC_REPRESENTATION_CONTEXT(2) 
PARAMETRIC_REPRESENTATION_CONTEXT() REPRESENTATION_CONTEXT('2D SPACE',''
  ) );
#578 = PCURVE('',#579,#584);
#579 = CYLINDRICAL_SURFACE('',#580,59.85373392632);
#580 = AXIS2_PLACEMENT_3D('',#581,#582,#583);
#581 = CARTESIAN_POINT('',(42.279310344828,66.272413793103,-58.));
#582 = DIRECTION('',(-0.,-0.,1.));
#583 = DIRECTION('',(-0.672962365128,-0.739676723387,-0.));
#584 = DEFINITIONAL_REPRESENTATION('',(#585),#589);
#585 = LINE('',#586,#587);
#586 = CARTESIAN_POINT('',(-0.,-14.));
#587 = VECTOR('',#588,1.);
#588 = DIRECTION('',(-1.,0.));
#589 = ( GEOMETRIC_REPRESENTATION_CONTEXT(2) 
PARAMETRIC_REPRESENTATION_CONTEXT() REPRESENTATION_CONTEXT('2D SPACE',''
  ) );
#590 = ORIENTED_EDGE('',*,*,#591,.T.);
#591 = EDGE_CURVE('',#559,#592,#594,.T.);
#592 = VERTEX_POINT('',#593);
#593 = CARTESIAN_POINT('',(-25.,67.,-72.));
#594 = SURFACE_CURVE('',#595,(#599,#606),.PCURVE_S1.);
#595 = LINE('',#596,#597);
#596 = CARTESIAN_POINT('',(-17.,58.,-72.));
#597 = VECTOR('',#598,1.);
#598 = DIRECTION('',(-0.66436383883,0.747409318684,0.));
#599 = PCURVE('',#72,#600);
#600 = DEFINITIONAL_REPRESENTATION('',(#601),#605);
#601 = LINE('',#602,#603);
#602 = CARTESIAN_POINT('',(-7.717119205609,68.206117540048));
#603 = VECTOR('',#604,1.);
#604 = DIRECTION('',(-0.66436383883,0.747409318684));
#605 = ( GEOMETRIC_REPRESENTATION_CONTEXT(2) 
PARAMETRIC_REPRESENTATION_CONTEXT() REPRESENTATION_CONTEXT('2D SPACE',''
  ) );
#606 = PCURVE('',#607,#612);
#607 = PLANE('',#608);
#608 = AXIS2_PLACEMENT_3D('',#609,#610,#611);
#609 = CARTESIAN_POINT('',(-17.,58.,-58.));
#610 = DIRECTION('',(0.747409318684,0.66436383883,-0.));
#611 = DIRECTION('',(-0.66436383883,0.747409318684,0.));
#612 = DEFINITIONAL_REPRESENTATION('',(#613),#617);
#613 = LINE('',#614,#615);
#614 = CARTESIAN_POINT('',(0.,-14.));
#615 = VECTOR('',#616,1.);
#616 = DIRECTION('',(1.,0.));
#617 = ( GEOMETRIC_REPRESENTATION_CONTEXT(2) 
PARAMETRIC_REPRESENTATION_CONTEXT() REPRESENTATION_CONTEXT('2D SPACE',''
  ) );
#618 = ORIENTED_EDGE('',*,*,#619,.T.);
#619 = EDGE_CURVE('',#592,#620,#622,.T.);
#620 = VERTEX_POINT('',#621);
#621 = CARTESIAN_POINT('',(-35.,75.,-72.));
#622 = SURFACE_CURVE('',#623,(#627,#634),.PCURVE_S1.);
#623 = LINE('',#624,#625);
#624 = CARTESIAN_POINT('',(-25.,67.,-72.));
#625 = VECTOR('',#626,1.);
#626 = DIRECTION('',(-0.780868809443,0.624695047554,0.));
#627 = PCURVE('',#72,#628);
#628 = DEFINITIONAL_REPRESENTATION('',(#629),#633);
#629 = LINE('',#630,#631);
#630 = CARTESIAN_POINT('',(-15.7171192056,77.206117540048));
#631 = VECTOR('',#632,1.);
#632 = DIRECTION('',(-0.780868809443,0.624695047554));
#633 = ( GEOMETRIC_REPRESENTATION_CONTEXT(2) 
PARAMETRIC_REPRESENTATION_CONTEXT() REPRESENTATION_CONTEXT('2D SPACE',''
  ) );
#634 = PCURVE('',#635,#640);
#635 = PLANE('',#636);
#636 = AXIS2_PLACEMENT_3D('',#637,#638,#639);
#637 = CARTESIAN_POINT('',(-25.,67.,-58.));
#638 = DIRECTION('',(0.624695047554,0.780868809443,-0.));
#639 = DIRECTION('',(-0.780868809443,0.624695047554,0.));
#640 = DEFINITIONAL_REPRESENTATION('',(#641),#645);
#641 = LINE('',#642,#643);
#642 = CARTESIAN_POINT('',(0.,-14.));
#643 = VECTOR('',#644,1.);
#644 = DIRECTION('',(1.,0.));
#645 = ( GEOMETRIC_REPRESENTATION_CONTEXT(2) 
PARAMETRIC_REPRESENTATION_CONTEXT() REPRESENTATION_CONTEXT('2D SPACE',''
  ) );
#646 = ORIENTED_EDGE('',*,*,#647,.T.);
#647 = EDGE_CURVE('',#620,#648,#650,.T.);
#648 = VERTEX_POINT('',#649);
#649 = CARTESIAN_POINT('',(-39.,70.,-72.));
#650 = SURFACE_CURVE('',#651,(#655,#662),.PCURVE_S1.);
#651 = LINE('',#652,#653);
#652 = CARTESIAN_POINT('',(-35.,75.,-72.));
#653 = VECTOR('',#654,1.);
#654 = DIRECTION('',(-0.624695047554,-0.780868809443,0.));
#655 = PCURVE('',#72,#656);
#656 = DEFINITIONAL_REPRESENTATION('',(#657),#661);
#657 = LINE('',#658,#659);
#658 = CARTESIAN_POINT('',(-25.7171192056,85.206117540048));
#659 = VECTOR('',#660,1.);
#660 = DIRECTION('',(-0.624695047554,-0.780868809443));
#661 = ( GEOMETRIC_REPRESENTATION_CONTEXT(2) 
PARAMETRIC_REPRESENTATION_CONTEXT() REPRESENTATION_CONTEXT('2D SPACE',''
  ) );
#662 = PCURVE('',#663,#668);
#663 = PLANE('',#664);
#664 = AXIS2_PLACEMENT_3D('',#665,#666,#667);
#665 = CARTESIAN_POINT('',(-35.,75.,-58.));
#666 = DIRECTION('',(-0.780868809443,0.624695047554,0.));
#667 = DIRECTION('',(-0.624695047554,-0.780868809443,0.));
#668 = DEFINITIONAL_REPRESENTATION('',(#669),#673);
#669 = LINE('',#670,#671);
#670 = CARTESIAN_POINT('',(-0.,-14.));
#671 = VECTOR('',#672,1.);
#672 = DIRECTION('',(1.,0.));
#673 = ( GEOMETRIC_REPRESENTATION_CONTEXT(2) 
PARAMETRIC_REPRESENTATION_CONTEXT() REPRESENTATION_CONTEXT('2D SPACE',''
  ) );
#674 = ORIENTED_EDGE('',*,*,#675,.T.);
#675 = EDGE_CURVE('',#648,#676,#678,.T.);
#676 = VERTEX_POINT('',#677);
#677 = CARTESIAN_POINT('',(-55.,44.,-72.));
#678 = SURFACE_CURVE('',#679,(#684,#691),.PCURVE_S1.);
#679 = CIRCLE('',#680,17.855304915946);
#680 = AXIS2_PLACEMENT_3D('',#681,#682,#683);
#681 = CARTESIAN_POINT('',(-39.1106870229,52.145038167939,-72.));
#682 = DIRECTION('',(0.,-0.,1.));
#683 = DIRECTION('',(6.19911132416E-03,0.999980785325,0.));
#684 = PCURVE('',#72,#685);
#685 = DEFINITIONAL_REPRESENTATION('',(#686),#690);
#686 = CIRCLE('',#687,17.855304915946);
#687 = AXIS2_PLACEMENT_2D('',#688,#689);
#688 = CARTESIAN_POINT('',(-29.82780622851,62.351155707987));
#689 = DIRECTION('',(6.19911132416E-03,0.999980785325));
#690 = ( GEOMETRIC_REPRESENTATION_CONTEXT(2) 
PARAMETRIC_REPRESENTATION_CONTEXT() REPRESENTATION_CONTEXT('2D SPACE',''
  ) );
#691 = PCURVE('',#692,#697);
#692 = CYLINDRICAL_SURFACE('',#693,17.855304915946);
#693 = AXIS2_PLACEMENT_3D('',#694,#695,#696);
#694 = CARTESIAN_POINT('',(-39.1106870229,52.145038167939,-58.));
#695 = DIRECTION('',(0.,-0.,1.));
#696 = DIRECTION('',(6.19911132416E-03,0.999980785325,0.));
#697 = DEFINITIONAL_REPRESENTATION('',(#698),#702);
#698 = LINE('',#699,#700);
#699 = CARTESIAN_POINT('',(0.,-14.));
#700 = VECTOR('',#701,1.);
#701 = DIRECTION('',(1.,0.));
#702 = ( GEOMETRIC_REPRESENTATION_CONTEXT(2) 
PARAMETRIC_REPRESENTATION_CONTEXT() REPRESENTATION_CONTEXT('2D SPACE',''
  ) );
#703 = ORIENTED_EDGE('',*,*,#704,.T.);
#704 = EDGE_CURVE('',#676,#705,#707,.T.);
#705 = VERTEX_POINT('',#706);
#706 = CARTESIAN_POINT('',(-54.,42.,-72.));
#707 = SURFACE_CURVE('',#708,(#713,#724),.PCURVE_S1.);
#708 = CIRCLE('',#709,1.581138830084);
#709 = AXIS2_PLACEMENT_3D('',#710,#711,#712);
#710 = CARTESIAN_POINT('',(-55.5,42.5,-72.));
#711 = DIRECTION('',(0.,0.,-1.));
#712 = DIRECTION('',(0.316227766017,0.948683298051,0.));
#713 = PCURVE('',#72,#714);
#714 = DEFINITIONAL_REPRESENTATION('',(#715),#723);
#715 = ( BOUNDED_CURVE() B_SPLINE_CURVE(2,(#716,#717,#718,#719,#720,#721
,#722),.UNSPECIFIED.,.T.,.F.) B_SPLINE_CURVE_WITH_KNOTS((1,2,2,2,2,1),(
    -2.094395102393,0.,2.094395102393,4.188790204786,6.28318530718,
8.377580409573),.UNSPECIFIED.) CURVE() GEOMETRIC_REPRESENTATION_ITEM() 
RATIONAL_B_SPLINE_CURVE((1.,0.5,1.,0.5,1.,0.5,1.)) REPRESENTATION_ITEM(
  '') );
#716 = CARTESIAN_POINT('',(-45.7171192056,54.206117540048));
#717 = CARTESIAN_POINT('',(-43.11904299425,53.340092136263));
#718 = CARTESIAN_POINT('',(-45.16808109993,51.523104838156));
#719 = CARTESIAN_POINT('',(-47.2171192056,49.706117540048));
#720 = CARTESIAN_POINT('',(-47.76615731128,52.38913024194));
#721 = CARTESIAN_POINT('',(-48.31519541696,55.072142943832));
#722 = CARTESIAN_POINT('',(-45.7171192056,54.206117540048));
#723 = ( GEOMETRIC_REPRESENTATION_CONTEXT(2) 
PARAMETRIC_REPRESENTATION_CONTEXT() REPRESENTATION_CONTEXT('2D SPACE',''
  ) );
#724 = PCURVE('',#725,#730);
#725 = CYLINDRICAL_SURFACE('',#726,1.581138830084);
#726 = AXIS2_PLACEMENT_3D('',#727,#728,#729);
#727 = CARTESIAN_POINT('',(-55.5,42.5,-58.));
#728 = DIRECTION('',(-0.,-0.,1.));
#729 = DIRECTION('',(0.316227766017,0.948683298051,0.));
#730 = DEFINITIONAL_REPRESENTATION('',(#731),#735);
#731 = LINE('',#732,#733);
#732 = CARTESIAN_POINT('',(-0.,-14.));
#733 = VECTOR('',#734,1.);
#734 = DIRECTION('',(-1.,0.));
#735 = ( GEOMETRIC_REPRESENTATION_CONTEXT(2) 
PARAMETRIC_REPRESENTATION_CONTEXT() REPRESENTATION_CONTEXT('2D SPACE',''
  ) );
#736 = ORIENTED_EDGE('',*,*,#737,.T.);
#737 = EDGE_CURVE('',#705,#738,#740,.T.);
#738 = VERTEX_POINT('',#739);
#739 = CARTESIAN_POINT('',(-47.,33.,-72.));
#740 = SURFACE_CURVE('',#741,(#746,#753),.PCURVE_S1.);
#741 = CIRCLE('',#742,23.505318547086);
#742 = AXIS2_PLACEMENT_3D('',#743,#744,#745);
#743 = CARTESIAN_POINT('',(-32.5,51.5,-72.));
#744 = DIRECTION('',(0.,0.,1.));
#745 = DIRECTION('',(-0.914686604095,-0.404163848321,0.));
#746 = PCURVE('',#72,#747);
#747 = DEFINITIONAL_REPRESENTATION('',(#748),#752);
#748 = CIRCLE('',#749,23.505318547086);
#749 = AXIS2_PLACEMENT_2D('',#750,#751);
#750 = CARTESIAN_POINT('',(-23.2171192056,61.706117540048));
#751 = DIRECTION('',(-0.914686604095,-0.404163848321));
#752 = ( GEOMETRIC_REPRESENTATION_CONTEXT(2) 
PARAMETRIC_REPRESENTATION_CONTEXT() REPRESENTATION_CONTEXT('2D SPACE',''
  ) );
#753 = PCURVE('',#754,#759);
#754 = CYLINDRICAL_SURFACE('',#755,23.505318547086);
#755 = AXIS2_PLACEMENT_3D('',#756,#757,#758);
#756 = CARTESIAN_POINT('',(-32.5,51.5,-58.));
#757 = DIRECTION('',(0.,0.,1.));
#758 = DIRECTION('',(-0.914686604095,-0.404163848321,0.));
#759 = DEFINITIONAL_REPRESENTATION('',(#760),#764);
#760 = LINE('',#761,#762);
#761 = CARTESIAN_POINT('',(0.,-14.));
#762 = VECTOR('',#763,1.);
#763 = DIRECTION('',(1.,0.));
#764 = ( GEOMETRIC_REPRESENTATION_CONTEXT(2) 
PARAMETRIC_REPRESENTATION_CONTEXT() REPRESENTATION_CONTEXT('2D SPACE',''
  ) );
#765 = ORIENTED_EDGE('',*,*,#766,.T.);
#766 = EDGE_CURVE('',#738,#144,#767,.T.);
#767 = SURFACE_CURVE('',#768,(#773,#780),.PCURVE_S1.);
#768 = CIRCLE('',#769,19.91230775174);
#769 = AXIS2_PLACEMENT_3D('',#770,#771,#772);
#770 = CARTESIAN_POINT('',(-31.5,45.5,-72.));
#771 = DIRECTION('',(0.,0.,1.));
#772 = DIRECTION('',(-0.778413039475,-0.62775245119,0.));
#773 = PCURVE('',#72,#774);
#774 = DEFINITIONAL_REPRESENTATION('',(#775),#779);
#775 = CIRCLE('',#776,19.91230775174);
#776 = AXIS2_PLACEMENT_2D('',#777,#778);
#777 = CARTESIAN_POINT('',(-22.2171192056,55.706117540048));
#778 = DIRECTION('',(-0.778413039475,-0.62775245119));
#779 = ( GEOMETRIC_REPRESENTATION_CONTEXT(2) 
PARAMETRIC_REPRESENTATION_CONTEXT() REPRESENTATION_CONTEXT('2D SPACE',''
  ) );
#780 = PCURVE('',#159,#781);
#781 = DEFINITIONAL_REPRESENTATION('',(#782),#786);
#782 = LINE('',#783,#784);
#783 = CARTESIAN_POINT('',(0.,-14.));
#784 = VECTOR('',#785,1.);
#785 = DIRECTION('',(1.,0.));
#786 = ( GEOMETRIC_REPRESENTATION_CONTEXT(2) 
PARAMETRIC_REPRESENTATION_CONTEXT() REPRESENTATION_CONTEXT('2D SPACE',''
  ) );
#787 = ORIENTED_EDGE('',*,*,#171,.T.);
#788 = FACE_BOUND('',#789,.F.);
#789 = EDGE_LOOP('',(#790,#818,#844,#870));
#790 = ORIENTED_EDGE('',*,*,#791,.F.);
#791 = EDGE_CURVE('',#792,#794,#796,.T.);
#792 = VERTEX_POINT('',#793);
#793 = CARTESIAN_POINT('',(-20.74306192819,17.,-72.));
#794 = VERTEX_POINT('',#795);
#795 = CARTESIAN_POINT('',(-20.74306192819,-24.,-72.));
#796 = SURFACE_CURVE('',#797,(#801,#807),.PCURVE_S1.);
#797 = LINE('',#798,#799);
#798 = CARTESIAN_POINT('',(-20.74306192819,-24.,-72.));
#799 = VECTOR('',#800,1.);
#800 = DIRECTION('',(-0.,-1.,-0.));
#801 = PCURVE('',#72,#802);
#802 = DEFINITIONAL_REPRESENTATION('',(#803),#806);
#803 = B_SPLINE_CURVE_WITH_KNOTS('',1,(#804,#805),.UNSPECIFIED.,.F.,.F.,
  (2,2),(-41.0000006,5.999999999062E-07),.PIECEWISE_BEZIER_KNOTS.);
#804 = CARTESIAN_POINT('',(-11.4601811338,27.206118140048));
#805 = CARTESIAN_POINT('',(-11.4601811338,-13.79388305995));
#806 = ( GEOMETRIC_REPRESENTATION_CONTEXT(2) 
PARAMETRIC_REPRESENTATION_CONTEXT() REPRESENTATION_CONTEXT('2D SPACE',''
  ) );
#807 = PCURVE('',#808,#813);
#808 = CYLINDRICAL_SURFACE('',#809,100.80780913057);
#809 = AXIS2_PLACEMENT_3D('',#810,#811,#812);
#810 = CARTESIAN_POINT('',(70.316977077364,-24.,-28.7532234957));
#811 = DIRECTION('',(-0.,-1.,-0.));
#812 = DIRECTION('',(-0.707454885613,0.,-0.706758505306));
#813 = DEFINITIONAL_REPRESENTATION('',(#814),#817);
#814 = B_SPLINE_CURVE_WITH_KNOTS('',1,(#815,#816),.UNSPECIFIED.,.F.,.F.,
  (2,2),(-41.0000006,5.999999999062E-07),.PIECEWISE_BEZIER_KNOTS.);
#815 = CARTESIAN_POINT('',(-0.341517822894,-41.0000006));
#816 = CARTESIAN_POINT('',(-0.341517822894,5.999999999062E-07));
#817 = ( GEOMETRIC_REPRESENTATION_CONTEXT(2) 
PARAMETRIC_REPRESENTATION_CONTEXT() REPRESENTATION_CONTEXT('2D SPACE',''
  ) );
#818 = ORIENTED_EDGE('',*,*,#819,.F.);
#819 = EDGE_CURVE('',#820,#792,#822,.T.);
#820 = VERTEX_POINT('',#821);
#821 = CARTESIAN_POINT('',(-8.101545615781,17.,-72.));
#822 = SURFACE_CURVE('',#823,(#827,#833),.PCURVE_S1.);
#823 = LINE('',#824,#825);
#824 = CARTESIAN_POINT('',(-1.449874703749,17.,-72.));
#825 = VECTOR('',#826,1.);
#826 = DIRECTION('',(-1.,0.,0.));
#827 = PCURVE('',#72,#828);
#828 = DEFINITIONAL_REPRESENTATION('',(#829),#832);
#829 = B_SPLINE_CURVE_WITH_KNOTS('',1,(#830,#831),.UNSPECIFIED.,.F.,.F.,
  (2,2),(-64.44987470374,29.040957349463),.PIECEWISE_BEZIER_KNOTS.);
#830 = CARTESIAN_POINT('',(72.282880794391,27.206117540048));
#831 = CARTESIAN_POINT('',(-21.20795125882,27.206117540048));
#832 = ( GEOMETRIC_REPRESENTATION_CONTEXT(2) 
PARAMETRIC_REPRESENTATION_CONTEXT() REPRESENTATION_CONTEXT('2D SPACE',''
  ) );
#833 = PCURVE('',#834,#839);
#834 = PLANE('',#835);
#835 = AXIS2_PLACEMENT_3D('',#836,#837,#838);
#836 = CARTESIAN_POINT('',(6.383131386893,17.,-3.477051943656));
#837 = DIRECTION('',(0.,1.,0.));
#838 = DIRECTION('',(0.,0.,1.));
#839 = DEFINITIONAL_REPRESENTATION('',(#840),#843);
#840 = B_SPLINE_CURVE_WITH_KNOTS('',1,(#841,#842),.UNSPECIFIED.,.F.,.F.,
  (2,2),(-64.44987470374,29.040957349463),.PIECEWISE_BEZIER_KNOTS.);
#841 = CARTESIAN_POINT('',(-68.52294805634,56.616868613107));
#842 = CARTESIAN_POINT('',(-68.52294805634,-36.8739634401));
#843 = ( GEOMETRIC_REPRESENTATION_CONTEXT(2) 
PARAMETRIC_REPRESENTATION_CONTEXT() REPRESENTATION_CONTEXT('2D SPACE',''
  ) );
#844 = ORIENTED_EDGE('',*,*,#845,.T.);
#845 = EDGE_CURVE('',#820,#846,#848,.T.);
#846 = VERTEX_POINT('',#847);
#847 = CARTESIAN_POINT('',(-8.101545615781,-24.,-72.));
#848 = SURFACE_CURVE('',#849,(#853,#859),.PCURVE_S1.);
#849 = LINE('',#850,#851);
#850 = CARTESIAN_POINT('',(-8.101545615781,-24.,-72.));
#851 = VECTOR('',#852,1.);
#852 = DIRECTION('',(0.,-1.,0.));
#853 = PCURVE('',#72,#854);
#854 = DEFINITIONAL_REPRESENTATION('',(#855),#858);
#855 = B_SPLINE_CURVE_WITH_KNOTS('',1,(#856,#857),.UNSPECIFIED.,.F.,.F.,
  (2,2),(-41.0000006,5.999999999062E-07),.PIECEWISE_BEZIER_KNOTS.);
#856 = CARTESIAN_POINT('',(1.18133517861,27.206118140048));
#857 = CARTESIAN_POINT('',(1.18133517861,-13.79388305995));
#858 = ( GEOMETRIC_REPRESENTATION_CONTEXT(2) 
PARAMETRIC_REPRESENTATION_CONTEXT() REPRESENTATION_CONTEXT('2D SPACE',''
  ) );
#859 = PCURVE('',#860,#865);
#860 = CYLINDRICAL_SURFACE('',#861,138.81008229187);
#861 = AXIS2_PLACEMENT_3D('',#862,#863,#864);
#862 = CARTESIAN_POINT('',(129.26885346413,-24.,-52.05977927651));
#863 = DIRECTION('',(0.,-1.,0.));
#864 = DIRECTION('',(-0.44859027843,0.,0.893737524164));
#865 = DEFINITIONAL_REPRESENTATION('',(#866),#869);
#866 = B_SPLINE_CURVE_WITH_KNOTS('',1,(#867,#868),.UNSPECIFIED.,.F.,.F.,
  (2,2),(-41.0000006,5.999999999062E-07),.PIECEWISE_BEZIER_KNOTS.);
#867 = CARTESIAN_POINT('',(1.249758744387,-41.0000006));
#868 = CARTESIAN_POINT('',(1.249758744387,5.999999999062E-07));
#869 = ( GEOMETRIC_REPRESENTATION_CONTEXT(2) 
PARAMETRIC_REPRESENTATION_CONTEXT() REPRESENTATION_CONTEXT('2D SPACE',''
  ) );
#870 = ORIENTED_EDGE('',*,*,#871,.T.);
#871 = EDGE_CURVE('',#846,#794,#872,.T.);
#872 = SURFACE_CURVE('',#873,(#877,#883),.PCURVE_S1.);
#873 = LINE('',#874,#875);
#874 = CARTESIAN_POINT('',(-1.449874703749,-24.,-72.));
#875 = VECTOR('',#876,1.);
#876 = DIRECTION('',(-1.,0.,0.));
#877 = PCURVE('',#72,#878);
#878 = DEFINITIONAL_REPRESENTATION('',(#879),#882);
#879 = B_SPLINE_CURVE_WITH_KNOTS('',1,(#880,#881),.UNSPECIFIED.,.F.,.F.,
  (2,2),(-64.44987470374,29.040957349463),.PIECEWISE_BEZIER_KNOTS.);
#880 = CARTESIAN_POINT('',(72.282880794391,-13.79388245995));
#881 = CARTESIAN_POINT('',(-21.20795125882,-13.79388245995));
#882 = ( GEOMETRIC_REPRESENTATION_CONTEXT(2) 
PARAMETRIC_REPRESENTATION_CONTEXT() REPRESENTATION_CONTEXT('2D SPACE',''
  ) );
#883 = PCURVE('',#884,#889);
#884 = PLANE('',#885);
#885 = AXIS2_PLACEMENT_3D('',#886,#887,#888);
#886 = CARTESIAN_POINT('',(6.383131386893,-24.,-3.477051943656));
#887 = DIRECTION('',(0.,1.,0.));
#888 = DIRECTION('',(0.,0.,1.));
#889 = DEFINITIONAL_REPRESENTATION('',(#890),#893);
#890 = B_SPLINE_CURVE_WITH_KNOTS('',1,(#891,#892),.UNSPECIFIED.,.F.,.F.,
  (2,2),(-64.44987470374,29.040957349463),.PIECEWISE_BEZIER_KNOTS.);
#891 = CARTESIAN_POINT('',(-68.52294805634,56.616868613107));
#892 = CARTESIAN_POINT('',(-68.52294805634,-36.8739634401));
#893 = ( GEOMETRIC_REPRESENTATION_CONTEXT(2) 
PARAMETRIC_REPRESENTATION_CONTEXT() REPRESENTATION_CONTEXT('2D SPACE',''
  ) );
#894 = ADVANCED_FACE('',(#895),#159,.T.);
#895 = FACE_BOUND('',#896,.T.);
#896 = EDGE_LOOP('',(#897,#920,#921,#922));
#897 = ORIENTED_EDGE('',*,*,#898,.T.);
#898 = EDGE_CURVE('',#899,#738,#901,.T.);
#899 = VERTEX_POINT('',#900);
#900 = CARTESIAN_POINT('',(-47.,33.,-58.));
#901 = SURFACE_CURVE('',#902,(#906,#913),.PCURVE_S1.);
#902 = LINE('',#903,#904);
#903 = CARTESIAN_POINT('',(-47.,33.,-58.));
#904 = VECTOR('',#905,1.);
#905 = DIRECTION('',(-0.,-0.,-1.));
#906 = PCURVE('',#159,#907);
#907 = DEFINITIONAL_REPRESENTATION('',(#908),#912);
#908 = LINE('',#909,#910);
#909 = CARTESIAN_POINT('',(0.,0.));
#910 = VECTOR('',#911,1.);
#911 = DIRECTION('',(0.,-1.));
#912 = ( GEOMETRIC_REPRESENTATION_CONTEXT(2) 
PARAMETRIC_REPRESENTATION_CONTEXT() REPRESENTATION_CONTEXT('2D SPACE',''
  ) );
#913 = PCURVE('',#754,#914);
#914 = DEFINITIONAL_REPRESENTATION('',(#915),#919);
#915 = LINE('',#916,#917);
#916 = CARTESIAN_POINT('',(0.489957326254,0.));
#917 = VECTOR('',#918,1.);
#918 = DIRECTION('',(0.,-1.));
#919 = ( GEOMETRIC_REPRESENTATION_CONTEXT(2) 
PARAMETRIC_REPRESENTATION_CONTEXT() REPRESENTATION_CONTEXT('2D SPACE',''
  ) );
#920 = ORIENTED_EDGE('',*,*,#766,.T.);
#921 = ORIENTED_EDGE('',*,*,#141,.F.);
#922 = ORIENTED_EDGE('',*,*,#923,.F.);
#923 = EDGE_CURVE('',#899,#142,#924,.T.);
#924 = SURFACE_CURVE('',#925,(#930,#937),.PCURVE_S1.);
#925 = CIRCLE('',#926,19.91230775174);
#926 = AXIS2_PLACEMENT_3D('',#927,#928,#929);
#927 = CARTESIAN_POINT('',(-31.5,45.5,-58.));
#928 = DIRECTION('',(0.,0.,1.));
#929 = DIRECTION('',(-0.778413039475,-0.62775245119,0.));
#930 = PCURVE('',#159,#931);
#931 = DEFINITIONAL_REPRESENTATION('',(#932),#936);
#932 = LINE('',#933,#934);
#933 = CARTESIAN_POINT('',(0.,0.));
#934 = VECTOR('',#935,1.);
#935 = DIRECTION('',(1.,0.));
#936 = ( GEOMETRIC_REPRESENTATION_CONTEXT(2) 
PARAMETRIC_REPRESENTATION_CONTEXT() REPRESENTATION_CONTEXT('2D SPACE',''
  ) );
#937 = PCURVE('',#258,#938);
#938 = DEFINITIONAL_REPRESENTATION('',(#939),#943);
#939 = CIRCLE('',#940,19.91230775174);
#940 = AXIS2_PLACEMENT_2D('',#941,#942);
#941 = CARTESIAN_POINT('',(-22.2171192056,55.706117540048));
#942 = DIRECTION('',(-0.778413039475,-0.62775245119));
#943 = ( GEOMETRIC_REPRESENTATION_CONTEXT(2) 
PARAMETRIC_REPRESENTATION_CONTEXT() REPRESENTATION_CONTEXT('2D SPACE',''
  ) );
#944 = ADVANCED_FACE('',(#945),#258,.T.);
#945 = FACE_BOUND('',#946,.T.);
#946 = EDGE_LOOP('',(#947,#948,#949,#977,#1003,#1029,#1055,#1076,#1077,
    #1100,#1128,#1151,#1174,#1197,#1221,#1249));
#947 = ORIENTED_EDGE('',*,*,#923,.T.);
#948 = ORIENTED_EDGE('',*,*,#244,.T.);
#949 = ORIENTED_EDGE('',*,*,#950,.F.);
#950 = EDGE_CURVE('',#951,#217,#953,.T.);
#951 = VERTEX_POINT('',#952);
#952 = CARTESIAN_POINT('',(-26.15499007275,4.324841554046,-58.));
#953 = SURFACE_CURVE('',#954,(#958,#965),.PCURVE_S1.);
#954 = LINE('',#955,#956);
#955 = CARTESIAN_POINT('',(43.,-75.,-58.));
#956 = VECTOR('',#957,1.);
#957 = DIRECTION('',(-0.657135200432,0.753772729908,0.));
#958 = PCURVE('',#258,#959);
#959 = DEFINITIONAL_REPRESENTATION('',(#960),#964);
#960 = LINE('',#961,#962);
#961 = CARTESIAN_POINT('',(52.282880794391,-64.79388245995));
#962 = VECTOR('',#963,1.);
#963 = DIRECTION('',(-0.657135200432,0.753772729908));
#964 = ( GEOMETRIC_REPRESENTATION_CONTEXT(2) 
PARAMETRIC_REPRESENTATION_CONTEXT() REPRESENTATION_CONTEXT('2D SPACE',''
  ) );
#965 = PCURVE('',#966,#971);
#966 = PLANE('',#967);
#967 = AXIS2_PLACEMENT_3D('',#968,#969,#970);
#968 = CARTESIAN_POINT('',(43.,-75.,-58.));
#969 = DIRECTION('',(-0.753772729908,-0.657135200432,0.));
#970 = DIRECTION('',(-0.657135200432,0.753772729908,0.));
#971 = DEFINITIONAL_REPRESENTATION('',(#972),#976);
#972 = LINE('',#973,#974);
#973 = CARTESIAN_POINT('',(0.,0.));
#974 = VECTOR('',#975,1.);
#975 = DIRECTION('',(1.,0.));
#976 = ( GEOMETRIC_REPRESENTATION_CONTEXT(2) 
PARAMETRIC_REPRESENTATION_CONTEXT() REPRESENTATION_CONTEXT('2D SPACE',''
  ) );
#977 = ORIENTED_EDGE('',*,*,#978,.F.);
#978 = EDGE_CURVE('',#979,#951,#981,.T.);
#979 = VERTEX_POINT('',#980);
#980 = CARTESIAN_POINT('',(-26.15499007275,17.,-58.));
#981 = SURFACE_CURVE('',#982,(#986,#992),.PCURVE_S1.);
#982 = LINE('',#983,#984);
#983 = CARTESIAN_POINT('',(-26.15499007275,-24.,-58.));
#984 = VECTOR('',#985,1.);
#985 = DIRECTION('',(-0.,-1.,-0.));
#986 = PCURVE('',#258,#987);
#987 = DEFINITIONAL_REPRESENTATION('',(#988),#991);
#988 = B_SPLINE_CURVE_WITH_KNOTS('',1,(#989,#990),.UNSPECIFIED.,.F.,.F.,
  (2,2),(-41.0000006,5.999999999062E-07),.PIECEWISE_BEZIER_KNOTS.);
#989 = CARTESIAN_POINT('',(-16.87210927836,27.206118140048));
#990 = CARTESIAN_POINT('',(-16.87210927836,-13.79388305995));
#991 = ( GEOMETRIC_REPRESENTATION_CONTEXT(2) 
PARAMETRIC_REPRESENTATION_CONTEXT() REPRESENTATION_CONTEXT('2D SPACE',''
  ) );
#992 = PCURVE('',#993,#998);
#993 = CYLINDRICAL_SURFACE('',#994,100.80780913057);
#994 = AXIS2_PLACEMENT_3D('',#995,#996,#997);
#995 = CARTESIAN_POINT('',(70.316977077364,-24.,-28.7532234957));
#996 = DIRECTION('',(-0.,-1.,-0.));
#997 = DIRECTION('',(-0.707454885613,0.,-0.706758505306));
#998 = DEFINITIONAL_REPRESENTATION('',(#999),#1002);
#999 = B_SPLINE_CURVE_WITH_KNOTS('',1,(#1000,#1001),.UNSPECIFIED.,.F.,
  .F.,(2,2),(-41.0000006,5.999999999062E-07),.PIECEWISE_BEZIER_KNOTS.);
#1000 = CARTESIAN_POINT('',(-0.490549218722,-41.0000006));
#1001 = CARTESIAN_POINT('',(-0.490549218722,5.999999999062E-07));
#1002 = ( GEOMETRIC_REPRESENTATION_CONTEXT(2) 
PARAMETRIC_REPRESENTATION_CONTEXT() REPRESENTATION_CONTEXT('2D SPACE',''
  ) );
#1003 = ORIENTED_EDGE('',*,*,#1004,.F.);
#1004 = EDGE_CURVE('',#1005,#979,#1007,.T.);
#1005 = VERTEX_POINT('',#1006);
#1006 = CARTESIAN_POINT('',(-9.414068064195,17.,-58.));
#1007 = SURFACE_CURVE('',#1008,(#1012,#1018),.PCURVE_S1.);
#1008 = LINE('',#1009,#1010);
#1009 = CARTESIAN_POINT('',(-1.449874703749,17.,-58.));
#1010 = VECTOR('',#1011,1.);
#1011 = DIRECTION('',(-1.,0.,0.));
#1012 = PCURVE('',#258,#1013);
#1013 = DEFINITIONAL_REPRESENTATION('',(#1014),#1017);
#1014 = B_SPLINE_CURVE_WITH_KNOTS('',1,(#1015,#1016),.UNSPECIFIED.,.F.,
  .F.,(2,2),(-64.44987470374,29.040957349463),.PIECEWISE_BEZIER_KNOTS.);
#1015 = CARTESIAN_POINT('',(72.282880794391,27.206117540048));
#1016 = CARTESIAN_POINT('',(-21.20795125882,27.206117540048));
#1017 = ( GEOMETRIC_REPRESENTATION_CONTEXT(2) 
PARAMETRIC_REPRESENTATION_CONTEXT() REPRESENTATION_CONTEXT('2D SPACE',''
  ) );
#1018 = PCURVE('',#1019,#1024);
#1019 = PLANE('',#1020);
#1020 = AXIS2_PLACEMENT_3D('',#1021,#1022,#1023);
#1021 = CARTESIAN_POINT('',(6.383131386893,17.,-3.477051943656));
#1022 = DIRECTION('',(0.,1.,0.));
#1023 = DIRECTION('',(0.,0.,1.));
#1024 = DEFINITIONAL_REPRESENTATION('',(#1025),#1028);
#1025 = B_SPLINE_CURVE_WITH_KNOTS('',1,(#1026,#1027),.UNSPECIFIED.,.F.,
  .F.,(2,2),(-64.44987470374,29.040957349463),.PIECEWISE_BEZIER_KNOTS.);
#1026 = CARTESIAN_POINT('',(-54.52294805634,56.616868613107));
#1027 = CARTESIAN_POINT('',(-54.52294805634,-36.8739634401));
#1028 = ( GEOMETRIC_REPRESENTATION_CONTEXT(2) 
PARAMETRIC_REPRESENTATION_CONTEXT() REPRESENTATION_CONTEXT('2D SPACE',''
  ) );
#1029 = ORIENTED_EDGE('',*,*,#1030,.T.);
#1030 = EDGE_CURVE('',#1005,#1031,#1033,.T.);
#1031 = VERTEX_POINT('',#1032);
#1032 = CARTESIAN_POINT('',(-9.414068064195,-14.87798074989,-58.));
#1033 = SURFACE_CURVE('',#1034,(#1038,#1044),.PCURVE_S1.);
#1034 = LINE('',#1035,#1036);
#1035 = CARTESIAN_POINT('',(-9.414068064195,-24.,-58.));
#1036 = VECTOR('',#1037,1.);
#1037 = DIRECTION('',(0.,-1.,0.));
#1038 = PCURVE('',#258,#1039);
#1039 = DEFINITIONAL_REPRESENTATION('',(#1040),#1043);
#1040 = B_SPLINE_CURVE_WITH_KNOTS('',1,(#1041,#1042),.UNSPECIFIED.,.F.,
  .F.,(2,2),(-41.0000006,5.999999999062E-07),.PIECEWISE_BEZIER_KNOTS.);
#1041 = CARTESIAN_POINT('',(-0.131187269804,27.206118140048));
#1042 = CARTESIAN_POINT('',(-0.131187269804,-13.79388305995));
#1043 = ( GEOMETRIC_REPRESENTATION_CONTEXT(2) 
PARAMETRIC_REPRESENTATION_CONTEXT() REPRESENTATION_CONTEXT('2D SPACE',''
  ) );
#1044 = PCURVE('',#1045,#1050);
#1045 = CYLINDRICAL_SURFACE('',#1046,138.81008229187);
#1046 = AXIS2_PLACEMENT_3D('',#1047,#1048,#1049);
#1047 = CARTESIAN_POINT('',(129.26885346413,-24.,-52.05977927651));
#1048 = DIRECTION('',(0.,-1.,0.));
#1049 = DIRECTION('',(-0.44859027843,0.,0.893737524164));
#1050 = DEFINITIONAL_REPRESENTATION('',(#1051),#1054);
#1051 = B_SPLINE_CURVE_WITH_KNOTS('',1,(#1052,#1053),.UNSPECIFIED.,.F.,
  .F.,(2,2),(-41.0000006,5.999999999062E-07),.PIECEWISE_BEZIER_KNOTS.);
#1052 = CARTESIAN_POINT('',(1.148415889215,-41.0000006));
#1053 = CARTESIAN_POINT('',(1.148415889215,5.999999999062E-07));
#1054 = ( GEOMETRIC_REPRESENTATION_CONTEXT(2) 
PARAMETRIC_REPRESENTATION_CONTEXT() REPRESENTATION_CONTEXT('2D SPACE',''
  ) );
#1055 = ORIENTED_EDGE('',*,*,#1056,.F.);
#1056 = EDGE_CURVE('',#326,#1031,#1057,.T.);
#1057 = SURFACE_CURVE('',#1058,(#1062,#1069),.PCURVE_S1.);
#1058 = LINE('',#1059,#1060);
#1059 = CARTESIAN_POINT('',(43.,-75.,-58.));
#1060 = VECTOR('',#1061,1.);
#1061 = DIRECTION('',(-0.657135200432,0.753772729908,0.));
#1062 = PCURVE('',#258,#1063);
#1063 = DEFINITIONAL_REPRESENTATION('',(#1064),#1068);
#1064 = LINE('',#1065,#1066);
#1065 = CARTESIAN_POINT('',(52.282880794391,-64.79388245995));
#1066 = VECTOR('',#1067,1.);
#1067 = DIRECTION('',(-0.657135200432,0.753772729908));
#1068 = ( GEOMETRIC_REPRESENTATION_CONTEXT(2) 
PARAMETRIC_REPRESENTATION_CONTEXT() REPRESENTATION_CONTEXT('2D SPACE',''
  ) );
#1069 = PCURVE('',#966,#1070);
#1070 = DEFINITIONAL_REPRESENTATION('',(#1071),#1075);
#1071 = LINE('',#1072,#1073);
#1072 = CARTESIAN_POINT('',(0.,0.));
#1073 = VECTOR('',#1074,1.);
#1074 = DIRECTION('',(1.,0.));
#1075 = ( GEOMETRIC_REPRESENTATION_CONTEXT(2) 
PARAMETRIC_REPRESENTATION_CONTEXT() REPRESENTATION_CONTEXT('2D SPACE',''
  ) );
#1076 = ORIENTED_EDGE('',*,*,#325,.T.);
#1077 = ORIENTED_EDGE('',*,*,#1078,.T.);
#1078 = EDGE_CURVE('',#298,#1079,#1081,.T.);
#1079 = VERTEX_POINT('',#1080);
#1080 = CARTESIAN_POINT('',(2.,22.,-58.));
#1081 = SURFACE_CURVE('',#1082,(#1086,#1093),.PCURVE_S1.);
#1082 = LINE('',#1083,#1084);
#1083 = CARTESIAN_POINT('',(63.,-38.,-58.));
#1084 = VECTOR('',#1085,1.);
#1085 = DIRECTION('',(-0.712926292386,0.701238976117,0.));
#1086 = PCURVE('',#258,#1087);
#1087 = DEFINITIONAL_REPRESENTATION('',(#1088),#1092);
#1088 = LINE('',#1089,#1090);
#1089 = CARTESIAN_POINT('',(72.282880794391,-27.79388245995));
#1090 = VECTOR('',#1091,1.);
#1091 = DIRECTION('',(-0.712926292386,0.701238976117));
#1092 = ( GEOMETRIC_REPRESENTATION_CONTEXT(2) 
PARAMETRIC_REPRESENTATION_CONTEXT() REPRESENTATION_CONTEXT('2D SPACE',''
  ) );
#1093 = PCURVE('',#313,#1094);
#1094 = DEFINITIONAL_REPRESENTATION('',(#1095),#1099);
#1095 = LINE('',#1096,#1097);
#1096 = CARTESIAN_POINT('',(0.,0.));
#1097 = VECTOR('',#1098,1.);
#1098 = DIRECTION('',(1.,0.));
#1099 = ( GEOMETRIC_REPRESENTATION_CONTEXT(2) 
PARAMETRIC_REPRESENTATION_CONTEXT() REPRESENTATION_CONTEXT('2D SPACE',''
  ) );
#1100 = ORIENTED_EDGE('',*,*,#1101,.T.);
#1101 = EDGE_CURVE('',#1079,#1102,#1104,.T.);
#1102 = VERTEX_POINT('',#1103);
#1103 = CARTESIAN_POINT('',(-17.,58.,-58.));
#1104 = SURFACE_CURVE('',#1105,(#1110,#1121),.PCURVE_S1.);
#1105 = CIRCLE('',#1106,59.85373392632);
#1106 = AXIS2_PLACEMENT_3D('',#1107,#1108,#1109);
#1107 = CARTESIAN_POINT('',(42.279310344828,66.272413793103,-58.));
#1108 = DIRECTION('',(0.,0.,-1.));
#1109 = DIRECTION('',(-0.672962365128,-0.739676723387,-0.));
#1110 = PCURVE('',#258,#1111);
#1111 = DEFINITIONAL_REPRESENTATION('',(#1112),#1120);
#1112 = ( BOUNDED_CURVE() B_SPLINE_CURVE(2,(#1113,#1114,#1115,#1116,
#1117,#1118,#1119),.UNSPECIFIED.,.T.,.F.) B_SPLINE_CURVE_WITH_KNOTS((1,2
    ,2,2,2,1),(-2.094395102393,0.,2.094395102393,4.188790204786,
6.28318530718,8.377580409573),.UNSPECIFIED.) CURVE() 
GEOMETRIC_REPRESENTATION_ITEM() RATIONAL_B_SPLINE_CURVE((1.,0.5,1.,0.5,
1.,0.5,1.)) REPRESENTATION_ITEM('') );
#1113 = CARTESIAN_POINT('',(11.282880794391,32.206117540048));
#1114 = CARTESIAN_POINT('',(-65.39918926897,101.97192955112));
#1115 = CARTESIAN_POINT('',(33.360811279948,133.49764423524));
#1116 = CARTESIAN_POINT('',(132.12081182887,165.02335891935));
#1117 = CARTESIAN_POINT('',(110.04288134331,63.731832224165));
#1118 = CARTESIAN_POINT('',(87.96495085776,-37.55969447102));
#1119 = CARTESIAN_POINT('',(11.282880794391,32.206117540048));
#1120 = ( GEOMETRIC_REPRESENTATION_CONTEXT(2) 
PARAMETRIC_REPRESENTATION_CONTEXT() REPRESENTATION_CONTEXT('2D SPACE',''
  ) );
#1121 = PCURVE('',#579,#1122);
#1122 = DEFINITIONAL_REPRESENTATION('',(#1123),#1127);
#1123 = LINE('',#1124,#1125);
#1124 = CARTESIAN_POINT('',(-0.,0.));
#1125 = VECTOR('',#1126,1.);
#1126 = DIRECTION('',(-1.,0.));
#1127 = ( GEOMETRIC_REPRESENTATION_CONTEXT(2) 
PARAMETRIC_REPRESENTATION_CONTEXT() REPRESENTATION_CONTEXT('2D SPACE',''
  ) );
#1128 = ORIENTED_EDGE('',*,*,#1129,.T.);
#1129 = EDGE_CURVE('',#1102,#1130,#1132,.T.);
#1130 = VERTEX_POINT('',#1131);
#1131 = CARTESIAN_POINT('',(-25.,67.,-58.));
#1132 = SURFACE_CURVE('',#1133,(#1137,#1144),.PCURVE_S1.);
#1133 = LINE('',#1134,#1135);
#1134 = CARTESIAN_POINT('',(-17.,58.,-58.));
#1135 = VECTOR('',#1136,1.);
#1136 = DIRECTION('',(-0.66436383883,0.747409318684,0.));
#1137 = PCURVE('',#258,#1138);
#1138 = DEFINITIONAL_REPRESENTATION('',(#1139),#1143);
#1139 = LINE('',#1140,#1141);
#1140 = CARTESIAN_POINT('',(-7.717119205609,68.206117540048));
#1141 = VECTOR('',#1142,1.);
#1142 = DIRECTION('',(-0.66436383883,0.747409318684));
#1143 = ( GEOMETRIC_REPRESENTATION_CONTEXT(2) 
PARAMETRIC_REPRESENTATION_CONTEXT() REPRESENTATION_CONTEXT('2D SPACE',''
  ) );
#1144 = PCURVE('',#607,#1145);
#1145 = DEFINITIONAL_REPRESENTATION('',(#1146),#1150);
#1146 = LINE('',#1147,#1148);
#1147 = CARTESIAN_POINT('',(0.,0.));
#1148 = VECTOR('',#1149,1.);
#1149 = DIRECTION('',(1.,0.));
#1150 = ( GEOMETRIC_REPRESENTATION_CONTEXT(2) 
PARAMETRIC_REPRESENTATION_CONTEXT() REPRESENTATION_CONTEXT('2D SPACE',''
  ) );
#1151 = ORIENTED_EDGE('',*,*,#1152,.T.);
#1152 = EDGE_CURVE('',#1130,#1153,#1155,.T.);
#1153 = VERTEX_POINT('',#1154);
#1154 = CARTESIAN_POINT('',(-35.,75.,-58.));
#1155 = SURFACE_CURVE('',#1156,(#1160,#1167),.PCURVE_S1.);
#1156 = LINE('',#1157,#1158);
#1157 = CARTESIAN_POINT('',(-25.,67.,-58.));
#1158 = VECTOR('',#1159,1.);
#1159 = DIRECTION('',(-0.780868809443,0.624695047554,0.));
#1160 = PCURVE('',#258,#1161);
#1161 = DEFINITIONAL_REPRESENTATION('',(#1162),#1166);
#1162 = LINE('',#1163,#1164);
#1163 = CARTESIAN_POINT('',(-15.7171192056,77.206117540048));
#1164 = VECTOR('',#1165,1.);
#1165 = DIRECTION('',(-0.780868809443,0.624695047554));
#1166 = ( GEOMETRIC_REPRESENTATION_CONTEXT(2) 
PARAMETRIC_REPRESENTATION_CONTEXT() REPRESENTATION_CONTEXT('2D SPACE',''
  ) );
#1167 = PCURVE('',#635,#1168);
#1168 = DEFINITIONAL_REPRESENTATION('',(#1169),#1173);
#1169 = LINE('',#1170,#1171);
#1170 = CARTESIAN_POINT('',(0.,0.));
#1171 = VECTOR('',#1172,1.);
#1172 = DIRECTION('',(1.,0.));
#1173 = ( GEOMETRIC_REPRESENTATION_CONTEXT(2) 
PARAMETRIC_REPRESENTATION_CONTEXT() REPRESENTATION_CONTEXT('2D SPACE',''
  ) );
#1174 = ORIENTED_EDGE('',*,*,#1175,.T.);
#1175 = EDGE_CURVE('',#1153,#1176,#1178,.T.);
#1176 = VERTEX_POINT('',#1177);
#1177 = CARTESIAN_POINT('',(-39.,70.,-58.));
#1178 = SURFACE_CURVE('',#1179,(#1183,#1190),.PCURVE_S1.);
#1179 = LINE('',#1180,#1181);
#1180 = CARTESIAN_POINT('',(-35.,75.,-58.));
#1181 = VECTOR('',#1182,1.);
#1182 = DIRECTION('',(-0.624695047554,-0.780868809443,0.));
#1183 = PCURVE('',#258,#1184);
#1184 = DEFINITIONAL_REPRESENTATION('',(#1185),#1189);
#1185 = LINE('',#1186,#1187);
#1186 = CARTESIAN_POINT('',(-25.7171192056,85.206117540048));
#1187 = VECTOR('',#1188,1.);
#1188 = DIRECTION('',(-0.624695047554,-0.780868809443));
#1189 = ( GEOMETRIC_REPRESENTATION_CONTEXT(2) 
PARAMETRIC_REPRESENTATION_CONTEXT() REPRESENTATION_CONTEXT('2D SPACE',''
  ) );
#1190 = PCURVE('',#663,#1191);
#1191 = DEFINITIONAL_REPRESENTATION('',(#1192),#1196);
#1192 = LINE('',#1193,#1194);
#1193 = CARTESIAN_POINT('',(0.,0.));
#1194 = VECTOR('',#1195,1.);
#1195 = DIRECTION('',(1.,0.));
#1196 = ( GEOMETRIC_REPRESENTATION_CONTEXT(2) 
PARAMETRIC_REPRESENTATION_CONTEXT() REPRESENTATION_CONTEXT('2D SPACE',''
  ) );
#1197 = ORIENTED_EDGE('',*,*,#1198,.T.);
#1198 = EDGE_CURVE('',#1176,#1199,#1201,.T.);
#1199 = VERTEX_POINT('',#1200);
#1200 = CARTESIAN_POINT('',(-55.,44.,-58.));
#1201 = SURFACE_CURVE('',#1202,(#1207,#1214),.PCURVE_S1.);
#1202 = CIRCLE('',#1203,17.855304915946);
#1203 = AXIS2_PLACEMENT_3D('',#1204,#1205,#1206);
#1204 = CARTESIAN_POINT('',(-39.1106870229,52.145038167939,-58.));
#1205 = DIRECTION('',(0.,-0.,1.));
#1206 = DIRECTION('',(6.19911132416E-03,0.999980785325,0.));
#1207 = PCURVE('',#258,#1208);
#1208 = DEFINITIONAL_REPRESENTATION('',(#1209),#1213);
#1209 = CIRCLE('',#1210,17.855304915946);
#1210 = AXIS2_PLACEMENT_2D('',#1211,#1212);
#1211 = CARTESIAN_POINT('',(-29.82780622851,62.351155707987));
#1212 = DIRECTION('',(6.19911132416E-03,0.999980785325));
#1213 = ( GEOMETRIC_REPRESENTATION_CONTEXT(2) 
PARAMETRIC_REPRESENTATION_CONTEXT() REPRESENTATION_CONTEXT('2D SPACE',''
  ) );
#1214 = PCURVE('',#692,#1215);
#1215 = DEFINITIONAL_REPRESENTATION('',(#1216),#1220);
#1216 = LINE('',#1217,#1218);
#1217 = CARTESIAN_POINT('',(0.,0.));
#1218 = VECTOR('',#1219,1.);
#1219 = DIRECTION('',(1.,0.));
#1220 = ( GEOMETRIC_REPRESENTATION_CONTEXT(2) 
PARAMETRIC_REPRESENTATION_CONTEXT() REPRESENTATION_CONTEXT('2D SPACE',''
  ) );
#1221 = ORIENTED_EDGE('',*,*,#1222,.T.);
#1222 = EDGE_CURVE('',#1199,#1223,#1225,.T.);
#1223 = VERTEX_POINT('',#1224);
#1224 = CARTESIAN_POINT('',(-54.,42.,-58.));
#1225 = SURFACE_CURVE('',#1226,(#1231,#1242),.PCURVE_S1.);
#1226 = CIRCLE('',#1227,1.581138830084);
#1227 = AXIS2_PLACEMENT_3D('',#1228,#1229,#1230);
#1228 = CARTESIAN_POINT('',(-55.5,42.5,-58.));
#1229 = DIRECTION('',(0.,0.,-1.));
#1230 = DIRECTION('',(0.316227766017,0.948683298051,0.));
#1231 = PCURVE('',#258,#1232);
#1232 = DEFINITIONAL_REPRESENTATION('',(#1233),#1241);
#1233 = ( BOUNDED_CURVE() B_SPLINE_CURVE(2,(#1234,#1235,#1236,#1237,
#1238,#1239,#1240),.UNSPECIFIED.,.T.,.F.) B_SPLINE_CURVE_WITH_KNOTS((1,2
    ,2,2,2,1),(-2.094395102393,0.,2.094395102393,4.188790204786,
6.28318530718,8.377580409573),.UNSPECIFIED.) CURVE() 
GEOMETRIC_REPRESENTATION_ITEM() RATIONAL_B_SPLINE_CURVE((1.,0.5,1.,0.5,
1.,0.5,1.)) REPRESENTATION_ITEM('') );
#1234 = CARTESIAN_POINT('',(-45.7171192056,54.206117540048));
#1235 = CARTESIAN_POINT('',(-43.11904299425,53.340092136263));
#1236 = CARTESIAN_POINT('',(-45.16808109993,51.523104838156));
#1237 = CARTESIAN_POINT('',(-47.2171192056,49.706117540048));
#1238 = CARTESIAN_POINT('',(-47.76615731128,52.38913024194));
#1239 = CARTESIAN_POINT('',(-48.31519541696,55.072142943832));
#1240 = CARTESIAN_POINT('',(-45.7171192056,54.206117540048));
#1241 = ( GEOMETRIC_REPRESENTATION_CONTEXT(2) 
PARAMETRIC_REPRESENTATION_CONTEXT() REPRESENTATION_CONTEXT('2D SPACE',''
  ) );
#1242 = PCURVE('',#725,#1243);
#1243 = DEFINITIONAL_REPRESENTATION('',(#1244),#1248);
#1244 = LINE('',#1245,#1246);
#1245 = CARTESIAN_POINT('',(-0.,0.));
#1246 = VECTOR('',#1247,1.);
#1247 = DIRECTION('',(-1.,0.));
#1248 = ( GEOMETRIC_REPRESENTATION_CONTEXT(2) 
PARAMETRIC_REPRESENTATION_CONTEXT() REPRESENTATION_CONTEXT('2D SPACE',''
  ) );
#1249 = ORIENTED_EDGE('',*,*,#1250,.T.);
#1250 = EDGE_CURVE('',#1223,#899,#1251,.T.);
#1251 = SURFACE_CURVE('',#1252,(#1257,#1264),.PCURVE_S1.);
#1252 = CIRCLE('',#1253,23.505318547086);
#1253 = AXIS2_PLACEMENT_3D('',#1254,#1255,#1256);
#1254 = CARTESIAN_POINT('',(-32.5,51.5,-58.));
#1255 = DIRECTION('',(0.,0.,1.));
#1256 = DIRECTION('',(-0.914686604095,-0.404163848321,0.));
#1257 = PCURVE('',#258,#1258);
#1258 = DEFINITIONAL_REPRESENTATION('',(#1259),#1263);
#1259 = CIRCLE('',#1260,23.505318547086);
#1260 = AXIS2_PLACEMENT_2D('',#1261,#1262);
#1261 = CARTESIAN_POINT('',(-23.2171192056,61.706117540048));
#1262 = DIRECTION('',(-0.914686604095,-0.404163848321));
#1263 = ( GEOMETRIC_REPRESENTATION_CONTEXT(2) 
PARAMETRIC_REPRESENTATION_CONTEXT() REPRESENTATION_CONTEXT('2D SPACE',''
  ) );
#1264 = PCURVE('',#754,#1265);
#1265 = DEFINITIONAL_REPRESENTATION('',(#1266),#1270);
#1266 = LINE('',#1267,#1268);
#1267 = CARTESIAN_POINT('',(0.,0.));
#1268 = VECTOR('',#1269,1.);
#1269 = DIRECTION('',(1.,0.));
#1270 = ( GEOMETRIC_REPRESENTATION_CONTEXT(2) 
PARAMETRIC_REPRESENTATION_CONTEXT() REPRESENTATION_CONTEXT('2D SPACE',''
  ) );
#1271 = ADVANCED_FACE('',(#1272),#232,.F.);
#1272 = FACE_BOUND('',#1273,.F.);
#1273 = EDGE_LOOP('',(#1274,#1297,#1325,#1346));
#1274 = ORIENTED_EDGE('',*,*,#1275,.T.);
#1275 = EDGE_CURVE('',#217,#1276,#1278,.T.);
#1276 = VERTEX_POINT('',#1277);
#1277 = CARTESIAN_POINT('',(-59.,42.,-58.));
#1278 = SURFACE_CURVE('',#1279,(#1283,#1290),.PCURVE_S1.);
#1279 = LINE('',#1280,#1281);
#1280 = CARTESIAN_POINT('',(43.,-75.,-58.));
#1281 = VECTOR('',#1282,1.);
#1282 = DIRECTION('',(-0.657135200432,0.753772729908,0.));
#1283 = PCURVE('',#232,#1284);
#1284 = DEFINITIONAL_REPRESENTATION('',(#1285),#1289);
#1285 = LINE('',#1286,#1287);
#1286 = CARTESIAN_POINT('',(52.,-57.5));
#1287 = VECTOR('',#1288,1.);
#1288 = DIRECTION('',(-0.657135200432,0.753772729908));
#1289 = ( GEOMETRIC_REPRESENTATION_CONTEXT(2) 
PARAMETRIC_REPRESENTATION_CONTEXT() REPRESENTATION_CONTEXT('2D SPACE',''
  ) );
#1290 = PCURVE('',#966,#1291);
#1291 = DEFINITIONAL_REPRESENTATION('',(#1292),#1296);
#1292 = LINE('',#1293,#1294);
#1293 = CARTESIAN_POINT('',(0.,0.));
#1294 = VECTOR('',#1295,1.);
#1295 = DIRECTION('',(1.,0.));
#1296 = ( GEOMETRIC_REPRESENTATION_CONTEXT(2) 
PARAMETRIC_REPRESENTATION_CONTEXT() REPRESENTATION_CONTEXT('2D SPACE',''
  ) );
#1297 = ORIENTED_EDGE('',*,*,#1298,.T.);
#1298 = EDGE_CURVE('',#1276,#1299,#1301,.T.);
#1299 = VERTEX_POINT('',#1300);
#1300 = CARTESIAN_POINT('',(-61.,40.,-58.));
#1301 = SURFACE_CURVE('',#1302,(#1306,#1313),.PCURVE_S1.);
#1302 = LINE('',#1303,#1304);
#1303 = CARTESIAN_POINT('',(-59.,42.,-58.));
#1304 = VECTOR('',#1305,1.);
#1305 = DIRECTION('',(-0.707106781187,-0.707106781187,0.));
#1306 = PCURVE('',#232,#1307);
#1307 = DEFINITIONAL_REPRESENTATION('',(#1308),#1312);
#1308 = LINE('',#1309,#1310);
#1309 = CARTESIAN_POINT('',(-50.,59.5));
#1310 = VECTOR('',#1311,1.);
#1311 = DIRECTION('',(-0.707106781187,-0.707106781187));
#1312 = ( GEOMETRIC_REPRESENTATION_CONTEXT(2) 
PARAMETRIC_REPRESENTATION_CONTEXT() REPRESENTATION_CONTEXT('2D SPACE',''
  ) );
#1313 = PCURVE('',#1314,#1319);
#1314 = PLANE('',#1315);
#1315 = AXIS2_PLACEMENT_3D('',#1316,#1317,#1318);
#1316 = CARTESIAN_POINT('',(-59.,42.,-58.));
#1317 = DIRECTION('',(0.707106781187,-0.707106781187,0.));
#1318 = DIRECTION('',(-0.707106781187,-0.707106781187,0.));
#1319 = DEFINITIONAL_REPRESENTATION('',(#1320),#1324);
#1320 = LINE('',#1321,#1322);
#1321 = CARTESIAN_POINT('',(0.,0.));
#1322 = VECTOR('',#1323,1.);
#1323 = DIRECTION('',(1.,0.));
#1324 = ( GEOMETRIC_REPRESENTATION_CONTEXT(2) 
PARAMETRIC_REPRESENTATION_CONTEXT() REPRESENTATION_CONTEXT('2D SPACE',''
  ) );
#1325 = ORIENTED_EDGE('',*,*,#1326,.T.);
#1326 = EDGE_CURVE('',#1299,#194,#1327,.T.);
#1327 = SURFACE_CURVE('',#1328,(#1332,#1339),.PCURVE_S1.);
#1328 = LINE('',#1329,#1330);
#1329 = CARTESIAN_POINT('',(-61.,40.,-58.));
#1330 = VECTOR('',#1331,1.);
#1331 = DIRECTION('',(0.657135200432,-0.753772729908,0.));
#1332 = PCURVE('',#232,#1333);
#1333 = DEFINITIONAL_REPRESENTATION('',(#1334),#1338);
#1334 = LINE('',#1335,#1336);
#1335 = CARTESIAN_POINT('',(-52.,57.5));
#1336 = VECTOR('',#1337,1.);
#1337 = DIRECTION('',(0.657135200432,-0.753772729908));
#1338 = ( GEOMETRIC_REPRESENTATION_CONTEXT(2) 
PARAMETRIC_REPRESENTATION_CONTEXT() REPRESENTATION_CONTEXT('2D SPACE',''
  ) );
#1339 = PCURVE('',#416,#1340);
#1340 = DEFINITIONAL_REPRESENTATION('',(#1341),#1345);
#1341 = LINE('',#1342,#1343);
#1342 = CARTESIAN_POINT('',(0.,0.));
#1343 = VECTOR('',#1344,1.);
#1344 = DIRECTION('',(1.,0.));
#1345 = ( GEOMETRIC_REPRESENTATION_CONTEXT(2) 
PARAMETRIC_REPRESENTATION_CONTEXT() REPRESENTATION_CONTEXT('2D SPACE',''
  ) );
#1346 = ORIENTED_EDGE('',*,*,#216,.F.);
#1347 = ADVANCED_FACE('',(#1348),#313,.T.);
#1348 = FACE_BOUND('',#1349,.T.);
#1349 = EDGE_LOOP('',(#1350,#1351,#1352,#1373));
#1350 = ORIENTED_EDGE('',*,*,#297,.T.);
#1351 = ORIENTED_EDGE('',*,*,#535,.T.);
#1352 = ORIENTED_EDGE('',*,*,#1353,.F.);
#1353 = EDGE_CURVE('',#1079,#536,#1354,.T.);
#1354 = SURFACE_CURVE('',#1355,(#1359,#1366),.PCURVE_S1.);
#1355 = LINE('',#1356,#1357);
#1356 = CARTESIAN_POINT('',(2.,22.,-58.));
#1357 = VECTOR('',#1358,1.);
#1358 = DIRECTION('',(-0.,-0.,-1.));
#1359 = PCURVE('',#313,#1360);
#1360 = DEFINITIONAL_REPRESENTATION('',(#1361),#1365);
#1361 = LINE('',#1362,#1363);
#1362 = CARTESIAN_POINT('',(85.562842402529,0.));
#1363 = VECTOR('',#1364,1.);
#1364 = DIRECTION('',(0.,-1.));
#1365 = ( GEOMETRIC_REPRESENTATION_CONTEXT(2) 
PARAMETRIC_REPRESENTATION_CONTEXT() REPRESENTATION_CONTEXT('2D SPACE',''
  ) );
#1366 = PCURVE('',#579,#1367);
#1367 = DEFINITIONAL_REPRESENTATION('',(#1368),#1372);
#1368 = LINE('',#1369,#1370);
#1369 = CARTESIAN_POINT('',(-0.,0.));
#1370 = VECTOR('',#1371,1.);
#1371 = DIRECTION('',(-0.,-1.));
#1372 = ( GEOMETRIC_REPRESENTATION_CONTEXT(2) 
PARAMETRIC_REPRESENTATION_CONTEXT() REPRESENTATION_CONTEXT('2D SPACE',''
  ) );
#1373 = ORIENTED_EDGE('',*,*,#1078,.F.);
#1374 = ADVANCED_FACE('',(#1375),#364,.F.);
#1375 = FACE_BOUND('',#1376,.F.);
#1376 = EDGE_LOOP('',(#1377,#1400,#1401,#1424));
#1377 = ORIENTED_EDGE('',*,*,#1378,.T.);
#1378 = EDGE_CURVE('',#1379,#326,#1381,.T.);
#1379 = VERTEX_POINT('',#1380);
#1380 = CARTESIAN_POINT('',(43.,-75.,-58.));
#1381 = SURFACE_CURVE('',#1382,(#1386,#1393),.PCURVE_S1.);
#1382 = LINE('',#1383,#1384);
#1383 = CARTESIAN_POINT('',(43.,-75.,-58.));
#1384 = VECTOR('',#1385,1.);
#1385 = DIRECTION('',(-0.657135200432,0.753772729908,0.));
#1386 = PCURVE('',#364,#1387);
#1387 = DEFINITIONAL_REPRESENTATION('',(#1388),#1392);
#1388 = LINE('',#1389,#1390);
#1389 = CARTESIAN_POINT('',(52.,-57.5));
#1390 = VECTOR('',#1391,1.);
#1391 = DIRECTION('',(-0.657135200432,0.753772729908));
#1392 = ( GEOMETRIC_REPRESENTATION_CONTEXT(2) 
PARAMETRIC_REPRESENTATION_CONTEXT() REPRESENTATION_CONTEXT('2D SPACE',''
  ) );
#1393 = PCURVE('',#966,#1394);
#1394 = DEFINITIONAL_REPRESENTATION('',(#1395),#1399);
#1395 = LINE('',#1396,#1397);
#1396 = CARTESIAN_POINT('',(0.,0.));
#1397 = VECTOR('',#1398,1.);
#1398 = DIRECTION('',(1.,0.));
#1399 = ( GEOMETRIC_REPRESENTATION_CONTEXT(2) 
PARAMETRIC_REPRESENTATION_CONTEXT() REPRESENTATION_CONTEXT('2D SPACE',''
  ) );
#1400 = ORIENTED_EDGE('',*,*,#348,.F.);
#1401 = ORIENTED_EDGE('',*,*,#1402,.T.);
#1402 = EDGE_CURVE('',#349,#1403,#1405,.T.);
#1403 = VERTEX_POINT('',#1404);
#1404 = CARTESIAN_POINT('',(41.,-77.,-58.));
#1405 = SURFACE_CURVE('',#1406,(#1410,#1417),.PCURVE_S1.);
#1406 = LINE('',#1407,#1408);
#1407 = CARTESIAN_POINT('',(-61.,40.,-58.));
#1408 = VECTOR('',#1409,1.);
#1409 = DIRECTION('',(0.657135200432,-0.753772729908,0.));
#1410 = PCURVE('',#364,#1411);
#1411 = DEFINITIONAL_REPRESENTATION('',(#1412),#1416);
#1412 = LINE('',#1413,#1414);
#1413 = CARTESIAN_POINT('',(-52.,57.5));
#1414 = VECTOR('',#1415,1.);
#1415 = DIRECTION('',(0.657135200432,-0.753772729908));
#1416 = ( GEOMETRIC_REPRESENTATION_CONTEXT(2) 
PARAMETRIC_REPRESENTATION_CONTEXT() REPRESENTATION_CONTEXT('2D SPACE',''
  ) );
#1417 = PCURVE('',#416,#1418);
#1418 = DEFINITIONAL_REPRESENTATION('',(#1419),#1423);
#1419 = LINE('',#1420,#1421);
#1420 = CARTESIAN_POINT('',(0.,0.));
#1421 = VECTOR('',#1422,1.);
#1422 = DIRECTION('',(1.,0.));
#1423 = ( GEOMETRIC_REPRESENTATION_CONTEXT(2) 
PARAMETRIC_REPRESENTATION_CONTEXT() REPRESENTATION_CONTEXT('2D SPACE',''
  ) );
#1424 = ORIENTED_EDGE('',*,*,#1425,.T.);
#1425 = EDGE_CURVE('',#1403,#1379,#1426,.T.);
#1426 = SURFACE_CURVE('',#1427,(#1431,#1438),.PCURVE_S1.);
#1427 = LINE('',#1428,#1429);
#1428 = CARTESIAN_POINT('',(41.,-77.,-58.));
#1429 = VECTOR('',#1430,1.);
#1430 = DIRECTION('',(0.707106781187,0.707106781187,0.));
#1431 = PCURVE('',#364,#1432);
#1432 = DEFINITIONAL_REPRESENTATION('',(#1433),#1437);
#1433 = LINE('',#1434,#1435);
#1434 = CARTESIAN_POINT('',(50.,-59.5));
#1435 = VECTOR('',#1436,1.);
#1436 = DIRECTION('',(0.707106781187,0.707106781187));
#1437 = ( GEOMETRIC_REPRESENTATION_CONTEXT(2) 
PARAMETRIC_REPRESENTATION_CONTEXT() REPRESENTATION_CONTEXT('2D SPACE',''
  ) );
#1438 = PCURVE('',#1439,#1444);
#1439 = PLANE('',#1440);
#1440 = AXIS2_PLACEMENT_3D('',#1441,#1442,#1443);
#1441 = CARTESIAN_POINT('',(41.,-77.,-58.));
#1442 = DIRECTION('',(-0.707106781187,0.707106781187,0.));
#1443 = DIRECTION('',(0.707106781187,0.707106781187,0.));
#1444 = DEFINITIONAL_REPRESENTATION('',(#1445),#1449);
#1445 = LINE('',#1446,#1447);
#1446 = CARTESIAN_POINT('',(0.,0.));
#1447 = VECTOR('',#1448,1.);
#1448 = DIRECTION('',(1.,0.));
#1449 = ( GEOMETRIC_REPRESENTATION_CONTEXT(2) 
PARAMETRIC_REPRESENTATION_CONTEXT() REPRESENTATION_CONTEXT('2D SPACE',''
  ) );
#1450 = ADVANCED_FACE('',(#1451),#416,.F.);
#1451 = FACE_BOUND('',#1452,.F.);
#1452 = EDGE_LOOP('',(#1453,#1454,#1477,#1505,#1526,#1527,#1528,#1556,
    #1577,#1605));
#1453 = ORIENTED_EDGE('',*,*,#1326,.F.);
#1454 = ORIENTED_EDGE('',*,*,#1455,.T.);
#1455 = EDGE_CURVE('',#1299,#1456,#1458,.T.);
#1456 = VERTEX_POINT('',#1457);
#1457 = CARTESIAN_POINT('',(-61.,40.,66.));
#1458 = SURFACE_CURVE('',#1459,(#1463,#1470),.PCURVE_S1.);
#1459 = LINE('',#1460,#1461);
#1460 = CARTESIAN_POINT('',(-61.,40.,-58.));
#1461 = VECTOR('',#1462,1.);
#1462 = DIRECTION('',(0.,0.,1.));
#1463 = PCURVE('',#416,#1464);
#1464 = DEFINITIONAL_REPRESENTATION('',(#1465),#1469);
#1465 = LINE('',#1466,#1467);
#1466 = CARTESIAN_POINT('',(0.,0.));
#1467 = VECTOR('',#1468,1.);
#1468 = DIRECTION('',(0.,-1.));
#1469 = ( GEOMETRIC_REPRESENTATION_CONTEXT(2) 
PARAMETRIC_REPRESENTATION_CONTEXT() REPRESENTATION_CONTEXT('2D SPACE',''
  ) );
#1470 = PCURVE('',#1314,#1471);
#1471 = DEFINITIONAL_REPRESENTATION('',(#1472),#1476);
#1472 = LINE('',#1473,#1474);
#1473 = CARTESIAN_POINT('',(2.828427124746,0.));
#1474 = VECTOR('',#1475,1.);
#1475 = DIRECTION('',(0.,-1.));
#1476 = ( GEOMETRIC_REPRESENTATION_CONTEXT(2) 
PARAMETRIC_REPRESENTATION_CONTEXT() REPRESENTATION_CONTEXT('2D SPACE',''
  ) );
#1477 = ORIENTED_EDGE('',*,*,#1478,.T.);
#1478 = EDGE_CURVE('',#1456,#1479,#1481,.T.);
#1479 = VERTEX_POINT('',#1480);
#1480 = CARTESIAN_POINT('',(41.,-77.,66.));
#1481 = SURFACE_CURVE('',#1482,(#1486,#1493),.PCURVE_S1.);
#1482 = LINE('',#1483,#1484);
#1483 = CARTESIAN_POINT('',(-61.,40.,66.));
#1484 = VECTOR('',#1485,1.);
#1485 = DIRECTION('',(0.657135200432,-0.753772729908,0.));
#1486 = PCURVE('',#416,#1487);
#1487 = DEFINITIONAL_REPRESENTATION('',(#1488),#1492);
#1488 = LINE('',#1489,#1490);
#1489 = CARTESIAN_POINT('',(0.,-124.));
#1490 = VECTOR('',#1491,1.);
#1491 = DIRECTION('',(1.,0.));
#1492 = ( GEOMETRIC_REPRESENTATION_CONTEXT(2) 
PARAMETRIC_REPRESENTATION_CONTEXT() REPRESENTATION_CONTEXT('2D SPACE',''
  ) );
#1493 = PCURVE('',#1494,#1499);
#1494 = PLANE('',#1495);
#1495 = AXIS2_PLACEMENT_3D('',#1496,#1497,#1498);
#1496 = CARTESIAN_POINT('',(-9.,-17.5,66.));
#1497 = DIRECTION('',(0.,0.,1.));
#1498 = DIRECTION('',(1.,0.,0.));
#1499 = DEFINITIONAL_REPRESENTATION('',(#1500),#1504);
#1500 = LINE('',#1501,#1502);
#1501 = CARTESIAN_POINT('',(-52.,57.5));
#1502 = VECTOR('',#1503,1.);
#1503 = DIRECTION('',(0.657135200432,-0.753772729908));
#1504 = ( GEOMETRIC_REPRESENTATION_CONTEXT(2) 
PARAMETRIC_REPRESENTATION_CONTEXT() REPRESENTATION_CONTEXT('2D SPACE',''
  ) );
#1505 = ORIENTED_EDGE('',*,*,#1506,.F.);
#1506 = EDGE_CURVE('',#1403,#1479,#1507,.T.);
#1507 = SURFACE_CURVE('',#1508,(#1512,#1519),.PCURVE_S1.);
#1508 = LINE('',#1509,#1510);
#1509 = CARTESIAN_POINT('',(41.,-77.,-58.));
#1510 = VECTOR('',#1511,1.);
#1511 = DIRECTION('',(0.,0.,1.));
#1512 = PCURVE('',#416,#1513);
#1513 = DEFINITIONAL_REPRESENTATION('',(#1514),#1518);
#1514 = LINE('',#1515,#1516);
#1515 = CARTESIAN_POINT('',(155.21919984331,0.));
#1516 = VECTOR('',#1517,1.);
#1517 = DIRECTION('',(0.,-1.));
#1518 = ( GEOMETRIC_REPRESENTATION_CONTEXT(2) 
PARAMETRIC_REPRESENTATION_CONTEXT() REPRESENTATION_CONTEXT('2D SPACE',''
  ) );
#1519 = PCURVE('',#1439,#1520);
#1520 = DEFINITIONAL_REPRESENTATION('',(#1521),#1525);
#1521 = LINE('',#1522,#1523);
#1522 = CARTESIAN_POINT('',(5.024295867788E-15,0.));
#1523 = VECTOR('',#1524,1.);
#1524 = DIRECTION('',(0.,-1.));
#1525 = ( GEOMETRIC_REPRESENTATION_CONTEXT(2) 
PARAMETRIC_REPRESENTATION_CONTEXT() REPRESENTATION_CONTEXT('2D SPACE',''
  ) );
#1526 = ORIENTED_EDGE('',*,*,#1402,.F.);
#1527 = ORIENTED_EDGE('',*,*,#431,.F.);
#1528 = ORIENTED_EDGE('',*,*,#1529,.T.);
#1529 = EDGE_CURVE('',#432,#1530,#1532,.T.);
#1530 = VERTEX_POINT('',#1531);
#1531 = CARTESIAN_POINT('',(-5.205128205128,-24.,-17.6361362402));
#1532 = SURFACE_CURVE('',#1533,(#1538,#1545),.PCURVE_S1.);
#1533 = ELLIPSE('',#1534,211.23519513264,138.81008229187);
#1534 = AXIS2_PLACEMENT_3D('',#1535,#1536,#1537);
#1535 = CARTESIAN_POINT('',(129.26885346413,-178.2495672088,
    -52.05977927651));
#1536 = DIRECTION('',(0.753772729908,0.657135200432,0.));
#1537 = DIRECTION('',(0.657135200432,-0.753772729908,0.));
#1538 = PCURVE('',#416,#1539);
#1539 = DEFINITIONAL_REPRESENTATION('',(#1540),#1544);
#1540 = ELLIPSE('',#1541,211.23519513264,138.81008229187);
#1541 = AXIS2_PLACEMENT_2D('',#1542,#1543);
#1542 = CARTESIAN_POINT('',(289.54293323341,-5.940220723483));
#1543 = DIRECTION('',(1.,0.));
#1544 = ( GEOMETRIC_REPRESENTATION_CONTEXT(2) 
PARAMETRIC_REPRESENTATION_CONTEXT() REPRESENTATION_CONTEXT('2D SPACE',''
  ) );
#1545 = PCURVE('',#469,#1546);
#1546 = DEFINITIONAL_REPRESENTATION('',(#1547),#1555);
#1547 = B_SPLINE_CURVE_WITH_KNOTS('',6,(#1548,#1549,#1550,#1551,#1552,
    #1553,#1554),.UNSPECIFIED.,.F.,.F.,(7,7),(3.009080630183,
    3.392198531562),.PIECEWISE_BEZIER_KNOTS.);
#1548 = CARTESIAN_POINT('',(1.238120969561,-3.577870901239));
#1549 = CARTESIAN_POINT('',(1.174267985998,-4.921166038991));
#1550 = CARTESIAN_POINT('',(1.110415002435,-5.492267684416));
#1551 = CARTESIAN_POINT('',(1.046562018872,-5.281317383723));
#1552 = CARTESIAN_POINT('',(0.982709035309,-4.287902033513));
#1553 = CARTESIAN_POINT('',(0.918856051746,-2.521294849844));
#1554 = CARTESIAN_POINT('',(0.855003068183,5.999999928008E-07));
#1555 = ( GEOMETRIC_REPRESENTATION_CONTEXT(2) 
PARAMETRIC_REPRESENTATION_CONTEXT() REPRESENTATION_CONTEXT('2D SPACE',''
  ) );
#1556 = ORIENTED_EDGE('',*,*,#1557,.T.);
#1557 = EDGE_CURVE('',#1530,#1558,#1560,.T.);
#1558 = VERTEX_POINT('',#1559);
#1559 = CARTESIAN_POINT('',(-5.205128205128,-24.,38.019720092302));
#1560 = SURFACE_CURVE('',#1561,(#1565,#1571),.PCURVE_S1.);
#1561 = LINE('',#1562,#1563);
#1562 = CARTESIAN_POINT('',(-5.205128205128,-24.,-30.73852597182));
#1563 = VECTOR('',#1564,1.);
#1564 = DIRECTION('',(0.,-0.,1.));
#1565 = PCURVE('',#416,#1566);
#1566 = DEFINITIONAL_REPRESENTATION('',(#1567),#1570);
#1567 = B_SPLINE_CURVE_WITH_KNOTS('',1,(#1568,#1569),.UNSPECIFIED.,.F.,
  .F.,(2,2),(-27.26147402817,96.738525971828),.PIECEWISE_BEZIER_KNOTS.);
#1568 = CARTESIAN_POINT('',(84.906228974123,0.));
#1569 = CARTESIAN_POINT('',(84.906228974123,-124.));
#1570 = ( GEOMETRIC_REPRESENTATION_CONTEXT(2) 
PARAMETRIC_REPRESENTATION_CONTEXT() REPRESENTATION_CONTEXT('2D SPACE',''
  ) );
#1571 = PCURVE('',#495,#1572);
#1572 = DEFINITIONAL_REPRESENTATION('',(#1573),#1576);
#1573 = B_SPLINE_CURVE_WITH_KNOTS('',1,(#1574,#1575),.UNSPECIFIED.,.F.,
  .F.,(2,2),(-27.26147402817,96.738525971828),.PIECEWISE_BEZIER_KNOTS.);
#1574 = CARTESIAN_POINT('',(-54.52294805634,-11.58825959202));
#1575 = CARTESIAN_POINT('',(69.477051943656,-11.58825959202));
#1576 = ( GEOMETRIC_REPRESENTATION_CONTEXT(2) 
PARAMETRIC_REPRESENTATION_CONTEXT() REPRESENTATION_CONTEXT('2D SPACE',''
  ) );
#1577 = ORIENTED_EDGE('',*,*,#1578,.F.);
#1578 = EDGE_CURVE('',#401,#1558,#1579,.T.);
#1579 = SURFACE_CURVE('',#1580,(#1585,#1592),.PCURVE_S1.);
#1580 = ELLIPSE('',#1581,153.4049752079,100.80780913057);
#1581 = AXIS2_PLACEMENT_3D('',#1582,#1583,#1584);
#1582 = CARTESIAN_POINT('',(70.316977077364,-110.6282972358,
    -28.7532234957));
#1583 = DIRECTION('',(0.753772729908,0.657135200432,0.));
#1584 = DIRECTION('',(0.657135200432,-0.753772729908,0.));
#1585 = PCURVE('',#416,#1586);
#1586 = DEFINITIONAL_REPRESENTATION('',(#1587),#1591);
#1587 = ELLIPSE('',#1588,153.4049752079,100.80780913057);
#1588 = AXIS2_PLACEMENT_2D('',#1589,#1590);
#1589 = CARTESIAN_POINT('',(199.8325108607,-29.24677650429));
#1590 = DIRECTION('',(1.,0.));
#1591 = ( GEOMETRIC_REPRESENTATION_CONTEXT(2) 
PARAMETRIC_REPRESENTATION_CONTEXT() REPRESENTATION_CONTEXT('2D SPACE',''
  ) );
#1592 = PCURVE('',#519,#1593);
#1593 = DEFINITIONAL_REPRESENTATION('',(#1594),#1604);
#1594 = B_SPLINE_CURVE_WITH_KNOTS('',8,(#1595,#1596,#1597,#1598,#1599,
    #1600,#1601,#1602,#1603),.UNSPECIFIED.,.F.,.F.,(9,9),(2.715703733385
    ,3.865582074476),.PIECEWISE_BEZIER_KNOTS.);
#1595 = CARTESIAN_POINT('',(-0.359016827935,-18.67495389173));
#1596 = CARTESIAN_POINT('',(-0.502751620572,-25.5413521449));
#1597 = CARTESIAN_POINT('',(-0.646486413207,-29.9214273901));
#1598 = CARTESIAN_POINT('',(-0.790221205843,-31.59901596893));
#1599 = CARTESIAN_POINT('',(-0.93395599848,-30.46753462508));
#1600 = CARTESIAN_POINT('',(-1.077690791116,-26.54427700543));
#1601 = CARTESIAN_POINT('',(-1.221425583753,-19.97262498766));
#1602 = CARTESIAN_POINT('',(-1.36516037639,-11.00900575675));
#1603 = CARTESIAN_POINT('',(-1.508895169026,5.999999643791E-07));
#1604 = ( GEOMETRIC_REPRESENTATION_CONTEXT(2) 
PARAMETRIC_REPRESENTATION_CONTEXT() REPRESENTATION_CONTEXT('2D SPACE',''
  ) );
#1605 = ORIENTED_EDGE('',*,*,#400,.F.);
#1606 = ADVANCED_FACE('',(#1607),#519,.T.);
#1607 = FACE_BOUND('',#1608,.F.);
#1608 = EDGE_LOOP('',(#1609,#1631,#1632));
#1609 = ORIENTED_EDGE('',*,*,#1610,.F.);
#1610 = EDGE_CURVE('',#481,#1558,#1611,.T.);
#1611 = SURFACE_CURVE('',#1612,(#1617,#1624),.PCURVE_S1.);
#1612 = CIRCLE('',#1613,100.80780913057);
#1613 = AXIS2_PLACEMENT_3D('',#1614,#1615,#1616);
#1614 = CARTESIAN_POINT('',(70.316977077364,-24.,-28.7532234957));
#1615 = DIRECTION('',(0.,1.,0.));
#1616 = DIRECTION('',(-0.707454885613,0.,-0.706758505306));
#1617 = PCURVE('',#519,#1618);
#1618 = DEFINITIONAL_REPRESENTATION('',(#1619),#1623);
#1619 = LINE('',#1620,#1621);
#1620 = CARTESIAN_POINT('',(-0.,0.));
#1621 = VECTOR('',#1622,1.);
#1622 = DIRECTION('',(-1.,0.));
#1623 = ( GEOMETRIC_REPRESENTATION_CONTEXT(2) 
PARAMETRIC_REPRESENTATION_CONTEXT() REPRESENTATION_CONTEXT('2D SPACE',''
  ) );
#1624 = PCURVE('',#495,#1625);
#1625 = DEFINITIONAL_REPRESENTATION('',(#1626),#1630);
#1626 = CIRCLE('',#1627,100.80780913057);
#1627 = AXIS2_PLACEMENT_2D('',#1628,#1629);
#1628 = CARTESIAN_POINT('',(-25.27617155204,63.93384569047));
#1629 = DIRECTION('',(-0.706758505306,-0.707454885613));
#1630 = ( GEOMETRIC_REPRESENTATION_CONTEXT(2) 
PARAMETRIC_REPRESENTATION_CONTEXT() REPRESENTATION_CONTEXT('2D SPACE',''
  ) );
#1631 = ORIENTED_EDGE('',*,*,#506,.F.);
#1632 = ORIENTED_EDGE('',*,*,#1578,.T.);
#1633 = ADVANCED_FACE('',(#1634),#495,.F.);
#1634 = FACE_BOUND('',#1635,.F.);
#1635 = EDGE_LOOP('',(#1636,#1637,#1638,#1639));
#1636 = ORIENTED_EDGE('',*,*,#480,.T.);
#1637 = ORIENTED_EDGE('',*,*,#1610,.T.);
#1638 = ORIENTED_EDGE('',*,*,#1557,.F.);
#1639 = ORIENTED_EDGE('',*,*,#1640,.T.);
#1640 = EDGE_CURVE('',#1530,#455,#1641,.T.);
#1641 = SURFACE_CURVE('',#1642,(#1647,#1658),.PCURVE_S1.);
#1642 = CIRCLE('',#1643,138.81008229187);
#1643 = AXIS2_PLACEMENT_3D('',#1644,#1645,#1646);
#1644 = CARTESIAN_POINT('',(129.26885346413,-24.,-52.05977927651));
#1645 = DIRECTION('',(0.,-1.,0.));
#1646 = DIRECTION('',(-0.44859027843,0.,0.893737524164));
#1647 = PCURVE('',#495,#1648);
#1648 = DEFINITIONAL_REPRESENTATION('',(#1649),#1657);
#1649 = ( BOUNDED_CURVE() B_SPLINE_CURVE(2,(#1650,#1651,#1652,#1653,
#1654,#1655,#1656),.UNSPECIFIED.,.T.,.F.) B_SPLINE_CURVE_WITH_KNOTS((1,2
    ,2,2,2,1),(-2.094395102393,0.,2.094395102393,4.188790204786,
6.28318530718,8.377580409573),.UNSPECIFIED.) CURVE() 
GEOMETRIC_REPRESENTATION_ITEM() RATIONAL_B_SPLINE_CURVE((1.,0.5,1.,0.5,
1.,0.5,1.)) REPRESENTATION_ITEM('') );
#1650 = CARTESIAN_POINT('',(75.477051943656,60.616868613107));
#1651 = CARTESIAN_POINT('',(-32.37576598528,-154.2609722696));
#1652 = CARTESIAN_POINT('',(-164.5390259355,46.581228367951));
#1653 = CARTESIAN_POINT('',(-296.7022858858,247.4234290055));
#1654 = CARTESIAN_POINT('',(-56.68620800665,261.45906925066));
#1655 = CARTESIAN_POINT('',(183.32986987259,275.49470949581));
#1656 = CARTESIAN_POINT('',(75.477051943656,60.616868613107));
#1657 = ( GEOMETRIC_REPRESENTATION_CONTEXT(2) 
PARAMETRIC_REPRESENTATION_CONTEXT() REPRESENTATION_CONTEXT('2D SPACE',''
  ) );
#1658 = PCURVE('',#469,#1659);
#1659 = DEFINITIONAL_REPRESENTATION('',(#1660),#1664);
#1660 = LINE('',#1661,#1662);
#1661 = CARTESIAN_POINT('',(0.,0.));
#1662 = VECTOR('',#1663,1.);
#1663 = DIRECTION('',(1.,0.));
#1664 = ( GEOMETRIC_REPRESENTATION_CONTEXT(2) 
PARAMETRIC_REPRESENTATION_CONTEXT() REPRESENTATION_CONTEXT('2D SPACE',''
  ) );
#1665 = ADVANCED_FACE('',(#1666),#469,.F.);
#1666 = FACE_BOUND('',#1667,.F.);
#1667 = EDGE_LOOP('',(#1668,#1669,#1670));
#1668 = ORIENTED_EDGE('',*,*,#1640,.F.);
#1669 = ORIENTED_EDGE('',*,*,#1529,.F.);
#1670 = ORIENTED_EDGE('',*,*,#454,.T.);
#1671 = ADVANCED_FACE('',(#1672),#754,.T.);
#1672 = FACE_BOUND('',#1673,.T.);
#1673 = EDGE_LOOP('',(#1674,#1695,#1696,#1697));
#1674 = ORIENTED_EDGE('',*,*,#1675,.T.);
#1675 = EDGE_CURVE('',#1223,#705,#1676,.T.);
#1676 = SURFACE_CURVE('',#1677,(#1681,#1688),.PCURVE_S1.);
#1677 = LINE('',#1678,#1679);
#1678 = CARTESIAN_POINT('',(-54.,42.,-58.));
#1679 = VECTOR('',#1680,1.);
#1680 = DIRECTION('',(-0.,-0.,-1.));
#1681 = PCURVE('',#754,#1682);
#1682 = DEFINITIONAL_REPRESENTATION('',(#1683),#1687);
#1683 = LINE('',#1684,#1685);
#1684 = CARTESIAN_POINT('',(0.,0.));
#1685 = VECTOR('',#1686,1.);
#1686 = DIRECTION('',(0.,-1.));
#1687 = ( GEOMETRIC_REPRESENTATION_CONTEXT(2) 
PARAMETRIC_REPRESENTATION_CONTEXT() REPRESENTATION_CONTEXT('2D SPACE',''
  ) );
#1688 = PCURVE('',#725,#1689);
#1689 = DEFINITIONAL_REPRESENTATION('',(#1690),#1694);
#1690 = LINE('',#1691,#1692);
#1691 = CARTESIAN_POINT('',(-1.570796326795,0.));
#1692 = VECTOR('',#1693,1.);
#1693 = DIRECTION('',(-0.,-1.));
#1694 = ( GEOMETRIC_REPRESENTATION_CONTEXT(2) 
PARAMETRIC_REPRESENTATION_CONTEXT() REPRESENTATION_CONTEXT('2D SPACE',''
  ) );
#1695 = ORIENTED_EDGE('',*,*,#737,.T.);
#1696 = ORIENTED_EDGE('',*,*,#898,.F.);
#1697 = ORIENTED_EDGE('',*,*,#1250,.F.);
#1698 = ADVANCED_FACE('',(#1699),#579,.F.);
#1699 = FACE_BOUND('',#1700,.T.);
#1700 = EDGE_LOOP('',(#1701,#1702,#1703,#1724));
#1701 = ORIENTED_EDGE('',*,*,#1353,.T.);
#1702 = ORIENTED_EDGE('',*,*,#558,.T.);
#1703 = ORIENTED_EDGE('',*,*,#1704,.F.);
#1704 = EDGE_CURVE('',#1102,#559,#1705,.T.);
#1705 = SURFACE_CURVE('',#1706,(#1710,#1717),.PCURVE_S1.);
#1706 = LINE('',#1707,#1708);
#1707 = CARTESIAN_POINT('',(-17.,58.,-58.));
#1708 = VECTOR('',#1709,1.);
#1709 = DIRECTION('',(-0.,-0.,-1.));
#1710 = PCURVE('',#579,#1711);
#1711 = DEFINITIONAL_REPRESENTATION('',(#1712),#1716);
#1712 = LINE('',#1713,#1714);
#1713 = CARTESIAN_POINT('',(-0.693935519392,0.));
#1714 = VECTOR('',#1715,1.);
#1715 = DIRECTION('',(-0.,-1.));
#1716 = ( GEOMETRIC_REPRESENTATION_CONTEXT(2) 
PARAMETRIC_REPRESENTATION_CONTEXT() REPRESENTATION_CONTEXT('2D SPACE',''
  ) );
#1717 = PCURVE('',#607,#1718);
#1718 = DEFINITIONAL_REPRESENTATION('',(#1719),#1723);
#1719 = LINE('',#1720,#1721);
#1720 = CARTESIAN_POINT('',(0.,0.));
#1721 = VECTOR('',#1722,1.);
#1722 = DIRECTION('',(0.,-1.));
#1723 = ( GEOMETRIC_REPRESENTATION_CONTEXT(2) 
PARAMETRIC_REPRESENTATION_CONTEXT() REPRESENTATION_CONTEXT('2D SPACE',''
  ) );
#1724 = ORIENTED_EDGE('',*,*,#1101,.F.);
#1725 = ADVANCED_FACE('',(#1726),#725,.F.);
#1726 = FACE_BOUND('',#1727,.T.);
#1727 = EDGE_LOOP('',(#1728,#1749,#1750,#1751));
#1728 = ORIENTED_EDGE('',*,*,#1729,.T.);
#1729 = EDGE_CURVE('',#1199,#676,#1730,.T.);
#1730 = SURFACE_CURVE('',#1731,(#1735,#1742),.PCURVE_S1.);
#1731 = LINE('',#1732,#1733);
#1732 = CARTESIAN_POINT('',(-55.,44.,-58.));
#1733 = VECTOR('',#1734,1.);
#1734 = DIRECTION('',(-0.,-0.,-1.));
#1735 = PCURVE('',#725,#1736);
#1736 = DEFINITIONAL_REPRESENTATION('',(#1737),#1741);
#1737 = LINE('',#1738,#1739);
#1738 = CARTESIAN_POINT('',(-0.,0.));
#1739 = VECTOR('',#1740,1.);
#1740 = DIRECTION('',(-0.,-1.));
#1741 = ( GEOMETRIC_REPRESENTATION_CONTEXT(2) 
PARAMETRIC_REPRESENTATION_CONTEXT() REPRESENTATION_CONTEXT('2D SPACE',''
  ) );
#1742 = PCURVE('',#692,#1743);
#1743 = DEFINITIONAL_REPRESENTATION('',(#1744),#1748);
#1744 = LINE('',#1745,#1746);
#1745 = CARTESIAN_POINT('',(2.050680990591,0.));
#1746 = VECTOR('',#1747,1.);
#1747 = DIRECTION('',(0.,-1.));
#1748 = ( GEOMETRIC_REPRESENTATION_CONTEXT(2) 
PARAMETRIC_REPRESENTATION_CONTEXT() REPRESENTATION_CONTEXT('2D SPACE',''
  ) );
#1749 = ORIENTED_EDGE('',*,*,#704,.T.);
#1750 = ORIENTED_EDGE('',*,*,#1675,.F.);
#1751 = ORIENTED_EDGE('',*,*,#1222,.F.);
#1752 = ADVANCED_FACE('',(#1753),#607,.T.);
#1753 = FACE_BOUND('',#1754,.T.);
#1754 = EDGE_LOOP('',(#1755,#1756,#1757,#1778));
#1755 = ORIENTED_EDGE('',*,*,#1704,.T.);
#1756 = ORIENTED_EDGE('',*,*,#591,.T.);
#1757 = ORIENTED_EDGE('',*,*,#1758,.F.);
#1758 = EDGE_CURVE('',#1130,#592,#1759,.T.);
#1759 = SURFACE_CURVE('',#1760,(#1764,#1771),.PCURVE_S1.);
#1760 = LINE('',#1761,#1762);
#1761 = CARTESIAN_POINT('',(-25.,67.,-58.));
#1762 = VECTOR('',#1763,1.);
#1763 = DIRECTION('',(-0.,-0.,-1.));
#1764 = PCURVE('',#607,#1765);
#1765 = DEFINITIONAL_REPRESENTATION('',(#1766),#1770);
#1766 = LINE('',#1767,#1768);
#1767 = CARTESIAN_POINT('',(12.041594578792,0.));
#1768 = VECTOR('',#1769,1.);
#1769 = DIRECTION('',(0.,-1.));
#1770 = ( GEOMETRIC_REPRESENTATION_CONTEXT(2) 
PARAMETRIC_REPRESENTATION_CONTEXT() REPRESENTATION_CONTEXT('2D SPACE',''
  ) );
#1771 = PCURVE('',#635,#1772);
#1772 = DEFINITIONAL_REPRESENTATION('',(#1773),#1777);
#1773 = LINE('',#1774,#1775);
#1774 = CARTESIAN_POINT('',(0.,0.));
#1775 = VECTOR('',#1776,1.);
#1776 = DIRECTION('',(0.,-1.));
#1777 = ( GEOMETRIC_REPRESENTATION_CONTEXT(2) 
PARAMETRIC_REPRESENTATION_CONTEXT() REPRESENTATION_CONTEXT('2D SPACE',''
  ) );
#1778 = ORIENTED_EDGE('',*,*,#1129,.F.);
#1779 = ADVANCED_FACE('',(#1780),#692,.T.);
#1780 = FACE_BOUND('',#1781,.T.);
#1781 = EDGE_LOOP('',(#1782,#1803,#1804,#1805));
#1782 = ORIENTED_EDGE('',*,*,#1783,.T.);
#1783 = EDGE_CURVE('',#1176,#648,#1784,.T.);
#1784 = SURFACE_CURVE('',#1785,(#1789,#1796),.PCURVE_S1.);
#1785 = LINE('',#1786,#1787);
#1786 = CARTESIAN_POINT('',(-39.,70.,-58.));
#1787 = VECTOR('',#1788,1.);
#1788 = DIRECTION('',(-0.,-0.,-1.));
#1789 = PCURVE('',#692,#1790);
#1790 = DEFINITIONAL_REPRESENTATION('',(#1791),#1795);
#1791 = LINE('',#1792,#1793);
#1792 = CARTESIAN_POINT('',(0.,0.));
#1793 = VECTOR('',#1794,1.);
#1794 = DIRECTION('',(0.,-1.));
#1795 = ( GEOMETRIC_REPRESENTATION_CONTEXT(2) 
PARAMETRIC_REPRESENTATION_CONTEXT() REPRESENTATION_CONTEXT('2D SPACE',''
  ) );
#1796 = PCURVE('',#663,#1797);
#1797 = DEFINITIONAL_REPRESENTATION('',(#1798),#1802);
#1798 = LINE('',#1799,#1800);
#1799 = CARTESIAN_POINT('',(6.403124237433,0.));
#1800 = VECTOR('',#1801,1.);
#1801 = DIRECTION('',(0.,-1.));
#1802 = ( GEOMETRIC_REPRESENTATION_CONTEXT(2) 
PARAMETRIC_REPRESENTATION_CONTEXT() REPRESENTATION_CONTEXT('2D SPACE',''
  ) );
#1803 = ORIENTED_EDGE('',*,*,#675,.T.);
#1804 = ORIENTED_EDGE('',*,*,#1729,.F.);
#1805 = ORIENTED_EDGE('',*,*,#1198,.F.);
#1806 = ADVANCED_FACE('',(#1807),#635,.T.);
#1807 = FACE_BOUND('',#1808,.T.);
#1808 = EDGE_LOOP('',(#1809,#1810,#1811,#1832));
#1809 = ORIENTED_EDGE('',*,*,#1758,.T.);
#1810 = ORIENTED_EDGE('',*,*,#619,.T.);
#1811 = ORIENTED_EDGE('',*,*,#1812,.F.);
#1812 = EDGE_CURVE('',#1153,#620,#1813,.T.);
#1813 = SURFACE_CURVE('',#1814,(#1818,#1825),.PCURVE_S1.);
#1814 = LINE('',#1815,#1816);
#1815 = CARTESIAN_POINT('',(-35.,75.,-58.));
#1816 = VECTOR('',#1817,1.);
#1817 = DIRECTION('',(-0.,-0.,-1.));
#1818 = PCURVE('',#635,#1819);
#1819 = DEFINITIONAL_REPRESENTATION('',(#1820),#1824);
#1820 = LINE('',#1821,#1822);
#1821 = CARTESIAN_POINT('',(12.806248474866,0.));
#1822 = VECTOR('',#1823,1.);
#1823 = DIRECTION('',(0.,-1.));
#1824 = ( GEOMETRIC_REPRESENTATION_CONTEXT(2) 
PARAMETRIC_REPRESENTATION_CONTEXT() REPRESENTATION_CONTEXT('2D SPACE',''
  ) );
#1825 = PCURVE('',#663,#1826);
#1826 = DEFINITIONAL_REPRESENTATION('',(#1827),#1831);
#1827 = LINE('',#1828,#1829);
#1828 = CARTESIAN_POINT('',(0.,0.));
#1829 = VECTOR('',#1830,1.);
#1830 = DIRECTION('',(0.,-1.));
#1831 = ( GEOMETRIC_REPRESENTATION_CONTEXT(2) 
PARAMETRIC_REPRESENTATION_CONTEXT() REPRESENTATION_CONTEXT('2D SPACE',''
  ) );
#1832 = ORIENTED_EDGE('',*,*,#1152,.F.);
#1833 = ADVANCED_FACE('',(#1834),#663,.T.);
#1834 = FACE_BOUND('',#1835,.T.);
#1835 = EDGE_LOOP('',(#1836,#1837,#1838,#1839));
#1836 = ORIENTED_EDGE('',*,*,#1812,.T.);
#1837 = ORIENTED_EDGE('',*,*,#647,.T.);
#1838 = ORIENTED_EDGE('',*,*,#1783,.F.);
#1839 = ORIENTED_EDGE('',*,*,#1175,.F.);
#1840 = ADVANCED_FACE('',(#1841),#808,.T.);
#1841 = FACE_BOUND('',#1842,.F.);
#1842 = EDGE_LOOP('',(#1843,#1867,#1890,#1912));
#1843 = ORIENTED_EDGE('',*,*,#1844,.F.);
#1844 = EDGE_CURVE('',#1845,#794,#1847,.T.);
#1845 = VERTEX_POINT('',#1846);
#1846 = CARTESIAN_POINT('',(-1.,-24.,-100.));
#1847 = SURFACE_CURVE('',#1848,(#1853,#1860),.PCURVE_S1.);
#1848 = CIRCLE('',#1849,100.80780913057);
#1849 = AXIS2_PLACEMENT_3D('',#1850,#1851,#1852);
#1850 = CARTESIAN_POINT('',(70.316977077364,-24.,-28.7532234957));
#1851 = DIRECTION('',(0.,1.,0.));
#1852 = DIRECTION('',(-0.707454885613,0.,-0.706758505306));
#1853 = PCURVE('',#808,#1854);
#1854 = DEFINITIONAL_REPRESENTATION('',(#1855),#1859);
#1855 = LINE('',#1856,#1857);
#1856 = CARTESIAN_POINT('',(-0.,0.));
#1857 = VECTOR('',#1858,1.);
#1858 = DIRECTION('',(-1.,0.));
#1859 = ( GEOMETRIC_REPRESENTATION_CONTEXT(2) 
PARAMETRIC_REPRESENTATION_CONTEXT() REPRESENTATION_CONTEXT('2D SPACE',''
  ) );
#1860 = PCURVE('',#884,#1861);
#1861 = DEFINITIONAL_REPRESENTATION('',(#1862),#1866);
#1862 = CIRCLE('',#1863,100.80780913057);
#1863 = AXIS2_PLACEMENT_2D('',#1864,#1865);
#1864 = CARTESIAN_POINT('',(-25.27617155204,63.93384569047));
#1865 = DIRECTION('',(-0.706758505306,-0.707454885613));
#1866 = ( GEOMETRIC_REPRESENTATION_CONTEXT(2) 
PARAMETRIC_REPRESENTATION_CONTEXT() REPRESENTATION_CONTEXT('2D SPACE',''
  ) );
#1867 = ORIENTED_EDGE('',*,*,#1868,.T.);
#1868 = EDGE_CURVE('',#1845,#1869,#1871,.T.);
#1869 = VERTEX_POINT('',#1870);
#1870 = CARTESIAN_POINT('',(-1.,17.,-100.));
#1871 = SURFACE_CURVE('',#1872,(#1876,#1883),.PCURVE_S1.);
#1872 = LINE('',#1873,#1874);
#1873 = CARTESIAN_POINT('',(-1.,-24.,-100.));
#1874 = VECTOR('',#1875,1.);
#1875 = DIRECTION('',(0.,1.,0.));
#1876 = PCURVE('',#808,#1877);
#1877 = DEFINITIONAL_REPRESENTATION('',(#1878),#1882);
#1878 = LINE('',#1879,#1880);
#1879 = CARTESIAN_POINT('',(-0.,0.));
#1880 = VECTOR('',#1881,1.);
#1881 = DIRECTION('',(-0.,-1.));
#1882 = ( GEOMETRIC_REPRESENTATION_CONTEXT(2) 
PARAMETRIC_REPRESENTATION_CONTEXT() REPRESENTATION_CONTEXT('2D SPACE',''
  ) );
#1883 = PCURVE('',#860,#1884);
#1884 = DEFINITIONAL_REPRESENTATION('',(#1885),#1889);
#1885 = LINE('',#1886,#1887);
#1886 = CARTESIAN_POINT('',(1.458237223416,0.));
#1887 = VECTOR('',#1888,1.);
#1888 = DIRECTION('',(0.,-1.));
#1889 = ( GEOMETRIC_REPRESENTATION_CONTEXT(2) 
PARAMETRIC_REPRESENTATION_CONTEXT() REPRESENTATION_CONTEXT('2D SPACE',''
  ) );
#1890 = ORIENTED_EDGE('',*,*,#1891,.T.);
#1891 = EDGE_CURVE('',#1869,#792,#1892,.T.);
#1892 = SURFACE_CURVE('',#1893,(#1898,#1905),.PCURVE_S1.);
#1893 = CIRCLE('',#1894,100.80780913057);
#1894 = AXIS2_PLACEMENT_3D('',#1895,#1896,#1897);
#1895 = CARTESIAN_POINT('',(70.316977077364,17.,-28.7532234957));
#1896 = DIRECTION('',(0.,1.,0.));
#1897 = DIRECTION('',(-0.707454885613,0.,-0.706758505306));
#1898 = PCURVE('',#808,#1899);
#1899 = DEFINITIONAL_REPRESENTATION('',(#1900),#1904);
#1900 = LINE('',#1901,#1902);
#1901 = CARTESIAN_POINT('',(-0.,-41.));
#1902 = VECTOR('',#1903,1.);
#1903 = DIRECTION('',(-1.,0.));
#1904 = ( GEOMETRIC_REPRESENTATION_CONTEXT(2) 
PARAMETRIC_REPRESENTATION_CONTEXT() REPRESENTATION_CONTEXT('2D SPACE',''
  ) );
#1905 = PCURVE('',#834,#1906);
#1906 = DEFINITIONAL_REPRESENTATION('',(#1907),#1911);
#1907 = CIRCLE('',#1908,100.80780913057);
#1908 = AXIS2_PLACEMENT_2D('',#1909,#1910);
#1909 = CARTESIAN_POINT('',(-25.27617155204,63.93384569047));
#1910 = DIRECTION('',(-0.706758505306,-0.707454885613));
#1911 = ( GEOMETRIC_REPRESENTATION_CONTEXT(2) 
PARAMETRIC_REPRESENTATION_CONTEXT() REPRESENTATION_CONTEXT('2D SPACE',''
  ) );
#1912 = ORIENTED_EDGE('',*,*,#791,.T.);
#1913 = ADVANCED_FACE('',(#1914),#884,.F.);
#1914 = FACE_BOUND('',#1915,.F.);
#1915 = EDGE_LOOP('',(#1916,#1942,#1943));
#1916 = ORIENTED_EDGE('',*,*,#1917,.T.);
#1917 = EDGE_CURVE('',#846,#1845,#1918,.T.);
#1918 = SURFACE_CURVE('',#1919,(#1924,#1935),.PCURVE_S1.);
#1919 = CIRCLE('',#1920,138.81008229187);
#1920 = AXIS2_PLACEMENT_3D('',#1921,#1922,#1923);
#1921 = CARTESIAN_POINT('',(129.26885346413,-24.,-52.05977927651));
#1922 = DIRECTION('',(0.,-1.,0.));
#1923 = DIRECTION('',(-0.44859027843,0.,0.893737524164));
#1924 = PCURVE('',#884,#1925);
#1925 = DEFINITIONAL_REPRESENTATION('',(#1926),#1934);
#1926 = ( BOUNDED_CURVE() B_SPLINE_CURVE(2,(#1927,#1928,#1929,#1930,
#1931,#1932,#1933),.UNSPECIFIED.,.T.,.F.) B_SPLINE_CURVE_WITH_KNOTS((1,2
    ,2,2,2,1),(-2.094395102393,0.,2.094395102393,4.188790204786,
6.28318530718,8.377580409573),.UNSPECIFIED.) CURVE() 
GEOMETRIC_REPRESENTATION_ITEM() RATIONAL_B_SPLINE_CURVE((1.,0.5,1.,0.5,
1.,0.5,1.)) REPRESENTATION_ITEM('') );
#1927 = CARTESIAN_POINT('',(75.477051943656,60.616868613107));
#1928 = CARTESIAN_POINT('',(-32.37576598528,-154.2609722696));
#1929 = CARTESIAN_POINT('',(-164.5390259355,46.581228367951));
#1930 = CARTESIAN_POINT('',(-296.7022858858,247.4234290055));
#1931 = CARTESIAN_POINT('',(-56.68620800665,261.45906925066));
#1932 = CARTESIAN_POINT('',(183.32986987259,275.49470949581));
#1933 = CARTESIAN_POINT('',(75.477051943656,60.616868613107));
#1934 = ( GEOMETRIC_REPRESENTATION_CONTEXT(2) 
PARAMETRIC_REPRESENTATION_CONTEXT() REPRESENTATION_CONTEXT('2D SPACE',''
  ) );
#1935 = PCURVE('',#860,#1936);
#1936 = DEFINITIONAL_REPRESENTATION('',(#1937),#1941);
#1937 = LINE('',#1938,#1939);
#1938 = CARTESIAN_POINT('',(0.,0.));
#1939 = VECTOR('',#1940,1.);
#1940 = DIRECTION('',(1.,0.));
#1941 = ( GEOMETRIC_REPRESENTATION_CONTEXT(2) 
PARAMETRIC_REPRESENTATION_CONTEXT() REPRESENTATION_CONTEXT('2D SPACE',''
  ) );
#1942 = ORIENTED_EDGE('',*,*,#1844,.T.);
#1943 = ORIENTED_EDGE('',*,*,#871,.F.);
#1944 = ADVANCED_FACE('',(#1945),#860,.F.);
#1945 = FACE_BOUND('',#1946,.F.);
#1946 = EDGE_LOOP('',(#1947,#1948,#1974,#1975));
#1947 = ORIENTED_EDGE('',*,*,#845,.F.);
#1948 = ORIENTED_EDGE('',*,*,#1949,.T.);
#1949 = EDGE_CURVE('',#820,#1869,#1950,.T.);
#1950 = SURFACE_CURVE('',#1951,(#1956,#1963),.PCURVE_S1.);
#1951 = CIRCLE('',#1952,138.81008229187);
#1952 = AXIS2_PLACEMENT_3D('',#1953,#1954,#1955);
#1953 = CARTESIAN_POINT('',(129.26885346413,17.,-52.05977927651));
#1954 = DIRECTION('',(0.,-1.,0.));
#1955 = DIRECTION('',(-0.44859027843,0.,0.893737524164));
#1956 = PCURVE('',#860,#1957);
#1957 = DEFINITIONAL_REPRESENTATION('',(#1958),#1962);
#1958 = LINE('',#1959,#1960);
#1959 = CARTESIAN_POINT('',(0.,-41.));
#1960 = VECTOR('',#1961,1.);
#1961 = DIRECTION('',(1.,0.));
#1962 = ( GEOMETRIC_REPRESENTATION_CONTEXT(2) 
PARAMETRIC_REPRESENTATION_CONTEXT() REPRESENTATION_CONTEXT('2D SPACE',''
  ) );
#1963 = PCURVE('',#834,#1964);
#1964 = DEFINITIONAL_REPRESENTATION('',(#1965),#1973);
#1965 = ( BOUNDED_CURVE() B_SPLINE_CURVE(2,(#1966,#1967,#1968,#1969,
#1970,#1971,#1972),.UNSPECIFIED.,.T.,.F.) B_SPLINE_CURVE_WITH_KNOTS((1,2
    ,2,2,2,1),(-2.094395102393,0.,2.094395102393,4.188790204786,
6.28318530718,8.377580409573),.UNSPECIFIED.) CURVE() 
GEOMETRIC_REPRESENTATION_ITEM() RATIONAL_B_SPLINE_CURVE((1.,0.5,1.,0.5,
1.,0.5,1.)) REPRESENTATION_ITEM('') );
#1966 = CARTESIAN_POINT('',(75.477051943656,60.616868613107));
#1967 = CARTESIAN_POINT('',(-32.37576598528,-154.2609722696));
#1968 = CARTESIAN_POINT('',(-164.5390259355,46.581228367951));
#1969 = CARTESIAN_POINT('',(-296.7022858858,247.4234290055));
#1970 = CARTESIAN_POINT('',(-56.68620800665,261.45906925066));
#1971 = CARTESIAN_POINT('',(183.32986987259,275.49470949581));
#1972 = CARTESIAN_POINT('',(75.477051943656,60.616868613107));
#1973 = ( GEOMETRIC_REPRESENTATION_CONTEXT(2) 
PARAMETRIC_REPRESENTATION_CONTEXT() REPRESENTATION_CONTEXT('2D SPACE',''
  ) );
#1974 = ORIENTED_EDGE('',*,*,#1868,.F.);
#1975 = ORIENTED_EDGE('',*,*,#1917,.F.);
#1976 = ADVANCED_FACE('',(#1977),#834,.T.);
#1977 = FACE_BOUND('',#1978,.T.);
#1978 = EDGE_LOOP('',(#1979,#1980,#1981));
#1979 = ORIENTED_EDGE('',*,*,#1949,.T.);
#1980 = ORIENTED_EDGE('',*,*,#1891,.T.);
#1981 = ORIENTED_EDGE('',*,*,#819,.F.);
#1982 = ADVANCED_FACE('',(#1983),#966,.F.);
#1983 = FACE_BOUND('',#1984,.F.);
#1984 = EDGE_LOOP('',(#1985,#1986,#2009,#2032,#2053,#2054,#2055,#2085,
    #2111,#2137));
#1985 = ORIENTED_EDGE('',*,*,#1378,.F.);
#1986 = ORIENTED_EDGE('',*,*,#1987,.T.);
#1987 = EDGE_CURVE('',#1379,#1988,#1990,.T.);
#1988 = VERTEX_POINT('',#1989);
#1989 = CARTESIAN_POINT('',(43.,-75.,66.));
#1990 = SURFACE_CURVE('',#1991,(#1995,#2002),.PCURVE_S1.);
#1991 = LINE('',#1992,#1993);
#1992 = CARTESIAN_POINT('',(43.,-75.,-58.));
#1993 = VECTOR('',#1994,1.);
#1994 = DIRECTION('',(0.,0.,1.));
#1995 = PCURVE('',#966,#1996);
#1996 = DEFINITIONAL_REPRESENTATION('',(#1997),#2001);
#1997 = LINE('',#1998,#1999);
#1998 = CARTESIAN_POINT('',(0.,0.));
#1999 = VECTOR('',#2000,1.);
#2000 = DIRECTION('',(0.,-1.));
#2001 = ( GEOMETRIC_REPRESENTATION_CONTEXT(2) 
PARAMETRIC_REPRESENTATION_CONTEXT() REPRESENTATION_CONTEXT('2D SPACE',''
  ) );
#2002 = PCURVE('',#1439,#2003);
#2003 = DEFINITIONAL_REPRESENTATION('',(#2004),#2008);
#2004 = LINE('',#2005,#2006);
#2005 = CARTESIAN_POINT('',(2.828427124746,0.));
#2006 = VECTOR('',#2007,1.);
#2007 = DIRECTION('',(0.,-1.));
#2008 = ( GEOMETRIC_REPRESENTATION_CONTEXT(2) 
PARAMETRIC_REPRESENTATION_CONTEXT() REPRESENTATION_CONTEXT('2D SPACE',''
  ) );
#2009 = ORIENTED_EDGE('',*,*,#2010,.T.);
#2010 = EDGE_CURVE('',#1988,#2011,#2013,.T.);
#2011 = VERTEX_POINT('',#2012);
#2012 = CARTESIAN_POINT('',(-59.,42.,66.));
#2013 = SURFACE_CURVE('',#2014,(#2018,#2025),.PCURVE_S1.);
#2014 = LINE('',#2015,#2016);
#2015 = CARTESIAN_POINT('',(43.,-75.,66.));
#2016 = VECTOR('',#2017,1.);
#2017 = DIRECTION('',(-0.657135200432,0.753772729908,0.));
#2018 = PCURVE('',#966,#2019);
#2019 = DEFINITIONAL_REPRESENTATION('',(#2020),#2024);
#2020 = LINE('',#2021,#2022);
#2021 = CARTESIAN_POINT('',(0.,-124.));
#2022 = VECTOR('',#2023,1.);
#2023 = DIRECTION('',(1.,0.));
#2024 = ( GEOMETRIC_REPRESENTATION_CONTEXT(2) 
PARAMETRIC_REPRESENTATION_CONTEXT() REPRESENTATION_CONTEXT('2D SPACE',''
  ) );
#2025 = PCURVE('',#1494,#2026);
#2026 = DEFINITIONAL_REPRESENTATION('',(#2027),#2031);
#2027 = LINE('',#2028,#2029);
#2028 = CARTESIAN_POINT('',(52.,-57.5));
#2029 = VECTOR('',#2030,1.);
#2030 = DIRECTION('',(-0.657135200432,0.753772729908));
#2031 = ( GEOMETRIC_REPRESENTATION_CONTEXT(2) 
PARAMETRIC_REPRESENTATION_CONTEXT() REPRESENTATION_CONTEXT('2D SPACE',''
  ) );
#2032 = ORIENTED_EDGE('',*,*,#2033,.F.);
#2033 = EDGE_CURVE('',#1276,#2011,#2034,.T.);
#2034 = SURFACE_CURVE('',#2035,(#2039,#2046),.PCURVE_S1.);
#2035 = LINE('',#2036,#2037);
#2036 = CARTESIAN_POINT('',(-59.,42.,-58.));
#2037 = VECTOR('',#2038,1.);
#2038 = DIRECTION('',(0.,0.,1.));
#2039 = PCURVE('',#966,#2040);
#2040 = DEFINITIONAL_REPRESENTATION('',(#2041),#2045);
#2041 = LINE('',#2042,#2043);
#2042 = CARTESIAN_POINT('',(155.21919984331,0.));
#2043 = VECTOR('',#2044,1.);
#2044 = DIRECTION('',(0.,-1.));
#2045 = ( GEOMETRIC_REPRESENTATION_CONTEXT(2) 
PARAMETRIC_REPRESENTATION_CONTEXT() REPRESENTATION_CONTEXT('2D SPACE',''
  ) );
#2046 = PCURVE('',#1314,#2047);
#2047 = DEFINITIONAL_REPRESENTATION('',(#2048),#2052);
#2048 = LINE('',#2049,#2050);
#2049 = CARTESIAN_POINT('',(5.024295867788E-15,-0.));
#2050 = VECTOR('',#2051,1.);
#2051 = DIRECTION('',(0.,-1.));
#2052 = ( GEOMETRIC_REPRESENTATION_CONTEXT(2) 
PARAMETRIC_REPRESENTATION_CONTEXT() REPRESENTATION_CONTEXT('2D SPACE',''
  ) );
#2053 = ORIENTED_EDGE('',*,*,#1275,.F.);
#2054 = ORIENTED_EDGE('',*,*,#950,.F.);
#2055 = ORIENTED_EDGE('',*,*,#2056,.F.);
#2056 = EDGE_CURVE('',#2057,#951,#2059,.T.);
#2057 = VERTEX_POINT('',#2058);
#2058 = CARTESIAN_POINT('',(-1.461538461538,-24.,42.028547383093));
#2059 = SURFACE_CURVE('',#2060,(#2065,#2072),.PCURVE_S1.);
#2060 = ELLIPSE('',#2061,153.4049752079,100.80780913057);
#2061 = AXIS2_PLACEMENT_3D('',#2062,#2063,#2064);
#2062 = CARTESIAN_POINT('',(70.316977077364,-106.3341795887,
    -28.7532234957));
#2063 = DIRECTION('',(-0.753772729908,-0.657135200432,0.));
#2064 = DIRECTION('',(0.657135200432,-0.753772729908,-0.));
#2065 = PCURVE('',#966,#2066);
#2066 = DEFINITIONAL_REPRESENTATION('',(#2067),#2071);
#2067 = ELLIPSE('',#2068,153.4049752079,100.80780913057);
#2068 = AXIS2_PLACEMENT_2D('',#2069,#2070);
#2069 = CARTESIAN_POINT('',(-41.56979729496,-29.24677650429));
#2070 = DIRECTION('',(-1.,0.));
#2071 = ( GEOMETRIC_REPRESENTATION_CONTEXT(2) 
PARAMETRIC_REPRESENTATION_CONTEXT() REPRESENTATION_CONTEXT('2D SPACE',''
  ) );
#2072 = PCURVE('',#993,#2073);
#2073 = DEFINITIONAL_REPRESENTATION('',(#2074),#2084);
#2074 = B_SPLINE_CURVE_WITH_KNOTS('',8,(#2075,#2076,#2077,#2078,#2079,
    #2080,#2081,#2082,#2083),.UNSPECIFIED.,.F.,.F.,(9,9),(2.363186110302
    ,3.567481573795),.PIECEWISE_BEZIER_KNOTS.);
#2075 = CARTESIAN_POINT('',(-1.563312291428,6.000000212225E-07));
#2076 = CARTESIAN_POINT('',(-1.412775358492,-12.22222176044));
#2077 = CARTESIAN_POINT('',(-1.262238425555,-22.31209552853));
#2078 = CARTESIAN_POINT('',(-1.111701492616,-29.84756633665));
#2079 = CARTESIAN_POINT('',(-0.961164559687,-34.50967437526));
#2080 = CARTESIAN_POINT('',(-0.810627626744,-36.11312538228));
#2081 = CARTESIAN_POINT('',(-0.660090693808,-34.62454416378));
#2082 = CARTESIAN_POINT('',(-0.509553760872,-30.16041689362));
#2083 = CARTESIAN_POINT('',(-0.359016827935,-22.96907153879));
#2084 = ( GEOMETRIC_REPRESENTATION_CONTEXT(2) 
PARAMETRIC_REPRESENTATION_CONTEXT() REPRESENTATION_CONTEXT('2D SPACE',''
  ) );
#2085 = ORIENTED_EDGE('',*,*,#2086,.T.);
#2086 = EDGE_CURVE('',#2057,#2087,#2089,.T.);
#2087 = VERTEX_POINT('',#2088);
#2088 = CARTESIAN_POINT('',(-1.461538461538,-24.,-5.392836235042));
#2089 = SURFACE_CURVE('',#2090,(#2094,#2100),.PCURVE_S1.);
#2090 = LINE('',#2091,#2092);
#2091 = CARTESIAN_POINT('',(-1.461538461538,-24.,-30.73852597182));
#2092 = VECTOR('',#2093,1.);
#2093 = DIRECTION('',(-0.,0.,-1.));
#2094 = PCURVE('',#966,#2095);
#2095 = DEFINITIONAL_REPRESENTATION('',(#2096),#2099);
#2096 = B_SPLINE_CURVE_WITH_KNOTS('',1,(#2097,#2098),.UNSPECIFIED.,.F.,
  .F.,(2,2),(-96.73852597182,27.261474028172),.PIECEWISE_BEZIER_KNOTS.);
#2097 = CARTESIAN_POINT('',(67.659651213754,-124.));
#2098 = CARTESIAN_POINT('',(67.659651213754,0.));
#2099 = ( GEOMETRIC_REPRESENTATION_CONTEXT(2) 
PARAMETRIC_REPRESENTATION_CONTEXT() REPRESENTATION_CONTEXT('2D SPACE',''
  ) );
#2100 = PCURVE('',#2101,#2106);
#2101 = PLANE('',#2102);
#2102 = AXIS2_PLACEMENT_3D('',#2103,#2104,#2105);
#2103 = CARTESIAN_POINT('',(6.383131386893,-24.,-3.477051943656));
#2104 = DIRECTION('',(0.,1.,0.));
#2105 = DIRECTION('',(0.,0.,1.));
#2106 = DEFINITIONAL_REPRESENTATION('',(#2107),#2110);
#2107 = B_SPLINE_CURVE_WITH_KNOTS('',1,(#2108,#2109),.UNSPECIFIED.,.F.,
  .F.,(2,2),(-96.73852597182,27.261474028172),.PIECEWISE_BEZIER_KNOTS.);
#2108 = CARTESIAN_POINT('',(69.477051943656,-7.844669848432));
#2109 = CARTESIAN_POINT('',(-54.52294805634,-7.844669848432));
#2110 = ( GEOMETRIC_REPRESENTATION_CONTEXT(2) 
PARAMETRIC_REPRESENTATION_CONTEXT() REPRESENTATION_CONTEXT('2D SPACE',''
  ) );
#2111 = ORIENTED_EDGE('',*,*,#2112,.T.);
#2112 = EDGE_CURVE('',#2087,#1031,#2113,.T.);
#2113 = SURFACE_CURVE('',#2114,(#2119,#2126),.PCURVE_S1.);
#2114 = ELLIPSE('',#2115,211.23519513264,138.81008229187);
#2115 = AXIS2_PLACEMENT_3D('',#2116,#2117,#2118);
#2116 = CARTESIAN_POINT('',(129.26885346413,-173.9554495617,
    -52.05977927651));
#2117 = DIRECTION('',(-0.753772729908,-0.657135200432,0.));
#2118 = DIRECTION('',(0.657135200432,-0.753772729908,0.));
#2119 = PCURVE('',#966,#2120);
#2120 = DEFINITIONAL_REPRESENTATION('',(#2121),#2125);
#2121 = ELLIPSE('',#2122,211.23519513264,138.81008229187);
#2122 = AXIS2_PLACEMENT_2D('',#2123,#2124);
#2123 = CARTESIAN_POINT('',(-131.2802196676,-5.940220723483));
#2124 = DIRECTION('',(-1.,-0.));
#2125 = ( GEOMETRIC_REPRESENTATION_CONTEXT(2) 
PARAMETRIC_REPRESENTATION_CONTEXT() REPRESENTATION_CONTEXT('2D SPACE',''
  ) );
#2126 = PCURVE('',#1045,#2127);
#2127 = DEFINITIONAL_REPRESENTATION('',(#2128),#2136);
#2128 = B_SPLINE_CURVE_WITH_KNOTS('',6,(#2129,#2130,#2131,#2132,#2133,
    #2134,#2135),.UNSPECIFIED.,.F.,.F.,(7,7),(2.79872123303,
    3.274104676997),.PIECEWISE_BEZIER_KNOTS.);
#2129 = CARTESIAN_POINT('',(0.762737525595,6.000000212225E-07));
#2130 = CARTESIAN_POINT('',(0.841968099589,-4.241190670402));
#2131 = CARTESIAN_POINT('',(0.921198673584,-7.352770322179));
#2132 = CARTESIAN_POINT('',(1.000429247578,-9.286816128116));
#2133 = CARTESIAN_POINT('',(1.079659821573,-10.01667420945));
#2134 = CARTESIAN_POINT('',(1.158890395567,-9.538786853859));
#2135 = CARTESIAN_POINT('',(1.238120969561,-7.871988548297));
#2136 = ( GEOMETRIC_REPRESENTATION_CONTEXT(2) 
PARAMETRIC_REPRESENTATION_CONTEXT() REPRESENTATION_CONTEXT('2D SPACE',''
  ) );
#2137 = ORIENTED_EDGE('',*,*,#1056,.F.);
#2138 = ADVANCED_FACE('',(#2139),#1045,.F.);
#2139 = FACE_BOUND('',#2140,.F.);
#2140 = EDGE_LOOP('',(#2141,#2169,#2192,#2218,#2219));
#2141 = ORIENTED_EDGE('',*,*,#2142,.F.);
#2142 = EDGE_CURVE('',#2143,#2087,#2145,.T.);
#2143 = VERTEX_POINT('',#2144);
#2144 = CARTESIAN_POINT('',(67.,-24.,72.));
#2145 = SURFACE_CURVE('',#2146,(#2151,#2158),.PCURVE_S1.);
#2146 = CIRCLE('',#2147,138.81008229187);
#2147 = AXIS2_PLACEMENT_3D('',#2148,#2149,#2150);
#2148 = CARTESIAN_POINT('',(129.26885346413,-24.,-52.05977927651));
#2149 = DIRECTION('',(0.,-1.,0.));
#2150 = DIRECTION('',(-0.44859027843,0.,0.893737524164));
#2151 = PCURVE('',#1045,#2152);
#2152 = DEFINITIONAL_REPRESENTATION('',(#2153),#2157);
#2153 = LINE('',#2154,#2155);
#2154 = CARTESIAN_POINT('',(0.,0.));
#2155 = VECTOR('',#2156,1.);
#2156 = DIRECTION('',(1.,0.));
#2157 = ( GEOMETRIC_REPRESENTATION_CONTEXT(2) 
PARAMETRIC_REPRESENTATION_CONTEXT() REPRESENTATION_CONTEXT('2D SPACE',''
  ) );
#2158 = PCURVE('',#2101,#2159);
#2159 = DEFINITIONAL_REPRESENTATION('',(#2160),#2168);
#2160 = ( BOUNDED_CURVE() B_SPLINE_CURVE(2,(#2161,#2162,#2163,#2164,
#2165,#2166,#2167),.UNSPECIFIED.,.T.,.F.) B_SPLINE_CURVE_WITH_KNOTS((1,2
    ,2,2,2,1),(-2.094395102393,0.,2.094395102393,4.188790204786,
6.28318530718,8.377580409573),.UNSPECIFIED.) CURVE() 
GEOMETRIC_REPRESENTATION_ITEM() RATIONAL_B_SPLINE_CURVE((1.,0.5,1.,0.5,
1.,0.5,1.)) REPRESENTATION_ITEM('') );
#2161 = CARTESIAN_POINT('',(75.477051943656,60.616868613107));
#2162 = CARTESIAN_POINT('',(-32.37576598528,-154.2609722696));
#2163 = CARTESIAN_POINT('',(-164.5390259355,46.581228367951));
#2164 = CARTESIAN_POINT('',(-296.7022858858,247.4234290055));
#2165 = CARTESIAN_POINT('',(-56.68620800665,261.45906925066));
#2166 = CARTESIAN_POINT('',(183.32986987259,275.49470949581));
#2167 = CARTESIAN_POINT('',(75.477051943656,60.616868613107));
#2168 = ( GEOMETRIC_REPRESENTATION_CONTEXT(2) 
PARAMETRIC_REPRESENTATION_CONTEXT() REPRESENTATION_CONTEXT('2D SPACE',''
  ) );
#2169 = ORIENTED_EDGE('',*,*,#2170,.T.);
#2170 = EDGE_CURVE('',#2143,#2171,#2173,.T.);
#2171 = VERTEX_POINT('',#2172);
#2172 = CARTESIAN_POINT('',(67.,17.,72.));
#2173 = SURFACE_CURVE('',#2174,(#2178,#2185),.PCURVE_S1.);
#2174 = LINE('',#2175,#2176);
#2175 = CARTESIAN_POINT('',(67.,-24.,72.));
#2176 = VECTOR('',#2177,1.);
#2177 = DIRECTION('',(0.,1.,0.));
#2178 = PCURVE('',#1045,#2179);
#2179 = DEFINITIONAL_REPRESENTATION('',(#2180),#2184);
#2180 = LINE('',#2181,#2182);
#2181 = CARTESIAN_POINT('',(0.,0.));
#2182 = VECTOR('',#2183,1.);
#2183 = DIRECTION('',(0.,-1.));
#2184 = ( GEOMETRIC_REPRESENTATION_CONTEXT(2) 
PARAMETRIC_REPRESENTATION_CONTEXT() REPRESENTATION_CONTEXT('2D SPACE',''
  ) );
#2185 = PCURVE('',#993,#2186);
#2186 = DEFINITIONAL_REPRESENTATION('',(#2187),#2191);
#2187 = LINE('',#2188,#2189);
#2188 = CARTESIAN_POINT('',(-2.322792165173,0.));
#2189 = VECTOR('',#2190,1.);
#2190 = DIRECTION('',(-0.,-1.));
#2191 = ( GEOMETRIC_REPRESENTATION_CONTEXT(2) 
PARAMETRIC_REPRESENTATION_CONTEXT() REPRESENTATION_CONTEXT('2D SPACE',''
  ) );
#2192 = ORIENTED_EDGE('',*,*,#2193,.T.);
#2193 = EDGE_CURVE('',#2171,#1005,#2194,.T.);
#2194 = SURFACE_CURVE('',#2195,(#2200,#2207),.PCURVE_S1.);
#2195 = CIRCLE('',#2196,138.81008229187);
#2196 = AXIS2_PLACEMENT_3D('',#2197,#2198,#2199);
#2197 = CARTESIAN_POINT('',(129.26885346413,17.,-52.05977927651));
#2198 = DIRECTION('',(0.,-1.,0.));
#2199 = DIRECTION('',(-0.44859027843,0.,0.893737524164));
#2200 = PCURVE('',#1045,#2201);
#2201 = DEFINITIONAL_REPRESENTATION('',(#2202),#2206);
#2202 = LINE('',#2203,#2204);
#2203 = CARTESIAN_POINT('',(0.,-41.));
#2204 = VECTOR('',#2205,1.);
#2205 = DIRECTION('',(1.,0.));
#2206 = ( GEOMETRIC_REPRESENTATION_CONTEXT(2) 
PARAMETRIC_REPRESENTATION_CONTEXT() REPRESENTATION_CONTEXT('2D SPACE',''
  ) );
#2207 = PCURVE('',#1019,#2208);
#2208 = DEFINITIONAL_REPRESENTATION('',(#2209),#2217);
#2209 = ( BOUNDED_CURVE() B_SPLINE_CURVE(2,(#2210,#2211,#2212,#2213,
#2214,#2215,#2216),.UNSPECIFIED.,.T.,.F.) B_SPLINE_CURVE_WITH_KNOTS((1,2
    ,2,2,2,1),(-2.094395102393,0.,2.094395102393,4.188790204786,
6.28318530718,8.377580409573),.UNSPECIFIED.) CURVE() 
GEOMETRIC_REPRESENTATION_ITEM() RATIONAL_B_SPLINE_CURVE((1.,0.5,1.,0.5,
1.,0.5,1.)) REPRESENTATION_ITEM('') );
#2210 = CARTESIAN_POINT('',(75.477051943656,60.616868613107));
#2211 = CARTESIAN_POINT('',(-32.37576598528,-154.2609722696));
#2212 = CARTESIAN_POINT('',(-164.5390259355,46.581228367951));
#2213 = CARTESIAN_POINT('',(-296.7022858858,247.4234290055));
#2214 = CARTESIAN_POINT('',(-56.68620800665,261.45906925066));
#2215 = CARTESIAN_POINT('',(183.32986987259,275.49470949581));
#2216 = CARTESIAN_POINT('',(75.477051943656,60.616868613107));
#2217 = ( GEOMETRIC_REPRESENTATION_CONTEXT(2) 
PARAMETRIC_REPRESENTATION_CONTEXT() REPRESENTATION_CONTEXT('2D SPACE',''
  ) );
#2218 = ORIENTED_EDGE('',*,*,#1030,.T.);
#2219 = ORIENTED_EDGE('',*,*,#2112,.F.);
#2220 = ADVANCED_FACE('',(#2221),#1019,.T.);
#2221 = FACE_BOUND('',#2222,.T.);
#2222 = EDGE_LOOP('',(#2223,#2224,#2246));
#2223 = ORIENTED_EDGE('',*,*,#1004,.T.);
#2224 = ORIENTED_EDGE('',*,*,#2225,.T.);
#2225 = EDGE_CURVE('',#979,#2171,#2226,.T.);
#2226 = SURFACE_CURVE('',#2227,(#2232,#2239),.PCURVE_S1.);
#2227 = CIRCLE('',#2228,100.80780913057);
#2228 = AXIS2_PLACEMENT_3D('',#2229,#2230,#2231);
#2229 = CARTESIAN_POINT('',(70.316977077364,17.,-28.7532234957));
#2230 = DIRECTION('',(0.,1.,0.));
#2231 = DIRECTION('',(-0.707454885613,0.,-0.706758505306));
#2232 = PCURVE('',#1019,#2233);
#2233 = DEFINITIONAL_REPRESENTATION('',(#2234),#2238);
#2234 = CIRCLE('',#2235,100.80780913057);
#2235 = AXIS2_PLACEMENT_2D('',#2236,#2237);
#2236 = CARTESIAN_POINT('',(-25.27617155204,63.93384569047));
#2237 = DIRECTION('',(-0.706758505306,-0.707454885613));
#2238 = ( GEOMETRIC_REPRESENTATION_CONTEXT(2) 
PARAMETRIC_REPRESENTATION_CONTEXT() REPRESENTATION_CONTEXT('2D SPACE',''
  ) );
#2239 = PCURVE('',#993,#2240);
#2240 = DEFINITIONAL_REPRESENTATION('',(#2241),#2245);
#2241 = LINE('',#2242,#2243);
#2242 = CARTESIAN_POINT('',(-0.,-41.));
#2243 = VECTOR('',#2244,1.);
#2244 = DIRECTION('',(-1.,0.));
#2245 = ( GEOMETRIC_REPRESENTATION_CONTEXT(2) 
PARAMETRIC_REPRESENTATION_CONTEXT() REPRESENTATION_CONTEXT('2D SPACE',''
  ) );
#2246 = ORIENTED_EDGE('',*,*,#2193,.T.);
#2247 = ADVANCED_FACE('',(#2248),#993,.T.);
#2248 = FACE_BOUND('',#2249,.F.);
#2249 = EDGE_LOOP('',(#2250,#2251,#2252,#2253,#2275));
#2250 = ORIENTED_EDGE('',*,*,#978,.F.);
#2251 = ORIENTED_EDGE('',*,*,#2225,.T.);
#2252 = ORIENTED_EDGE('',*,*,#2170,.F.);
#2253 = ORIENTED_EDGE('',*,*,#2254,.F.);
#2254 = EDGE_CURVE('',#2057,#2143,#2255,.T.);
#2255 = SURFACE_CURVE('',#2256,(#2261,#2268),.PCURVE_S1.);
#2256 = CIRCLE('',#2257,100.80780913057);
#2257 = AXIS2_PLACEMENT_3D('',#2258,#2259,#2260);
#2258 = CARTESIAN_POINT('',(70.316977077364,-24.,-28.7532234957));
#2259 = DIRECTION('',(0.,1.,0.));
#2260 = DIRECTION('',(-0.707454885613,0.,-0.706758505306));
#2261 = PCURVE('',#993,#2262);
#2262 = DEFINITIONAL_REPRESENTATION('',(#2263),#2267);
#2263 = LINE('',#2264,#2265);
#2264 = CARTESIAN_POINT('',(-0.,0.));
#2265 = VECTOR('',#2266,1.);
#2266 = DIRECTION('',(-1.,0.));
#2267 = ( GEOMETRIC_REPRESENTATION_CONTEXT(2) 
PARAMETRIC_REPRESENTATION_CONTEXT() REPRESENTATION_CONTEXT('2D SPACE',''
  ) );
#2268 = PCURVE('',#2101,#2269);
#2269 = DEFINITIONAL_REPRESENTATION('',(#2270),#2274);
#2270 = CIRCLE('',#2271,100.80780913057);
#2271 = AXIS2_PLACEMENT_2D('',#2272,#2273);
#2272 = CARTESIAN_POINT('',(-25.27617155204,63.93384569047));
#2273 = DIRECTION('',(-0.706758505306,-0.707454885613));
#2274 = ( GEOMETRIC_REPRESENTATION_CONTEXT(2) 
PARAMETRIC_REPRESENTATION_CONTEXT() REPRESENTATION_CONTEXT('2D SPACE',''
  ) );
#2275 = ORIENTED_EDGE('',*,*,#2056,.T.);
#2276 = ADVANCED_FACE('',(#2277),#1314,.F.);
#2277 = FACE_BOUND('',#2278,.F.);
#2278 = EDGE_LOOP('',(#2279,#2280,#2301,#2302));
#2279 = ORIENTED_EDGE('',*,*,#2033,.T.);
#2280 = ORIENTED_EDGE('',*,*,#2281,.T.);
#2281 = EDGE_CURVE('',#2011,#1456,#2282,.T.);
#2282 = SURFACE_CURVE('',#2283,(#2287,#2294),.PCURVE_S1.);
#2283 = LINE('',#2284,#2285);
#2284 = CARTESIAN_POINT('',(-59.,42.,66.));
#2285 = VECTOR('',#2286,1.);
#2286 = DIRECTION('',(-0.707106781187,-0.707106781187,0.));
#2287 = PCURVE('',#1314,#2288);
#2288 = DEFINITIONAL_REPRESENTATION('',(#2289),#2293);
#2289 = LINE('',#2290,#2291);
#2290 = CARTESIAN_POINT('',(0.,-124.));
#2291 = VECTOR('',#2292,1.);
#2292 = DIRECTION('',(1.,0.));
#2293 = ( GEOMETRIC_REPRESENTATION_CONTEXT(2) 
PARAMETRIC_REPRESENTATION_CONTEXT() REPRESENTATION_CONTEXT('2D SPACE',''
  ) );
#2294 = PCURVE('',#1494,#2295);
#2295 = DEFINITIONAL_REPRESENTATION('',(#2296),#2300);
#2296 = LINE('',#2297,#2298);
#2297 = CARTESIAN_POINT('',(-50.,59.5));
#2298 = VECTOR('',#2299,1.);
#2299 = DIRECTION('',(-0.707106781187,-0.707106781187));
#2300 = ( GEOMETRIC_REPRESENTATION_CONTEXT(2) 
PARAMETRIC_REPRESENTATION_CONTEXT() REPRESENTATION_CONTEXT('2D SPACE',''
  ) );
#2301 = ORIENTED_EDGE('',*,*,#1455,.F.);
#2302 = ORIENTED_EDGE('',*,*,#1298,.F.);
#2303 = ADVANCED_FACE('',(#2304),#1439,.F.);
#2304 = FACE_BOUND('',#2305,.F.);
#2305 = EDGE_LOOP('',(#2306,#2307,#2328,#2329));
#2306 = ORIENTED_EDGE('',*,*,#1506,.T.);
#2307 = ORIENTED_EDGE('',*,*,#2308,.T.);
#2308 = EDGE_CURVE('',#1479,#1988,#2309,.T.);
#2309 = SURFACE_CURVE('',#2310,(#2314,#2321),.PCURVE_S1.);
#2310 = LINE('',#2311,#2312);
#2311 = CARTESIAN_POINT('',(41.,-77.,66.));
#2312 = VECTOR('',#2313,1.);
#2313 = DIRECTION('',(0.707106781187,0.707106781187,0.));
#2314 = PCURVE('',#1439,#2315);
#2315 = DEFINITIONAL_REPRESENTATION('',(#2316),#2320);
#2316 = LINE('',#2317,#2318);
#2317 = CARTESIAN_POINT('',(0.,-124.));
#2318 = VECTOR('',#2319,1.);
#2319 = DIRECTION('',(1.,0.));
#2320 = ( GEOMETRIC_REPRESENTATION_CONTEXT(2) 
PARAMETRIC_REPRESENTATION_CONTEXT() REPRESENTATION_CONTEXT('2D SPACE',''
  ) );
#2321 = PCURVE('',#1494,#2322);
#2322 = DEFINITIONAL_REPRESENTATION('',(#2323),#2327);
#2323 = LINE('',#2324,#2325);
#2324 = CARTESIAN_POINT('',(50.,-59.5));
#2325 = VECTOR('',#2326,1.);
#2326 = DIRECTION('',(0.707106781187,0.707106781187));
#2327 = ( GEOMETRIC_REPRESENTATION_CONTEXT(2) 
PARAMETRIC_REPRESENTATION_CONTEXT() REPRESENTATION_CONTEXT('2D SPACE',''
  ) );
#2328 = ORIENTED_EDGE('',*,*,#1987,.F.);
#2329 = ORIENTED_EDGE('',*,*,#1425,.F.);
#2330 = ADVANCED_FACE('',(#2331),#1494,.T.);
#2331 = FACE_BOUND('',#2332,.T.);
#2332 = EDGE_LOOP('',(#2333,#2334,#2335,#2336));
#2333 = ORIENTED_EDGE('',*,*,#2281,.T.);
#2334 = ORIENTED_EDGE('',*,*,#1478,.T.);
#2335 = ORIENTED_EDGE('',*,*,#2308,.T.);
#2336 = ORIENTED_EDGE('',*,*,#2010,.T.);
#2337 = ADVANCED_FACE('',(#2338),#2101,.F.);
#2338 = FACE_BOUND('',#2339,.F.);
#2339 = EDGE_LOOP('',(#2340,#2341,#2342));
#2340 = ORIENTED_EDGE('',*,*,#2086,.F.);
#2341 = ORIENTED_EDGE('',*,*,#2254,.T.);
#2342 = ORIENTED_EDGE('',*,*,#2142,.T.);
#2343 = ( GEOMETRIC_REPRESENTATION_CONTEXT(3) 
GLOBAL_UNCERTAINTY_ASSIGNED_CONTEXT((#2347)) 
GLOBAL_UNIT_ASSIGNED_CONTEXT((#2344,#2345,#2346)) REPRESENTATION_CONTEXT
('Context #1','3D Context with UNIT and UNCERTAINTY') );
#2344 = ( LENGTH_UNIT() NAMED_UNIT(*) SI_UNIT(.MILLI.,.METRE.) );
#2345 = ( NAMED_UNIT(*) PLANE_ANGLE_UNIT() SI_UNIT($,.RADIAN.) );
#2346 = ( NAMED_UNIT(*) SI_UNIT($,.STERADIAN.) SOLID_ANGLE_UNIT() );
#2347 = UNCERTAINTY_MEASURE_WITH_UNIT(LENGTH_MEASURE(1.E-07),#2344,
  'distance_accuracy_value','confusion accuracy');
#2348 = PRODUCT_RELATED_PRODUCT_CATEGORY('part',$,(#7));
ENDSEC;
END-ISO-10303-21;
